inventory_id,warehouse_id,variant_id,available_quantity,reserved_quantity,allocated_quantity,backorder_quantity,reorder_level,reorder_quantity,safety_stock,incoming_quantity,average_daily_demand,inventory_status,last_restocked_at,next_expected_restock
INV-00001,WH-001,VAR-0001,250,200,200,0,50,200,30,100,15.0,IN_STOCK,2026-02-15T09:30:00Z,2026-03-20T14:00:00Z
INV-00002,WH-001,VAR-0002,106,8,8,0,30,60,15,20,9.9,IN_STOCK,2026-02-15T09:30:00Z,2026-03-20T14:00:00Z
INV-00003,WH-001,VAR-0003,56,12,12,0,30,60,15,20,9.9,IN_STOCK,2026-02-15T09:30:00Z,2026-03-20T14:00:00Z
INV-00004,WH-001,VAR-0004,111,28,28,0,30,60,15,60,4.7,IN_STOCK,2026-02-15T09:30:00Z,2026-03-20T14:00:00Z
INV-00005,WH-001,VAR-0005,79,6,6,0,30,60,15,20,4.7,IN_STOCK,2026-02-15T09:30:00Z,2026-03-20T14:00:00Z
INV-00006,WH-001,VAR-0006,54,21,21,0,30,60,15,60,4.2,IN_STOCK,2026-02-15T09:30:00Z,2026-03-20T14:00:00Z
INV-00007,WH-001,VAR-0007,50,27,27,0,30,60,15,60,9.6,IN_STOCK,2026-02-15T09:30:00Z,2026-03-20T14:00:00Z
INV-00008,WH-001,VAR-0008,78,12,12,0,30,60,15,40,8.7,IN_STOCK,2026-02-15T09:30:00Z,2026-03-20T14:00:00Z
INV-00009,WH-001,VAR-0009,100,100,100,0,40,120,25,50,8.0,IN_STOCK,2026-02-15T09:30:00Z,2026-03-20T14:00:00Z
INV-00010,WH-001,VAR-0010,128,5,5,0,30,60,15,20,9.6,IN_STOCK,2026-02-15T09:30:00Z,2026-03-20T14:00:00Z
INV-00011,WH-001,VAR-0011,68,13,13,0,30,60,15,20,5.7,IN_STOCK,2026-02-15T09:30:00Z,2026-03-20T14:00:00Z
INV-00012,WH-001,VAR-0012,122,15,15,0,30,60,15,20,4.7,IN_STOCK,2026-02-15T09:30:00Z,2026-03-20T14:00:00Z
INV-00013,WH-001,VAR-0013,37,16,16,0,30,60,15,40,8.8,IN_STOCK,2026-02-15T09:30:00Z,2026-03-20T14:00:00Z
INV-00014,WH-001,VAR-0014,128,6,6,0,30,60,15,60,7.7,IN_STOCK,2026-02-15T09:30:00Z,2026-03-20T14:00:00Z
INV-00015,WH-001,VAR-0015,40,17,17,0,30,60,15,20,8.4,IN_STOCK,2026-02-15T09:30:00Z,2026-03-20T14:00:00Z
INV-00016,WH-001,VAR-0016,131,25,25,0,30,60,15,60,11.1,IN_STOCK,2026-02-15T09:30:00Z,2026-03-20T14:00:00Z
INV-00017,WH-001,VAR-0017,71,23,23,0,30,60,15,20,9.6,IN_STOCK,2026-02-15T09:30:00Z,2026-03-20T14:00:00Z
INV-00018,WH-001,VAR-0018,30,26,26,0,30,60,15,20,10.2,IN_STOCK,2026-02-15T09:30:00Z,2026-03-20T14:00:00Z
INV-00019,WH-001,VAR-0019,0,12,12,0,30,60,15,20,7.0,OUT_OF_STOCK,2026-02-15T09:30:00Z,2026-03-20T14:00:00Z
INV-00020,WH-001,VAR-0020,83,25,25,0,30,60,15,40,5.3,IN_STOCK,2026-02-15T09:30:00Z,2026-03-20T14:00:00Z
INV-00021,WH-001,VAR-0021,70,11,11,0,30,60,15,60,6.1,IN_STOCK,2026-02-15T09:30:00Z,2026-03-20T14:00:00Z
INV-00022,WH-001,VAR-0022,144,26,26,0,30,60,15,60,4.6,IN_STOCK,2026-02-15T09:30:00Z,2026-03-20T14:00:00Z
INV-00023,WH-001,VAR-0023,106,10,10,0,30,60,15,60,9.8,IN_STOCK,2026-02-15T09:30:00Z,2026-03-20T14:00:00Z
INV-00024,WH-001,VAR-0024,45,19,19,0,30,60,15,40,6.2,IN_STOCK,2026-02-15T09:30:00Z,2026-03-20T14:00:00Z
INV-00025,WH-001,VAR-0025,143,25,25,0,30,60,15,60,8.5,IN_STOCK,2026-02-15T09:30:00Z,2026-03-20T14:00:00Z
INV-00026,WH-001,VAR-0026,112,15,15,0,30,60,15,20,5.8,IN_STOCK,2026-02-15T09:30:00Z,2026-03-20T14:00:00Z
INV-00027,WH-001,VAR-0027,29,30,30,0,30,60,15,40,7.2,REPLENISHMENT_REQUIRED,2026-02-15T09:30:00Z,2026-03-20T14:00:00Z
INV-00028,WH-001,VAR-0028,33,11,11,0,30,60,15,60,11.0,IN_STOCK,2026-02-15T09:30:00Z,2026-03-20T14:00:00Z
INV-00029,WH-001,VAR-0029,65,11,11,0,30,60,15,60,8.0,IN_STOCK,2026-02-15T09:30:00Z,2026-03-20T14:00:00Z
INV-00030,WH-001,VAR-0030,138,25,25,0,30,60,15,40,5.1,IN_STOCK,2026-02-15T09:30:00Z,2026-03-20T14:00:00Z
INV-00031,WH-001,VAR-0031,42,12,12,0,30,60,15,60,8.5,IN_STOCK,2026-02-15T09:30:00Z,2026-03-20T14:00:00Z
INV-00032,WH-001,VAR-0032,58,28,28,0,30,60,15,60,7.4,IN_STOCK,2026-02-15T09:30:00Z,2026-03-20T14:00:00Z
INV-00033,WH-001,VAR-0033,99,17,17,0,30,60,15,40,5.8,IN_STOCK,2026-02-15T09:30:00Z,2026-03-20T14:00:00Z
INV-00034,WH-001,VAR-0034,42,21,21,0,30,60,15,40,4.7,IN_STOCK,2026-02-15T09:30:00Z,2026-03-20T14:00:00Z
INV-00035,WH-001,VAR-0035,31,8,8,0,30,60,15,20,9.0,IN_STOCK,2026-02-15T09:30:00Z,2026-03-20T14:00:00Z
INV-00036,WH-001,VAR-0036,126,26,26,0,30,60,15,40,8.8,IN_STOCK,2026-02-15T09:30:00Z,2026-03-20T14:00:00Z
INV-00037,WH-001,VAR-0037,74,17,17,0,30,60,15,60,12.0,IN_STOCK,2026-02-15T09:30:00Z,2026-03-20T14:00:00Z
INV-00038,WH-001,VAR-0038,92,13,13,0,30,60,15,60,10.9,IN_STOCK,2026-02-15T09:30:00Z,2026-03-20T14:00:00Z
INV-00039,WH-001,VAR-0039,26,26,26,0,30,60,15,60,4.9,IN_STOCK,2026-02-15T09:30:00Z,2026-03-20T14:00:00Z
INV-00040,WH-001,VAR-0040,138,22,22,0,30,60,15,40,10.1,IN_STOCK,2026-02-15T09:30:00Z,2026-03-20T14:00:00Z
INV-00041,WH-001,VAR-0041,68,8,8,0,30,60,15,40,7.5,IN_STOCK,2026-02-15T09:30:00Z,2026-03-20T14:00:00Z
INV-00042,WH-001,VAR-0042,83,5,5,0,30,60,15,60,11.0,IN_STOCK,2026-02-15T09:30:00Z,2026-03-20T14:00:00Z
INV-00043,WH-001,VAR-0043,0,4,4,0,5,12,3,0,1.6,OUT_OF_STOCK,2026-02-15T09:30:00Z,2026-03-20T14:00:00Z
INV-00044,WH-001,VAR-0044,5,2,2,0,5,12,3,10,1.6,IN_STOCK,2026-02-15T09:30:00Z,2026-03-20T14:00:00Z
INV-00045,WH-001,VAR-0045,8,1,1,0,5,12,3,5,2.0,IN_STOCK,2026-02-15T09:30:00Z,2026-03-20T14:00:00Z
INV-00046,WH-001,VAR-0046,18,0,0,0,5,12,3,10,1.2,IN_STOCK,2026-02-15T09:30:00Z,2026-03-20T14:00:00Z
INV-00047,WH-001,VAR-0047,2,0,0,0,5,12,3,5,2.3,LOW_STOCK,2026-02-15T09:30:00Z,2026-03-20T14:00:00Z
INV-00048,WH-001,VAR-0048,11,1,1,0,5,12,3,0,1.1,IN_STOCK,2026-02-15T09:30:00Z,2026-03-20T14:00:00Z
INV-00049,WH-001,VAR-0049,4,0,0,0,5,12,3,10,1.5,LOW_STOCK,2026-02-15T09:30:00Z,2026-03-20T14:00:00Z
INV-00050,WH-001,VAR-0050,4,4,4,0,5,12,3,0,0.8,LOW_STOCK,2026-02-15T09:30:00Z,2026-03-20T14:00:00Z
INV-00051,WH-001,VAR-0051,17,4,4,0,5,12,3,0,1.1,IN_STOCK,2026-02-15T09:30:00Z,2026-03-20T14:00:00Z
INV-00052,WH-001,VAR-0052,15,1,1,0,5,12,3,10,2.0,IN_STOCK,2026-02-15T09:30:00Z,2026-03-20T14:00:00Z
INV-00053,WH-001,VAR-0053,12,1,1,0,4,10,2,4,1.2,IN_STOCK,2026-02-15T09:30:00Z,2026-03-20T14:00:00Z
INV-00054,WH-001,VAR-0054,11,2,2,1,4,10,2,8,0.7,IN_STOCK,2026-02-15T09:30:00Z,2026-03-20T14:00:00Z
INV-00055,WH-001,VAR-0055,7,7,7,2,6,15,3,3,1.2,BACKORDER,2026-02-15T09:30:00Z,2026-03-20T14:00:00Z
INV-00056,WH-001,VAR-0056,4,1,1,0,4,10,2,4,0.2,IN_STOCK,2026-02-15T09:30:00Z,2026-03-20T14:00:00Z
INV-00057,WH-001,VAR-0057,9,1,1,3,4,10,2,0,0.2,IN_STOCK,2026-02-15T09:30:00Z,2026-03-20T14:00:00Z
INV-00058,WH-001,VAR-0058,12,0,0,0,4,10,2,0,1.1,IN_STOCK,2026-02-15T09:30:00Z,2026-03-20T14:00:00Z
INV-00059,WH-001,VAR-0059,14,2,2,0,4,10,2,8,0.4,IN_STOCK,2026-02-15T09:30:00Z,2026-03-20T14:00:00Z
INV-00060,WH-001,VAR-0060,11,3,3,0,4,10,2,8,0.3,IN_STOCK,2026-02-15T09:30:00Z,2026-03-20T14:00:00Z
INV-00061,WH-001,VAR-0061,10,3,3,0,4,10,2,4,1.0,IN_STOCK,2026-02-15T09:30:00Z,2026-03-20T14:00:00Z
INV-00062,WH-001,VAR-0062,4,0,0,0,4,10,2,8,0.6,IN_STOCK,2026-02-15T09:30:00Z,2026-03-20T14:00:00Z
INV-00063,WH-001,VAR-0063,7,3,3,1,4,10,2,8,0.3,IN_STOCK,2026-02-15T09:30:00Z,2026-03-20T14:00:00Z
INV-00064,WH-001,VAR-0064,11,0,0,0,4,10,2,4,0.9,IN_STOCK,2026-02-15T09:30:00Z,2026-03-20T14:00:00Z
INV-00065,WH-001,VAR-0065,23,9,9,0,18,45,10,15,3.0,IN_STOCK,2026-02-15T09:30:00Z,2026-03-20T14:00:00Z
INV-00066,WH-001,VAR-0066,67,6,6,0,18,45,10,35,3.0,IN_STOCK,2026-02-15T09:30:00Z,2026-03-20T14:00:00Z
INV-00067,WH-001,VAR-0067,69,9,9,0,18,45,10,15,4.4,IN_STOCK,2026-02-15T09:30:00Z,2026-03-20T14:00:00Z
INV-00068,WH-001,VAR-0068,80,5,5,0,18,45,10,15,5.6,IN_STOCK,2026-02-15T09:30:00Z,2026-03-20T14:00:00Z
INV-00069,WH-001,VAR-0069,79,2,2,0,18,45,10,15,7.1,IN_STOCK,2026-02-15T09:30:00Z,2026-03-20T14:00:00Z
INV-00070,WH-001,VAR-0070,40,7,7,0,18,45,10,35,4.7,IN_STOCK,2026-02-15T09:30:00Z,2026-03-20T14:00:00Z
INV-00071,WH-001,VAR-0071,37,14,14,0,18,45,10,15,2.9,IN_STOCK,2026-02-15T09:30:00Z,2026-03-20T14:00:00Z
INV-00072,WH-001,VAR-0072,10,14,14,0,18,45,10,35,7.1,IN_STOCK,2026-02-15T09:30:00Z,2026-03-20T14:00:00Z
INV-00073,WH-001,VAR-0073,68,11,11,0,18,45,10,35,5.8,REPLENISHMENT_REQUIRED,2026-02-15T09:30:00Z,2026-03-20T14:00:00Z
INV-00074,WH-001,VAR-0074,81,17,17,0,18,45,10,15,3.0,IN_STOCK,2026-02-15T09:30:00Z,2026-03-20T14:00:00Z
INV-00075,WH-001,VAR-0075,37,3,3,0,18,45,10,15,6.1,IN_STOCK,2026-02-15T09:30:00Z,2026-03-20T14:00:00Z
INV-00076,WH-001,VAR-0076,85,50,50,0,20,60,12,40,4.5,IN_STOCK,2026-02-15T09:30:00Z,2026-03-20T14:00:00Z
INV-00077,WH-001,VAR-0077,17,3,3,0,18,45,10,35,4.8,IN_STOCK,2026-02-15T09:30:00Z,2026-03-20T14:00:00Z
INV-00078,WH-001,VAR-0078,77,7,7,0,18,45,10,15,7.3,IN_STOCK,2026-02-15T09:30:00Z,2026-03-20T14:00:00Z
INV-00079,WH-001,VAR-0079,20,7,7,0,18,45,10,15,5.3,IN_STOCK,2026-02-15T09:30:00Z,2026-03-20T14:00:00Z
INV-00080,WH-001,VAR-0080,40,14,14,0,18,45,10,15,7.2,IN_STOCK,2026-02-15T09:30:00Z,2026-03-20T14:00:00Z
INV-00081,WH-001,VAR-0081,82,9,9,0,18,45,10,15,5.4,IN_STOCK,2026-02-15T09:30:00Z,2026-03-20T14:00:00Z
INV-00082,WH-001,VAR-0082,63,20,20,0,18,45,10,35,7.1,IN_STOCK,2026-02-15T09:30:00Z,2026-03-20T14:00:00Z
INV-00083,WH-001,VAR-0083,36,12,12,0,18,45,10,15,3.5,IN_STOCK,2026-02-15T09:30:00Z,2026-03-20T14:00:00Z
INV-00084,WH-001,VAR-0084,26,11,11,0,18,45,10,35,3.7,IN_STOCK,2026-02-15T09:30:00Z,2026-03-20T14:00:00Z
INV-00085,WH-001,VAR-0085,19,2,2,0,18,45,10,35,5.4,IN_STOCK,2026-02-15T09:30:00Z,2026-03-20T14:00:00Z
INV-00086,WH-001,VAR-0086,82,5,5,0,18,45,10,15,5.0,IN_STOCK,2026-02-15T09:30:00Z,2026-03-20T14:00:00Z
INV-00087,WH-001,VAR-0087,74,10,10,0,18,45,10,15,7.1,IN_STOCK,2026-02-15T09:30:00Z,2026-03-20T14:00:00Z
INV-00088,WH-001,VAR-0088,18,9,9,0,18,45,10,35,3.6,IN_STOCK,2026-02-15T09:30:00Z,2026-03-20T14:00:00Z
INV-00089,WH-001,VAR-0089,66,19,19,0,18,45,10,35,5.4,IN_STOCK,2026-02-15T09:30:00Z,2026-03-20T14:00:00Z
INV-00090,WH-001,VAR-0090,77,2,2,0,18,45,10,35,7.1,IN_STOCK,2026-02-15T09:30:00Z,2026-03-20T14:00:00Z
INV-00091,WH-001,VAR-0091,0,6,6,0,18,45,10,35,2.6,OUT_OF_STOCK,2026-02-15T09:30:00Z,2026-03-20T14:00:00Z
INV-00092,WH-001,VAR-0092,23,19,19,0,18,45,10,15,3.5,IN_STOCK,2026-02-15T09:30:00Z,2026-03-20T14:00:00Z
INV-00093,WH-001,VAR-0093,36,12,12,0,18,45,10,15,5.8,IN_STOCK,2026-02-15T09:30:00Z,2026-03-20T14:00:00Z
INV-00094,WH-001,VAR-0094,43,18,18,0,18,45,10,35,3.4,IN_STOCK,2026-02-15T09:30:00Z,2026-03-20T14:00:00Z
INV-00095,WH-001,VAR-0095,16,4,4,0,18,45,10,35,6.6,IN_STOCK,2026-02-15T09:30:00Z,2026-03-20T14:00:00Z
INV-00096,WH-001,VAR-0096,15,2,2,0,18,45,10,35,6.2,IN_STOCK,2026-02-15T09:30:00Z,2026-03-20T14:00:00Z
INV-00097,WH-001,VAR-0097,45,5,5,0,10,25,5,10,3.6,IN_STOCK,2026-02-15T09:30:00Z,2026-03-20T14:00:00Z
INV-00098,WH-001,VAR-0098,40,7,7,0,10,25,5,10,1.4,IN_STOCK,2026-02-15T09:30:00Z,2026-03-20T14:00:00Z
INV-00099,WH-001,VAR-0099,14,1,1,0,10,25,5,20,3.0,IN_STOCK,2026-02-15T09:30:00Z,2026-03-20T14:00:00Z
INV-00100,WH-001,VAR-0100,14,7,7,0,10,25,5,10,1.1,IN_STOCK,2026-02-15T09:30:00Z,2026-03-20T14:00:00Z
INV-00101,WH-001,VAR-0101,28,1,1,0,10,25,5,20,1.7,IN_STOCK,2026-02-15T09:30:00Z,2026-03-20T14:00:00Z
INV-00102,WH-001,VAR-0102,20,2,2,0,10,25,5,20,3.7,IN_STOCK,2026-02-15T09:30:00Z,2026-03-20T14:00:00Z
INV-00103,WH-001,VAR-0103,31,3,3,0,10,25,5,10,4.0,IN_STOCK,2026-02-15T09:30:00Z,2026-03-20T14:00:00Z
INV-00104,WH-001,VAR-0104,16,7,7,0,10,25,5,10,1.6,IN_STOCK,2026-02-15T09:30:00Z,2026-03-20T14:00:00Z
INV-00105,WH-001,VAR-0105,26,7,7,0,10,25,5,10,1.9,IN_STOCK,2026-02-15T09:30:00Z,2026-03-20T14:00:00Z
INV-00106,WH-001,VAR-0106,11,7,7,0,10,25,5,10,4.0,IN_STOCK,2026-02-15T09:30:00Z,2026-03-20T14:00:00Z
INV-00107,WH-001,VAR-0107,19,4,4,0,10,25,5,20,2.2,IN_STOCK,2026-02-15T09:30:00Z,2026-03-20T14:00:00Z
INV-00108,WH-001,VAR-0108,19,4,4,0,10,25,5,10,3.3,IN_STOCK,2026-02-15T09:30:00Z,2026-03-20T14:00:00Z
INV-00109,WH-001,VAR-0109,30,6,6,0,10,25,5,20,4.0,IN_STOCK,2026-02-15T09:30:00Z,2026-03-20T14:00:00Z
INV-00110,WH-001,VAR-0110,22,6,6,0,10,25,5,20,3.4,IN_STOCK,2026-02-15T09:30:00Z,2026-03-20T14:00:00Z
INV-00111,WH-001,VAR-0111,39,6,6,0,10,25,5,10,1.4,IN_STOCK,2026-02-15T09:30:00Z,2026-03-20T14:00:00Z
INV-00112,WH-001,VAR-0112,21,3,3,0,10,25,5,20,1.1,IN_STOCK,2026-02-15T09:30:00Z,2026-03-20T14:00:00Z
INV-00113,WH-001,VAR-0113,43,7,7,0,10,25,5,20,3.5,IN_STOCK,2026-02-15T09:30:00Z,2026-03-20T14:00:00Z
INV-00114,WH-001,VAR-0114,25,7,7,0,10,25,5,10,2.3,IN_STOCK,2026-02-15T09:30:00Z,2026-03-20T14:00:00Z
INV-00115,WH-001,VAR-0115,85,5,5,0,15,35,8,30,1.7,IN_STOCK,2026-02-15T09:30:00Z,2026-03-20T14:00:00Z
INV-00116,WH-001,VAR-0116,67,2,2,0,15,35,8,15,3.1,IN_STOCK,2026-02-15T09:30:00Z,2026-03-20T14:00:00Z
INV-00117,WH-001,VAR-0117,20,12,12,0,15,35,8,30,4.3,IN_STOCK,2026-02-15T09:30:00Z,2026-03-20T14:00:00Z
INV-00118,WH-001,VAR-0118,27,13,13,0,15,35,8,30,3.8,REPLENISHMENT_REQUIRED,2026-02-15T09:30:00Z,2026-03-20T14:00:00Z
INV-00119,WH-001,VAR-0119,64,7,7,0,15,35,8,30,4.6,IN_STOCK,2026-02-15T09:30:00Z,2026-03-20T14:00:00Z
INV-00120,WH-001,VAR-0120,82,4,4,0,15,35,8,15,3.4,IN_STOCK,2026-02-15T09:30:00Z,2026-03-20T14:00:00Z
INV-00121,WH-001,VAR-0121,60,12,12,0,15,35,8,15,4.3,IN_STOCK,2026-02-15T09:30:00Z,2026-03-20T14:00:00Z
INV-00122,WH-001,VAR-0122,50,8,8,0,15,35,8,15,2.9,IN_STOCK,2026-02-15T09:30:00Z,2026-03-20T14:00:00Z
INV-00123,WH-001,VAR-0123,38,8,8,0,15,35,8,30,3.6,IN_STOCK,2026-02-15T09:30:00Z,2026-03-20T14:00:00Z
INV-00124,WH-001,VAR-0124,68,12,12,0,15,35,8,15,3.8,IN_STOCK,2026-02-15T09:30:00Z,2026-03-20T14:00:00Z
INV-00125,WH-001,VAR-0125,33,12,12,0,15,35,8,15,2.8,IN_STOCK,2026-02-15T09:30:00Z,2026-03-20T14:00:00Z
INV-00126,WH-001,VAR-0126,54,3,3,0,15,35,8,15,4.5,IN_STOCK,2026-02-15T09:30:00Z,2026-03-20T14:00:00Z
INV-00127,WH-001,VAR-0127,40,14,14,0,15,35,8,15,2.2,IN_STOCK,2026-02-15T09:30:00Z,2026-03-20T14:00:00Z
INV-00128,WH-001,VAR-0128,17,5,5,0,15,35,8,30,4.3,IN_STOCK,2026-02-15T09:30:00Z,2026-03-20T14:00:00Z
INV-00129,WH-001,VAR-0129,21,9,9,0,15,35,8,30,5.5,IN_STOCK,2026-02-15T09:30:00Z,2026-03-20T14:00:00Z
INV-00130,WH-001,VAR-0130,85,5,5,0,15,35,8,30,3.7,IN_STOCK,2026-02-15T09:30:00Z,2026-03-20T14:00:00Z
INV-00131,WH-001,VAR-0131,43,4,4,0,15,35,8,15,5.5,IN_STOCK,2026-02-15T09:30:00Z,2026-03-20T14:00:00Z
INV-00132,WH-001,VAR-0132,25,14,14,0,15,35,8,30,2.5,IN_STOCK,2026-02-15T09:30:00Z,2026-03-20T14:00:00Z
INV-00133,WH-001,VAR-0133,78,9,9,0,15,35,8,15,4.0,IN_STOCK,2026-02-15T09:30:00Z,2026-03-20T14:00:00Z
INV-00134,WH-001,VAR-0134,27,9,9,0,15,35,8,15,5.1,IN_STOCK,2026-02-15T09:30:00Z,2026-03-20T14:00:00Z
INV-00135,WH-001,VAR-0135,79,10,10,0,15,35,8,30,5.8,IN_STOCK,2026-02-15T09:30:00Z,2026-03-20T14:00:00Z
INV-00136,WH-001,VAR-0136,320,200,200,0,50,200,35,100,18.0,IN_STOCK,2026-02-15T09:30:00Z,2026-03-20T14:00:00Z
INV-00137,WH-001,VAR-0137,68,11,11,0,15,35,8,30,5.2,IN_STOCK,2026-02-15T09:30:00Z,2026-03-20T14:00:00Z
INV-00138,WH-001,VAR-0138,82,9,9,0,15,35,8,15,4.8,IN_STOCK,2026-02-15T09:30:00Z,2026-03-20T14:00:00Z
INV-00139,WH-001,VAR-0139,72,9,9,0,15,35,8,30,4.9,IN_STOCK,2026-02-15T09:30:00Z,2026-03-20T14:00:00Z
INV-00140,WH-001,VAR-0140,47,14,14,0,15,35,8,30,4.3,IN_STOCK,2026-02-15T09:30:00Z,2026-03-20T14:00:00Z
INV-00141,WH-001,VAR-0141,47,9,9,0,15,35,8,15,4.7,IN_STOCK,2026-02-15T09:30:00Z,2026-03-20T14:00:00Z
INV-00142,WH-001,VAR-0142,42,6,6,0,15,35,8,30,2.9,IN_STOCK,2026-02-15T09:30:00Z,2026-03-20T14:00:00Z
INV-00143,WH-001,VAR-0143,81,3,3,0,15,35,8,15,2.2,IN_STOCK,2026-02-15T09:30:00Z,2026-03-20T14:00:00Z
INV-00144,WH-001,VAR-0144,61,13,13,0,15,35,8,15,4.7,IN_STOCK,2026-02-15T09:30:00Z,2026-03-20T14:00:00Z
INV-00145,WH-001,VAR-0145,20,8,8,0,15,35,8,30,3.0,IN_STOCK,2026-02-15T09:30:00Z,2026-03-20T14:00:00Z
INV-00146,WH-001,VAR-0146,71,8,8,0,15,35,8,15,2.4,IN_STOCK,2026-02-15T09:30:00Z,2026-03-20T14:00:00Z
INV-00147,WH-001,VAR-0147,65,8,8,0,15,35,8,15,5.4,IN_STOCK,2026-02-15T09:30:00Z,2026-03-20T14:00:00Z
INV-00148,WH-001,VAR-0148,85,8,8,0,15,35,8,30,1.5,IN_STOCK,2026-02-15T09:30:00Z,2026-03-20T14:00:00Z
INV-00149,WH-001,VAR-0149,57,6,6,0,15,35,8,30,5.3,IN_STOCK,2026-02-15T09:30:00Z,2026-03-20T14:00:00Z
INV-00150,WH-001,VAR-0150,65,10,10,0,15,35,8,15,3.7,IN_STOCK,2026-02-15T09:30:00Z,2026-03-20T14:00:00Z
INV-00151,WH-001,VAR-0151,380,200,200,0,60,250,40,150,22.0,IN_STOCK,2026-02-15T09:30:00Z,2026-03-20T14:00:00Z
INV-00152,WH-001,VAR-0152,219,42,42,0,60,180,40,150,10.9,IN_STOCK,2026-02-15T09:30:00Z,2026-03-20T14:00:00Z
INV-00153,WH-001,VAR-0153,252,57,57,0,60,180,40,250,33.9,IN_STOCK,2026-02-15T09:30:00Z,2026-03-20T14:00:00Z
INV-00154,WH-001,VAR-0154,450,25,25,0,60,180,40,150,37.6,IN_STOCK,2026-02-15T09:30:00Z,2026-03-20T14:00:00Z
INV-00155,WH-001,VAR-0155,0,49,49,0,60,180,40,50,37.2,OUT_OF_STOCK,2026-02-15T09:30:00Z,2026-03-20T14:00:00Z
INV-00156,WH-001,VAR-0156,383,51,51,0,60,180,40,250,10.8,IN_STOCK,2026-02-15T09:30:00Z,2026-03-20T14:00:00Z
INV-00157,WH-001,VAR-0157,409,42,42,0,60,180,40,50,36.0,IN_STOCK,2026-02-15T09:30:00Z,2026-03-20T14:00:00Z
INV-00158,WH-001,VAR-0158,173,18,18,0,60,180,40,150,21.4,IN_STOCK,2026-02-15T09:30:00Z,2026-03-20T14:00:00Z
INV-00159,WH-001,VAR-0159,188,44,44,0,60,180,40,150,20.1,IN_STOCK,2026-02-15T09:30:00Z,2026-03-20T14:00:00Z
INV-00160,WH-001,VAR-0160,274,32,32,0,60,180,40,150,17.6,IN_STOCK,2026-02-15T09:30:00Z,2026-03-20T14:00:00Z
INV-00161,WH-001,VAR-0161,121,45,45,0,60,180,40,50,32.5,IN_STOCK,2026-02-15T09:30:00Z,2026-03-20T14:00:00Z
INV-00162,WH-001,VAR-0162,106,37,37,0,60,180,40,50,29.5,IN_STOCK,2026-02-15T09:30:00Z,2026-03-20T14:00:00Z
INV-00163,WH-001,VAR-0163,479,56,56,0,60,180,40,50,32.6,IN_STOCK,2026-02-15T09:30:00Z,2026-03-20T14:00:00Z
INV-00164,WH-001,VAR-0164,206,27,27,0,60,180,40,50,28.6,IN_STOCK,2026-02-15T09:30:00Z,2026-03-20T14:00:00Z
INV-00165,WH-001,VAR-0165,42,4,4,0,15,35,8,30,4.5,IN_STOCK,2026-02-15T09:30:00Z,2026-03-20T14:00:00Z
INV-00166,WH-001,VAR-0166,84,5,5,0,15,35,8,30,4.6,IN_STOCK,2026-02-15T09:30:00Z,2026-03-20T14:00:00Z
INV-00167,WH-001,VAR-0167,59,4,4,0,15,35,8,15,5.0,IN_STOCK,2026-02-15T09:30:00Z,2026-03-20T14:00:00Z
INV-00168,WH-001,VAR-0168,163,34,34,0,60,180,40,50,27.4,IN_STOCK,2026-02-15T09:30:00Z,2026-03-20T14:00:00Z
INV-00169,WH-001,VAR-0169,51,11,11,0,15,35,8,30,3.3,IN_STOCK,2026-02-15T09:30:00Z,2026-03-20T14:00:00Z
INV-00170,WH-001,VAR-0170,37,3,3,0,15,35,8,15,2.0,IN_STOCK,2026-02-15T09:30:00Z,2026-03-20T14:00:00Z
INV-00171,WH-001,VAR-0171,50,15,15,0,15,35,8,15,5.1,IN_STOCK,2026-02-15T09:30:00Z,2026-03-20T14:00:00Z
INV-00172,WH-001,VAR-0172,97,30,30,0,30,60,15,20,6.8,IN_STOCK,2026-02-15T09:30:00Z,2026-03-20T14:00:00Z
INV-00173,WH-001,VAR-0173,79,26,26,0,30,60,15,40,4.6,IN_STOCK,2026-02-15T09:30:00Z,2026-03-20T14:00:00Z
INV-00174,WH-001,VAR-0174,107,15,15,0,30,60,15,20,10.8,IN_STOCK,2026-02-15T09:30:00Z,2026-03-20T14:00:00Z
INV-00175,WH-001,VAR-0175,130,20,20,0,30,60,15,20,7.5,IN_STOCK,2026-02-15T09:30:00Z,2026-03-20T14:00:00Z
INV-00176,WH-001,VAR-0176,71,25,25,0,30,60,15,40,9.7,IN_STOCK,2026-02-15T09:30:00Z,2026-03-20T14:00:00Z
INV-00177,WH-001,VAR-0177,80,10,10,0,30,60,15,60,8.2,IN_STOCK,2026-02-15T09:30:00Z,2026-03-20T14:00:00Z
INV-00178,WH-001,VAR-0178,108,13,13,0,30,60,15,60,10.5,IN_STOCK,2026-02-15T09:30:00Z,2026-03-20T14:00:00Z
INV-00179,WH-001,VAR-0179,93,29,29,0,30,60,15,40,7.7,IN_STOCK,2026-02-15T09:30:00Z,2026-03-20T14:00:00Z
INV-00180,WH-001,VAR-0180,130,28,28,0,30,60,15,60,6.1,IN_STOCK,2026-02-15T09:30:00Z,2026-03-20T14:00:00Z
INV-00181,WH-001,VAR-0181,134,12,12,0,30,60,15,20,6.2,IN_STOCK,2026-02-15T09:30:00Z,2026-03-20T14:00:00Z
INV-00182,WH-001,VAR-0182,82,12,12,0,30,60,15,40,8.6,IN_STOCK,2026-02-15T09:30:00Z,2026-03-20T14:00:00Z
INV-00183,WH-001,VAR-0183,110,17,17,0,30,60,15,40,4.2,IN_STOCK,2026-02-15T09:30:00Z,2026-03-20T14:00:00Z
INV-00184,WH-001,VAR-0184,133,15,15,0,30,60,15,20,7.9,REPLENISHMENT_REQUIRED,2026-02-15T09:30:00Z,2026-03-20T14:00:00Z
INV-00185,WH-001,VAR-0185,70,30,30,0,30,60,15,40,6.7,IN_STOCK,2026-02-15T09:30:00Z,2026-03-20T14:00:00Z
INV-00186,WH-001,VAR-0186,137,24,24,0,30,60,15,60,11.0,IN_STOCK,2026-02-15T09:30:00Z,2026-03-20T14:00:00Z
INV-00187,WH-001,VAR-0187,96,5,5,0,30,60,15,60,11.6,IN_STOCK,2026-02-15T09:30:00Z,2026-03-20T14:00:00Z
INV-00188,WH-001,VAR-0188,35,12,12,0,30,60,15,60,7.3,IN_STOCK,2026-02-15T09:30:00Z,2026-03-20T14:00:00Z
INV-00189,WH-001,VAR-0189,96,29,29,0,30,60,15,20,9.5,IN_STOCK,2026-02-15T09:30:00Z,2026-03-20T14:00:00Z
INV-00190,WH-001,VAR-0190,107,27,27,0,30,60,15,40,7.6,IN_STOCK,2026-02-15T09:30:00Z,2026-03-20T14:00:00Z
INV-00191,WH-001,VAR-0191,27,7,7,0,30,60,15,40,5.8,IN_STOCK,2026-02-15T09:30:00Z,2026-03-20T14:00:00Z
INV-00192,WH-001,VAR-0192,113,12,12,0,30,60,15,40,9.3,IN_STOCK,2026-02-15T09:30:00Z,2026-03-20T14:00:00Z
INV-00193,WH-001,VAR-0193,72,20,20,0,30,60,15,60,8.2,IN_STOCK,2026-02-15T09:30:00Z,2026-03-20T14:00:00Z
INV-00194,WH-001,VAR-0194,79,28,28,0,30,60,15,60,6.6,IN_STOCK,2026-02-15T09:30:00Z,2026-03-20T14:00:00Z
INV-00195,WH-001,VAR-0195,114,19,19,0,30,60,15,40,6.5,IN_STOCK,2026-02-15T09:30:00Z,2026-03-20T14:00:00Z
INV-00196,WH-001,VAR-0196,54,8,8,0,30,60,15,60,5.5,IN_STOCK,2026-02-15T09:30:00Z,2026-03-20T14:00:00Z
INV-00197,WH-001,VAR-0197,40,28,28,0,30,60,15,60,11.6,IN_STOCK,2026-02-15T09:30:00Z,2026-03-20T14:00:00Z
INV-00198,WH-001,VAR-0198,113,10,10,0,30,60,15,20,5.7,IN_STOCK,2026-02-15T09:30:00Z,2026-03-20T14:00:00Z
INV-00199,WH-001,VAR-0199,86,13,13,0,30,60,15,60,8.7,IN_STOCK,2026-02-15T09:30:00Z,2026-03-20T14:00:00Z
INV-00200,WH-001,VAR-0200,122,21,21,0,30,60,15,60,6.3,IN_STOCK,2026-02-15T09:30:00Z,2026-03-20T14:00:00Z
INV-00201,WH-001,VAR-0201,37,11,11,0,30,60,15,40,5.8,IN_STOCK,2026-02-15T09:30:00Z,2026-03-20T14:00:00Z
INV-00202,WH-001,VAR-0202,7,2,2,0,5,12,3,0,1.9,IN_STOCK,2026-02-15T09:30:00Z,2026-03-20T14:00:00Z
INV-00203,WH-001,VAR-0203,6,2,2,0,5,12,3,0,2.5,IN_STOCK,2026-02-15T09:30:00Z,2026-03-20T14:00:00Z
INV-00204,WH-001,VAR-0204,11,1,1,0,5,12,3,10,2.3,IN_STOCK,2026-02-15T09:30:00Z,2026-03-20T14:00:00Z
INV-00205,WH-001,VAR-0205,17,0,0,0,5,12,3,0,1.7,IN_STOCK,2026-02-15T09:30:00Z,2026-03-20T14:00:00Z
INV-00206,WH-001,VAR-0206,17,3,3,0,5,12,3,5,1.2,IN_STOCK,2026-02-15T09:30:00Z,2026-03-20T14:00:00Z
INV-00207,WH-001,VAR-0207,3,2,2,0,5,12,3,5,0.8,LOW_STOCK,2026-02-15T09:30:00Z,2026-03-20T14:00:00Z
INV-00208,WH-001,VAR-0208,4,3,3,0,5,12,3,5,0.7,LOW_STOCK,2026-02-15T09:30:00Z,2026-03-20T14:00:00Z
INV-00209,WH-001,VAR-0209,3,1,1,0,5,12,3,0,2.1,LOW_STOCK,2026-02-15T09:30:00Z,2026-03-20T14:00:00Z
INV-00210,WH-001,VAR-0210,5,0,0,0,4,10,2,0,0.8,IN_STOCK,2026-02-15T09:30:00Z,2026-03-20T14:00:00Z
INV-00211,WH-001,VAR-0211,7,1,1,3,4,10,2,4,0.7,IN_STOCK,2026-02-15T09:30:00Z,2026-03-20T14:00:00Z
INV-00212,WH-001,VAR-0212,8,2,2,3,4,10,2,4,0.5,IN_STOCK,2026-02-15T09:30:00Z,2026-03-20T14:00:00Z
INV-00213,WH-001,VAR-0213,10,0,0,3,4,10,2,8,0.3,IN_STOCK,2026-02-15T09:30:00Z,2026-03-20T14:00:00Z
INV-00214,WH-001,VAR-0214,13,1,1,0,4,10,2,4,0.9,IN_STOCK,2026-02-15T09:30:00Z,2026-03-20T14:00:00Z
INV-00215,WH-001,VAR-0215,3,1,1,0,4,10,2,8,0.3,LOW_STOCK,2026-02-15T09:30:00Z,2026-03-20T14:00:00Z
INV-00216,WH-001,VAR-0216,1,1,1,1,4,10,2,8,0.8,LOW_STOCK,2026-02-15T09:30:00Z,2026-03-20T14:00:00Z
INV-00217,WH-001,VAR-0217,5,0,0,0,4,10,2,4,0.9,IN_STOCK,2026-02-15T09:30:00Z,2026-03-20T14:00:00Z
INV-00218,WH-001,VAR-0218,12,3,3,0,4,10,2,8,0.4,IN_STOCK,2026-02-15T09:30:00Z,2026-03-20T14:00:00Z
INV-00219,WH-001,VAR-0219,5,1,1,1,4,10,2,0,0.7,IN_STOCK,2026-02-15T09:30:00Z,2026-03-20T14:00:00Z
INV-00220,WH-001,VAR-0220,29,10,10,0,18,45,10,15,2.4,IN_STOCK,2026-02-15T09:30:00Z,2026-03-20T14:00:00Z
INV-00221,WH-001,VAR-0221,31,11,11,0,18,45,10,35,4.4,IN_STOCK,2026-02-15T09:30:00Z,2026-03-20T14:00:00Z
INV-00222,WH-001,VAR-0222,69,11,11,0,18,45,10,35,7.2,IN_STOCK,2026-02-15T09:30:00Z,2026-03-20T14:00:00Z
INV-00223,WH-001,VAR-0223,74,19,19,0,18,45,10,35,4.4,IN_STOCK,2026-02-15T09:30:00Z,2026-03-20T14:00:00Z
INV-00224,WH-001,VAR-0224,15,15,15,0,18,45,10,35,5.3,IN_STOCK,2026-02-15T09:30:00Z,2026-03-20T14:00:00Z
INV-00225,WH-001,VAR-0225,13,4,4,0,18,45,10,15,7.3,IN_STOCK,2026-02-15T09:30:00Z,2026-03-20T14:00:00Z
INV-00226,WH-001,VAR-0226,83,20,20,0,18,45,10,15,7.5,IN_STOCK,2026-02-15T09:30:00Z,2026-03-20T14:00:00Z
INV-00227,WH-001,VAR-0227,44,20,20,0,18,45,10,15,6.2,IN_STOCK,2026-02-15T09:30:00Z,2026-03-20T14:00:00Z
INV-00228,WH-001,VAR-0228,32,17,17,0,18,45,10,35,7.0,IN_STOCK,2026-02-15T09:30:00Z,2026-03-20T14:00:00Z
INV-00229,WH-001,VAR-0229,33,20,20,0,18,45,10,35,5.5,IN_STOCK,2026-02-15T09:30:00Z,2026-03-20T14:00:00Z
INV-00230,WH-001,VAR-0230,0,4,4,0,18,45,10,35,3.9,OUT_OF_STOCK,2026-02-15T09:30:00Z,2026-03-20T14:00:00Z
INV-00231,WH-001,VAR-0231,52,12,12,0,18,45,10,15,6.7,IN_STOCK,2026-02-15T09:30:00Z,2026-03-20T14:00:00Z
INV-00232,WH-001,VAR-0232,52,15,15,0,18,45,10,35,3.6,IN_STOCK,2026-02-15T09:30:00Z,2026-03-20T14:00:00Z
INV-00233,WH-001,VAR-0233,61,19,19,0,18,45,10,15,4.5,IN_STOCK,2026-02-15T09:30:00Z,2026-03-20T14:00:00Z
INV-00234,WH-001,VAR-0234,50,10,10,0,18,45,10,35,2.6,IN_STOCK,2026-02-15T09:30:00Z,2026-03-20T14:00:00Z
INV-00235,WH-001,VAR-0235,61,18,18,0,18,45,10,15,5.6,IN_STOCK,2026-02-15T09:30:00Z,2026-03-20T14:00:00Z
INV-00236,WH-001,VAR-0236,39,8,8,0,10,25,5,20,1.2,IN_STOCK,2026-02-15T09:30:00Z,2026-03-20T14:00:00Z
INV-00237,WH-001,VAR-0237,38,6,6,0,10,25,5,20,3.2,IN_STOCK,2026-02-15T09:30:00Z,2026-03-20T14:00:00Z
INV-00238,WH-001,VAR-0238,8,4,4,0,10,25,5,20,2.9,IN_STOCK,2026-02-15T09:30:00Z,2026-03-20T14:00:00Z
INV-00239,WH-001,VAR-0239,23,8,8,0,10,25,5,20,1.4,IN_STOCK,2026-02-15T09:30:00Z,2026-03-20T14:00:00Z
INV-00240,WH-001,VAR-0240,45,4,4,0,10,25,5,10,2.1,IN_STOCK,2026-02-15T09:30:00Z,2026-03-20T14:00:00Z
INV-00241,WH-001,VAR-0241,5,7,7,0,10,25,5,10,1.8,LOW_STOCK,2026-02-15T09:30:00Z,2026-03-20T14:00:00Z
INV-00242,WH-001,VAR-0242,12,8,8,0,10,25,5,10,3.3,IN_STOCK,2026-02-15T09:30:00Z,2026-03-20T14:00:00Z
INV-00243,WH-001,VAR-0243,31,9,9,0,15,35,8,30,3.8,IN_STOCK,2026-02-15T09:30:00Z,2026-03-20T14:00:00Z
INV-00244,WH-001,VAR-0244,46,8,8,0,15,35,8,30,5.9,IN_STOCK,2026-02-15T09:30:00Z,2026-03-20T14:00:00Z
INV-00245,WH-001,VAR-0245,43,9,9,0,15,35,8,15,3.2,IN_STOCK,2026-02-15T09:30:00Z,2026-03-20T14:00:00Z
INV-00246,WH-001,VAR-0246,77,13,13,0,15,35,8,15,5.4,IN_STOCK,2026-02-15T09:30:00Z,2026-03-20T14:00:00Z
INV-00247,WH-001,VAR-0247,47,14,14,0,15,35,8,30,3.0,IN_STOCK,2026-02-15T09:30:00Z,2026-03-20T14:00:00Z
INV-00248,WH-001,VAR-0248,76,6,6,0,15,35,8,15,2.8,IN_STOCK,2026-02-15T09:30:00Z,2026-03-20T14:00:00Z
INV-00249,WH-001,VAR-0249,50,15,15,0,15,35,8,30,5.4,IN_STOCK,2026-02-15T09:30:00Z,2026-03-20T14:00:00Z
INV-00250,WH-001,VAR-0250,69,10,10,0,15,35,8,30,3.1,IN_STOCK,2026-02-15T09:30:00Z,2026-03-20T14:00:00Z
INV-00251,WH-001,VAR-0251,82,14,14,0,15,35,8,30,3.5,IN_STOCK,2026-02-15T09:30:00Z,2026-03-20T14:00:00Z
INV-00252,WH-001,VAR-0252,53,15,15,0,15,35,8,15,5.9,IN_STOCK,2026-02-15T09:30:00Z,2026-03-20T14:00:00Z
INV-00253,WH-001,VAR-0253,42,11,11,0,15,35,8,30,2.6,IN_STOCK,2026-02-15T09:30:00Z,2026-03-20T14:00:00Z
INV-00254,WH-001,VAR-0254,64,2,2,0,15,35,8,30,4.9,IN_STOCK,2026-02-15T09:30:00Z,2026-03-20T14:00:00Z
INV-00255,WH-001,VAR-0255,60,8,8,0,15,35,8,15,3.7,IN_STOCK,2026-02-15T09:30:00Z,2026-03-20T14:00:00Z
INV-00256,WH-001,VAR-0256,16,4,4,0,15,35,8,30,5.4,IN_STOCK,2026-02-15T09:30:00Z,2026-03-20T14:00:00Z
INV-00257,WH-001,VAR-0257,68,3,3,0,15,35,8,30,1.6,IN_STOCK,2026-02-15T09:30:00Z,2026-03-20T14:00:00Z
INV-00258,WH-001,VAR-0258,153,41,41,0,60,180,40,250,39.1,IN_STOCK,2026-02-15T09:30:00Z,2026-03-20T14:00:00Z
INV-00259,WH-001,VAR-0259,118,45,45,0,60,180,40,150,20.2,IN_STOCK,2026-02-15T09:30:00Z,2026-03-20T14:00:00Z
INV-00260,WH-001,VAR-0260,434,40,40,0,60,180,40,250,12.4,IN_STOCK,2026-02-15T09:30:00Z,2026-03-20T14:00:00Z
INV-00261,WH-001,VAR-0261,248,58,58,0,60,180,40,250,21.4,IN_STOCK,2026-02-15T09:30:00Z,2026-03-20T14:00:00Z
INV-00262,WH-001,VAR-0262,242,55,55,0,60,180,40,250,36.6,IN_STOCK,2026-02-15T09:30:00Z,2026-03-20T14:00:00Z
INV-00263,WH-001,VAR-0263,329,49,49,0,60,180,40,50,28.5,IN_STOCK,2026-02-15T09:30:00Z,2026-03-20T14:00:00Z
INV-00264,WH-001,VAR-0264,200,55,55,0,60,180,40,250,37.6,IN_STOCK,2026-02-15T09:30:00Z,2026-03-20T14:00:00Z
INV-00265,WH-001,VAR-0265,196,20,20,0,60,180,40,150,39.4,IN_STOCK,2026-02-15T09:30:00Z,2026-03-20T14:00:00Z
INV-00266,WH-001,VAR-0266,469,55,55,0,60,180,40,250,36.2,IN_STOCK,2026-02-15T09:30:00Z,2026-03-20T14:00:00Z
INV-00267,WH-001,VAR-0267,307,25,25,0,60,180,40,250,19.0,IN_STOCK,2026-02-15T09:30:00Z,2026-03-20T14:00:00Z
INV-00268,WH-001,VAR-0268,94,17,17,0,60,180,40,150,33.9,IN_STOCK,2026-02-15T09:30:00Z,2026-03-20T14:00:00Z
INV-00269,WH-001,VAR-0269,230,37,37,0,60,180,40,150,22.9,IN_STOCK,2026-02-15T09:30:00Z,2026-03-20T14:00:00Z
INV-00270,WH-001,VAR-0270,43,10,10,0,15,35,8,30,4.0,IN_STOCK,2026-02-15T09:30:00Z,2026-03-20T14:00:00Z
INV-00271,WH-001,VAR-0271,35,4,4,0,15,35,8,15,1.9,IN_STOCK,2026-02-15T09:30:00Z,2026-03-20T14:00:00Z
INV-00272,WH-001,VAR-0272,275,54,54,0,60,180,40,250,17.2,IN_STOCK,2026-02-15T09:30:00Z,2026-03-20T14:00:00Z
INV-00273,WH-001,VAR-0273,30,5,5,0,15,35,8,30,4.4,IN_STOCK,2026-02-15T09:30:00Z,2026-03-20T14:00:00Z
INV-00274,WH-001,VAR-0274,70,6,6,0,15,35,8,15,5.5,IN_STOCK,2026-02-15T09:30:00Z,2026-03-20T14:00:00Z
INV-00275,WH-001,VAR-0275,71,6,6,0,15,35,8,15,1.8,REPLENISHMENT_REQUIRED,2026-02-15T09:30:00Z,2026-03-20T14:00:00Z
INV-00276,WH-001,VAR-0276,56,11,11,0,15,35,8,30,4.4,IN_STOCK,2026-02-15T09:30:00Z,2026-03-20T14:00:00Z
INV-00277,WH-001,VAR-0277,66,13,13,0,15,35,8,30,3.6,IN_STOCK,2026-02-15T09:30:00Z,2026-03-20T14:00:00Z
INV-00278,WH-001,VAR-0278,50,5,5,0,15,35,8,30,5.3,IN_STOCK,2026-02-15T09:30:00Z,2026-03-20T14:00:00Z
INV-00279,WH-001,VAR-0279,25,5,5,0,15,35,8,30,4.1,IN_STOCK,2026-02-15T09:30:00Z,2026-03-20T14:00:00Z
INV-00280,WH-001,VAR-0280,85,6,6,0,15,35,8,30,1.6,IN_STOCK,2026-02-15T09:30:00Z,2026-03-20T14:00:00Z
INV-00281,WH-001,VAR-0281,62,6,6,0,15,35,8,15,4.0,IN_STOCK,2026-02-15T09:30:00Z,2026-03-20T14:00:00Z
INV-00282,WH-001,VAR-0282,18,11,11,0,15,35,8,30,5.2,IN_STOCK,2026-02-15T09:30:00Z,2026-03-20T14:00:00Z
INV-00283,WH-001,VAR-0283,48,14,14,0,15,35,8,15,4.2,IN_STOCK,2026-02-15T09:30:00Z,2026-03-20T14:00:00Z
INV-00284,WH-001,VAR-0284,57,5,5,0,15,35,8,15,4.3,IN_STOCK,2026-02-15T09:30:00Z,2026-03-20T14:00:00Z
INV-00285,WH-001,VAR-0285,29,12,12,0,15,35,8,15,5.6,IN_STOCK,2026-02-15T09:30:00Z,2026-03-20T14:00:00Z
INV-00286,WH-001,VAR-0286,17,6,6,0,15,35,8,30,1.7,IN_STOCK,2026-02-15T09:30:00Z,2026-03-20T14:00:00Z
INV-00287,WH-001,VAR-0287,58,13,13,0,15,35,8,15,1.9,IN_STOCK,2026-02-15T09:30:00Z,2026-03-20T14:00:00Z
INV-00288,WH-001,VAR-0288,49,7,7,0,15,35,8,30,2.3,IN_STOCK,2026-02-15T09:30:00Z,2026-03-20T14:00:00Z
INV-00289,WH-001,VAR-0289,28,14,14,0,15,35,8,30,3.9,IN_STOCK,2026-02-15T09:30:00Z,2026-03-20T14:00:00Z
INV-00290,WH-001,VAR-0290,219,25,25,0,60,180,40,150,37.4,IN_STOCK,2026-02-15T09:30:00Z,2026-03-20T14:00:00Z
INV-00291,WH-001,VAR-0291,326,33,33,0,60,180,40,250,36.1,IN_STOCK,2026-02-15T09:30:00Z,2026-03-20T14:00:00Z
INV-00292,WH-001,VAR-0292,26,9,9,0,15,35,8,15,2.1,IN_STOCK,2026-02-15T09:30:00Z,2026-03-20T14:00:00Z
INV-00293,WH-001,VAR-0293,40,15,15,0,15,35,8,30,5.9,IN_STOCK,2026-02-15T09:30:00Z,2026-03-20T14:00:00Z
INV-00294,WH-001,VAR-0294,83,7,7,0,15,35,8,15,5.1,IN_STOCK,2026-02-15T09:30:00Z,2026-03-20T14:00:00Z
INV-00295,WH-001,VAR-0295,13,6,6,0,15,35,8,15,3.5,IN_STOCK,2026-02-15T09:30:00Z,2026-03-20T14:00:00Z
INV-00296,WH-001,VAR-0296,45,11,11,0,15,35,8,30,5.2,IN_STOCK,2026-02-15T09:30:00Z,2026-03-20T14:00:00Z
INV-00297,WH-001,VAR-0297,59,3,3,0,15,35,8,15,3.6,IN_STOCK,2026-02-15T09:30:00Z,2026-03-20T14:00:00Z
INV-00298,WH-001,VAR-0298,83,7,7,0,15,35,8,15,4.4,IN_STOCK,2026-02-15T09:30:00Z,2026-03-20T14:00:00Z
INV-00299,WH-001,VAR-0299,71,13,13,0,15,35,8,30,4.4,IN_STOCK,2026-02-15T09:30:00Z,2026-03-20T14:00:00Z
INV-00300,WH-001,VAR-0300,139,23,23,0,60,180,40,50,38.4,IN_STOCK,2026-02-15T09:30:00Z,2026-03-20T14:00:00Z
INV-00301,WH-001,VAR-0301,235,46,46,0,60,180,40,50,12.9,IN_STOCK,2026-02-15T09:30:00Z,2026-03-20T14:00:00Z
INV-00302,WH-001,VAR-0302,80,4,4,0,15,35,8,30,3.5,IN_STOCK,2026-02-15T09:30:00Z,2026-03-20T14:00:00Z
INV-00303,WH-001,VAR-0303,81,8,8,0,15,35,8,15,5.5,IN_STOCK,2026-02-15T09:30:00Z,2026-03-20T14:00:00Z
INV-00304,WH-001,VAR-0304,24,15,15,0,15,35,8,30,4.3,IN_STOCK,2026-02-15T09:30:00Z,2026-03-20T14:00:00Z
INV-00305,WH-001,VAR-0305,47,2,2,0,15,35,8,30,2.5,IN_STOCK,2026-02-15T09:30:00Z,2026-03-20T14:00:00Z
INV-00306,WH-001,VAR-0306,68,5,5,0,15,35,8,30,1.9,IN_STOCK,2026-02-15T09:30:00Z,2026-03-20T14:00:00Z
INV-00307,WH-001,VAR-0307,59,10,10,0,15,35,8,30,1.8,IN_STOCK,2026-02-15T09:30:00Z,2026-03-20T14:00:00Z
INV-00308,WH-001,VAR-0308,47,5,5,0,15,35,8,15,5.8,IN_STOCK,2026-02-15T09:30:00Z,2026-03-20T14:00:00Z
INV-00309,WH-001,VAR-0309,70,3,3,0,15,35,8,15,4.4,IN_STOCK,2026-02-15T09:30:00Z,2026-03-20T14:00:00Z
INV-00310,WH-001,VAR-0310,385,16,16,0,60,180,40,50,33.6,IN_STOCK,2026-02-15T09:30:00Z,2026-03-20T14:00:00Z
INV-00311,WH-001,VAR-0311,204,23,23,0,60,180,40,250,16.2,IN_STOCK,2026-02-15T09:30:00Z,2026-03-20T14:00:00Z
INV-00312,WH-001,VAR-0312,82,5,5,0,15,35,8,15,5.2,IN_STOCK,2026-02-15T09:30:00Z,2026-03-20T14:00:00Z
INV-00313,WH-001,VAR-0313,41,7,7,0,15,35,8,15,5.0,IN_STOCK,2026-02-15T09:30:00Z,2026-03-20T14:00:00Z
INV-00314,WH-001,VAR-0314,12,6,6,0,15,35,8,15,5.9,LOW_STOCK,2026-02-15T09:30:00Z,2026-03-20T14:00:00Z
INV-00315,WH-001,VAR-0315,81,6,6,0,15,35,8,15,2.0,IN_STOCK,2026-02-15T09:30:00Z,2026-03-20T14:00:00Z
INV-00316,WH-001,VAR-0316,15,4,4,0,15,35,8,15,3.1,IN_STOCK,2026-02-15T09:30:00Z,2026-03-20T14:00:00Z
INV-00317,WH-001,VAR-0317,42,11,11,0,15,35,8,30,1.6,IN_STOCK,2026-02-15T09:30:00Z,2026-03-20T14:00:00Z
INV-00318,WH-001,VAR-0318,45,2,2,0,15,35,8,15,4.8,IN_STOCK,2026-02-15T09:30:00Z,2026-03-20T14:00:00Z
INV-00319,WH-001,VAR-0319,79,3,3,0,15,35,8,15,3.6,IN_STOCK,2026-02-15T09:30:00Z,2026-03-20T14:00:00Z
INV-00320,WH-001,VAR-0320,478,38,38,0,60,180,40,250,27.8,IN_STOCK,2026-02-15T09:30:00Z,2026-03-20T14:00:00Z
INV-00321,WH-001,VAR-0321,311,47,47,0,60,180,40,50,38.4,IN_STOCK,2026-02-15T09:30:00Z,2026-03-20T14:00:00Z
INV-00322,WH-001,VAR-0322,17,13,13,0,15,35,8,30,3.6,IN_STOCK,2026-02-15T09:30:00Z,2026-03-20T14:00:00Z
INV-00323,WH-001,VAR-0323,15,2,2,0,15,35,8,30,5.3,IN_STOCK,2026-02-15T09:30:00Z,2026-03-20T14:00:00Z
INV-00324,WH-001,VAR-0324,66,12,12,0,15,35,8,15,3.7,IN_STOCK,2026-02-15T09:30:00Z,2026-03-20T14:00:00Z
INV-00325,WH-001,VAR-0325,68,3,3,0,15,35,8,15,2.9,IN_STOCK,2026-02-15T09:30:00Z,2026-03-20T14:00:00Z
INV-00326,WH-001,VAR-0326,30,3,3,0,15,35,8,15,2.7,IN_STOCK,2026-02-15T09:30:00Z,2026-03-20T14:00:00Z
INV-00327,WH-001,VAR-0327,82,13,13,0,15,35,8,30,3.2,IN_STOCK,2026-02-15T09:30:00Z,2026-03-20T14:00:00Z
INV-00328,WH-001,VAR-0328,79,6,6,0,15,35,8,30,3.8,IN_STOCK,2026-02-15T09:30:00Z,2026-03-20T14:00:00Z
INV-00329,WH-001,VAR-0329,67,3,3,0,15,35,8,15,5.3,IN_STOCK,2026-02-15T09:30:00Z,2026-03-20T14:00:00Z
INV-00330,WH-001,VAR-0330,413,50,50,0,60,180,40,250,36.0,IN_STOCK,2026-02-15T09:30:00Z,2026-03-20T14:00:00Z
INV-00331,WH-001,VAR-0331,300,43,43,0,60,180,40,50,22.4,IN_STOCK,2026-02-15T09:30:00Z,2026-03-20T14:00:00Z
INV-00332,WH-001,VAR-0332,70,8,8,0,15,35,8,30,4.8,IN_STOCK,2026-02-15T09:30:00Z,2026-03-20T14:00:00Z
INV-00333,WH-001,VAR-0333,52,8,8,0,15,35,8,30,4.5,IN_STOCK,2026-02-15T09:30:00Z,2026-03-20T14:00:00Z
INV-00334,WH-001,VAR-0334,59,4,4,0,15,35,8,30,1.8,IN_STOCK,2026-02-15T09:30:00Z,2026-03-20T14:00:00Z
INV-00335,WH-001,VAR-0335,22,3,3,0,15,35,8,30,1.9,IN_STOCK,2026-02-15T09:30:00Z,2026-03-20T14:00:00Z
INV-00336,WH-001,VAR-0336,59,14,14,0,15,35,8,15,4.0,IN_STOCK,2026-02-15T09:30:00Z,2026-03-20T14:00:00Z
INV-00337,WH-001,VAR-0337,83,10,10,0,15,35,8,30,4.5,IN_STOCK,2026-02-15T09:30:00Z,2026-03-20T14:00:00Z
INV-00338,WH-001,VAR-0338,64,7,7,0,15,35,8,30,5.4,IN_STOCK,2026-02-15T09:30:00Z,2026-03-20T14:00:00Z
INV-00339,WH-001,VAR-0339,18,6,6,0,15,35,8,30,3.1,IN_STOCK,2026-02-15T09:30:00Z,2026-03-20T14:00:00Z
INV-00340,WH-001,VAR-0340,375,47,47,0,60,180,40,50,14.6,IN_STOCK,2026-02-15T09:30:00Z,2026-03-20T14:00:00Z
INV-00341,WH-001,VAR-0341,326,29,29,0,60,180,40,50,20.5,IN_STOCK,2026-02-15T09:30:00Z,2026-03-20T14:00:00Z
INV-00342,WH-001,VAR-0342,83,7,7,0,15,35,8,15,4.9,IN_STOCK,2026-02-15T09:30:00Z,2026-03-20T14:00:00Z
INV-00343,WH-001,VAR-0343,85,5,5,0,15,35,8,30,5.3,IN_STOCK,2026-02-15T09:30:00Z,2026-03-20T14:00:00Z
INV-00344,WH-001,VAR-0344,83,2,2,0,15,35,8,30,1.6,IN_STOCK,2026-02-15T09:30:00Z,2026-03-20T14:00:00Z
INV-00345,WH-001,VAR-0345,46,13,13,0,15,35,8,30,5.6,IN_STOCK,2026-02-15T09:30:00Z,2026-03-20T14:00:00Z
INV-00346,WH-001,VAR-0346,56,2,2,0,15,35,8,15,5.4,IN_STOCK,2026-02-15T09:30:00Z,2026-03-20T14:00:00Z
INV-00347,WH-001,VAR-0347,84,12,12,0,15,35,8,30,1.8,IN_STOCK,2026-02-15T09:30:00Z,2026-03-20T14:00:00Z
INV-00348,WH-001,VAR-0348,15,3,3,0,15,35,8,15,3.2,IN_STOCK,2026-02-15T09:30:00Z,2026-03-20T14:00:00Z
INV-00349,WH-001,VAR-0349,70,7,7,0,15,35,8,15,3.2,IN_STOCK,2026-02-15T09:30:00Z,2026-03-20T14:00:00Z
INV-00350,WH-001,VAR-0350,449,35,35,0,60,180,40,250,27.9,IN_STOCK,2026-02-15T09:30:00Z,2026-03-20T14:00:00Z
INV-00351,WH-001,VAR-0351,106,24,24,0,60,180,40,50,32.6,IN_STOCK,2026-02-15T09:30:00Z,2026-03-20T14:00:00Z
INV-00352,WH-001,VAR-0352,18,12,12,0,15,35,8,15,2.7,IN_STOCK,2026-02-15T09:30:00Z,2026-03-20T14:00:00Z
INV-00353,WH-001,VAR-0353,66,9,9,0,15,35,8,30,3.4,IN_STOCK,2026-02-15T09:30:00Z,2026-03-20T14:00:00Z
INV-00354,WH-001,VAR-0354,39,14,14,0,15,35,8,15,3.1,IN_STOCK,2026-02-15T09:30:00Z,2026-03-20T14:00:00Z
INV-00355,WH-001,VAR-0355,26,6,6,0,15,35,8,30,3.9,IN_STOCK,2026-02-15T09:30:00Z,2026-03-20T14:00:00Z
INV-00356,WH-001,VAR-0356,51,2,2,0,15,35,8,15,3.3,IN_STOCK,2026-02-15T09:30:00Z,2026-03-20T14:00:00Z
INV-00357,WH-001,VAR-0357,19,2,2,0,15,35,8,15,2.9,IN_STOCK,2026-02-15T09:30:00Z,2026-03-20T14:00:00Z
INV-00358,WH-001,VAR-0358,39,14,14,0,15,35,8,15,4.9,IN_STOCK,2026-02-15T09:30:00Z,2026-03-20T14:00:00Z
INV-00359,WH-001,VAR-0359,49,7,7,0,15,35,8,15,1.5,IN_STOCK,2026-02-15T09:30:00Z,2026-03-20T14:00:00Z
INV-00360,WH-001,VAR-0360,462,42,42,0,60,180,40,50,13.9,IN_STOCK,2026-02-15T09:30:00Z,2026-03-20T14:00:00Z
INV-00361,WH-001,VAR-0361,352,60,60,0,60,180,40,50,25.0,IN_STOCK,2026-02-15T09:30:00Z,2026-03-20T14:00:00Z
INV-00362,WH-001,VAR-0362,57,3,3,0,15,35,8,30,5.4,IN_STOCK,2026-02-15T09:30:00Z,2026-03-20T14:00:00Z
INV-00363,WH-001,VAR-0363,17,8,8,0,15,35,8,15,3.6,IN_STOCK,2026-02-15T09:30:00Z,2026-03-20T14:00:00Z
INV-00364,WH-001,VAR-0364,21,15,15,0,15,35,8,30,4.1,IN_STOCK,2026-02-15T09:30:00Z,2026-03-20T14:00:00Z
INV-00365,WH-001,VAR-0365,85,8,8,0,15,35,8,30,2.8,IN_STOCK,2026-02-15T09:30:00Z,2026-03-20T14:00:00Z
INV-00366,WH-001,VAR-0366,63,2,2,0,15,35,8,30,2.3,IN_STOCK,2026-02-15T09:30:00Z,2026-03-20T14:00:00Z
INV-00367,WH-001,VAR-0367,70,15,15,0,15,35,8,30,1.9,IN_STOCK,2026-02-15T09:30:00Z,2026-03-20T14:00:00Z
INV-00368,WH-001,VAR-0368,25,5,5,0,15,35,8,30,4.1,IN_STOCK,2026-02-15T09:30:00Z,2026-03-20T14:00:00Z
INV-00369,WH-001,VAR-0369,79,3,3,0,15,35,8,30,5.4,IN_STOCK,2026-02-15T09:30:00Z,2026-03-20T14:00:00Z
INV-00370,WH-001,VAR-0370,461,36,36,0,60,180,40,50,20.0,IN_STOCK,2026-02-15T09:30:00Z,2026-03-20T14:00:00Z
INV-00371,WH-001,VAR-0371,166,19,19,0,60,180,40,250,29.0,IN_STOCK,2026-02-15T09:30:00Z,2026-03-20T14:00:00Z
INV-00372,WH-001,VAR-0372,79,10,10,0,15,35,8,15,5.6,IN_STOCK,2026-02-15T09:30:00Z,2026-03-20T14:00:00Z
INV-00373,WH-001,VAR-0373,56,7,7,0,15,35,8,15,2.6,IN_STOCK,2026-02-15T09:30:00Z,2026-03-20T14:00:00Z
INV-00374,WH-001,VAR-0374,30,6,6,0,15,35,8,15,2.3,IN_STOCK,2026-02-15T09:30:00Z,2026-03-20T14:00:00Z
INV-00375,WH-001,VAR-0375,31,14,14,0,15,35,8,15,2.3,IN_STOCK,2026-02-15T09:30:00Z,2026-03-20T14:00:00Z
INV-00376,WH-001,VAR-0376,75,9,9,0,15,35,8,30,4.6,IN_STOCK,2026-02-15T09:30:00Z,2026-03-20T14:00:00Z
INV-00377,WH-001,VAR-0377,84,12,12,0,15,35,8,30,5.4,IN_STOCK,2026-02-15T09:30:00Z,2026-03-20T14:00:00Z
INV-00378,WH-001,VAR-0378,52,4,4,0,15,35,8,30,1.8,IN_STOCK,2026-02-15T09:30:00Z,2026-03-20T14:00:00Z
INV-00379,WH-001,VAR-0379,68,12,12,0,15,35,8,30,5.1,IN_STOCK,2026-02-15T09:30:00Z,2026-03-20T14:00:00Z
INV-00380,WH-001,VAR-0380,382,18,18,0,60,180,40,150,25.2,IN_STOCK,2026-02-15T09:30:00Z,2026-03-20T14:00:00Z
INV-00381,WH-001,VAR-0381,238,44,44,0,60,180,40,150,11.1,IN_STOCK,2026-02-15T09:30:00Z,2026-03-20T14:00:00Z
INV-00382,WH-001,VAR-0382,59,15,15,0,15,35,8,30,1.8,IN_STOCK,2026-02-15T09:30:00Z,2026-03-20T14:00:00Z
INV-00383,WH-001,VAR-0383,23,11,11,0,15,35,8,30,3.6,IN_STOCK,2026-02-15T09:30:00Z,2026-03-20T14:00:00Z
INV-00384,WH-001,VAR-0384,82,14,14,0,15,35,8,15,3.5,IN_STOCK,2026-02-15T09:30:00Z,2026-03-20T14:00:00Z
INV-00385,WH-001,VAR-0385,85,12,12,0,15,35,8,15,2.9,IN_STOCK,2026-02-15T09:30:00Z,2026-03-20T14:00:00Z
INV-00386,WH-001,VAR-0386,72,10,10,0,15,35,8,15,5.8,IN_STOCK,2026-02-15T09:30:00Z,2026-03-20T14:00:00Z
INV-00387,WH-001,VAR-0387,69,3,3,0,15,35,8,30,5.9,IN_STOCK,2026-02-15T09:30:00Z,2026-03-20T14:00:00Z
INV-00388,WH-001,VAR-0388,22,10,10,0,15,35,8,15,1.7,IN_STOCK,2026-02-15T09:30:00Z,2026-03-20T14:00:00Z
INV-00389,WH-001,VAR-0389,68,9,9,0,15,35,8,15,3.1,IN_STOCK,2026-02-15T09:30:00Z,2026-03-20T14:00:00Z
INV-00390,WH-001,VAR-0390,224,39,39,0,60,180,40,150,33.2,IN_STOCK,2026-02-15T09:30:00Z,2026-03-20T14:00:00Z
INV-00391,WH-001,VAR-0391,427,53,53,0,60,180,40,50,33.7,IN_STOCK,2026-02-15T09:30:00Z,2026-03-20T14:00:00Z
INV-00392,WH-001,VAR-0392,54,3,3,0,15,35,8,30,1.9,IN_STOCK,2026-02-15T09:30:00Z,2026-03-20T14:00:00Z
INV-00393,WH-001,VAR-0393,61,6,6,0,15,35,8,30,4.8,IN_STOCK,2026-02-15T09:30:00Z,2026-03-20T14:00:00Z
INV-00394,WH-001,VAR-0394,31,7,7,0,15,35,8,15,4.1,IN_STOCK,2026-02-15T09:30:00Z,2026-03-20T14:00:00Z
INV-00395,WH-001,VAR-0395,30,7,7,0,15,35,8,30,5.9,IN_STOCK,2026-02-15T09:30:00Z,2026-03-20T14:00:00Z
INV-00396,WH-001,VAR-0396,62,4,4,0,15,35,8,15,2.9,IN_STOCK,2026-02-15T09:30:00Z,2026-03-20T14:00:00Z
INV-00397,WH-001,VAR-0397,60,12,12,0,15,35,8,30,5.2,IN_STOCK,2026-02-15T09:30:00Z,2026-03-20T14:00:00Z
INV-00398,WH-001,VAR-0398,79,3,3,0,15,35,8,30,3.8,IN_STOCK,2026-02-15T09:30:00Z,2026-03-20T14:00:00Z
INV-00399,WH-001,VAR-0399,14,7,7,0,15,35,8,30,2.3,IN_STOCK,2026-02-15T09:30:00Z,2026-03-20T14:00:00Z
INV-00400,WH-001,VAR-0400,189,36,36,0,60,180,40,150,15.8,IN_STOCK,2026-02-15T09:30:00Z,2026-03-20T14:00:00Z
INV-00401,WH-001,VAR-0401,150,24,24,0,60,180,40,50,18.9,IN_STOCK,2026-02-15T09:30:00Z,2026-03-20T14:00:00Z
INV-00402,WH-001,VAR-0402,24,10,10,0,15,35,8,15,4.5,IN_STOCK,2026-02-15T09:30:00Z,2026-03-20T14:00:00Z
INV-00403,WH-001,VAR-0403,28,11,11,0,15,35,8,30,2.2,IN_STOCK,2026-02-15T09:30:00Z,2026-03-20T14:00:00Z
INV-00404,WH-001,VAR-0404,35,15,15,0,15,35,8,15,4.7,IN_STOCK,2026-02-15T09:30:00Z,2026-03-20T14:00:00Z
INV-00405,WH-001,VAR-0405,17,8,8,0,15,35,8,30,4.5,IN_STOCK,2026-02-15T09:30:00Z,2026-03-20T14:00:00Z
INV-00406,WH-001,VAR-0406,42,9,9,0,15,35,8,30,4.9,IN_STOCK,2026-02-15T09:30:00Z,2026-03-20T14:00:00Z
INV-00407,WH-001,VAR-0407,69,5,5,0,15,35,8,15,2.9,IN_STOCK,2026-02-15T09:30:00Z,2026-03-20T14:00:00Z
INV-00408,WH-001,VAR-0408,72,15,15,0,15,35,8,15,3.2,IN_STOCK,2026-02-15T09:30:00Z,2026-03-20T14:00:00Z
INV-00409,WH-001,VAR-0409,85,9,9,0,15,35,8,30,5.0,IN_STOCK,2026-02-15T09:30:00Z,2026-03-20T14:00:00Z
INV-00410,WH-001,VAR-0410,478,39,39,0,60,180,40,250,25.8,IN_STOCK,2026-02-15T09:30:00Z,2026-03-20T14:00:00Z
INV-00411,WH-001,VAR-0411,162,27,27,0,60,180,40,250,14.2,IN_STOCK,2026-02-15T09:30:00Z,2026-03-20T14:00:00Z
INV-00412,WH-001,VAR-0412,44,2,2,0,15,35,8,30,5.4,IN_STOCK,2026-02-15T09:30:00Z,2026-03-20T14:00:00Z
INV-00413,WH-001,VAR-0413,82,3,3,0,15,35,8,15,2.8,IN_STOCK,2026-02-15T09:30:00Z,2026-03-20T14:00:00Z
INV-00414,WH-001,VAR-0414,32,6,6,0,15,35,8,30,5.6,IN_STOCK,2026-02-15T09:30:00Z,2026-03-20T14:00:00Z
INV-00415,WH-001,VAR-0415,30,15,15,0,15,35,8,30,1.9,IN_STOCK,2026-02-15T09:30:00Z,2026-03-20T14:00:00Z
INV-00416,WH-001,VAR-0416,40,15,15,0,15,35,8,30,5.5,IN_STOCK,2026-02-15T09:30:00Z,2026-03-20T14:00:00Z
INV-00417,WH-001,VAR-0417,15,8,8,0,15,35,8,15,3.3,IN_STOCK,2026-02-15T09:30:00Z,2026-03-20T14:00:00Z
INV-00418,WH-001,VAR-0418,59,5,5,0,15,35,8,30,6.0,IN_STOCK,2026-02-15T09:30:00Z,2026-03-20T14:00:00Z
INV-00419,WH-001,VAR-0419,59,5,5,0,15,35,8,15,2.9,IN_STOCK,2026-02-15T09:30:00Z,2026-03-20T14:00:00Z
INV-00420,WH-001,VAR-0420,130,60,60,0,60,180,40,250,20.1,IN_STOCK,2026-02-15T09:30:00Z,2026-03-20T14:00:00Z
INV-00421,WH-001,VAR-0421,154,23,23,0,60,180,40,50,18.6,IN_STOCK,2026-02-15T09:30:00Z,2026-03-20T14:00:00Z
INV-00422,WH-001,VAR-0422,72,13,13,0,15,35,8,15,4.9,IN_STOCK,2026-02-15T09:30:00Z,2026-03-20T14:00:00Z
INV-00423,WH-001,VAR-0423,72,9,9,0,15,35,8,15,5.6,IN_STOCK,2026-02-15T09:30:00Z,2026-03-20T14:00:00Z
INV-00424,WH-001,VAR-0424,14,6,6,0,15,35,8,15,5.3,IN_STOCK,2026-02-15T09:30:00Z,2026-03-20T14:00:00Z
INV-00425,WH-001,VAR-0425,82,13,13,0,15,35,8,30,2.0,IN_STOCK,2026-02-15T09:30:00Z,2026-03-20T14:00:00Z
INV-00426,WH-001,VAR-0426,48,5,5,0,15,35,8,30,2.0,IN_STOCK,2026-02-15T09:30:00Z,2026-03-20T14:00:00Z
INV-00427,WH-001,VAR-0427,42,8,8,0,15,35,8,30,1.8,IN_STOCK,2026-02-15T09:30:00Z,2026-03-20T14:00:00Z
INV-00428,WH-001,VAR-0428,75,11,11,0,15,35,8,15,4.3,IN_STOCK,2026-02-15T09:30:00Z,2026-03-20T14:00:00Z
INV-00429,WH-001,VAR-0429,85,5,5,0,15,35,8,15,2.8,IN_STOCK,2026-02-15T09:30:00Z,2026-03-20T14:00:00Z
INV-00430,WH-001,VAR-0430,80,54,54,0,60,180,40,150,17.2,IN_STOCK,2026-02-15T09:30:00Z,2026-03-20T14:00:00Z
INV-00431,WH-001,VAR-0431,293,26,26,0,60,180,40,250,30.0,IN_STOCK,2026-02-15T09:30:00Z,2026-03-20T14:00:00Z
INV-00432,WH-001,VAR-0432,79,7,7,0,15,35,8,15,5.8,IN_STOCK,2026-02-15T09:30:00Z,2026-03-20T14:00:00Z
INV-00433,WH-001,VAR-0433,81,10,10,0,15,35,8,15,3.3,IN_STOCK,2026-02-15T09:30:00Z,2026-03-20T14:00:00Z
INV-00434,WH-001,VAR-0434,72,2,2,0,15,35,8,30,5.9,IN_STOCK,2026-02-15T09:30:00Z,2026-03-20T14:00:00Z
INV-00435,WH-001,VAR-0435,44,13,13,0,15,35,8,15,3.1,IN_STOCK,2026-02-15T09:30:00Z,2026-03-20T14:00:00Z
INV-00436,WH-001,VAR-0436,20,7,7,0,15,35,8,15,4.8,IN_STOCK,2026-02-15T09:30:00Z,2026-03-20T14:00:00Z
INV-00437,WH-001,VAR-0437,25,14,14,0,15,35,8,30,2.1,IN_STOCK,2026-02-15T09:30:00Z,2026-03-20T14:00:00Z
INV-00438,WH-001,VAR-0438,57,10,10,0,15,35,8,30,5.2,IN_STOCK,2026-02-15T09:30:00Z,2026-03-20T14:00:00Z
INV-00439,WH-001,VAR-0439,34,15,15,0,15,35,8,30,5.9,IN_STOCK,2026-02-15T09:30:00Z,2026-03-20T14:00:00Z
INV-00440,WH-001,VAR-0440,325,55,55,0,60,180,40,50,34.3,IN_STOCK,2026-02-15T09:30:00Z,2026-03-20T14:00:00Z
INV-00441,WH-001,VAR-0441,112,60,60,0,60,180,40,150,11.1,IN_STOCK,2026-02-15T09:30:00Z,2026-03-20T14:00:00Z
INV-00442,WH-001,VAR-0442,37,2,2,0,15,35,8,15,5.5,IN_STOCK,2026-02-15T09:30:00Z,2026-03-20T14:00:00Z
INV-00443,WH-001,VAR-0443,52,6,6,0,15,35,8,30,6.0,IN_STOCK,2026-02-15T09:30:00Z,2026-03-20T14:00:00Z
INV-00444,WH-001,VAR-0444,81,9,9,0,15,35,8,30,1.7,IN_STOCK,2026-02-15T09:30:00Z,2026-03-20T14:00:00Z
INV-00445,WH-001,VAR-0445,36,6,6,0,15,35,8,30,5.4,IN_STOCK,2026-02-15T09:30:00Z,2026-03-20T14:00:00Z
INV-00446,WH-001,VAR-0446,18,15,15,0,15,35,8,30,2.7,IN_STOCK,2026-02-15T09:30:00Z,2026-03-20T14:00:00Z
INV-00447,WH-001,VAR-0447,59,8,8,0,15,35,8,30,4.8,IN_STOCK,2026-02-15T09:30:00Z,2026-03-20T14:00:00Z
INV-00448,WH-001,VAR-0448,61,7,7,0,15,35,8,15,3.7,IN_STOCK,2026-02-15T09:30:00Z,2026-03-20T14:00:00Z
INV-00449,WH-001,VAR-0449,75,7,7,0,15,35,8,30,5.1,IN_STOCK,2026-02-15T09:30:00Z,2026-03-20T14:00:00Z
INV-00450,WH-001,VAR-0450,452,42,42,0,60,180,40,50,22.9,IN_STOCK,2026-02-15T09:30:00Z,2026-03-20T14:00:00Z
INV-00451,WH-001,VAR-0451,172,49,49,0,60,180,40,150,19.6,IN_STOCK,2026-02-15T09:30:00Z,2026-03-20T14:00:00Z
INV-00452,WH-001,VAR-0452,22,7,7,0,15,35,8,30,2.9,IN_STOCK,2026-02-15T09:30:00Z,2026-03-20T14:00:00Z
INV-00453,WH-001,VAR-0453,66,4,4,0,15,35,8,30,3.1,IN_STOCK,2026-02-15T09:30:00Z,2026-03-20T14:00:00Z
INV-00454,WH-001,VAR-0454,17,13,13,0,15,35,8,30,4.3,IN_STOCK,2026-02-15T09:30:00Z,2026-03-20T14:00:00Z
INV-00455,WH-001,VAR-0455,67,6,6,0,15,35,8,15,1.8,IN_STOCK,2026-02-15T09:30:00Z,2026-03-20T14:00:00Z
INV-00456,WH-001,VAR-0456,63,7,7,0,15,35,8,15,5.8,IN_STOCK,2026-02-15T09:30:00Z,2026-03-20T14:00:00Z
INV-00457,WH-001,VAR-0457,30,15,15,0,15,35,8,30,1.7,IN_STOCK,2026-02-15T09:30:00Z,2026-03-20T14:00:00Z
INV-00458,WH-001,VAR-0458,20,5,5,0,15,35,8,30,3.1,IN_STOCK,2026-02-15T09:30:00Z,2026-03-20T14:00:00Z
INV-00459,WH-001,VAR-0459,84,2,2,0,15,35,8,15,4.6,IN_STOCK,2026-02-15T09:30:00Z,2026-03-20T14:00:00Z
INV-00460,WH-001,VAR-0460,269,38,38,0,60,180,40,150,32.9,IN_STOCK,2026-02-15T09:30:00Z,2026-03-20T14:00:00Z
INV-00461,WH-001,VAR-0461,373,23,23,0,60,180,40,250,21.0,IN_STOCK,2026-02-15T09:30:00Z,2026-03-20T14:00:00Z
INV-00462,WH-001,VAR-0462,50,10,10,0,18,45,10,15,7.3,IN_STOCK,2026-02-15T09:30:00Z,2026-03-20T14:00:00Z
INV-00463,WH-001,VAR-0463,15,13,13,0,15,35,8,15,3.7,IN_STOCK,2026-02-15T09:30:00Z,2026-03-20T14:00:00Z
INV-00464,WH-001,VAR-0464,61,10,10,0,15,35,8,15,2.7,IN_STOCK,2026-02-15T09:30:00Z,2026-03-20T14:00:00Z
INV-00465,WH-001,VAR-0465,45,13,13,0,15,35,8,30,2.5,IN_STOCK,2026-02-15T09:30:00Z,2026-03-20T14:00:00Z
INV-00466,WH-001,VAR-0466,48,13,13,0,15,35,8,30,2.4,IN_STOCK,2026-02-15T09:30:00Z,2026-03-20T14:00:00Z
INV-00467,WH-001,VAR-0467,29,15,15,0,15,35,8,15,3.5,IN_STOCK,2026-02-15T09:30:00Z,2026-03-20T14:00:00Z
INV-00468,WH-001,VAR-0468,68,3,3,0,15,35,8,30,4.5,IN_STOCK,2026-02-15T09:30:00Z,2026-03-20T14:00:00Z
INV-00469,WH-001,VAR-0469,20,10,10,0,15,35,8,30,5.5,IN_STOCK,2026-02-15T09:30:00Z,2026-03-20T14:00:00Z
INV-00470,WH-001,VAR-0470,32,13,13,0,15,35,8,15,5.1,IN_STOCK,2026-02-15T09:30:00Z,2026-03-20T14:00:00Z
INV-00471,WH-001,VAR-0471,77,5,5,0,15,35,8,15,5.9,IN_STOCK,2026-02-15T09:30:00Z,2026-03-20T14:00:00Z
INV-00472,WH-001,VAR-0472,29,5,5,0,15,35,8,30,1.6,IN_STOCK,2026-02-15T09:30:00Z,2026-03-20T14:00:00Z
INV-00473,WH-001,VAR-0473,82,11,11,0,15,35,8,30,3.6,IN_STOCK,2026-02-15T09:30:00Z,2026-03-20T14:00:00Z
INV-00474,WH-001,VAR-0474,362,23,23,0,60,180,40,250,36.5,IN_STOCK,2026-02-15T09:30:00Z,2026-03-20T14:00:00Z
INV-00475,WH-001,VAR-0475,113,34,34,0,60,180,40,150,40.0,IN_STOCK,2026-02-15T09:30:00Z,2026-03-20T14:00:00Z
INV-00476,WH-001,VAR-0476,448,45,45,0,60,180,40,250,22.3,IN_STOCK,2026-02-15T09:30:00Z,2026-03-20T14:00:00Z
INV-00477,WH-001,VAR-0477,289,51,51,0,60,180,40,50,13.8,IN_STOCK,2026-02-15T09:30:00Z,2026-03-20T14:00:00Z
INV-00478,WH-001,VAR-0478,242,56,56,0,60,180,40,50,23.5,IN_STOCK,2026-02-15T09:30:00Z,2026-03-20T14:00:00Z
INV-00479,WH-001,VAR-0479,428,48,48,0,60,180,40,150,13.9,IN_STOCK,2026-02-15T09:30:00Z,2026-03-20T14:00:00Z
INV-00480,WH-001,VAR-0480,479,50,50,0,60,180,40,250,27.6,IN_STOCK,2026-02-15T09:30:00Z,2026-03-20T14:00:00Z
INV-00481,WH-001,VAR-0481,473,23,23,0,60,180,40,150,25.1,IN_STOCK,2026-02-15T09:30:00Z,2026-03-20T14:00:00Z
INV-00482,WH-001,VAR-0482,108,22,22,0,60,180,40,250,14.6,IN_STOCK,2026-02-15T09:30:00Z,2026-03-20T14:00:00Z
INV-00483,WH-001,VAR-0483,164,25,25,0,60,180,40,150,38.0,IN_STOCK,2026-02-15T09:30:00Z,2026-03-20T14:00:00Z
INV-00484,WH-001,VAR-0484,195,37,37,0,60,180,40,250,36.8,IN_STOCK,2026-02-15T09:30:00Z,2026-03-20T14:00:00Z
INV-00485,WH-001,VAR-0485,120,31,31,0,60,180,40,50,29.1,IN_STOCK,2026-02-15T09:30:00Z,2026-03-20T14:00:00Z
INV-00486,WH-001,VAR-0486,362,32,32,0,60,180,40,50,28.8,IN_STOCK,2026-02-15T09:30:00Z,2026-03-20T14:00:00Z
INV-00487,WH-001,VAR-0487,394,49,49,0,60,180,40,50,25.1,IN_STOCK,2026-02-15T09:30:00Z,2026-03-20T14:00:00Z
INV-00488,WH-001,VAR-0488,33,11,11,0,15,35,8,15,2.3,IN_STOCK,2026-02-15T09:30:00Z,2026-03-20T14:00:00Z
INV-00489,WH-001,VAR-0489,399,53,53,0,60,180,40,150,35.3,IN_STOCK,2026-02-15T09:30:00Z,2026-03-20T14:00:00Z
INV-00490,WH-001,VAR-0490,84,2,2,0,15,35,8,15,1.9,IN_STOCK,2026-02-15T09:30:00Z,2026-03-20T14:00:00Z
INV-00491,WH-001,VAR-0491,85,6,6,0,15,35,8,15,5.0,IN_STOCK,2026-02-15T09:30:00Z,2026-03-20T14:00:00Z
INV-00492,WH-001,VAR-0492,65,11,11,0,15,35,8,15,3.7,IN_STOCK,2026-02-15T09:30:00Z,2026-03-20T14:00:00Z
INV-00493,WH-001,VAR-0493,45,5,5,0,10,25,5,20,2.7,IN_STOCK,2026-02-15T09:30:00Z,2026-03-20T14:00:00Z
INV-00494,WH-001,VAR-0494,30,5,5,0,10,25,5,20,1.3,IN_STOCK,2026-02-15T09:30:00Z,2026-03-20T14:00:00Z
INV-00495,WH-001,VAR-0495,8,3,3,0,10,25,5,20,2.5,IN_STOCK,2026-02-15T09:30:00Z,2026-03-20T14:00:00Z
INV-00496,WH-001,VAR-0496,34,4,4,0,10,25,5,20,3.1,IN_STOCK,2026-02-15T09:30:00Z,2026-03-20T14:00:00Z
INV-00497,WH-001,VAR-0497,25,6,6,0,10,25,5,20,4.4,IN_STOCK,2026-02-15T09:30:00Z,2026-03-20T14:00:00Z
INV-00498,WH-001,VAR-0498,28,14,14,0,15,35,8,30,3.8,IN_STOCK,2026-02-15T09:30:00Z,2026-03-20T14:00:00Z
INV-00499,WH-001,VAR-0499,25,7,7,0,15,35,8,15,3.6,IN_STOCK,2026-02-15T09:30:00Z,2026-03-20T14:00:00Z
INV-00500,WH-001,VAR-0500,46,9,9,0,15,35,8,15,2.1,IN_STOCK,2026-02-15T09:30:00Z,2026-03-20T14:00:00Z
INV-00501,WH-001,VAR-0501,18,6,6,0,15,35,8,30,5.4,IN_STOCK,2026-02-15T09:30:00Z,2026-03-20T14:00:00Z
INV-00502,WH-001,VAR-0502,65,5,5,0,15,35,8,15,5.2,IN_STOCK,2026-02-15T09:30:00Z,2026-03-20T14:00:00Z
INV-00503,WH-001,VAR-0503,85,13,13,0,15,35,8,30,2.4,IN_STOCK,2026-02-15T09:30:00Z,2026-03-20T14:00:00Z
INV-00504,WH-001,VAR-0504,32,9,9,0,15,35,8,30,3.7,IN_STOCK,2026-02-15T09:30:00Z,2026-03-20T14:00:00Z
INV-00505,WH-001,VAR-0505,51,9,9,0,15,35,8,15,1.9,IN_STOCK,2026-02-15T09:30:00Z,2026-03-20T14:00:00Z
INV-00506,WH-001,VAR-0506,62,10,10,0,15,35,8,30,5.9,IN_STOCK,2026-02-15T09:30:00Z,2026-03-20T14:00:00Z
INV-00507,WH-001,VAR-0507,39,11,11,0,15,35,8,30,1.7,IN_STOCK,2026-02-15T09:30:00Z,2026-03-20T14:00:00Z
INV-00508,WH-001,VAR-0508,48,9,9,0,15,35,8,30,2.8,IN_STOCK,2026-02-15T09:30:00Z,2026-03-20T14:00:00Z
INV-00509,WH-001,VAR-0509,84,21,21,0,60,180,40,150,14.0,IN_STOCK,2026-02-15T09:30:00Z,2026-03-20T14:00:00Z
INV-00510,WH-001,VAR-0510,215,38,38,0,60,180,40,150,21.0,IN_STOCK,2026-02-15T09:30:00Z,2026-03-20T14:00:00Z
INV-00511,WH-001,VAR-0511,285,18,18,0,60,180,40,250,26.9,IN_STOCK,2026-02-15T09:30:00Z,2026-03-20T14:00:00Z
INV-00512,WH-001,VAR-0512,265,50,50,0,60,180,40,150,12.2,IN_STOCK,2026-02-15T09:30:00Z,2026-03-20T14:00:00Z
INV-00513,WH-001,VAR-0513,338,43,43,0,60,180,40,250,18.4,IN_STOCK,2026-02-15T09:30:00Z,2026-03-20T14:00:00Z
INV-00514,WH-001,VAR-0514,399,58,58,0,60,180,40,250,13.6,IN_STOCK,2026-02-15T09:30:00Z,2026-03-20T14:00:00Z
INV-00515,WH-001,VAR-0515,129,40,40,0,60,180,40,150,33.8,IN_STOCK,2026-02-15T09:30:00Z,2026-03-20T14:00:00Z
INV-00516,WH-001,VAR-0516,253,50,50,0,60,180,40,150,32.6,IN_STOCK,2026-02-15T09:30:00Z,2026-03-20T14:00:00Z
INV-00517,WH-001,VAR-0517,181,53,53,0,60,180,40,250,22.0,IN_STOCK,2026-02-15T09:30:00Z,2026-03-20T14:00:00Z
INV-00518,WH-001,VAR-0518,100,17,17,0,60,180,40,50,14.1,IN_STOCK,2026-02-15T09:30:00Z,2026-03-20T14:00:00Z
INV-00519,WH-001,VAR-0519,250,45,45,0,60,180,40,250,23.7,IN_STOCK,2026-02-15T09:30:00Z,2026-03-20T14:00:00Z
INV-00520,WH-001,VAR-0520,390,47,47,0,60,180,40,50,19.8,IN_STOCK,2026-02-15T09:30:00Z,2026-03-20T14:00:00Z
INV-00521,WH-001,VAR-0521,52,4,4,0,15,35,8,30,6.0,IN_STOCK,2026-02-15T09:30:00Z,2026-03-20T14:00:00Z
INV-00522,WH-001,VAR-0522,50,11,11,0,15,35,8,30,3.8,IN_STOCK,2026-02-15T09:30:00Z,2026-03-20T14:00:00Z
INV-00523,WH-001,VAR-0523,340,49,49,0,60,180,40,150,31.3,IN_STOCK,2026-02-15T09:30:00Z,2026-03-20T14:00:00Z
INV-00524,WH-001,VAR-0524,50,9,9,0,15,35,8,15,3.2,IN_STOCK,2026-02-15T09:30:00Z,2026-03-20T14:00:00Z
INV-00525,WH-001,VAR-0525,26,8,8,0,15,35,8,30,5.1,IN_STOCK,2026-02-15T09:30:00Z,2026-03-20T14:00:00Z
INV-00526,WH-001,VAR-0526,15,11,11,0,15,35,8,30,2.7,IN_STOCK,2026-02-15T09:30:00Z,2026-03-20T14:00:00Z
INV-00527,WH-001,VAR-0527,85,5,5,0,15,35,8,15,4.1,IN_STOCK,2026-02-15T09:30:00Z,2026-03-20T14:00:00Z
INV-00528,WH-001,VAR-0528,33,10,10,0,15,35,8,30,2.2,IN_STOCK,2026-02-15T09:30:00Z,2026-03-20T14:00:00Z
INV-00529,WH-001,VAR-0529,43,2,2,0,15,35,8,15,2.4,IN_STOCK,2026-02-15T09:30:00Z,2026-03-20T14:00:00Z
INV-00530,WH-001,VAR-0530,68,7,7,0,15,35,8,30,2.2,IN_STOCK,2026-02-15T09:30:00Z,2026-03-20T14:00:00Z
INV-00531,WH-001,VAR-0531,38,8,8,0,15,35,8,30,5.4,IN_STOCK,2026-02-15T09:30:00Z,2026-03-20T14:00:00Z
INV-00532,WH-001,VAR-0532,19,13,13,0,15,35,8,15,3.8,IN_STOCK,2026-02-15T09:30:00Z,2026-03-20T14:00:00Z
INV-00533,WH-003,VAR-0009,50,50,50,0,25,60,15,30,6.0,IN_STOCK,2026-02-18T11:00:00Z,2026-03-25T11:00:00Z
INV-00534,WH-002,VAR-0001,50,7,7,0,15,40,10,20,5.0,IN_STOCK,2026-02-12T10:00:00Z,2026-03-22T10:00:00Z
INV-00535,WH-003,VAR-0001,45,10,10,0,15,40,10,20,2.5,IN_STOCK,2026-02-12T10:00:00Z,2026-03-22T10:00:00Z
INV-00536,WH-004,VAR-0001,26,9,9,0,15,40,10,20,4.6,IN_STOCK,2026-02-12T10:00:00Z,2026-03-22T10:00:00Z
INV-00537,WH-005,VAR-0001,36,10,10,0,15,40,10,20,2.4,IN_STOCK,2026-02-12T10:00:00Z,2026-03-22T10:00:00Z
INV-00538,WH-002,VAR-0002,64,12,12,0,15,40,10,20,3.6,IN_STOCK,2026-02-12T10:00:00Z,2026-03-22T10:00:00Z
INV-00539,WH-003,VAR-0002,59,6,6,0,15,40,10,20,3.4,IN_STOCK,2026-02-12T10:00:00Z,2026-03-22T10:00:00Z
INV-00540,WH-004,VAR-0002,27,5,5,0,15,40,10,20,2.1,IN_STOCK,2026-02-12T10:00:00Z,2026-03-22T10:00:00Z
INV-00541,WH-005,VAR-0002,34,5,5,0,15,40,10,20,4.8,IN_STOCK,2026-02-12T10:00:00Z,2026-03-22T10:00:00Z
INV-00542,WH-002,VAR-0003,34,6,6,0,15,40,10,20,3.8,IN_STOCK,2026-02-12T10:00:00Z,2026-03-22T10:00:00Z
INV-00543,WH-003,VAR-0003,59,9,9,0,15,40,10,20,2.3,IN_STOCK,2026-02-12T10:00:00Z,2026-03-22T10:00:00Z
INV-00544,WH-004,VAR-0003,37,10,10,0,15,40,10,20,4.7,IN_STOCK,2026-02-12T10:00:00Z,2026-03-22T10:00:00Z
INV-00545,WH-005,VAR-0003,65,6,6,0,15,40,10,20,2.2,IN_STOCK,2026-02-12T10:00:00Z,2026-03-22T10:00:00Z
INV-00546,WH-002,VAR-0004,51,12,12,0,15,40,10,20,3.2,IN_STOCK,2026-02-12T10:00:00Z,2026-03-22T10:00:00Z
INV-00547,WH-003,VAR-0004,40,7,7,0,15,40,10,20,4.8,IN_STOCK,2026-02-12T10:00:00Z,2026-03-22T10:00:00Z
INV-00548,WH-004,VAR-0004,24,6,6,0,15,40,10,20,1.2,IN_STOCK,2026-02-12T10:00:00Z,2026-03-22T10:00:00Z
INV-00549,WH-005,VAR-0004,60,3,3,0,15,40,10,20,2.4,IN_STOCK,2026-02-12T10:00:00Z,2026-03-22T10:00:00Z
INV-00550,WH-002,VAR-0005,43,12,12,0,15,40,10,20,2.0,IN_STOCK,2026-02-12T10:00:00Z,2026-03-22T10:00:00Z
INV-00551,WH-003,VAR-0005,45,5,5,0,15,40,10,20,1.8,IN_STOCK,2026-02-12T10:00:00Z,2026-03-22T10:00:00Z
INV-00552,WH-004,VAR-0005,49,6,6,0,15,40,10,20,4.7,IN_STOCK,2026-02-12T10:00:00Z,2026-03-22T10:00:00Z
INV-00553,WH-005,VAR-0005,59,6,6,0,15,40,10,20,1.5,IN_STOCK,2026-02-12T10:00:00Z,2026-03-22T10:00:00Z
INV-00554,WH-002,VAR-0006,54,11,11,0,15,40,10,20,2.0,IN_STOCK,2026-02-12T10:00:00Z,2026-03-22T10:00:00Z
INV-00555,WH-003,VAR-0006,18,12,12,0,15,40,10,20,4.6,IN_STOCK,2026-02-12T10:00:00Z,2026-03-22T10:00:00Z
INV-00556,WH-004,VAR-0006,29,12,12,0,15,40,10,20,1.9,IN_STOCK,2026-02-12T10:00:00Z,2026-03-22T10:00:00Z
INV-00557,WH-005,VAR-0006,21,8,8,0,15,40,10,20,2.3,IN_STOCK,2026-02-12T10:00:00Z,2026-03-22T10:00:00Z
INV-00558,WH-002,VAR-0007,45,3,3,0,15,40,10,20,3.7,IN_STOCK,2026-02-12T10:00:00Z,2026-03-22T10:00:00Z
INV-00559,WH-003,VAR-0007,23,2,2,0,15,40,10,20,4.9,IN_STOCK,2026-02-12T10:00:00Z,2026-03-22T10:00:00Z
INV-00560,WH-004,VAR-0007,25,8,8,0,15,40,10,20,3.6,IN_STOCK,2026-02-12T10:00:00Z,2026-03-22T10:00:00Z
INV-00561,WH-005,VAR-0007,45,9,9,0,15,40,10,20,3.6,IN_STOCK,2026-02-12T10:00:00Z,2026-03-22T10:00:00Z
INV-00562,WH-002,VAR-0008,63,6,6,0,15,40,10,20,2.3,IN_STOCK,2026-02-12T10:00:00Z,2026-03-22T10:00:00Z
INV-00563,WH-003,VAR-0008,56,2,2,0,15,40,10,20,4.6,IN_STOCK,2026-02-12T10:00:00Z,2026-03-22T10:00:00Z
INV-00564,WH-004,VAR-0008,20,12,12,0,15,40,10,20,3.3,IN_STOCK,2026-02-12T10:00:00Z,2026-03-22T10:00:00Z
INV-00565,WH-005,VAR-0008,49,2,2,0,15,40,10,20,4.7,IN_STOCK,2026-02-12T10:00:00Z,2026-03-22T10:00:00Z
INV-00566,WH-002,VAR-0009,26,8,8,0,15,40,10,20,4.5,IN_STOCK,2026-02-12T10:00:00Z,2026-03-22T10:00:00Z
INV-00567,WH-004,VAR-0009,26,2,2,0,15,40,10,20,5.0,IN_STOCK,2026-02-12T10:00:00Z,2026-03-22T10:00:00Z
INV-00568,WH-005,VAR-0009,40,9,9,0,15,40,10,20,1.7,IN_STOCK,2026-02-12T10:00:00Z,2026-03-22T10:00:00Z
INV-00569,WH-002,VAR-0010,62,6,6,0,15,40,10,20,4.5,IN_STOCK,2026-02-12T10:00:00Z,2026-03-22T10:00:00Z
INV-00570,WH-003,VAR-0010,15,6,6,0,15,40,10,20,3.3,IN_STOCK,2026-02-12T10:00:00Z,2026-03-22T10:00:00Z
INV-00571,WH-004,VAR-0010,21,7,7,0,15,40,10,20,2.1,IN_STOCK,2026-02-12T10:00:00Z,2026-03-22T10:00:00Z
INV-00572,WH-005,VAR-0010,56,10,10,0,15,40,10,20,3.1,IN_STOCK,2026-02-12T10:00:00Z,2026-03-22T10:00:00Z
INV-00573,WH-002,VAR-0011,23,10,10,0,15,40,10,20,2.9,IN_STOCK,2026-02-12T10:00:00Z,2026-03-22T10:00:00Z
INV-00574,WH-003,VAR-0011,27,3,3,0,15,40,10,20,2.3,IN_STOCK,2026-02-12T10:00:00Z,2026-03-22T10:00:00Z
INV-00575,WH-004,VAR-0011,61,9,9,0,15,40,10,20,3.6,IN_STOCK,2026-02-12T10:00:00Z,2026-03-22T10:00:00Z
INV-00576,WH-005,VAR-0011,60,4,4,0,15,40,10,20,1.1,IN_STOCK,2026-02-12T10:00:00Z,2026-03-22T10:00:00Z
INV-00577,WH-002,VAR-0012,36,6,6,0,15,40,10,20,3.3,IN_STOCK,2026-02-12T10:00:00Z,2026-03-22T10:00:00Z
INV-00578,WH-003,VAR-0012,63,5,5,0,15,40,10,20,1.7,IN_STOCK,2026-02-12T10:00:00Z,2026-03-22T10:00:00Z
INV-00579,WH-004,VAR-0012,55,8,8,0,15,40,10,20,4.3,IN_STOCK,2026-02-12T10:00:00Z,2026-03-22T10:00:00Z
INV-00580,WH-005,VAR-0012,47,7,7,0,15,40,10,20,1.3,IN_STOCK,2026-02-12T10:00:00Z,2026-03-22T10:00:00Z
INV-00581,WH-002,VAR-0013,57,3,3,0,15,40,10,20,1.7,IN_STOCK,2026-02-12T10:00:00Z,2026-03-22T10:00:00Z
INV-00582,WH-003,VAR-0013,23,9,9,0,15,40,10,20,2.3,IN_STOCK,2026-02-12T10:00:00Z,2026-03-22T10:00:00Z
INV-00583,WH-004,VAR-0013,30,2,2,0,15,40,10,20,2.0,IN_STOCK,2026-02-12T10:00:00Z,2026-03-22T10:00:00Z
INV-00584,WH-005,VAR-0013,30,9,9,0,15,40,10,20,4.0,IN_STOCK,2026-02-12T10:00:00Z,2026-03-22T10:00:00Z
INV-00585,WH-002,VAR-0014,36,6,6,0,15,40,10,20,3.3,IN_STOCK,2026-02-12T10:00:00Z,2026-03-22T10:00:00Z
INV-00586,WH-003,VAR-0014,51,2,2,0,15,40,10,20,2.0,IN_STOCK,2026-02-12T10:00:00Z,2026-03-22T10:00:00Z
INV-00587,WH-004,VAR-0014,38,5,5,0,15,40,10,20,1.2,IN_STOCK,2026-02-12T10:00:00Z,2026-03-22T10:00:00Z
INV-00588,WH-005,VAR-0014,22,9,9,0,15,40,10,20,2.2,IN_STOCK,2026-02-12T10:00:00Z,2026-03-22T10:00:00Z
INV-00589,WH-002,VAR-0015,40,12,12,0,15,40,10,20,3.0,IN_STOCK,2026-02-12T10:00:00Z,2026-03-22T10:00:00Z
INV-00590,WH-003,VAR-0015,60,6,6,0,15,40,10,20,3.8,IN_STOCK,2026-02-12T10:00:00Z,2026-03-22T10:00:00Z
INV-00591,WH-004,VAR-0015,55,6,6,0,15,40,10,20,2.5,IN_STOCK,2026-02-12T10:00:00Z,2026-03-22T10:00:00Z
INV-00592,WH-005,VAR-0015,29,5,5,0,15,40,10,20,4.8,IN_STOCK,2026-02-12T10:00:00Z,2026-03-22T10:00:00Z
INV-00593,WH-002,VAR-0016,45,4,4,0,15,40,10,20,2.8,IN_STOCK,2026-02-12T10:00:00Z,2026-03-22T10:00:00Z
INV-00594,WH-003,VAR-0016,53,7,7,0,15,40,10,20,2.7,IN_STOCK,2026-02-12T10:00:00Z,2026-03-22T10:00:00Z
INV-00595,WH-004,VAR-0016,50,9,9,0,15,40,10,20,4.0,IN_STOCK,2026-02-12T10:00:00Z,2026-03-22T10:00:00Z
INV-00596,WH-005,VAR-0016,57,5,5,0,15,40,10,20,4.0,IN_STOCK,2026-02-12T10:00:00Z,2026-03-22T10:00:00Z
INV-00597,WH-002,VAR-0017,58,11,11,0,15,40,10,20,4.5,IN_STOCK,2026-02-12T10:00:00Z,2026-03-22T10:00:00Z
INV-00598,WH-003,VAR-0017,20,10,10,0,15,40,10,20,2.8,IN_STOCK,2026-02-12T10:00:00Z,2026-03-22T10:00:00Z
INV-00599,WH-004,VAR-0017,60,7,7,0,15,40,10,20,1.3,IN_STOCK,2026-02-12T10:00:00Z,2026-03-22T10:00:00Z
INV-00600,WH-005,VAR-0017,51,3,3,0,15,40,10,20,1.2,IN_STOCK,2026-02-12T10:00:00Z,2026-03-22T10:00:00Z
INV-00601,WH-002,VAR-0018,50,10,10,0,15,40,10,20,1.8,IN_STOCK,2026-02-12T10:00:00Z,2026-03-22T10:00:00Z
INV-00602,WH-003,VAR-0018,49,4,4,0,15,40,10,20,1.7,IN_STOCK,2026-02-12T10:00:00Z,2026-03-22T10:00:00Z
INV-00603,WH-004,VAR-0018,48,9,9,0,15,40,10,20,1.5,IN_STOCK,2026-02-12T10:00:00Z,2026-03-22T10:00:00Z
INV-00604,WH-005,VAR-0018,28,11,11,0,15,40,10,20,3.0,IN_STOCK,2026-02-12T10:00:00Z,2026-03-22T10:00:00Z
INV-00605,WH-002,VAR-0019,47,9,9,0,15,40,10,20,4.2,IN_STOCK,2026-02-12T10:00:00Z,2026-03-22T10:00:00Z
INV-00606,WH-003,VAR-0019,44,4,4,0,15,40,10,20,3.1,IN_STOCK,2026-02-12T10:00:00Z,2026-03-22T10:00:00Z
INV-00607,WH-004,VAR-0019,44,11,11,0,15,40,10,20,1.2,IN_STOCK,2026-02-12T10:00:00Z,2026-03-22T10:00:00Z
INV-00608,WH-005,VAR-0019,44,12,12,0,15,40,10,20,4.2,IN_STOCK,2026-02-12T10:00:00Z,2026-03-22T10:00:00Z
INV-00609,WH-002,VAR-0020,61,2,2,0,15,40,10,20,2.6,IN_STOCK,2026-02-12T10:00:00Z,2026-03-22T10:00:00Z
INV-00610,WH-003,VAR-0020,15,5,5,0,15,40,10,20,3.3,IN_STOCK,2026-02-12T10:00:00Z,2026-03-22T10:00:00Z
INV-00611,WH-004,VAR-0020,17,8,8,0,15,40,10,20,2.4,IN_STOCK,2026-02-12T10:00:00Z,2026-03-22T10:00:00Z
INV-00612,WH-005,VAR-0020,19,10,10,0,15,40,10,20,5.0,IN_STOCK,2026-02-12T10:00:00Z,2026-03-22T10:00:00Z
INV-00613,WH-002,VAR-0021,19,9,9,0,15,40,10,20,1.1,IN_STOCK,2026-02-12T10:00:00Z,2026-03-22T10:00:00Z
INV-00614,WH-003,VAR-0021,41,4,4,0,15,40,10,20,4.1,IN_STOCK,2026-02-12T10:00:00Z,2026-03-22T10:00:00Z
INV-00615,WH-004,VAR-0021,64,12,12,0,15,40,10,20,4.9,IN_STOCK,2026-02-12T10:00:00Z,2026-03-22T10:00:00Z
INV-00616,WH-005,VAR-0021,56,8,8,0,15,40,10,20,2.5,IN_STOCK,2026-02-12T10:00:00Z,2026-03-22T10:00:00Z
INV-00617,WH-002,VAR-0022,39,9,9,0,15,40,10,20,4.5,IN_STOCK,2026-02-12T10:00:00Z,2026-03-22T10:00:00Z
INV-00618,WH-003,VAR-0022,39,8,8,0,15,40,10,20,1.3,IN_STOCK,2026-02-12T10:00:00Z,2026-03-22T10:00:00Z
INV-00619,WH-004,VAR-0022,57,10,10,0,15,40,10,20,1.5,IN_STOCK,2026-02-12T10:00:00Z,2026-03-22T10:00:00Z
INV-00620,WH-005,VAR-0022,37,3,3,0,15,40,10,20,1.7,IN_STOCK,2026-02-12T10:00:00Z,2026-03-22T10:00:00Z
INV-00621,WH-002,VAR-0023,49,8,8,0,15,40,10,20,3.1,IN_STOCK,2026-02-12T10:00:00Z,2026-03-22T10:00:00Z
INV-00622,WH-003,VAR-0023,61,5,5,0,15,40,10,20,4.3,IN_STOCK,2026-02-12T10:00:00Z,2026-03-22T10:00:00Z
INV-00623,WH-004,VAR-0023,63,2,2,0,15,40,10,20,4.9,IN_STOCK,2026-02-12T10:00:00Z,2026-03-22T10:00:00Z
INV-00624,WH-005,VAR-0023,44,12,12,0,15,40,10,20,3.9,IN_STOCK,2026-02-12T10:00:00Z,2026-03-22T10:00:00Z
INV-00625,WH-002,VAR-0024,42,10,10,0,15,40,10,20,2.5,IN_STOCK,2026-02-12T10:00:00Z,2026-03-22T10:00:00Z
INV-00626,WH-003,VAR-0024,29,5,5,0,15,40,10,20,2.8,IN_STOCK,2026-02-12T10:00:00Z,2026-03-22T10:00:00Z
INV-00627,WH-004,VAR-0024,24,6,6,0,15,40,10,20,1.8,IN_STOCK,2026-02-12T10:00:00Z,2026-03-22T10:00:00Z
INV-00628,WH-005,VAR-0024,61,3,3,0,15,40,10,20,1.1,IN_STOCK,2026-02-12T10:00:00Z,2026-03-22T10:00:00Z
INV-00629,WH-002,VAR-0025,57,8,8,0,15,40,10,20,3.5,IN_STOCK,2026-02-12T10:00:00Z,2026-03-22T10:00:00Z
INV-00630,WH-003,VAR-0025,16,5,5,0,15,40,10,20,1.8,IN_STOCK,2026-02-12T10:00:00Z,2026-03-22T10:00:00Z
INV-00631,WH-004,VAR-0025,21,11,11,0,15,40,10,20,1.1,IN_STOCK,2026-02-12T10:00:00Z,2026-03-22T10:00:00Z
INV-00632,WH-005,VAR-0025,53,12,12,0,15,40,10,20,3.8,IN_STOCK,2026-02-12T10:00:00Z,2026-03-22T10:00:00Z
INV-00633,WH-002,VAR-0026,18,5,5,0,15,40,10,20,4.0,IN_STOCK,2026-02-12T10:00:00Z,2026-03-22T10:00:00Z
INV-00634,WH-003,VAR-0026,40,9,9,0,15,40,10,20,1.9,IN_STOCK,2026-02-12T10:00:00Z,2026-03-22T10:00:00Z
INV-00635,WH-004,VAR-0026,28,2,2,0,15,40,10,20,1.6,IN_STOCK,2026-02-12T10:00:00Z,2026-03-22T10:00:00Z
INV-00636,WH-005,VAR-0026,33,5,5,0,15,40,10,20,4.3,IN_STOCK,2026-02-12T10:00:00Z,2026-03-22T10:00:00Z
INV-00637,WH-002,VAR-0027,61,11,11,0,15,40,10,20,2.3,IN_STOCK,2026-02-12T10:00:00Z,2026-03-22T10:00:00Z
INV-00638,WH-003,VAR-0027,53,12,12,0,15,40,10,20,4.3,IN_STOCK,2026-02-12T10:00:00Z,2026-03-22T10:00:00Z
INV-00639,WH-004,VAR-0027,30,6,6,0,15,40,10,20,4.5,IN_STOCK,2026-02-12T10:00:00Z,2026-03-22T10:00:00Z
INV-00640,WH-005,VAR-0027,57,10,10,0,15,40,10,20,1.9,IN_STOCK,2026-02-12T10:00:00Z,2026-03-22T10:00:00Z
INV-00641,WH-002,VAR-0028,34,6,6,0,15,40,10,20,1.2,IN_STOCK,2026-02-12T10:00:00Z,2026-03-22T10:00:00Z
INV-00642,WH-003,VAR-0028,52,4,4,0,15,40,10,20,3.5,IN_STOCK,2026-02-12T10:00:00Z,2026-03-22T10:00:00Z
INV-00643,WH-004,VAR-0028,42,10,10,0,15,40,10,20,3.0,IN_STOCK,2026-02-12T10:00:00Z,2026-03-22T10:00:00Z
INV-00644,WH-005,VAR-0028,37,12,12,0,15,40,10,20,3.7,IN_STOCK,2026-02-12T10:00:00Z,2026-03-22T10:00:00Z
INV-00645,WH-002,VAR-0029,65,10,10,0,15,40,10,20,2.3,IN_STOCK,2026-02-12T10:00:00Z,2026-03-22T10:00:00Z
INV-00646,WH-003,VAR-0029,41,8,8,0,15,40,10,20,1.6,IN_STOCK,2026-02-12T10:00:00Z,2026-03-22T10:00:00Z
INV-00647,WH-004,VAR-0029,39,4,4,0,15,40,10,20,4.0,IN_STOCK,2026-02-12T10:00:00Z,2026-03-22T10:00:00Z
INV-00648,WH-005,VAR-0029,45,5,5,0,15,40,10,20,4.4,IN_STOCK,2026-02-12T10:00:00Z,2026-03-22T10:00:00Z
INV-00649,WH-002,VAR-0030,34,4,4,0,15,40,10,20,4.2,IN_STOCK,2026-02-12T10:00:00Z,2026-03-22T10:00:00Z
INV-00650,WH-003,VAR-0030,18,10,10,0,15,40,10,20,2.7,IN_STOCK,2026-02-12T10:00:00Z,2026-03-22T10:00:00Z
INV-00651,WH-004,VAR-0030,41,10,10,0,15,40,10,20,3.1,IN_STOCK,2026-02-12T10:00:00Z,2026-03-22T10:00:00Z
INV-00652,WH-005,VAR-0030,39,5,5,0,15,40,10,20,2.0,IN_STOCK,2026-02-12T10:00:00Z,2026-03-22T10:00:00Z
INV-00653,WH-002,VAR-0031,36,12,12,0,15,40,10,20,1.3,IN_STOCK,2026-02-12T10:00:00Z,2026-03-22T10:00:00Z
INV-00654,WH-003,VAR-0031,43,7,7,0,15,40,10,20,1.4,IN_STOCK,2026-02-12T10:00:00Z,2026-03-22T10:00:00Z
INV-00655,WH-004,VAR-0031,61,5,5,0,15,40,10,20,1.2,IN_STOCK,2026-02-12T10:00:00Z,2026-03-22T10:00:00Z
INV-00656,WH-005,VAR-0031,39,12,12,0,15,40,10,20,3.4,IN_STOCK,2026-02-12T10:00:00Z,2026-03-22T10:00:00Z
INV-00657,WH-002,VAR-0032,17,3,3,0,15,40,10,20,1.8,IN_STOCK,2026-02-12T10:00:00Z,2026-03-22T10:00:00Z
INV-00658,WH-003,VAR-0032,63,11,11,0,15,40,10,20,3.9,IN_STOCK,2026-02-12T10:00:00Z,2026-03-22T10:00:00Z
INV-00659,WH-004,VAR-0032,50,5,5,0,15,40,10,20,2.9,IN_STOCK,2026-02-12T10:00:00Z,2026-03-22T10:00:00Z
INV-00660,WH-005,VAR-0032,36,6,6,0,15,40,10,20,4.8,IN_STOCK,2026-02-12T10:00:00Z,2026-03-22T10:00:00Z
INV-00661,WH-002,VAR-0033,15,5,5,0,15,40,10,20,4.7,IN_STOCK,2026-02-12T10:00:00Z,2026-03-22T10:00:00Z
INV-00662,WH-003,VAR-0033,62,3,3,0,15,40,10,20,4.0,IN_STOCK,2026-02-12T10:00:00Z,2026-03-22T10:00:00Z
INV-00663,WH-004,VAR-0033,63,9,9,0,15,40,10,20,4.7,IN_STOCK,2026-02-12T10:00:00Z,2026-03-22T10:00:00Z
INV-00664,WH-005,VAR-0033,59,11,11,0,15,40,10,20,3.8,IN_STOCK,2026-02-12T10:00:00Z,2026-03-22T10:00:00Z
INV-00665,WH-002,VAR-0034,40,5,5,0,15,40,10,20,3.2,IN_STOCK,2026-02-12T10:00:00Z,2026-03-22T10:00:00Z
INV-00666,WH-003,VAR-0034,64,6,6,0,15,40,10,20,2.5,IN_STOCK,2026-02-12T10:00:00Z,2026-03-22T10:00:00Z
INV-00667,WH-004,VAR-0034,49,12,12,0,15,40,10,20,2.4,IN_STOCK,2026-02-12T10:00:00Z,2026-03-22T10:00:00Z
INV-00668,WH-005,VAR-0034,31,7,7,0,15,40,10,20,3.1,IN_STOCK,2026-02-12T10:00:00Z,2026-03-22T10:00:00Z
INV-00669,WH-002,VAR-0035,46,9,9,0,15,40,10,20,1.4,IN_STOCK,2026-02-12T10:00:00Z,2026-03-22T10:00:00Z
INV-00670,WH-003,VAR-0035,61,9,9,0,15,40,10,20,4.0,IN_STOCK,2026-02-12T10:00:00Z,2026-03-22T10:00:00Z
INV-00671,WH-004,VAR-0035,35,5,5,0,15,40,10,20,2.5,IN_STOCK,2026-02-12T10:00:00Z,2026-03-22T10:00:00Z
INV-00672,WH-005,VAR-0035,41,2,2,0,15,40,10,20,3.3,IN_STOCK,2026-02-12T10:00:00Z,2026-03-22T10:00:00Z
INV-00673,WH-002,VAR-0036,29,4,4,0,15,40,10,20,1.1,IN_STOCK,2026-02-12T10:00:00Z,2026-03-22T10:00:00Z
INV-00674,WH-003,VAR-0036,50,11,11,0,15,40,10,20,3.3,IN_STOCK,2026-02-12T10:00:00Z,2026-03-22T10:00:00Z
INV-00675,WH-004,VAR-0036,41,6,6,0,15,40,10,20,1.6,IN_STOCK,2026-02-12T10:00:00Z,2026-03-22T10:00:00Z
INV-00676,WH-005,VAR-0036,36,5,5,0,15,40,10,20,2.5,IN_STOCK,2026-02-12T10:00:00Z,2026-03-22T10:00:00Z
INV-00677,WH-002,VAR-0037,30,9,9,0,15,40,10,20,3.2,IN_STOCK,2026-02-12T10:00:00Z,2026-03-22T10:00:00Z
INV-00678,WH-003,VAR-0037,58,7,7,0,15,40,10,20,2.0,IN_STOCK,2026-02-12T10:00:00Z,2026-03-22T10:00:00Z
INV-00679,WH-004,VAR-0037,46,12,12,0,15,40,10,20,4.0,IN_STOCK,2026-02-12T10:00:00Z,2026-03-22T10:00:00Z
INV-00680,WH-005,VAR-0037,44,4,4,0,15,40,10,20,3.9,IN_STOCK,2026-02-12T10:00:00Z,2026-03-22T10:00:00Z
INV-00681,WH-002,VAR-0038,37,4,4,0,15,40,10,20,1.6,IN_STOCK,2026-02-12T10:00:00Z,2026-03-22T10:00:00Z
INV-00682,WH-003,VAR-0038,49,9,9,0,15,40,10,20,1.7,IN_STOCK,2026-02-12T10:00:00Z,2026-03-22T10:00:00Z
INV-00683,WH-004,VAR-0038,49,12,12,0,15,40,10,20,4.8,IN_STOCK,2026-02-12T10:00:00Z,2026-03-22T10:00:00Z
INV-00684,WH-005,VAR-0038,48,2,2,0,15,40,10,20,4.4,IN_STOCK,2026-02-12T10:00:00Z,2026-03-22T10:00:00Z
INV-00685,WH-002,VAR-0039,19,12,12,0,15,40,10,20,1.2,IN_STOCK,2026-02-12T10:00:00Z,2026-03-22T10:00:00Z
INV-00686,WH-003,VAR-0039,15,8,8,0,15,40,10,20,1.5,IN_STOCK,2026-02-12T10:00:00Z,2026-03-22T10:00:00Z
INV-00687,WH-004,VAR-0039,55,5,5,0,15,40,10,20,1.3,IN_STOCK,2026-02-12T10:00:00Z,2026-03-22T10:00:00Z
INV-00688,WH-005,VAR-0039,24,2,2,0,15,40,10,20,1.9,IN_STOCK,2026-02-12T10:00:00Z,2026-03-22T10:00:00Z
INV-00689,WH-002,VAR-0040,44,7,7,0,15,40,10,20,1.2,IN_STOCK,2026-02-12T10:00:00Z,2026-03-22T10:00:00Z
INV-00690,WH-003,VAR-0040,55,12,12,0,15,40,10,20,4.7,IN_STOCK,2026-02-12T10:00:00Z,2026-03-22T10:00:00Z
INV-00691,WH-004,VAR-0040,45,12,12,0,15,40,10,20,3.0,IN_STOCK,2026-02-12T10:00:00Z,2026-03-22T10:00:00Z
INV-00692,WH-005,VAR-0040,15,10,10,0,15,40,10,20,3.2,IN_STOCK,2026-02-12T10:00:00Z,2026-03-22T10:00:00Z
INV-00693,WH-002,VAR-0041,15,2,2,0,15,40,10,20,3.1,IN_STOCK,2026-02-12T10:00:00Z,2026-03-22T10:00:00Z
INV-00694,WH-003,VAR-0041,32,10,10,0,15,40,10,20,4.9,IN_STOCK,2026-02-12T10:00:00Z,2026-03-22T10:00:00Z
INV-00695,WH-004,VAR-0041,16,10,10,0,15,40,10,20,4.3,IN_STOCK,2026-02-12T10:00:00Z,2026-03-22T10:00:00Z
INV-00696,WH-005,VAR-0041,58,8,8,0,15,40,10,20,4.2,IN_STOCK,2026-02-12T10:00:00Z,2026-03-22T10:00:00Z
INV-00697,WH-002,VAR-0042,26,3,3,0,15,40,10,20,4.7,IN_STOCK,2026-02-12T10:00:00Z,2026-03-22T10:00:00Z
INV-00698,WH-003,VAR-0042,48,4,4,0,15,40,10,20,2.0,IN_STOCK,2026-02-12T10:00:00Z,2026-03-22T10:00:00Z
INV-00699,WH-004,VAR-0042,54,10,10,0,15,40,10,20,2.0,IN_STOCK,2026-02-12T10:00:00Z,2026-03-22T10:00:00Z
INV-00700,WH-005,VAR-0042,37,6,6,0,15,40,10,20,4.2,IN_STOCK,2026-02-12T10:00:00Z,2026-03-22T10:00:00Z
INV-00701,WH-002,VAR-0043,20,7,7,0,15,40,10,20,4.8,IN_STOCK,2026-02-12T10:00:00Z,2026-03-22T10:00:00Z
INV-00702,WH-003,VAR-0043,44,11,11,0,15,40,10,20,2.0,IN_STOCK,2026-02-12T10:00:00Z,2026-03-22T10:00:00Z
INV-00703,WH-004,VAR-0043,59,5,5,0,15,40,10,20,2.2,IN_STOCK,2026-02-12T10:00:00Z,2026-03-22T10:00:00Z
INV-00704,WH-005,VAR-0043,20,12,12,0,15,40,10,20,5.0,IN_STOCK,2026-02-12T10:00:00Z,2026-03-22T10:00:00Z
INV-00705,WH-002,VAR-0044,56,2,2,0,15,40,10,20,1.4,IN_STOCK,2026-02-12T10:00:00Z,2026-03-22T10:00:00Z
INV-00706,WH-003,VAR-0044,39,8,8,0,15,40,10,20,3.2,IN_STOCK,2026-02-12T10:00:00Z,2026-03-22T10:00:00Z
INV-00707,WH-004,VAR-0044,18,12,12,0,15,40,10,20,1.0,IN_STOCK,2026-02-12T10:00:00Z,2026-03-22T10:00:00Z
INV-00708,WH-005,VAR-0044,25,3,3,0,15,40,10,20,3.0,IN_STOCK,2026-02-12T10:00:00Z,2026-03-22T10:00:00Z
INV-00709,WH-002,VAR-0045,42,12,12,0,15,40,10,20,4.1,IN_STOCK,2026-02-12T10:00:00Z,2026-03-22T10:00:00Z
INV-00710,WH-003,VAR-0045,51,3,3,0,15,40,10,20,4.6,IN_STOCK,2026-02-12T10:00:00Z,2026-03-22T10:00:00Z
INV-00711,WH-004,VAR-0045,17,5,5,0,15,40,10,20,1.8,IN_STOCK,2026-02-12T10:00:00Z,2026-03-22T10:00:00Z
INV-00712,WH-005,VAR-0045,59,11,11,0,15,40,10,20,2.9,IN_STOCK,2026-02-12T10:00:00Z,2026-03-22T10:00:00Z
INV-00713,WH-002,VAR-0046,17,3,3,0,15,40,10,20,3.7,IN_STOCK,2026-02-12T10:00:00Z,2026-03-22T10:00:00Z
INV-00714,WH-003,VAR-0046,32,10,10,0,15,40,10,20,3.3,IN_STOCK,2026-02-12T10:00:00Z,2026-03-22T10:00:00Z
INV-00715,WH-004,VAR-0046,17,4,4,0,15,40,10,20,4.7,IN_STOCK,2026-02-12T10:00:00Z,2026-03-22T10:00:00Z
INV-00716,WH-005,VAR-0046,35,2,2,0,15,40,10,20,4.8,IN_STOCK,2026-02-12T10:00:00Z,2026-03-22T10:00:00Z
INV-00717,WH-002,VAR-0047,52,4,4,0,15,40,10,20,4.0,IN_STOCK,2026-02-12T10:00:00Z,2026-03-22T10:00:00Z
INV-00718,WH-003,VAR-0047,60,8,8,0,15,40,10,20,4.7,IN_STOCK,2026-02-12T10:00:00Z,2026-03-22T10:00:00Z
INV-00719,WH-004,VAR-0047,34,4,4,0,15,40,10,20,3.3,IN_STOCK,2026-02-12T10:00:00Z,2026-03-22T10:00:00Z
INV-00720,WH-005,VAR-0047,51,8,8,0,15,40,10,20,3.7,IN_STOCK,2026-02-12T10:00:00Z,2026-03-22T10:00:00Z
INV-00721,WH-002,VAR-0048,49,7,7,0,15,40,10,20,2.5,IN_STOCK,2026-02-12T10:00:00Z,2026-03-22T10:00:00Z
INV-00722,WH-003,VAR-0048,62,4,4,0,15,40,10,20,4.2,IN_STOCK,2026-02-12T10:00:00Z,2026-03-22T10:00:00Z
INV-00723,WH-004,VAR-0048,59,3,3,0,15,40,10,20,3.0,IN_STOCK,2026-02-12T10:00:00Z,2026-03-22T10:00:00Z
INV-00724,WH-005,VAR-0048,37,2,2,0,15,40,10,20,1.4,IN_STOCK,2026-02-12T10:00:00Z,2026-03-22T10:00:00Z
INV-00725,WH-002,VAR-0049,29,3,3,0,15,40,10,20,2.4,IN_STOCK,2026-02-12T10:00:00Z,2026-03-22T10:00:00Z
INV-00726,WH-003,VAR-0049,64,11,11,0,15,40,10,20,4.8,IN_STOCK,2026-02-12T10:00:00Z,2026-03-22T10:00:00Z
INV-00727,WH-004,VAR-0049,40,7,7,0,15,40,10,20,1.1,IN_STOCK,2026-02-12T10:00:00Z,2026-03-22T10:00:00Z
INV-00728,WH-005,VAR-0049,32,9,9,0,15,40,10,20,3.0,IN_STOCK,2026-02-12T10:00:00Z,2026-03-22T10:00:00Z
INV-00729,WH-002,VAR-0050,37,10,10,0,15,40,10,20,4.8,IN_STOCK,2026-02-12T10:00:00Z,2026-03-22T10:00:00Z
INV-00730,WH-003,VAR-0050,42,4,4,0,15,40,10,20,3.7,IN_STOCK,2026-02-12T10:00:00Z,2026-03-22T10:00:00Z
INV-00731,WH-004,VAR-0050,57,8,8,0,15,40,10,20,1.3,IN_STOCK,2026-02-12T10:00:00Z,2026-03-22T10:00:00Z
INV-00732,WH-005,VAR-0050,54,6,6,0,15,40,10,20,4.2,IN_STOCK,2026-02-12T10:00:00Z,2026-03-22T10:00:00Z
INV-00733,WH-002,VAR-0051,60,3,3,0,15,40,10,20,1.3,IN_STOCK,2026-02-12T10:00:00Z,2026-03-22T10:00:00Z
INV-00734,WH-003,VAR-0051,24,8,8,0,15,40,10,20,3.8,IN_STOCK,2026-02-12T10:00:00Z,2026-03-22T10:00:00Z
INV-00735,WH-004,VAR-0051,55,4,4,0,15,40,10,20,4.0,IN_STOCK,2026-02-12T10:00:00Z,2026-03-22T10:00:00Z
INV-00736,WH-005,VAR-0051,35,7,7,0,15,40,10,20,1.4,IN_STOCK,2026-02-12T10:00:00Z,2026-03-22T10:00:00Z
INV-00737,WH-002,VAR-0052,15,6,6,0,15,40,10,20,2.8,IN_STOCK,2026-02-12T10:00:00Z,2026-03-22T10:00:00Z
INV-00738,WH-003,VAR-0052,63,6,6,0,15,40,10,20,1.4,IN_STOCK,2026-02-12T10:00:00Z,2026-03-22T10:00:00Z
INV-00739,WH-004,VAR-0052,20,4,4,0,15,40,10,20,2.7,IN_STOCK,2026-02-12T10:00:00Z,2026-03-22T10:00:00Z
INV-00740,WH-005,VAR-0052,50,10,10,0,15,40,10,20,3.0,IN_STOCK,2026-02-12T10:00:00Z,2026-03-22T10:00:00Z
INV-00741,WH-002,VAR-0053,21,2,2,0,15,40,10,20,1.4,IN_STOCK,2026-02-12T10:00:00Z,2026-03-22T10:00:00Z
INV-00742,WH-003,VAR-0053,50,3,3,0,15,40,10,20,3.4,IN_STOCK,2026-02-12T10:00:00Z,2026-03-22T10:00:00Z
INV-00743,WH-004,VAR-0053,65,7,7,0,15,40,10,20,4.5,IN_STOCK,2026-02-12T10:00:00Z,2026-03-22T10:00:00Z
INV-00744,WH-005,VAR-0053,15,6,6,0,15,40,10,20,2.7,IN_STOCK,2026-02-12T10:00:00Z,2026-03-22T10:00:00Z
INV-00745,WH-002,VAR-0054,64,3,3,0,15,40,10,20,3.9,IN_STOCK,2026-02-12T10:00:00Z,2026-03-22T10:00:00Z
INV-00746,WH-003,VAR-0054,50,5,5,0,15,40,10,20,3.3,IN_STOCK,2026-02-12T10:00:00Z,2026-03-22T10:00:00Z
INV-00747,WH-004,VAR-0054,25,12,12,0,15,40,10,20,2.5,IN_STOCK,2026-02-12T10:00:00Z,2026-03-22T10:00:00Z
INV-00748,WH-005,VAR-0054,23,6,6,0,15,40,10,20,2.2,IN_STOCK,2026-02-12T10:00:00Z,2026-03-22T10:00:00Z
INV-00749,WH-002,VAR-0055,46,4,4,0,15,40,10,20,1.3,IN_STOCK,2026-02-12T10:00:00Z,2026-03-22T10:00:00Z
INV-00750,WH-003,VAR-0055,42,6,6,0,15,40,10,20,2.7,IN_STOCK,2026-02-12T10:00:00Z,2026-03-22T10:00:00Z
INV-00751,WH-004,VAR-0055,45,3,3,0,15,40,10,20,2.4,IN_STOCK,2026-02-12T10:00:00Z,2026-03-22T10:00:00Z
INV-00752,WH-005,VAR-0055,30,12,12,0,15,40,10,20,3.0,IN_STOCK,2026-02-12T10:00:00Z,2026-03-22T10:00:00Z
INV-00753,WH-002,VAR-0056,54,5,5,0,15,40,10,20,2.8,IN_STOCK,2026-02-12T10:00:00Z,2026-03-22T10:00:00Z
INV-00754,WH-003,VAR-0056,23,6,6,0,15,40,10,20,1.0,IN_STOCK,2026-02-12T10:00:00Z,2026-03-22T10:00:00Z
INV-00755,WH-004,VAR-0056,40,7,7,0,15,40,10,20,4.4,IN_STOCK,2026-02-12T10:00:00Z,2026-03-22T10:00:00Z
INV-00756,WH-005,VAR-0056,39,7,7,0,15,40,10,20,2.8,IN_STOCK,2026-02-12T10:00:00Z,2026-03-22T10:00:00Z
INV-00757,WH-002,VAR-0057,42,12,12,0,15,40,10,20,4.9,IN_STOCK,2026-02-12T10:00:00Z,2026-03-22T10:00:00Z
INV-00758,WH-003,VAR-0057,23,6,6,0,15,40,10,20,2.3,IN_STOCK,2026-02-12T10:00:00Z,2026-03-22T10:00:00Z
INV-00759,WH-004,VAR-0057,59,5,5,0,15,40,10,20,2.9,IN_STOCK,2026-02-12T10:00:00Z,2026-03-22T10:00:00Z
INV-00760,WH-005,VAR-0057,26,8,8,0,15,40,10,20,4.9,IN_STOCK,2026-02-12T10:00:00Z,2026-03-22T10:00:00Z
INV-00761,WH-002,VAR-0058,33,12,12,0,15,40,10,20,3.0,IN_STOCK,2026-02-12T10:00:00Z,2026-03-22T10:00:00Z
INV-00762,WH-003,VAR-0058,51,5,5,0,15,40,10,20,2.3,IN_STOCK,2026-02-12T10:00:00Z,2026-03-22T10:00:00Z
INV-00763,WH-004,VAR-0058,32,8,8,0,15,40,10,20,2.5,IN_STOCK,2026-02-12T10:00:00Z,2026-03-22T10:00:00Z
INV-00764,WH-005,VAR-0058,51,5,5,0,15,40,10,20,3.4,IN_STOCK,2026-02-12T10:00:00Z,2026-03-22T10:00:00Z
INV-00765,WH-002,VAR-0059,49,4,4,0,15,40,10,20,3.7,IN_STOCK,2026-02-12T10:00:00Z,2026-03-22T10:00:00Z
INV-00766,WH-003,VAR-0059,50,2,2,0,15,40,10,20,4.8,IN_STOCK,2026-02-12T10:00:00Z,2026-03-22T10:00:00Z
INV-00767,WH-004,VAR-0059,44,5,5,0,15,40,10,20,2.8,IN_STOCK,2026-02-12T10:00:00Z,2026-03-22T10:00:00Z
INV-00768,WH-005,VAR-0059,33,3,3,0,15,40,10,20,4.3,IN_STOCK,2026-02-12T10:00:00Z,2026-03-22T10:00:00Z
INV-00769,WH-002,VAR-0060,65,8,8,0,15,40,10,20,3.7,IN_STOCK,2026-02-12T10:00:00Z,2026-03-22T10:00:00Z
INV-00770,WH-003,VAR-0060,23,12,12,0,15,40,10,20,2.2,IN_STOCK,2026-02-12T10:00:00Z,2026-03-22T10:00:00Z
INV-00771,WH-004,VAR-0060,31,12,12,0,15,40,10,20,1.6,IN_STOCK,2026-02-12T10:00:00Z,2026-03-22T10:00:00Z
INV-00772,WH-005,VAR-0060,42,8,8,0,15,40,10,20,1.3,IN_STOCK,2026-02-12T10:00:00Z,2026-03-22T10:00:00Z
INV-00773,WH-002,VAR-0061,53,9,9,0,15,40,10,20,3.3,IN_STOCK,2026-02-12T10:00:00Z,2026-03-22T10:00:00Z
INV-00774,WH-003,VAR-0061,49,10,10,0,15,40,10,20,4.7,IN_STOCK,2026-02-12T10:00:00Z,2026-03-22T10:00:00Z
INV-00775,WH-004,VAR-0061,59,8,8,0,15,40,10,20,3.2,IN_STOCK,2026-02-12T10:00:00Z,2026-03-22T10:00:00Z
INV-00776,WH-005,VAR-0061,65,7,7,0,15,40,10,20,3.8,IN_STOCK,2026-02-12T10:00:00Z,2026-03-22T10:00:00Z
INV-00777,WH-002,VAR-0062,49,11,11,0,15,40,10,20,3.6,IN_STOCK,2026-02-12T10:00:00Z,2026-03-22T10:00:00Z
INV-00778,WH-003,VAR-0062,20,3,3,0,15,40,10,20,4.1,IN_STOCK,2026-02-12T10:00:00Z,2026-03-22T10:00:00Z
INV-00779,WH-004,VAR-0062,57,12,12,0,15,40,10,20,2.4,IN_STOCK,2026-02-12T10:00:00Z,2026-03-22T10:00:00Z
INV-00780,WH-005,VAR-0062,56,11,11,0,15,40,10,20,1.2,IN_STOCK,2026-02-12T10:00:00Z,2026-03-22T10:00:00Z
INV-00781,WH-002,VAR-0063,56,12,12,0,15,40,10,20,3.6,IN_STOCK,2026-02-12T10:00:00Z,2026-03-22T10:00:00Z
INV-00782,WH-003,VAR-0063,63,7,7,0,15,40,10,20,4.9,IN_STOCK,2026-02-12T10:00:00Z,2026-03-22T10:00:00Z
INV-00783,WH-004,VAR-0063,42,3,3,0,15,40,10,20,1.0,IN_STOCK,2026-02-12T10:00:00Z,2026-03-22T10:00:00Z
INV-00784,WH-005,VAR-0063,31,5,5,0,15,40,10,20,3.0,IN_STOCK,2026-02-12T10:00:00Z,2026-03-22T10:00:00Z
INV-00785,WH-002,VAR-0064,48,10,10,0,15,40,10,20,3.3,IN_STOCK,2026-02-12T10:00:00Z,2026-03-22T10:00:00Z
INV-00786,WH-003,VAR-0064,51,5,5,0,15,40,10,20,2.8,IN_STOCK,2026-02-12T10:00:00Z,2026-03-22T10:00:00Z
INV-00787,WH-004,VAR-0064,40,9,9,0,15,40,10,20,4.1,IN_STOCK,2026-02-12T10:00:00Z,2026-03-22T10:00:00Z
INV-00788,WH-005,VAR-0064,52,10,10,0,15,40,10,20,1.6,IN_STOCK,2026-02-12T10:00:00Z,2026-03-22T10:00:00Z
INV-00789,WH-002,VAR-0065,16,9,9,0,15,40,10,20,1.4,IN_STOCK,2026-02-12T10:00:00Z,2026-03-22T10:00:00Z
INV-00790,WH-003,VAR-0065,41,3,3,0,15,40,10,20,1.5,IN_STOCK,2026-02-12T10:00:00Z,2026-03-22T10:00:00Z
INV-00791,WH-004,VAR-0065,61,4,4,0,15,40,10,20,2.4,IN_STOCK,2026-02-12T10:00:00Z,2026-03-22T10:00:00Z
INV-00792,WH-005,VAR-0065,36,9,9,0,15,40,10,20,4.1,IN_STOCK,2026-02-12T10:00:00Z,2026-03-22T10:00:00Z
INV-00793,WH-002,VAR-0066,48,9,9,0,15,40,10,20,2.4,IN_STOCK,2026-02-12T10:00:00Z,2026-03-22T10:00:00Z
INV-00794,WH-003,VAR-0066,21,9,9,0,15,40,10,20,3.9,IN_STOCK,2026-02-12T10:00:00Z,2026-03-22T10:00:00Z
INV-00795,WH-004,VAR-0066,43,7,7,0,15,40,10,20,1.3,IN_STOCK,2026-02-12T10:00:00Z,2026-03-22T10:00:00Z
INV-00796,WH-005,VAR-0066,17,3,3,0,15,40,10,20,1.1,IN_STOCK,2026-02-12T10:00:00Z,2026-03-22T10:00:00Z
INV-00797,WH-002,VAR-0067,36,12,12,0,15,40,10,20,1.4,IN_STOCK,2026-02-12T10:00:00Z,2026-03-22T10:00:00Z
INV-00798,WH-003,VAR-0067,25,5,5,0,15,40,10,20,3.1,IN_STOCK,2026-02-12T10:00:00Z,2026-03-22T10:00:00Z
INV-00799,WH-004,VAR-0067,50,4,4,0,15,40,10,20,2.3,IN_STOCK,2026-02-12T10:00:00Z,2026-03-22T10:00:00Z
INV-00800,WH-005,VAR-0067,42,9,9,0,15,40,10,20,1.9,IN_STOCK,2026-02-12T10:00:00Z,2026-03-22T10:00:00Z
INV-00801,WH-002,VAR-0068,40,12,12,0,15,40,10,20,1.7,IN_STOCK,2026-02-12T10:00:00Z,2026-03-22T10:00:00Z
INV-00802,WH-003,VAR-0068,55,12,12,0,15,40,10,20,2.7,IN_STOCK,2026-02-12T10:00:00Z,2026-03-22T10:00:00Z
INV-00803,WH-004,VAR-0068,16,11,11,0,15,40,10,20,4.5,IN_STOCK,2026-02-12T10:00:00Z,2026-03-22T10:00:00Z
INV-00804,WH-005,VAR-0068,43,11,11,0,15,40,10,20,2.7,IN_STOCK,2026-02-12T10:00:00Z,2026-03-22T10:00:00Z
INV-00805,WH-002,VAR-0069,15,5,5,0,15,40,10,20,1.8,IN_STOCK,2026-02-12T10:00:00Z,2026-03-22T10:00:00Z
INV-00806,WH-003,VAR-0069,63,3,3,0,15,40,10,20,3.3,IN_STOCK,2026-02-12T10:00:00Z,2026-03-22T10:00:00Z
INV-00807,WH-004,VAR-0069,49,4,4,0,15,40,10,20,2.5,IN_STOCK,2026-02-12T10:00:00Z,2026-03-22T10:00:00Z
INV-00808,WH-005,VAR-0069,27,9,9,0,15,40,10,20,1.5,IN_STOCK,2026-02-12T10:00:00Z,2026-03-22T10:00:00Z
INV-00809,WH-002,VAR-0070,57,9,9,0,15,40,10,20,3.1,IN_STOCK,2026-02-12T10:00:00Z,2026-03-22T10:00:00Z
INV-00810,WH-003,VAR-0070,55,7,7,0,15,40,10,20,3.4,IN_STOCK,2026-02-12T10:00:00Z,2026-03-22T10:00:00Z
INV-00811,WH-004,VAR-0070,54,8,8,0,15,40,10,20,3.3,IN_STOCK,2026-02-12T10:00:00Z,2026-03-22T10:00:00Z
INV-00812,WH-005,VAR-0070,37,7,7,0,15,40,10,20,4.4,IN_STOCK,2026-02-12T10:00:00Z,2026-03-22T10:00:00Z
INV-00813,WH-002,VAR-0071,54,4,4,0,15,40,10,20,4.3,IN_STOCK,2026-02-12T10:00:00Z,2026-03-22T10:00:00Z
INV-00814,WH-003,VAR-0071,60,6,6,0,15,40,10,20,4.7,IN_STOCK,2026-02-12T10:00:00Z,2026-03-22T10:00:00Z
INV-00815,WH-004,VAR-0071,52,3,3,0,15,40,10,20,3.7,IN_STOCK,2026-02-12T10:00:00Z,2026-03-22T10:00:00Z
INV-00816,WH-005,VAR-0071,35,3,3,0,15,40,10,20,2.0,IN_STOCK,2026-02-12T10:00:00Z,2026-03-22T10:00:00Z
INV-00817,WH-002,VAR-0072,22,4,4,0,15,40,10,20,2.5,IN_STOCK,2026-02-12T10:00:00Z,2026-03-22T10:00:00Z
INV-00818,WH-003,VAR-0072,24,10,10,0,15,40,10,20,2.6,IN_STOCK,2026-02-12T10:00:00Z,2026-03-22T10:00:00Z
INV-00819,WH-004,VAR-0072,53,4,4,0,15,40,10,20,3.3,IN_STOCK,2026-02-12T10:00:00Z,2026-03-22T10:00:00Z
INV-00820,WH-005,VAR-0072,42,4,4,0,15,40,10,20,2.9,IN_STOCK,2026-02-12T10:00:00Z,2026-03-22T10:00:00Z
INV-00821,WH-002,VAR-0073,49,12,12,0,15,40,10,20,4.7,IN_STOCK,2026-02-12T10:00:00Z,2026-03-22T10:00:00Z
INV-00822,WH-003,VAR-0073,26,10,10,0,15,40,10,20,1.7,IN_STOCK,2026-02-12T10:00:00Z,2026-03-22T10:00:00Z
INV-00823,WH-004,VAR-0073,33,4,4,0,15,40,10,20,1.7,IN_STOCK,2026-02-12T10:00:00Z,2026-03-22T10:00:00Z
INV-00824,WH-005,VAR-0073,43,11,11,0,15,40,10,20,1.2,IN_STOCK,2026-02-12T10:00:00Z,2026-03-22T10:00:00Z
INV-00825,WH-002,VAR-0074,37,2,2,0,15,40,10,20,2.9,IN_STOCK,2026-02-12T10:00:00Z,2026-03-22T10:00:00Z
INV-00826,WH-003,VAR-0074,27,8,8,0,15,40,10,20,4.9,IN_STOCK,2026-02-12T10:00:00Z,2026-03-22T10:00:00Z
INV-00827,WH-004,VAR-0074,47,12,12,0,15,40,10,20,3.0,IN_STOCK,2026-02-12T10:00:00Z,2026-03-22T10:00:00Z
INV-00828,WH-005,VAR-0074,58,9,9,0,15,40,10,20,2.7,IN_STOCK,2026-02-12T10:00:00Z,2026-03-22T10:00:00Z
INV-00829,WH-002,VAR-0075,43,9,9,0,15,40,10,20,1.7,IN_STOCK,2026-02-12T10:00:00Z,2026-03-22T10:00:00Z
INV-00830,WH-003,VAR-0075,51,2,2,0,15,40,10,20,4.2,IN_STOCK,2026-02-12T10:00:00Z,2026-03-22T10:00:00Z
INV-00831,WH-004,VAR-0075,29,6,6,0,15,40,10,20,1.1,IN_STOCK,2026-02-12T10:00:00Z,2026-03-22T10:00:00Z
INV-00832,WH-005,VAR-0075,29,10,10,0,15,40,10,20,2.2,IN_STOCK,2026-02-12T10:00:00Z,2026-03-22T10:00:00Z
INV-00833,WH-002,VAR-0076,64,9,9,0,15,40,10,20,3.3,IN_STOCK,2026-02-12T10:00:00Z,2026-03-22T10:00:00Z
INV-00834,WH-003,VAR-0076,64,9,9,0,15,40,10,20,3.2,IN_STOCK,2026-02-12T10:00:00Z,2026-03-22T10:00:00Z
INV-00835,WH-004,VAR-0076,22,11,11,0,15,40,10,20,1.5,IN_STOCK,2026-02-12T10:00:00Z,2026-03-22T10:00:00Z
INV-00836,WH-005,VAR-0076,64,10,10,0,15,40,10,20,4.3,IN_STOCK,2026-02-12T10:00:00Z,2026-03-22T10:00:00Z
INV-00837,WH-002,VAR-0077,38,10,10,0,15,40,10,20,4.3,IN_STOCK,2026-02-12T10:00:00Z,2026-03-22T10:00:00Z
INV-00838,WH-003,VAR-0077,17,9,9,0,15,40,10,20,3.2,IN_STOCK,2026-02-12T10:00:00Z,2026-03-22T10:00:00Z
INV-00839,WH-004,VAR-0077,42,3,3,0,15,40,10,20,3.9,IN_STOCK,2026-02-12T10:00:00Z,2026-03-22T10:00:00Z
INV-00840,WH-005,VAR-0077,56,5,5,0,15,40,10,20,2.2,IN_STOCK,2026-02-12T10:00:00Z,2026-03-22T10:00:00Z
INV-00841,WH-002,VAR-0078,17,9,9,0,15,40,10,20,2.1,IN_STOCK,2026-02-12T10:00:00Z,2026-03-22T10:00:00Z
INV-00842,WH-003,VAR-0078,20,9,9,0,15,40,10,20,4.5,IN_STOCK,2026-02-12T10:00:00Z,2026-03-22T10:00:00Z
INV-00843,WH-004,VAR-0078,22,5,5,0,15,40,10,20,1.8,IN_STOCK,2026-02-12T10:00:00Z,2026-03-22T10:00:00Z
INV-00844,WH-005,VAR-0078,62,11,11,0,15,40,10,20,3.8,IN_STOCK,2026-02-12T10:00:00Z,2026-03-22T10:00:00Z
INV-00845,WH-002,VAR-0079,60,11,11,0,15,40,10,20,3.5,IN_STOCK,2026-02-12T10:00:00Z,2026-03-22T10:00:00Z
INV-00846,WH-003,VAR-0079,25,11,11,0,15,40,10,20,1.6,IN_STOCK,2026-02-12T10:00:00Z,2026-03-22T10:00:00Z
INV-00847,WH-004,VAR-0079,28,5,5,0,15,40,10,20,4.2,IN_STOCK,2026-02-12T10:00:00Z,2026-03-22T10:00:00Z
INV-00848,WH-005,VAR-0079,51,7,7,0,15,40,10,20,3.1,IN_STOCK,2026-02-12T10:00:00Z,2026-03-22T10:00:00Z
INV-00849,WH-002,VAR-0080,53,10,10,0,15,40,10,20,1.7,IN_STOCK,2026-02-12T10:00:00Z,2026-03-22T10:00:00Z
INV-00850,WH-003,VAR-0080,60,6,6,0,15,40,10,20,2.2,IN_STOCK,2026-02-12T10:00:00Z,2026-03-22T10:00:00Z
INV-00851,WH-004,VAR-0080,32,10,10,0,15,40,10,20,4.9,IN_STOCK,2026-02-12T10:00:00Z,2026-03-22T10:00:00Z
INV-00852,WH-005,VAR-0080,58,3,3,0,15,40,10,20,1.5,IN_STOCK,2026-02-12T10:00:00Z,2026-03-22T10:00:00Z
INV-00853,WH-002,VAR-0081,63,8,8,0,15,40,10,20,4.7,IN_STOCK,2026-02-12T10:00:00Z,2026-03-22T10:00:00Z
INV-00854,WH-003,VAR-0081,32,12,12,0,15,40,10,20,1.5,IN_STOCK,2026-02-12T10:00:00Z,2026-03-22T10:00:00Z
INV-00855,WH-004,VAR-0081,23,5,5,0,15,40,10,20,1.6,IN_STOCK,2026-02-12T10:00:00Z,2026-03-22T10:00:00Z
INV-00856,WH-005,VAR-0081,35,5,5,0,15,40,10,20,4.0,IN_STOCK,2026-02-12T10:00:00Z,2026-03-22T10:00:00Z
INV-00857,WH-002,VAR-0082,58,8,8,0,15,40,10,20,3.0,IN_STOCK,2026-02-12T10:00:00Z,2026-03-22T10:00:00Z
INV-00858,WH-003,VAR-0082,51,12,12,0,15,40,10,20,2.1,IN_STOCK,2026-02-12T10:00:00Z,2026-03-22T10:00:00Z
INV-00859,WH-004,VAR-0082,41,8,8,0,15,40,10,20,2.8,IN_STOCK,2026-02-12T10:00:00Z,2026-03-22T10:00:00Z
INV-00860,WH-005,VAR-0082,55,3,3,0,15,40,10,20,2.6,IN_STOCK,2026-02-12T10:00:00Z,2026-03-22T10:00:00Z
INV-00861,WH-002,VAR-0083,62,6,6,0,15,40,10,20,3.8,IN_STOCK,2026-02-12T10:00:00Z,2026-03-22T10:00:00Z
INV-00862,WH-003,VAR-0083,38,9,9,0,15,40,10,20,4.8,IN_STOCK,2026-02-12T10:00:00Z,2026-03-22T10:00:00Z
INV-00863,WH-004,VAR-0083,35,11,11,0,15,40,10,20,1.0,IN_STOCK,2026-02-12T10:00:00Z,2026-03-22T10:00:00Z
INV-00864,WH-005,VAR-0083,64,3,3,0,15,40,10,20,3.9,IN_STOCK,2026-02-12T10:00:00Z,2026-03-22T10:00:00Z
INV-00865,WH-002,VAR-0084,44,12,12,0,15,40,10,20,3.7,IN_STOCK,2026-02-12T10:00:00Z,2026-03-22T10:00:00Z
INV-00866,WH-003,VAR-0084,37,3,3,0,15,40,10,20,4.2,IN_STOCK,2026-02-12T10:00:00Z,2026-03-22T10:00:00Z
INV-00867,WH-004,VAR-0084,40,5,5,0,15,40,10,20,4.9,IN_STOCK,2026-02-12T10:00:00Z,2026-03-22T10:00:00Z
INV-00868,WH-005,VAR-0084,28,9,9,0,15,40,10,20,2.1,IN_STOCK,2026-02-12T10:00:00Z,2026-03-22T10:00:00Z
INV-00869,WH-002,VAR-0085,33,7,7,0,15,40,10,20,3.2,IN_STOCK,2026-02-12T10:00:00Z,2026-03-22T10:00:00Z
INV-00870,WH-003,VAR-0085,23,11,11,0,15,40,10,20,4.4,IN_STOCK,2026-02-12T10:00:00Z,2026-03-22T10:00:00Z
INV-00871,WH-004,VAR-0085,65,7,7,0,15,40,10,20,4.6,IN_STOCK,2026-02-12T10:00:00Z,2026-03-22T10:00:00Z
INV-00872,WH-005,VAR-0085,63,2,2,0,15,40,10,20,1.2,IN_STOCK,2026-02-12T10:00:00Z,2026-03-22T10:00:00Z
INV-00873,WH-002,VAR-0086,55,9,9,0,15,40,10,20,1.1,IN_STOCK,2026-02-12T10:00:00Z,2026-03-22T10:00:00Z
INV-00874,WH-003,VAR-0086,25,9,9,0,15,40,10,20,2.8,IN_STOCK,2026-02-12T10:00:00Z,2026-03-22T10:00:00Z
INV-00875,WH-004,VAR-0086,42,5,5,0,15,40,10,20,5.0,IN_STOCK,2026-02-12T10:00:00Z,2026-03-22T10:00:00Z
INV-00876,WH-005,VAR-0086,23,12,12,0,15,40,10,20,2.2,IN_STOCK,2026-02-12T10:00:00Z,2026-03-22T10:00:00Z
INV-00877,WH-002,VAR-0087,32,3,3,0,15,40,10,20,3.6,IN_STOCK,2026-02-12T10:00:00Z,2026-03-22T10:00:00Z
INV-00878,WH-003,VAR-0087,31,3,3,0,15,40,10,20,2.5,IN_STOCK,2026-02-12T10:00:00Z,2026-03-22T10:00:00Z
INV-00879,WH-004,VAR-0087,56,4,4,0,15,40,10,20,1.2,IN_STOCK,2026-02-12T10:00:00Z,2026-03-22T10:00:00Z
INV-00880,WH-005,VAR-0087,55,6,6,0,15,40,10,20,3.9,IN_STOCK,2026-02-12T10:00:00Z,2026-03-22T10:00:00Z
INV-00881,WH-002,VAR-0088,63,5,5,0,15,40,10,20,2.7,IN_STOCK,2026-02-12T10:00:00Z,2026-03-22T10:00:00Z
INV-00882,WH-003,VAR-0088,20,3,3,0,15,40,10,20,1.0,IN_STOCK,2026-02-12T10:00:00Z,2026-03-22T10:00:00Z
INV-00883,WH-004,VAR-0088,45,3,3,0,15,40,10,20,1.5,IN_STOCK,2026-02-12T10:00:00Z,2026-03-22T10:00:00Z
INV-00884,WH-005,VAR-0088,29,10,10,0,15,40,10,20,3.7,IN_STOCK,2026-02-12T10:00:00Z,2026-03-22T10:00:00Z
INV-00885,WH-002,VAR-0089,15,2,2,0,15,40,10,20,3.8,IN_STOCK,2026-02-12T10:00:00Z,2026-03-22T10:00:00Z
INV-00886,WH-003,VAR-0089,22,8,8,0,15,40,10,20,3.8,IN_STOCK,2026-02-12T10:00:00Z,2026-03-22T10:00:00Z
INV-00887,WH-004,VAR-0089,45,3,3,0,15,40,10,20,1.9,IN_STOCK,2026-02-12T10:00:00Z,2026-03-22T10:00:00Z
INV-00888,WH-005,VAR-0089,20,3,3,0,15,40,10,20,1.4,IN_STOCK,2026-02-12T10:00:00Z,2026-03-22T10:00:00Z
INV-00889,WH-002,VAR-0090,38,6,6,0,15,40,10,20,1.5,IN_STOCK,2026-02-12T10:00:00Z,2026-03-22T10:00:00Z
INV-00890,WH-003,VAR-0090,64,4,4,0,15,40,10,20,3.6,IN_STOCK,2026-02-12T10:00:00Z,2026-03-22T10:00:00Z
INV-00891,WH-004,VAR-0090,58,4,4,0,15,40,10,20,1.3,IN_STOCK,2026-02-12T10:00:00Z,2026-03-22T10:00:00Z
INV-00892,WH-005,VAR-0090,51,2,2,0,15,40,10,20,3.4,IN_STOCK,2026-02-12T10:00:00Z,2026-03-22T10:00:00Z
INV-00893,WH-002,VAR-0091,25,9,9,0,15,40,10,20,2.4,IN_STOCK,2026-02-12T10:00:00Z,2026-03-22T10:00:00Z
INV-00894,WH-003,VAR-0091,28,12,12,0,15,40,10,20,4.0,IN_STOCK,2026-02-12T10:00:00Z,2026-03-22T10:00:00Z
INV-00895,WH-004,VAR-0091,41,11,11,0,15,40,10,20,3.7,IN_STOCK,2026-02-12T10:00:00Z,2026-03-22T10:00:00Z
INV-00896,WH-005,VAR-0091,28,3,3,0,15,40,10,20,4.6,IN_STOCK,2026-02-12T10:00:00Z,2026-03-22T10:00:00Z
INV-00897,WH-002,VAR-0092,23,3,3,0,15,40,10,20,3.4,IN_STOCK,2026-02-12T10:00:00Z,2026-03-22T10:00:00Z
INV-00898,WH-003,VAR-0092,39,7,7,0,15,40,10,20,4.9,IN_STOCK,2026-02-12T10:00:00Z,2026-03-22T10:00:00Z
INV-00899,WH-004,VAR-0092,35,4,4,0,15,40,10,20,2.0,IN_STOCK,2026-02-12T10:00:00Z,2026-03-22T10:00:00Z
INV-00900,WH-005,VAR-0092,56,3,3,0,15,40,10,20,2.0,IN_STOCK,2026-02-12T10:00:00Z,2026-03-22T10:00:00Z
INV-00901,WH-002,VAR-0093,53,11,11,0,15,40,10,20,3.9,IN_STOCK,2026-02-12T10:00:00Z,2026-03-22T10:00:00Z
INV-00902,WH-003,VAR-0093,33,2,2,0,15,40,10,20,4.4,IN_STOCK,2026-02-12T10:00:00Z,2026-03-22T10:00:00Z
INV-00903,WH-004,VAR-0093,57,6,6,0,15,40,10,20,1.8,IN_STOCK,2026-02-12T10:00:00Z,2026-03-22T10:00:00Z
INV-00904,WH-005,VAR-0093,53,10,10,0,15,40,10,20,1.8,IN_STOCK,2026-02-12T10:00:00Z,2026-03-22T10:00:00Z
INV-00905,WH-002,VAR-0094,40,6,6,0,15,40,10,20,3.6,IN_STOCK,2026-02-12T10:00:00Z,2026-03-22T10:00:00Z
INV-00906,WH-003,VAR-0094,65,5,5,0,15,40,10,20,3.0,IN_STOCK,2026-02-12T10:00:00Z,2026-03-22T10:00:00Z
INV-00907,WH-004,VAR-0094,22,5,5,0,15,40,10,20,3.0,IN_STOCK,2026-02-12T10:00:00Z,2026-03-22T10:00:00Z
INV-00908,WH-005,VAR-0094,53,3,3,0,15,40,10,20,3.1,IN_STOCK,2026-02-12T10:00:00Z,2026-03-22T10:00:00Z
INV-00909,WH-002,VAR-0095,15,7,7,0,15,40,10,20,4.7,IN_STOCK,2026-02-12T10:00:00Z,2026-03-22T10:00:00Z
INV-00910,WH-003,VAR-0095,23,8,8,0,15,40,10,20,4.4,IN_STOCK,2026-02-12T10:00:00Z,2026-03-22T10:00:00Z
INV-00911,WH-004,VAR-0095,51,8,8,0,15,40,10,20,2.5,IN_STOCK,2026-02-12T10:00:00Z,2026-03-22T10:00:00Z
INV-00912,WH-005,VAR-0095,58,4,4,0,15,40,10,20,4.1,IN_STOCK,2026-02-12T10:00:00Z,2026-03-22T10:00:00Z
INV-00913,WH-002,VAR-0096,64,3,3,0,15,40,10,20,1.1,IN_STOCK,2026-02-12T10:00:00Z,2026-03-22T10:00:00Z
INV-00914,WH-003,VAR-0096,19,2,2,0,15,40,10,20,2.0,IN_STOCK,2026-02-12T10:00:00Z,2026-03-22T10:00:00Z
INV-00915,WH-004,VAR-0096,17,2,2,0,15,40,10,20,4.8,IN_STOCK,2026-02-12T10:00:00Z,2026-03-22T10:00:00Z
INV-00916,WH-005,VAR-0096,40,10,10,0,15,40,10,20,2.1,IN_STOCK,2026-02-12T10:00:00Z,2026-03-22T10:00:00Z
INV-00917,WH-002,VAR-0097,60,10,10,0,15,40,10,20,4.1,IN_STOCK,2026-02-12T10:00:00Z,2026-03-22T10:00:00Z
INV-00918,WH-003,VAR-0097,42,8,8,0,15,40,10,20,1.3,IN_STOCK,2026-02-12T10:00:00Z,2026-03-22T10:00:00Z
INV-00919,WH-004,VAR-0097,49,10,10,0,15,40,10,20,3.5,IN_STOCK,2026-02-12T10:00:00Z,2026-03-22T10:00:00Z
INV-00920,WH-005,VAR-0097,32,3,3,0,15,40,10,20,2.2,IN_STOCK,2026-02-12T10:00:00Z,2026-03-22T10:00:00Z
INV-00921,WH-002,VAR-0098,47,5,5,0,15,40,10,20,4.9,IN_STOCK,2026-02-12T10:00:00Z,2026-03-22T10:00:00Z
INV-00922,WH-003,VAR-0098,24,10,10,0,15,40,10,20,2.3,IN_STOCK,2026-02-12T10:00:00Z,2026-03-22T10:00:00Z
INV-00923,WH-004,VAR-0098,52,12,12,0,15,40,10,20,4.1,IN_STOCK,2026-02-12T10:00:00Z,2026-03-22T10:00:00Z
INV-00924,WH-005,VAR-0098,56,12,12,0,15,40,10,20,3.6,IN_STOCK,2026-02-12T10:00:00Z,2026-03-22T10:00:00Z
INV-00925,WH-002,VAR-0099,34,8,8,0,15,40,10,20,3.9,IN_STOCK,2026-02-12T10:00:00Z,2026-03-22T10:00:00Z
INV-00926,WH-003,VAR-0099,30,2,2,0,15,40,10,20,2.0,IN_STOCK,2026-02-12T10:00:00Z,2026-03-22T10:00:00Z
INV-00927,WH-004,VAR-0099,42,3,3,0,15,40,10,20,2.8,IN_STOCK,2026-02-12T10:00:00Z,2026-03-22T10:00:00Z
INV-00928,WH-005,VAR-0099,53,2,2,0,15,40,10,20,2.2,IN_STOCK,2026-02-12T10:00:00Z,2026-03-22T10:00:00Z
INV-00929,WH-002,VAR-0100,62,12,12,0,15,40,10,20,4.0,IN_STOCK,2026-02-12T10:00:00Z,2026-03-22T10:00:00Z
INV-00930,WH-003,VAR-0100,22,2,2,0,15,40,10,20,3.8,IN_STOCK,2026-02-12T10:00:00Z,2026-03-22T10:00:00Z
INV-00931,WH-004,VAR-0100,59,2,2,0,15,40,10,20,1.7,IN_STOCK,2026-02-12T10:00:00Z,2026-03-22T10:00:00Z
INV-00932,WH-005,VAR-0100,37,10,10,0,15,40,10,20,3.1,IN_STOCK,2026-02-12T10:00:00Z,2026-03-22T10:00:00Z
INV-00933,WH-002,VAR-0101,61,6,6,0,15,40,10,20,1.7,IN_STOCK,2026-02-12T10:00:00Z,2026-03-22T10:00:00Z
INV-00934,WH-003,VAR-0101,23,6,6,0,15,40,10,20,3.9,IN_STOCK,2026-02-12T10:00:00Z,2026-03-22T10:00:00Z
INV-00935,WH-004,VAR-0101,22,2,2,0,15,40,10,20,2.3,IN_STOCK,2026-02-12T10:00:00Z,2026-03-22T10:00:00Z
INV-00936,WH-005,VAR-0101,42,6,6,0,15,40,10,20,3.1,IN_STOCK,2026-02-12T10:00:00Z,2026-03-22T10:00:00Z
INV-00937,WH-002,VAR-0102,31,11,11,0,15,40,10,20,3.5,IN_STOCK,2026-02-12T10:00:00Z,2026-03-22T10:00:00Z
INV-00938,WH-003,VAR-0102,46,9,9,0,15,40,10,20,3.0,IN_STOCK,2026-02-12T10:00:00Z,2026-03-22T10:00:00Z
INV-00939,WH-004,VAR-0102,18,9,9,0,15,40,10,20,4.4,IN_STOCK,2026-02-12T10:00:00Z,2026-03-22T10:00:00Z
INV-00940,WH-005,VAR-0102,25,7,7,0,15,40,10,20,1.6,IN_STOCK,2026-02-12T10:00:00Z,2026-03-22T10:00:00Z
INV-00941,WH-002,VAR-0103,64,3,3,0,15,40,10,20,4.6,IN_STOCK,2026-02-12T10:00:00Z,2026-03-22T10:00:00Z
INV-00942,WH-003,VAR-0103,58,3,3,0,15,40,10,20,1.9,IN_STOCK,2026-02-12T10:00:00Z,2026-03-22T10:00:00Z
INV-00943,WH-004,VAR-0103,47,2,2,0,15,40,10,20,1.2,IN_STOCK,2026-02-12T10:00:00Z,2026-03-22T10:00:00Z
INV-00944,WH-005,VAR-0103,15,5,5,0,15,40,10,20,1.2,IN_STOCK,2026-02-12T10:00:00Z,2026-03-22T10:00:00Z
INV-00945,WH-002,VAR-0104,38,8,8,0,15,40,10,20,4.7,IN_STOCK,2026-02-12T10:00:00Z,2026-03-22T10:00:00Z
INV-00946,WH-003,VAR-0104,26,2,2,0,15,40,10,20,3.2,IN_STOCK,2026-02-12T10:00:00Z,2026-03-22T10:00:00Z
INV-00947,WH-004,VAR-0104,60,12,12,0,15,40,10,20,2.7,IN_STOCK,2026-02-12T10:00:00Z,2026-03-22T10:00:00Z
INV-00948,WH-005,VAR-0104,35,5,5,0,15,40,10,20,2.7,IN_STOCK,2026-02-12T10:00:00Z,2026-03-22T10:00:00Z
INV-00949,WH-002,VAR-0105,61,7,7,0,15,40,10,20,2.1,IN_STOCK,2026-02-12T10:00:00Z,2026-03-22T10:00:00Z
INV-00950,WH-003,VAR-0105,19,11,11,0,15,40,10,20,2.5,IN_STOCK,2026-02-12T10:00:00Z,2026-03-22T10:00:00Z
INV-00951,WH-004,VAR-0105,47,12,12,0,15,40,10,20,4.6,IN_STOCK,2026-02-12T10:00:00Z,2026-03-22T10:00:00Z
INV-00952,WH-005,VAR-0105,26,5,5,0,15,40,10,20,4.2,IN_STOCK,2026-02-12T10:00:00Z,2026-03-22T10:00:00Z
INV-00953,WH-002,VAR-0106,17,8,8,0,15,40,10,20,1.3,IN_STOCK,2026-02-12T10:00:00Z,2026-03-22T10:00:00Z
INV-00954,WH-003,VAR-0106,44,6,6,0,15,40,10,20,4.1,IN_STOCK,2026-02-12T10:00:00Z,2026-03-22T10:00:00Z
INV-00955,WH-004,VAR-0106,34,7,7,0,15,40,10,20,1.3,IN_STOCK,2026-02-12T10:00:00Z,2026-03-22T10:00:00Z
INV-00956,WH-005,VAR-0106,44,2,2,0,15,40,10,20,2.5,IN_STOCK,2026-02-12T10:00:00Z,2026-03-22T10:00:00Z
INV-00957,WH-002,VAR-0107,33,11,11,0,15,40,10,20,4.1,IN_STOCK,2026-02-12T10:00:00Z,2026-03-22T10:00:00Z
INV-00958,WH-003,VAR-0107,62,11,11,0,15,40,10,20,2.0,IN_STOCK,2026-02-12T10:00:00Z,2026-03-22T10:00:00Z
INV-00959,WH-004,VAR-0107,38,11,11,0,15,40,10,20,4.9,IN_STOCK,2026-02-12T10:00:00Z,2026-03-22T10:00:00Z
INV-00960,WH-005,VAR-0107,64,5,5,0,15,40,10,20,3.9,IN_STOCK,2026-02-12T10:00:00Z,2026-03-22T10:00:00Z
INV-00961,WH-002,VAR-0108,49,5,5,0,15,40,10,20,1.6,IN_STOCK,2026-02-12T10:00:00Z,2026-03-22T10:00:00Z
INV-00962,WH-003,VAR-0108,41,2,2,0,15,40,10,20,1.9,IN_STOCK,2026-02-12T10:00:00Z,2026-03-22T10:00:00Z
INV-00963,WH-004,VAR-0108,37,12,12,0,15,40,10,20,4.4,IN_STOCK,2026-02-12T10:00:00Z,2026-03-22T10:00:00Z
INV-00964,WH-005,VAR-0108,15,7,7,0,15,40,10,20,1.0,IN_STOCK,2026-02-12T10:00:00Z,2026-03-22T10:00:00Z
INV-00965,WH-002,VAR-0109,57,8,8,0,15,40,10,20,4.4,IN_STOCK,2026-02-12T10:00:00Z,2026-03-22T10:00:00Z
INV-00966,WH-003,VAR-0109,61,6,6,0,15,40,10,20,1.4,IN_STOCK,2026-02-12T10:00:00Z,2026-03-22T10:00:00Z
INV-00967,WH-004,VAR-0109,48,5,5,0,15,40,10,20,2.7,IN_STOCK,2026-02-12T10:00:00Z,2026-03-22T10:00:00Z
INV-00968,WH-005,VAR-0109,18,4,4,0,15,40,10,20,3.8,IN_STOCK,2026-02-12T10:00:00Z,2026-03-22T10:00:00Z
INV-00969,WH-002,VAR-0110,20,2,2,0,15,40,10,20,4.7,IN_STOCK,2026-02-12T10:00:00Z,2026-03-22T10:00:00Z
INV-00970,WH-003,VAR-0110,48,8,8,0,15,40,10,20,3.8,IN_STOCK,2026-02-12T10:00:00Z,2026-03-22T10:00:00Z
INV-00971,WH-004,VAR-0110,38,9,9,0,15,40,10,20,4.9,IN_STOCK,2026-02-12T10:00:00Z,2026-03-22T10:00:00Z
INV-00972,WH-005,VAR-0110,20,11,11,0,15,40,10,20,1.4,IN_STOCK,2026-02-12T10:00:00Z,2026-03-22T10:00:00Z
INV-00973,WH-002,VAR-0111,23,12,12,0,15,40,10,20,4.3,IN_STOCK,2026-02-12T10:00:00Z,2026-03-22T10:00:00Z
INV-00974,WH-003,VAR-0111,19,11,11,0,15,40,10,20,3.3,IN_STOCK,2026-02-12T10:00:00Z,2026-03-22T10:00:00Z
INV-00975,WH-004,VAR-0111,42,12,12,0,15,40,10,20,4.9,IN_STOCK,2026-02-12T10:00:00Z,2026-03-22T10:00:00Z
INV-00976,WH-005,VAR-0111,30,6,6,0,15,40,10,20,2.0,IN_STOCK,2026-02-12T10:00:00Z,2026-03-22T10:00:00Z
INV-00977,WH-002,VAR-0112,35,8,8,0,15,40,10,20,3.8,IN_STOCK,2026-02-12T10:00:00Z,2026-03-22T10:00:00Z
INV-00978,WH-003,VAR-0112,62,7,7,0,15,40,10,20,2.3,IN_STOCK,2026-02-12T10:00:00Z,2026-03-22T10:00:00Z
INV-00979,WH-004,VAR-0112,32,5,5,0,15,40,10,20,1.3,IN_STOCK,2026-02-12T10:00:00Z,2026-03-22T10:00:00Z
INV-00980,WH-005,VAR-0112,27,4,4,0,15,40,10,20,4.1,IN_STOCK,2026-02-12T10:00:00Z,2026-03-22T10:00:00Z
INV-00981,WH-002,VAR-0113,52,3,3,0,15,40,10,20,1.6,IN_STOCK,2026-02-12T10:00:00Z,2026-03-22T10:00:00Z
INV-00982,WH-003,VAR-0113,25,9,9,0,15,40,10,20,2.9,IN_STOCK,2026-02-12T10:00:00Z,2026-03-22T10:00:00Z
INV-00983,WH-004,VAR-0113,41,3,3,0,15,40,10,20,3.1,IN_STOCK,2026-02-12T10:00:00Z,2026-03-22T10:00:00Z
INV-00984,WH-005,VAR-0113,64,5,5,0,15,40,10,20,2.8,IN_STOCK,2026-02-12T10:00:00Z,2026-03-22T10:00:00Z
INV-00985,WH-002,VAR-0114,44,6,6,0,15,40,10,20,4.4,IN_STOCK,2026-02-12T10:00:00Z,2026-03-22T10:00:00Z
INV-00986,WH-003,VAR-0114,20,4,4,0,15,40,10,20,4.2,IN_STOCK,2026-02-12T10:00:00Z,2026-03-22T10:00:00Z
INV-00987,WH-004,VAR-0114,34,11,11,0,15,40,10,20,1.2,IN_STOCK,2026-02-12T10:00:00Z,2026-03-22T10:00:00Z
INV-00988,WH-005,VAR-0114,35,4,4,0,15,40,10,20,1.4,IN_STOCK,2026-02-12T10:00:00Z,2026-03-22T10:00:00Z
INV-00989,WH-002,VAR-0115,30,7,7,0,15,40,10,20,2.6,IN_STOCK,2026-02-12T10:00:00Z,2026-03-22T10:00:00Z
INV-00990,WH-003,VAR-0115,18,12,12,0,15,40,10,20,2.2,IN_STOCK,2026-02-12T10:00:00Z,2026-03-22T10:00:00Z
INV-00991,WH-004,VAR-0115,26,2,2,0,15,40,10,20,4.8,IN_STOCK,2026-02-12T10:00:00Z,2026-03-22T10:00:00Z
INV-00992,WH-005,VAR-0115,43,10,10,0,15,40,10,20,4.0,IN_STOCK,2026-02-12T10:00:00Z,2026-03-22T10:00:00Z
INV-00993,WH-002,VAR-0116,30,3,3,0,15,40,10,20,2.8,IN_STOCK,2026-02-12T10:00:00Z,2026-03-22T10:00:00Z
INV-00994,WH-003,VAR-0116,65,4,4,0,15,40,10,20,1.5,IN_STOCK,2026-02-12T10:00:00Z,2026-03-22T10:00:00Z
INV-00995,WH-004,VAR-0116,18,5,5,0,15,40,10,20,1.5,IN_STOCK,2026-02-12T10:00:00Z,2026-03-22T10:00:00Z
INV-00996,WH-005,VAR-0116,40,7,7,0,15,40,10,20,3.7,IN_STOCK,2026-02-12T10:00:00Z,2026-03-22T10:00:00Z
INV-00997,WH-002,VAR-0117,56,3,3,0,15,40,10,20,3.3,IN_STOCK,2026-02-12T10:00:00Z,2026-03-22T10:00:00Z
INV-00998,WH-003,VAR-0117,31,3,3,0,15,40,10,20,1.1,IN_STOCK,2026-02-12T10:00:00Z,2026-03-22T10:00:00Z
INV-00999,WH-004,VAR-0117,19,5,5,0,15,40,10,20,4.6,IN_STOCK,2026-02-12T10:00:00Z,2026-03-22T10:00:00Z
INV-01000,WH-005,VAR-0117,43,4,4,0,15,40,10,20,1.4,IN_STOCK,2026-02-12T10:00:00Z,2026-03-22T10:00:00Z
INV-01001,WH-002,VAR-0118,36,3,3,0,15,40,10,20,1.2,IN_STOCK,2026-02-12T10:00:00Z,2026-03-22T10:00:00Z
INV-01002,WH-003,VAR-0118,44,2,2,0,15,40,10,20,1.7,IN_STOCK,2026-02-12T10:00:00Z,2026-03-22T10:00:00Z
INV-01003,WH-004,VAR-0118,51,8,8,0,15,40,10,20,4.3,IN_STOCK,2026-02-12T10:00:00Z,2026-03-22T10:00:00Z
INV-01004,WH-005,VAR-0118,40,9,9,0,15,40,10,20,1.1,IN_STOCK,2026-02-12T10:00:00Z,2026-03-22T10:00:00Z
INV-01005,WH-002,VAR-0119,58,8,8,0,15,40,10,20,1.7,IN_STOCK,2026-02-12T10:00:00Z,2026-03-22T10:00:00Z
INV-01006,WH-003,VAR-0119,28,4,4,0,15,40,10,20,2.1,IN_STOCK,2026-02-12T10:00:00Z,2026-03-22T10:00:00Z
INV-01007,WH-004,VAR-0119,43,4,4,0,15,40,10,20,1.1,IN_STOCK,2026-02-12T10:00:00Z,2026-03-22T10:00:00Z
INV-01008,WH-005,VAR-0119,54,11,11,0,15,40,10,20,2.0,IN_STOCK,2026-02-12T10:00:00Z,2026-03-22T10:00:00Z
INV-01009,WH-002,VAR-0120,33,9,9,0,15,40,10,20,2.6,IN_STOCK,2026-02-12T10:00:00Z,2026-03-22T10:00:00Z
INV-01010,WH-003,VAR-0120,50,9,9,0,15,40,10,20,1.2,IN_STOCK,2026-02-12T10:00:00Z,2026-03-22T10:00:00Z
INV-01011,WH-004,VAR-0120,32,8,8,0,15,40,10,20,1.5,IN_STOCK,2026-02-12T10:00:00Z,2026-03-22T10:00:00Z
INV-01012,WH-005,VAR-0120,27,12,12,0,15,40,10,20,4.5,IN_STOCK,2026-02-12T10:00:00Z,2026-03-22T10:00:00Z
INV-01013,WH-002,VAR-0121,48,5,5,0,15,40,10,20,3.5,IN_STOCK,2026-02-12T10:00:00Z,2026-03-22T10:00:00Z
INV-01014,WH-003,VAR-0121,49,2,2,0,15,40,10,20,5.0,IN_STOCK,2026-02-12T10:00:00Z,2026-03-22T10:00:00Z
INV-01015,WH-004,VAR-0121,65,7,7,0,15,40,10,20,2.9,IN_STOCK,2026-02-12T10:00:00Z,2026-03-22T10:00:00Z
INV-01016,WH-005,VAR-0121,65,9,9,0,15,40,10,20,2.4,IN_STOCK,2026-02-12T10:00:00Z,2026-03-22T10:00:00Z
INV-01017,WH-002,VAR-0122,51,10,10,0,15,40,10,20,2.3,IN_STOCK,2026-02-12T10:00:00Z,2026-03-22T10:00:00Z
INV-01018,WH-003,VAR-0122,32,4,4,0,15,40,10,20,1.1,IN_STOCK,2026-02-12T10:00:00Z,2026-03-22T10:00:00Z
INV-01019,WH-004,VAR-0122,53,5,5,0,15,40,10,20,1.1,IN_STOCK,2026-02-12T10:00:00Z,2026-03-22T10:00:00Z
INV-01020,WH-005,VAR-0122,64,6,6,0,15,40,10,20,1.2,IN_STOCK,2026-02-12T10:00:00Z,2026-03-22T10:00:00Z
INV-01021,WH-002,VAR-0123,45,10,10,0,15,40,10,20,2.4,IN_STOCK,2026-02-12T10:00:00Z,2026-03-22T10:00:00Z
INV-01022,WH-003,VAR-0123,52,5,5,0,15,40,10,20,4.9,IN_STOCK,2026-02-12T10:00:00Z,2026-03-22T10:00:00Z
INV-01023,WH-004,VAR-0123,21,5,5,0,15,40,10,20,3.6,IN_STOCK,2026-02-12T10:00:00Z,2026-03-22T10:00:00Z
INV-01024,WH-005,VAR-0123,32,10,10,0,15,40,10,20,4.3,IN_STOCK,2026-02-12T10:00:00Z,2026-03-22T10:00:00Z
INV-01025,WH-002,VAR-0124,62,2,2,0,15,40,10,20,4.1,IN_STOCK,2026-02-12T10:00:00Z,2026-03-22T10:00:00Z
INV-01026,WH-003,VAR-0124,29,11,11,0,15,40,10,20,4.4,IN_STOCK,2026-02-12T10:00:00Z,2026-03-22T10:00:00Z
INV-01027,WH-004,VAR-0124,39,7,7,0,15,40,10,20,4.7,IN_STOCK,2026-02-12T10:00:00Z,2026-03-22T10:00:00Z
INV-01028,WH-005,VAR-0124,26,4,4,0,15,40,10,20,1.9,IN_STOCK,2026-02-12T10:00:00Z,2026-03-22T10:00:00Z
INV-01029,WH-002,VAR-0125,35,7,7,0,15,40,10,20,4.7,IN_STOCK,2026-02-12T10:00:00Z,2026-03-22T10:00:00Z
INV-01030,WH-003,VAR-0125,16,7,7,0,15,40,10,20,4.8,IN_STOCK,2026-02-12T10:00:00Z,2026-03-22T10:00:00Z
INV-01031,WH-004,VAR-0125,51,4,4,0,15,40,10,20,3.3,IN_STOCK,2026-02-12T10:00:00Z,2026-03-22T10:00:00Z
INV-01032,WH-005,VAR-0125,27,9,9,0,15,40,10,20,3.2,IN_STOCK,2026-02-12T10:00:00Z,2026-03-22T10:00:00Z
INV-01033,WH-002,VAR-0126,26,9,9,0,15,40,10,20,1.2,IN_STOCK,2026-02-12T10:00:00Z,2026-03-22T10:00:00Z
INV-01034,WH-003,VAR-0126,18,5,5,0,15,40,10,20,3.4,IN_STOCK,2026-02-12T10:00:00Z,2026-03-22T10:00:00Z
INV-01035,WH-004,VAR-0126,16,10,10,0,15,40,10,20,2.9,IN_STOCK,2026-02-12T10:00:00Z,2026-03-22T10:00:00Z
INV-01036,WH-005,VAR-0126,36,11,11,0,15,40,10,20,1.8,IN_STOCK,2026-02-12T10:00:00Z,2026-03-22T10:00:00Z
INV-01037,WH-002,VAR-0127,23,7,7,0,15,40,10,20,3.9,IN_STOCK,2026-02-12T10:00:00Z,2026-03-22T10:00:00Z
INV-01038,WH-003,VAR-0127,35,2,2,0,15,40,10,20,1.1,IN_STOCK,2026-02-12T10:00:00Z,2026-03-22T10:00:00Z
INV-01039,WH-004,VAR-0127,52,4,4,0,15,40,10,20,4.1,IN_STOCK,2026-02-12T10:00:00Z,2026-03-22T10:00:00Z
INV-01040,WH-005,VAR-0127,48,7,7,0,15,40,10,20,4.8,IN_STOCK,2026-02-12T10:00:00Z,2026-03-22T10:00:00Z
INV-01041,WH-002,VAR-0128,38,12,12,0,15,40,10,20,2.6,IN_STOCK,2026-02-12T10:00:00Z,2026-03-22T10:00:00Z
INV-01042,WH-003,VAR-0128,21,7,7,0,15,40,10,20,2.2,IN_STOCK,2026-02-12T10:00:00Z,2026-03-22T10:00:00Z
INV-01043,WH-004,VAR-0128,23,4,4,0,15,40,10,20,3.9,IN_STOCK,2026-02-12T10:00:00Z,2026-03-22T10:00:00Z
INV-01044,WH-005,VAR-0128,42,12,12,0,15,40,10,20,4.8,IN_STOCK,2026-02-12T10:00:00Z,2026-03-22T10:00:00Z
INV-01045,WH-002,VAR-0129,56,7,7,0,15,40,10,20,1.7,IN_STOCK,2026-02-12T10:00:00Z,2026-03-22T10:00:00Z
INV-01046,WH-003,VAR-0129,50,11,11,0,15,40,10,20,4.1,IN_STOCK,2026-02-12T10:00:00Z,2026-03-22T10:00:00Z
INV-01047,WH-004,VAR-0129,29,12,12,0,15,40,10,20,3.4,IN_STOCK,2026-02-12T10:00:00Z,2026-03-22T10:00:00Z
INV-01048,WH-005,VAR-0129,26,8,8,0,15,40,10,20,2.2,IN_STOCK,2026-02-12T10:00:00Z,2026-03-22T10:00:00Z
INV-01049,WH-002,VAR-0130,59,6,6,0,15,40,10,20,1.5,IN_STOCK,2026-02-12T10:00:00Z,2026-03-22T10:00:00Z
INV-01050,WH-003,VAR-0130,61,2,2,0,15,40,10,20,4.8,IN_STOCK,2026-02-12T10:00:00Z,2026-03-22T10:00:00Z
INV-01051,WH-004,VAR-0130,51,8,8,0,15,40,10,20,4.4,IN_STOCK,2026-02-12T10:00:00Z,2026-03-22T10:00:00Z
INV-01052,WH-005,VAR-0130,64,11,11,0,15,40,10,20,1.1,IN_STOCK,2026-02-12T10:00:00Z,2026-03-22T10:00:00Z
INV-01053,WH-002,VAR-0131,53,7,7,0,15,40,10,20,4.7,IN_STOCK,2026-02-12T10:00:00Z,2026-03-22T10:00:00Z
INV-01054,WH-003,VAR-0131,54,5,5,0,15,40,10,20,3.6,IN_STOCK,2026-02-12T10:00:00Z,2026-03-22T10:00:00Z
INV-01055,WH-004,VAR-0131,21,9,9,0,15,40,10,20,1.6,IN_STOCK,2026-02-12T10:00:00Z,2026-03-22T10:00:00Z
INV-01056,WH-005,VAR-0131,62,3,3,0,15,40,10,20,2.0,IN_STOCK,2026-02-12T10:00:00Z,2026-03-22T10:00:00Z
INV-01057,WH-002,VAR-0132,35,4,4,0,15,40,10,20,3.5,IN_STOCK,2026-02-12T10:00:00Z,2026-03-22T10:00:00Z
INV-01058,WH-003,VAR-0132,20,12,12,0,15,40,10,20,3.6,IN_STOCK,2026-02-12T10:00:00Z,2026-03-22T10:00:00Z
INV-01059,WH-004,VAR-0132,36,9,9,0,15,40,10,20,1.0,IN_STOCK,2026-02-12T10:00:00Z,2026-03-22T10:00:00Z
INV-01060,WH-005,VAR-0132,28,5,5,0,15,40,10,20,3.8,IN_STOCK,2026-02-12T10:00:00Z,2026-03-22T10:00:00Z
INV-01061,WH-002,VAR-0133,37,6,6,0,15,40,10,20,4.1,IN_STOCK,2026-02-12T10:00:00Z,2026-03-22T10:00:00Z
INV-01062,WH-003,VAR-0133,61,2,2,0,15,40,10,20,1.2,IN_STOCK,2026-02-12T10:00:00Z,2026-03-22T10:00:00Z
INV-01063,WH-004,VAR-0133,43,8,8,0,15,40,10,20,4.9,IN_STOCK,2026-02-12T10:00:00Z,2026-03-22T10:00:00Z
INV-01064,WH-005,VAR-0133,41,9,9,0,15,40,10,20,4.5,IN_STOCK,2026-02-12T10:00:00Z,2026-03-22T10:00:00Z
INV-01065,WH-002,VAR-0134,37,10,10,0,15,40,10,20,2.5,IN_STOCK,2026-02-12T10:00:00Z,2026-03-22T10:00:00Z
INV-01066,WH-003,VAR-0134,45,11,11,0,15,40,10,20,3.6,IN_STOCK,2026-02-12T10:00:00Z,2026-03-22T10:00:00Z
INV-01067,WH-004,VAR-0134,58,5,5,0,15,40,10,20,1.7,IN_STOCK,2026-02-12T10:00:00Z,2026-03-22T10:00:00Z
INV-01068,WH-005,VAR-0134,19,2,2,0,15,40,10,20,2.2,IN_STOCK,2026-02-12T10:00:00Z,2026-03-22T10:00:00Z
INV-01069,WH-002,VAR-0135,35,6,6,0,15,40,10,20,4.8,IN_STOCK,2026-02-12T10:00:00Z,2026-03-22T10:00:00Z
INV-01070,WH-003,VAR-0135,19,7,7,0,15,40,10,20,1.7,IN_STOCK,2026-02-12T10:00:00Z,2026-03-22T10:00:00Z
INV-01071,WH-004,VAR-0135,39,4,4,0,15,40,10,20,3.9,IN_STOCK,2026-02-12T10:00:00Z,2026-03-22T10:00:00Z
INV-01072,WH-005,VAR-0135,50,3,3,0,15,40,10,20,2.4,IN_STOCK,2026-02-12T10:00:00Z,2026-03-22T10:00:00Z
