price_list_id,price_list_name,customer_tier,currency,product_variant_id,unit_price,minimum_quantity,effective_from,effective_to,status
PL-STD,Standard Commercial Price List,Standard,INR,VAR-0001,74500.00,1,2026-01-01,2026-12-31,ACTIVE
PL-STD,Standard Commercial Price List,Standard,INR,VAR-0002,90500.00,1,2026-01-01,2026-12-31,ACTIVE
PL-STD,Standard Commercial Price List,Standard,INR,VAR-0003,105000.00,1,2026-01-01,2026-12-31,ACTIVE
PL-STD,Standard Commercial Price List,Standard,INR,VAR-0004,129000.00,1,2026-01-01,2026-12-31,ACTIVE
PL-STD,Standard Commercial Price List,Standard,INR,VAR-0005,52000.00,1,2026-01-01,2026-12-31,ACTIVE
PL-STD,Standard Commercial Price List,Standard,INR,VAR-0006,63000.00,1,2026-01-01,2026-12-31,ACTIVE
PL-STD,Standard Commercial Price List,Standard,INR,VAR-0007,186000.00,1,2026-01-01,2026-12-31,ACTIVE
PL-STD,Standard Commercial Price List,Standard,INR,VAR-0008,218000.00,1,2026-01-01,2026-12-31,ACTIVE
PL-STD,Standard Commercial Price List,Standard,INR,VAR-0009,79000.00,1,2026-01-01,2026-12-31,ACTIVE
PL-STD,Standard Commercial Price List,Standard,INR,VAR-0010,97000.00,1,2026-01-01,2026-12-31,ACTIVE
PL-STD,Standard Commercial Price List,Standard,INR,VAR-0011,154000.00,1,2026-01-01,2026-12-31,ACTIVE
PL-STD,Standard Commercial Price List,Standard,INR,VAR-0012,190000.00,1,2026-01-01,2026-12-31,ACTIVE
PL-STD,Standard Commercial Price List,Standard,INR,VAR-0013,222000.00,1,2026-01-01,2026-12-31,ACTIVE
PL-STD,Standard Commercial Price List,Standard,INR,VAR-0014,290000.00,1,2026-01-01,2026-12-31,ACTIVE
PL-STD,Standard Commercial Price List,Standard,INR,VAR-0015,86500.00,1,2026-01-01,2026-12-31,ACTIVE
PL-STD,Standard Commercial Price List,Standard,INR,VAR-0016,104500.00,1,2026-01-01,2026-12-31,ACTIVE
PL-STD,Standard Commercial Price List,Standard,INR,VAR-0017,57500.00,1,2026-01-01,2026-12-31,ACTIVE
PL-STD,Standard Commercial Price List,Standard,INR,VAR-0018,68000.00,1,2026-01-01,2026-12-31,ACTIVE
PL-STD,Standard Commercial Price List,Standard,INR,VAR-0019,146000.00,1,2026-01-01,2026-12-31,ACTIVE
PL-STD,Standard Commercial Price List,Standard,INR,VAR-0020,184000.00,1,2026-01-01,2026-12-31,ACTIVE
PL-STD,Standard Commercial Price List,Standard,INR,VAR-0021,199900.00,1,2026-01-01,2026-12-31,ACTIVE
PL-STD,Standard Commercial Price List,Standard,INR,VAR-0022,237900.00,1,2026-01-01,2026-12-31,ACTIVE
PL-STD,Standard Commercial Price List,Standard,INR,VAR-0023,349900.00,1,2026-01-01,2026-12-31,ACTIVE
PL-STD,Standard Commercial Price List,Standard,INR,VAR-0024,391900.00,1,2026-01-01,2026-12-31,ACTIVE
PL-STD,Standard Commercial Price List,Standard,INR,VAR-0025,114900.00,1,2026-01-01,2026-12-31,ACTIVE
PL-STD,Standard Commercial Price List,Standard,INR,VAR-0026,131900.00,1,2026-01-01,2026-12-31,ACTIVE
PL-STD,Standard Commercial Price List,Standard,INR,VAR-0027,142000.00,1,2026-01-01,2026-12-31,ACTIVE
PL-STD,Standard Commercial Price List,Standard,INR,VAR-0028,168000.00,1,2026-01-01,2026-12-31,ACTIVE
PL-STD,Standard Commercial Price List,Standard,INR,VAR-0029,77000.00,1,2026-01-01,2026-12-31,ACTIVE
PL-STD,Standard Commercial Price List,Standard,INR,VAR-0030,94000.00,1,2026-01-01,2026-12-31,ACTIVE
PL-STD,Standard Commercial Price List,Standard,INR,VAR-0031,51000.00,1,2026-01-01,2026-12-31,ACTIVE
PL-STD,Standard Commercial Price List,Standard,INR,VAR-0032,67000.00,1,2026-01-01,2026-12-31,ACTIVE
PL-STD,Standard Commercial Price List,Standard,INR,VAR-0033,55500.00,1,2026-01-01,2026-12-31,ACTIVE
PL-STD,Standard Commercial Price List,Standard,INR,VAR-0034,70500.00,1,2026-01-01,2026-12-31,ACTIVE
PL-STD,Standard Commercial Price List,Standard,INR,VAR-0035,82000.00,1,2026-01-01,2026-12-31,ACTIVE
PL-STD,Standard Commercial Price List,Standard,INR,VAR-0036,102000.00,1,2026-01-01,2026-12-31,ACTIVE
PL-STD,Standard Commercial Price List,Standard,INR,VAR-0037,52500.00,1,2026-01-01,2026-12-31,ACTIVE
PL-STD,Standard Commercial Price List,Standard,INR,VAR-0038,68500.00,1,2026-01-01,2026-12-31,ACTIVE
PL-STD,Standard Commercial Price List,Standard,INR,VAR-0039,54000.00,1,2026-01-01,2026-12-31,ACTIVE
PL-STD,Standard Commercial Price List,Standard,INR,VAR-0040,69500.00,1,2026-01-01,2026-12-31,ACTIVE
PL-STD,Standard Commercial Price List,Standard,INR,VAR-0041,209900.00,1,2026-01-01,2026-12-31,ACTIVE
PL-STD,Standard Commercial Price List,Standard,INR,VAR-0042,247900.00,1,2026-01-01,2026-12-31,ACTIVE
PL-STD,Standard Commercial Price List,Standard,INR,VAR-0043,138000.00,1,2026-01-01,2026-12-31,ACTIVE
PL-STD,Standard Commercial Price List,Standard,INR,VAR-0044,213000.00,1,2026-01-01,2026-12-31,ACTIVE
PL-STD,Standard Commercial Price List,Standard,INR,VAR-0045,288000.00,1,2026-01-01,2026-12-31,ACTIVE
PL-STD,Standard Commercial Price List,Standard,INR,VAR-0046,418000.00,1,2026-01-01,2026-12-31,ACTIVE
PL-STD,Standard Commercial Price List,Standard,INR,VAR-0047,624000.00,1,2026-01-01,2026-12-31,ACTIVE
PL-STD,Standard Commercial Price List,Standard,INR,VAR-0048,1004000.00,1,2026-01-01,2026-12-31,ACTIVE
PL-STD,Standard Commercial Price List,Standard,INR,VAR-0049,234000.00,1,2026-01-01,2026-12-31,ACTIVE
PL-STD,Standard Commercial Price List,Standard,INR,VAR-0050,302000.00,1,2026-01-01,2026-12-31,ACTIVE
PL-STD,Standard Commercial Price List,Standard,INR,VAR-0051,252000.00,1,2026-01-01,2026-12-31,ACTIVE
PL-STD,Standard Commercial Price List,Standard,INR,VAR-0052,372000.00,1,2026-01-01,2026-12-31,ACTIVE
PL-STD,Standard Commercial Price List,Standard,INR,VAR-0053,336000.00,1,2026-01-01,2026-12-31,ACTIVE
PL-STD,Standard Commercial Price List,Standard,INR,VAR-0054,446000.00,1,2026-01-01,2026-12-31,ACTIVE
PL-STD,Standard Commercial Price List,Standard,INR,VAR-0055,468000.00,1,2026-01-01,2026-12-31,ACTIVE
PL-STD,Standard Commercial Price List,Standard,INR,VAR-0056,643000.00,1,2026-01-01,2026-12-31,ACTIVE
PL-STD,Standard Commercial Price List,Standard,INR,VAR-0057,462000.00,1,2026-01-01,2026-12-31,ACTIVE
PL-STD,Standard Commercial Price List,Standard,INR,VAR-0058,597000.00,1,2026-01-01,2026-12-31,ACTIVE
PL-STD,Standard Commercial Price List,Standard,INR,VAR-0059,348000.00,1,2026-01-01,2026-12-31,ACTIVE
PL-STD,Standard Commercial Price List,Standard,INR,VAR-0060,443000.00,1,2026-01-01,2026-12-31,ACTIVE
PL-STD,Standard Commercial Price List,Standard,INR,VAR-0061,432000.00,1,2026-01-01,2026-12-31,ACTIVE
PL-STD,Standard Commercial Price List,Standard,INR,VAR-0062,572000.00,1,2026-01-01,2026-12-31,ACTIVE
PL-STD,Standard Commercial Price List,Standard,INR,VAR-0063,174000.00,1,2026-01-01,2026-12-31,ACTIVE
PL-STD,Standard Commercial Price List,Standard,INR,VAR-0064,216000.00,1,2026-01-01,2026-12-31,ACTIVE
PL-STD,Standard Commercial Price List,Standard,INR,VAR-0065,134900.00,1,2026-01-01,2026-12-31,ACTIVE
PL-STD,Standard Commercial Price List,Standard,INR,VAR-0066,144900.00,1,2026-01-01,2026-12-31,ACTIVE
PL-STD,Standard Commercial Price List,Standard,INR,VAR-0067,164900.00,1,2026-01-01,2026-12-31,ACTIVE
PL-STD,Standard Commercial Price List,Standard,INR,VAR-0068,159900.00,1,2026-01-01,2026-12-31,ACTIVE
PL-STD,Standard Commercial Price List,Standard,INR,VAR-0069,179900.00,1,2026-01-01,2026-12-31,ACTIVE
PL-STD,Standard Commercial Price List,Standard,INR,VAR-0070,79900.00,1,2026-01-01,2026-12-31,ACTIVE
PL-STD,Standard Commercial Price List,Standard,INR,VAR-0071,89900.00,1,2026-01-01,2026-12-31,ACTIVE
PL-STD,Standard Commercial Price List,Standard,INR,VAR-0072,129999.00,1,2026-01-01,2026-12-31,ACTIVE
PL-STD,Standard Commercial Price List,Standard,INR,VAR-0073,139999.00,1,2026-01-01,2026-12-31,ACTIVE
PL-STD,Standard Commercial Price List,Standard,INR,VAR-0074,99999.00,1,2026-01-01,2026-12-31,ACTIVE
PL-STD,Standard Commercial Price List,Standard,INR,VAR-0075,109999.00,1,2026-01-01,2026-12-31,ACTIVE
PL-STD,Standard Commercial Price List,Standard,INR,VAR-0076,79999.00,1,2026-01-01,2026-12-31,ACTIVE
PL-STD,Standard Commercial Price List,Standard,INR,VAR-0077,84999.00,1,2026-01-01,2026-12-31,ACTIVE
PL-STD,Standard Commercial Price List,Standard,INR,VAR-0078,39999.00,1,2026-01-01,2026-12-31,ACTIVE
PL-STD,Standard Commercial Price List,Standard,INR,VAR-0079,42999.00,1,2026-01-01,2026-12-31,ACTIVE
PL-STD,Standard Commercial Price List,Standard,INR,VAR-0080,52999.00,1,2026-01-01,2026-12-31,ACTIVE
PL-STD,Standard Commercial Price List,Standard,INR,VAR-0081,106999.00,1,2026-01-01,2026-12-31,ACTIVE
PL-STD,Standard Commercial Price List,Standard,INR,VAR-0082,113999.00,1,2026-01-01,2026-12-31,ACTIVE
PL-STD,Standard Commercial Price List,Standard,INR,VAR-0083,75999.00,1,2026-01-01,2026-12-31,ACTIVE
PL-STD,Standard Commercial Price List,Standard,INR,VAR-0084,81999.00,1,2026-01-01,2026-12-31,ACTIVE
PL-STD,Standard Commercial Price List,Standard,INR,VAR-0085,64999.00,1,2026-01-01,2026-12-31,ACTIVE
PL-STD,Standard Commercial Price List,Standard,INR,VAR-0086,69999.00,1,2026-01-01,2026-12-31,ACTIVE
PL-STD,Standard Commercial Price List,Standard,INR,VAR-0087,39900.00,1,2026-01-01,2026-12-31,ACTIVE
PL-STD,Standard Commercial Price List,Standard,INR,VAR-0088,60900.00,1,2026-01-01,2026-12-31,ACTIVE
PL-STD,Standard Commercial Price List,Standard,INR,VAR-0089,59900.00,1,2026-01-01,2026-12-31,ACTIVE
PL-STD,Standard Commercial Price List,Standard,INR,VAR-0090,80900.00,1,2026-01-01,2026-12-31,ACTIVE
PL-STD,Standard Commercial Price List,Standard,INR,VAR-0091,99900.00,1,2026-01-01,2026-12-31,ACTIVE
PL-STD,Standard Commercial Price List,Standard,INR,VAR-0092,129900.00,1,2026-01-01,2026-12-31,ACTIVE
PL-STD,Standard Commercial Price List,Standard,INR,VAR-0093,72999.00,1,2026-01-01,2026-12-31,ACTIVE
PL-STD,Standard Commercial Price List,Standard,INR,VAR-0094,80999.00,1,2026-01-01,2026-12-31,ACTIVE
PL-STD,Standard Commercial Price List,Standard,INR,VAR-0095,63000.00,1,2026-01-01,2026-12-31,ACTIVE
PL-STD,Standard Commercial Price List,Standard,INR,VAR-0096,69000.00,1,2026-01-01,2026-12-31,ACTIVE
PL-STD,Standard Commercial Price List,Standard,INR,VAR-0097,175000.00,1,2026-01-01,2026-12-31,ACTIVE
PL-STD,Standard Commercial Price List,Standard,INR,VAR-0098,213000.00,1,2026-01-01,2026-12-31,ACTIVE
PL-STD,Standard Commercial Price List,Standard,INR,VAR-0099,282000.00,1,2026-01-01,2026-12-31,ACTIVE
PL-STD,Standard Commercial Price List,Standard,INR,VAR-0100,327000.00,1,2026-01-01,2026-12-31,ACTIVE
PL-STD,Standard Commercial Price List,Standard,INR,VAR-0101,89000.00,1,2026-01-01,2026-12-31,ACTIVE
PL-STD,Standard Commercial Price List,Standard,INR,VAR-0102,117000.00,1,2026-01-01,2026-12-31,ACTIVE
PL-STD,Standard Commercial Price List,Standard,INR,VAR-0103,226000.00,1,2026-01-01,2026-12-31,ACTIVE
PL-STD,Standard Commercial Price List,Standard,INR,VAR-0104,258000.00,1,2026-01-01,2026-12-31,ACTIVE
PL-STD,Standard Commercial Price List,Standard,INR,VAR-0105,65500.00,1,2026-01-01,2026-12-31,ACTIVE
PL-STD,Standard Commercial Price List,Standard,INR,VAR-0106,70000.00,1,2026-01-01,2026-12-31,ACTIVE
PL-STD,Standard Commercial Price List,Standard,INR,VAR-0107,69900.00,1,2026-01-01,2026-12-31,ACTIVE
PL-STD,Standard Commercial Price List,Standard,INR,VAR-0108,97900.00,1,2026-01-01,2026-12-31,ACTIVE
PL-STD,Standard Commercial Price List,Standard,INR,VAR-0109,222000.00,1,2026-01-01,2026-12-31,ACTIVE
PL-STD,Standard Commercial Price List,Standard,INR,VAR-0110,297000.00,1,2026-01-01,2026-12-31,ACTIVE
PL-STD,Standard Commercial Price List,Standard,INR,VAR-0111,43500.00,1,2026-01-01,2026-12-31,ACTIVE
PL-STD,Standard Commercial Price List,Standard,INR,VAR-0112,45700.00,1,2026-01-01,2026-12-31,ACTIVE
PL-STD,Standard Commercial Price List,Standard,INR,VAR-0113,17800.00,1,2026-01-01,2026-12-31,ACTIVE
PL-STD,Standard Commercial Price List,Standard,INR,VAR-0114,19600.00,1,2026-01-01,2026-12-31,ACTIVE
PL-STD,Standard Commercial Price List,Standard,INR,VAR-0115,58000.00,1,2026-01-01,2026-12-31,ACTIVE
PL-STD,Standard Commercial Price List,Standard,INR,VAR-0116,114000.00,1,2026-01-01,2026-12-31,ACTIVE
PL-STD,Standard Commercial Price List,Standard,INR,VAR-0117,186000.00,1,2026-01-01,2026-12-31,ACTIVE
PL-STD,Standard Commercial Price List,Standard,INR,VAR-0118,331000.00,1,2026-01-01,2026-12-31,ACTIVE
PL-STD,Standard Commercial Price List,Standard,INR,VAR-0119,27500.00,1,2026-01-01,2026-12-31,ACTIVE
PL-STD,Standard Commercial Price List,Standard,INR,VAR-0120,46500.00,1,2026-01-01,2026-12-31,ACTIVE
PL-STD,Standard Commercial Price List,Standard,INR,VAR-0121,47000.00,1,2026-01-01,2026-12-31,ACTIVE
PL-STD,Standard Commercial Price List,Standard,INR,VAR-0122,83000.00,1,2026-01-01,2026-12-31,ACTIVE
PL-STD,Standard Commercial Price List,Standard,INR,VAR-0123,29500.00,1,2026-01-01,2026-12-31,ACTIVE
PL-STD,Standard Commercial Price List,Standard,INR,VAR-0124,33500.00,1,2026-01-01,2026-12-31,ACTIVE
PL-STD,Standard Commercial Price List,Standard,INR,VAR-0125,39000.00,1,2026-01-01,2026-12-31,ACTIVE
PL-STD,Standard Commercial Price List,Standard,INR,VAR-0126,41500.00,1,2026-01-01,2026-12-31,ACTIVE
PL-STD,Standard Commercial Price List,Standard,INR,VAR-0127,50000.00,1,2026-01-01,2026-12-31,ACTIVE
PL-STD,Standard Commercial Price List,Standard,INR,VAR-0128,107000.00,1,2026-01-01,2026-12-31,ACTIVE
PL-STD,Standard Commercial Price List,Standard,INR,VAR-0129,125000.00,1,2026-01-01,2026-12-31,ACTIVE
PL-STD,Standard Commercial Price List,Standard,INR,VAR-0130,198000.00,1,2026-01-01,2026-12-31,ACTIVE
PL-STD,Standard Commercial Price List,Standard,INR,VAR-0131,338000.00,1,2026-01-01,2026-12-31,ACTIVE
PL-STD,Standard Commercial Price List,Standard,INR,VAR-0132,99500.00,1,2026-01-01,2026-12-31,ACTIVE
PL-STD,Standard Commercial Price List,Standard,INR,VAR-0133,141500.00,1,2026-01-01,2026-12-31,ACTIVE
PL-STD,Standard Commercial Price List,Standard,INR,VAR-0134,96000.00,1,2026-01-01,2026-12-31,ACTIVE
PL-STD,Standard Commercial Price List,Standard,INR,VAR-0135,108000.00,1,2026-01-01,2026-12-31,ACTIVE
PL-STD,Standard Commercial Price List,Standard,INR,VAR-0136,15200.00,1,2026-01-01,2026-12-31,ACTIVE
PL-STD,Standard Commercial Price List,Standard,INR,VAR-0137,19400.00,1,2026-01-01,2026-12-31,ACTIVE
PL-STD,Standard Commercial Price List,Standard,INR,VAR-0138,34500.00,1,2026-01-01,2026-12-31,ACTIVE
PL-STD,Standard Commercial Price List,Standard,INR,VAR-0139,41500.00,1,2026-01-01,2026-12-31,ACTIVE
PL-STD,Standard Commercial Price List,Standard,INR,VAR-0140,56000.00,1,2026-01-01,2026-12-31,ACTIVE
PL-STD,Standard Commercial Price List,Standard,INR,VAR-0141,77500.00,1,2026-01-01,2026-12-31,ACTIVE
PL-STD,Standard Commercial Price List,Standard,INR,VAR-0142,87000.00,1,2026-01-01,2026-12-31,ACTIVE
PL-STD,Standard Commercial Price List,Standard,INR,VAR-0143,14400.00,1,2026-01-01,2026-12-31,ACTIVE
PL-STD,Standard Commercial Price List,Standard,INR,VAR-0144,32500.00,1,2026-01-01,2026-12-31,ACTIVE
PL-STD,Standard Commercial Price List,Standard,INR,VAR-0145,139999.00,1,2026-01-01,2026-12-31,ACTIVE
PL-STD,Standard Commercial Price List,Standard,INR,VAR-0146,94000.00,1,2026-01-01,2026-12-31,ACTIVE
PL-STD,Standard Commercial Price List,Standard,INR,VAR-0147,108000.00,1,2026-01-01,2026-12-31,ACTIVE
PL-STD,Standard Commercial Price List,Standard,INR,VAR-0148,82500.00,1,2026-01-01,2026-12-31,ACTIVE
PL-STD,Standard Commercial Price List,Standard,INR,VAR-0149,63000.00,1,2026-01-01,2026-12-31,ACTIVE
PL-STD,Standard Commercial Price List,Standard,INR,VAR-0150,68000.00,1,2026-01-01,2026-12-31,ACTIVE
PL-STD,Standard Commercial Price List,Standard,INR,VAR-0151,14500.00,1,2026-01-01,2026-12-31,ACTIVE
PL-STD,Standard Commercial Price List,Standard,INR,VAR-0152,26000.00,1,2026-01-01,2026-12-31,ACTIVE
PL-STD,Standard Commercial Price List,Standard,INR,VAR-0153,13800.00,1,2026-01-01,2026-12-31,ACTIVE
PL-STD,Standard Commercial Price List,Standard,INR,VAR-0154,14200.00,1,2026-01-01,2026-12-31,ACTIVE
PL-STD,Standard Commercial Price List,Standard,INR,VAR-0155,9495.00,1,2026-01-01,2026-12-31,ACTIVE
PL-STD,Standard Commercial Price List,Standard,INR,VAR-0156,8495.00,1,2026-01-01,2026-12-31,ACTIVE
PL-STD,Standard Commercial Price List,Standard,INR,VAR-0157,2995.00,1,2026-01-01,2026-12-31,ACTIVE
PL-STD,Standard Commercial Price List,Standard,INR,VAR-0158,18900.00,1,2026-01-01,2026-12-31,ACTIVE
PL-STD,Standard Commercial Price List,Standard,INR,VAR-0159,8900.00,1,2026-01-01,2026-12-31,ACTIVE
PL-STD,Standard Commercial Price List,Standard,INR,VAR-0160,7200.00,1,2026-01-01,2026-12-31,ACTIVE
PL-STD,Standard Commercial Price List,Standard,INR,VAR-0161,17500.00,1,2026-01-01,2026-12-31,ACTIVE
PL-STD,Standard Commercial Price List,Standard,INR,VAR-0162,2999.00,1,2026-01-01,2026-12-31,ACTIVE
PL-STD,Standard Commercial Price List,Standard,INR,VAR-0163,2500.00,1,2026-01-01,2026-12-31,ACTIVE
PL-STD,Standard Commercial Price List,Standard,INR,VAR-0164,5999.00,1,2026-01-01,2026-12-31,ACTIVE
PL-STD,Standard Commercial Price List,Standard,INR,VAR-0165,295000.00,1,2026-01-01,2026-12-31,ACTIVE
PL-STD,Standard Commercial Price List,Standard,INR,VAR-0166,323000.00,1,2026-01-01,2026-12-31,ACTIVE
PL-STD,Standard Commercial Price List,Standard,INR,VAR-0167,69900.00,1,2026-01-01,2026-12-31,ACTIVE
PL-STD,Standard Commercial Price List,Standard,INR,VAR-0168,27500.00,1,2026-01-01,2026-12-31,ACTIVE
PL-STD,Standard Commercial Price List,Standard,INR,VAR-0169,258000.00,1,2026-01-01,2026-12-31,ACTIVE
PL-STD,Standard Commercial Price List,Standard,INR,VAR-0170,9500.00,1,2026-01-01,2026-12-31,ACTIVE
PL-STD,Standard Commercial Price List,Standard,INR,VAR-0171,4200.00,1,2026-01-01,2026-12-31,ACTIVE
PL-STD,Standard Commercial Price List,Standard,INR,VAR-0172,89000.00,1,2026-01-01,2026-12-31,ACTIVE
PL-STD,Standard Commercial Price List,Standard,INR,VAR-0173,106000.00,1,2026-01-01,2026-12-31,ACTIVE
PL-STD,Standard Commercial Price List,Standard,INR,VAR-0174,166000.00,1,2026-01-01,2026-12-31,ACTIVE
PL-STD,Standard Commercial Price List,Standard,INR,VAR-0175,198000.00,1,2026-01-01,2026-12-31,ACTIVE
PL-STD,Standard Commercial Price List,Standard,INR,VAR-0176,62500.00,1,2026-01-01,2026-12-31,ACTIVE
PL-STD,Standard Commercial Price List,Standard,INR,VAR-0177,76500.00,1,2026-01-01,2026-12-31,ACTIVE
PL-STD,Standard Commercial Price List,Standard,INR,VAR-0178,71000.00,1,2026-01-01,2026-12-31,ACTIVE
PL-STD,Standard Commercial Price List,Standard,INR,VAR-0179,86000.00,1,2026-01-01,2026-12-31,ACTIVE
PL-STD,Standard Commercial Price List,Standard,INR,VAR-0180,138000.00,1,2026-01-01,2026-12-31,ACTIVE
PL-STD,Standard Commercial Price List,Standard,INR,VAR-0181,162000.00,1,2026-01-01,2026-12-31,ACTIVE
PL-STD,Standard Commercial Price List,Standard,INR,VAR-0182,59000.00,1,2026-01-01,2026-12-31,ACTIVE
PL-STD,Standard Commercial Price List,Standard,INR,VAR-0183,72000.00,1,2026-01-01,2026-12-31,ACTIVE
PL-STD,Standard Commercial Price List,Standard,INR,VAR-0184,77000.00,1,2026-01-01,2026-12-31,ACTIVE
PL-STD,Standard Commercial Price List,Standard,INR,VAR-0185,92000.00,1,2026-01-01,2026-12-31,ACTIVE
PL-STD,Standard Commercial Price List,Standard,INR,VAR-0186,113000.00,1,2026-01-01,2026-12-31,ACTIVE
PL-STD,Standard Commercial Price List,Standard,INR,VAR-0187,131000.00,1,2026-01-01,2026-12-31,ACTIVE
PL-STD,Standard Commercial Price List,Standard,INR,VAR-0188,198000.00,1,2026-01-01,2026-12-31,ACTIVE
PL-STD,Standard Commercial Price List,Standard,INR,VAR-0189,233000.00,1,2026-01-01,2026-12-31,ACTIVE
PL-STD,Standard Commercial Price List,Standard,INR,VAR-0190,134900.00,1,2026-01-01,2026-12-31,ACTIVE
PL-STD,Standard Commercial Price List,Standard,INR,VAR-0191,163900.00,1,2026-01-01,2026-12-31,ACTIVE
PL-STD,Standard Commercial Price List,Standard,INR,VAR-0192,86500.00,1,2026-01-01,2026-12-31,ACTIVE
PL-STD,Standard Commercial Price List,Standard,INR,VAR-0193,104500.00,1,2026-01-01,2026-12-31,ACTIVE
PL-STD,Standard Commercial Price List,Standard,INR,VAR-0194,65000.00,1,2026-01-01,2026-12-31,ACTIVE
PL-STD,Standard Commercial Price List,Standard,INR,VAR-0195,91000.00,1,2026-01-01,2026-12-31,ACTIVE
PL-STD,Standard Commercial Price List,Standard,INR,VAR-0196,67500.00,1,2026-01-01,2026-12-31,ACTIVE
PL-STD,Standard Commercial Price List,Standard,INR,VAR-0197,85500.00,1,2026-01-01,2026-12-31,ACTIVE
PL-STD,Standard Commercial Price List,Standard,INR,VAR-0198,56500.00,1,2026-01-01,2026-12-31,ACTIVE
PL-STD,Standard Commercial Price List,Standard,INR,VAR-0199,72500.00,1,2026-01-01,2026-12-31,ACTIVE
PL-STD,Standard Commercial Price List,Standard,INR,VAR-0200,59900.00,1,2026-01-01,2026-12-31,ACTIVE
PL-STD,Standard Commercial Price List,Standard,INR,VAR-0201,75900.00,1,2026-01-01,2026-12-31,ACTIVE
PL-STD,Standard Commercial Price List,Standard,INR,VAR-0202,162000.00,1,2026-01-01,2026-12-31,ACTIVE
PL-STD,Standard Commercial Price List,Standard,INR,VAR-0203,237000.00,1,2026-01-01,2026-12-31,ACTIVE
PL-STD,Standard Commercial Price List,Standard,INR,VAR-0204,105000.00,1,2026-01-01,2026-12-31,ACTIVE
PL-STD,Standard Commercial Price List,Standard,INR,VAR-0205,133000.00,1,2026-01-01,2026-12-31,ACTIVE
PL-STD,Standard Commercial Price List,Standard,INR,VAR-0206,576000.00,1,2026-01-01,2026-12-31,ACTIVE
PL-STD,Standard Commercial Price List,Standard,INR,VAR-0207,966000.00,1,2026-01-01,2026-12-31,ACTIVE
PL-STD,Standard Commercial Price List,Standard,INR,VAR-0208,270000.00,1,2026-01-01,2026-12-31,ACTIVE
PL-STD,Standard Commercial Price List,Standard,INR,VAR-0209,365000.00,1,2026-01-01,2026-12-31,ACTIVE
PL-STD,Standard Commercial Price List,Standard,INR,VAR-0210,258000.00,1,2026-01-01,2026-12-31,ACTIVE
PL-STD,Standard Commercial Price List,Standard,INR,VAR-0211,326000.00,1,2026-01-01,2026-12-31,ACTIVE
PL-STD,Standard Commercial Price List,Standard,INR,VAR-0212,816000.00,1,2026-01-01,2026-12-31,ACTIVE
PL-STD,Standard Commercial Price List,Standard,INR,VAR-0213,1566000.00,1,2026-01-01,2026-12-31,ACTIVE
PL-STD,Standard Commercial Price List,Standard,INR,VAR-0214,372000.00,1,2026-01-01,2026-12-31,ACTIVE
PL-STD,Standard Commercial Price List,Standard,INR,VAR-0215,487000.00,1,2026-01-01,2026-12-31,ACTIVE
PL-STD,Standard Commercial Price List,Standard,INR,VAR-0216,504000.00,1,2026-01-01,2026-12-31,ACTIVE
PL-STD,Standard Commercial Price List,Standard,INR,VAR-0217,684000.00,1,2026-01-01,2026-12-31,ACTIVE
PL-STD,Standard Commercial Price List,Standard,INR,VAR-0218,354000.00,1,2026-01-01,2026-12-31,ACTIVE
PL-STD,Standard Commercial Price List,Standard,INR,VAR-0219,444000.00,1,2026-01-01,2026-12-31,ACTIVE
PL-STD,Standard Commercial Price List,Standard,INR,VAR-0220,64900.00,1,2026-01-01,2026-12-31,ACTIVE
PL-STD,Standard Commercial Price List,Standard,INR,VAR-0221,73400.00,1,2026-01-01,2026-12-31,ACTIVE
PL-STD,Standard Commercial Price List,Standard,INR,VAR-0222,54999.00,1,2026-01-01,2026-12-31,ACTIVE
PL-STD,Standard Commercial Price List,Standard,INR,VAR-0223,58999.00,1,2026-01-01,2026-12-31,ACTIVE
PL-STD,Standard Commercial Price List,Standard,INR,VAR-0224,41999.00,1,2026-01-01,2026-12-31,ACTIVE
PL-STD,Standard Commercial Price List,Standard,INR,VAR-0225,41999.00,1,2026-01-01,2026-12-31,ACTIVE
PL-STD,Standard Commercial Price List,Standard,INR,VAR-0226,39999.00,1,2026-01-01,2026-12-31,ACTIVE
PL-STD,Standard Commercial Price List,Standard,INR,VAR-0227,44499.00,1,2026-01-01,2026-12-31,ACTIVE
PL-STD,Standard Commercial Price List,Standard,INR,VAR-0228,79900.00,1,2026-01-01,2026-12-31,ACTIVE
PL-STD,Standard Commercial Price List,Standard,INR,VAR-0229,100900.00,1,2026-01-01,2026-12-31,ACTIVE
PL-STD,Standard Commercial Price List,Standard,INR,VAR-0230,129900.00,1,2026-01-01,2026-12-31,ACTIVE
PL-STD,Standard Commercial Price List,Standard,INR,VAR-0231,159900.00,1,2026-01-01,2026-12-31,ACTIVE
PL-STD,Standard Commercial Price List,Standard,INR,VAR-0232,90999.00,1,2026-01-01,2026-12-31,ACTIVE
PL-STD,Standard Commercial Price List,Standard,INR,VAR-0233,100999.00,1,2026-01-01,2026-12-31,ACTIVE
PL-STD,Standard Commercial Price List,Standard,INR,VAR-0234,51999.00,1,2026-01-01,2026-12-31,ACTIVE
PL-STD,Standard Commercial Price List,Standard,INR,VAR-0235,56999.00,1,2026-01-01,2026-12-31,ACTIVE
PL-STD,Standard Commercial Price List,Standard,INR,VAR-0236,51000.00,1,2026-01-01,2026-12-31,ACTIVE
PL-STD,Standard Commercial Price List,Standard,INR,VAR-0237,112000.00,1,2026-01-01,2026-12-31,ACTIVE
PL-STD,Standard Commercial Price List,Standard,INR,VAR-0238,492000.00,1,2026-01-01,2026-12-31,ACTIVE
PL-STD,Standard Commercial Price List,Standard,INR,VAR-0239,56000.00,1,2026-01-01,2026-12-31,ACTIVE
PL-STD,Standard Commercial Price List,Standard,INR,VAR-0240,22900.00,1,2026-01-01,2026-12-31,ACTIVE
PL-STD,Standard Commercial Price List,Standard,INR,VAR-0241,408000.00,1,2026-01-01,2026-12-31,ACTIVE
PL-STD,Standard Commercial Price List,Standard,INR,VAR-0242,533000.00,1,2026-01-01,2026-12-31,ACTIVE
PL-STD,Standard Commercial Price List,Standard,INR,VAR-0243,104000.00,1,2026-01-01,2026-12-31,ACTIVE
PL-STD,Standard Commercial Price List,Standard,INR,VAR-0244,209000.00,1,2026-01-01,2026-12-31,ACTIVE
PL-STD,Standard Commercial Price List,Standard,INR,VAR-0245,456000.00,1,2026-01-01,2026-12-31,ACTIVE
PL-STD,Standard Commercial Price List,Standard,INR,VAR-0246,24500.00,1,2026-01-01,2026-12-31,ACTIVE
PL-STD,Standard Commercial Price List,Standard,INR,VAR-0247,42000.00,1,2026-01-01,2026-12-31,ACTIVE
PL-STD,Standard Commercial Price List,Standard,INR,VAR-0248,780000.00,1,2026-01-01,2026-12-31,ACTIVE
PL-STD,Standard Commercial Price List,Standard,INR,VAR-0249,20500.00,1,2026-01-01,2026-12-31,ACTIVE
PL-STD,Standard Commercial Price List,Standard,INR,VAR-0250,46000.00,1,2026-01-01,2026-12-31,ACTIVE
PL-STD,Standard Commercial Price List,Standard,INR,VAR-0251,186000.00,1,2026-01-01,2026-12-31,ACTIVE
PL-STD,Standard Commercial Price List,Standard,INR,VAR-0252,199900.00,1,2026-01-01,2026-12-31,ACTIVE
PL-STD,Standard Commercial Price List,Standard,INR,VAR-0253,18900.00,1,2026-01-01,2026-12-31,ACTIVE
PL-STD,Standard Commercial Price List,Standard,INR,VAR-0254,32000.00,1,2026-01-01,2026-12-31,ACTIVE
PL-STD,Standard Commercial Price List,Standard,INR,VAR-0255,49900.00,1,2026-01-01,2026-12-31,ACTIVE
PL-STD,Standard Commercial Price List,Standard,INR,VAR-0256,43900.00,1,2026-01-01,2026-12-31,ACTIVE
PL-STD,Standard Commercial Price List,Standard,INR,VAR-0257,235000.00,1,2026-01-01,2026-12-31,ACTIVE
PL-STD,Standard Commercial Price List,Standard,INR,VAR-0258,29500.00,1,2026-01-01,2026-12-31,ACTIVE
PL-STD,Standard Commercial Price List,Standard,INR,VAR-0259,22900.00,1,2026-01-01,2026-12-31,ACTIVE
PL-STD,Standard Commercial Price List,Standard,INR,VAR-0260,7499.00,1,2026-01-01,2026-12-31,ACTIVE
PL-STD,Standard Commercial Price List,Standard,INR,VAR-0261,2799.00,1,2026-01-01,2026-12-31,ACTIVE
PL-STD,Standard Commercial Price List,Standard,INR,VAR-0262,21500.00,1,2026-01-01,2026-12-31,ACTIVE
PL-STD,Standard Commercial Price List,Standard,INR,VAR-0263,8995.00,1,2026-01-01,2026-12-31,ACTIVE
PL-STD,Standard Commercial Price List,Standard,INR,VAR-0264,8900.00,1,2026-01-01,2026-12-31,ACTIVE
PL-STD,Standard Commercial Price List,Standard,INR,VAR-0265,3200.00,1,2026-01-01,2026-12-31,ACTIVE
PL-STD,Standard Commercial Price List,Standard,INR,VAR-0266,4999.00,1,2026-01-01,2026-12-31,ACTIVE
PL-STD,Standard Commercial Price List,Standard,INR,VAR-0267,9400.00,1,2026-01-01,2026-12-31,ACTIVE
PL-STD,Standard Commercial Price List,Standard,INR,VAR-0268,26500.00,1,2026-01-01,2026-12-31,ACTIVE
PL-STD,Standard Commercial Price List,Standard,INR,VAR-0269,2499.00,1,2026-01-01,2026-12-31,ACTIVE
PL-STD,Standard Commercial Price List,Standard,INR,VAR-0270,225000.00,1,2026-01-01,2026-12-31,ACTIVE
PL-STD,Standard Commercial Price List,Standard,INR,VAR-0271,77000.00,1,2026-01-01,2026-12-31,ACTIVE
PL-STD,Standard Commercial Price List,Standard,INR,VAR-0272,12900.00,1,2026-01-01,2026-12-31,ACTIVE
PL-STD,Standard Commercial Price List,Standard,INR,VAR-0273,168000.00,1,2026-01-01,2026-12-31,ACTIVE
PL-STD,Standard Commercial Price List,Standard,INR,VAR-0274,222000.00,1,2026-01-01,2026-12-31,ACTIVE
PL-STD,Standard Commercial Price List,Standard,INR,VAR-0275,23500.00,1,2026-01-01,2026-12-31,ACTIVE
PL-STD,Standard Commercial Price List,Standard,INR,VAR-0276,3700.00,1,2026-01-01,2026-12-31,ACTIVE
PL-STD,Standard Commercial Price List,Standard,INR,VAR-0277,6200.00,1,2026-01-01,2026-12-31,ACTIVE
PL-STD,Standard Commercial Price List,Standard,INR,VAR-0278,5500.00,1,2026-01-01,2026-12-31,ACTIVE
PL-STD,Standard Commercial Price List,Standard,INR,VAR-0279,102000.00,1,2026-01-01,2026-12-31,ACTIVE
PL-STD,Standard Commercial Price List,Standard,INR,VAR-0280,59000.00,1,2026-01-01,2026-12-31,ACTIVE
PL-STD,Standard Commercial Price List,Standard,INR,VAR-0281,1950.00,1,2026-01-01,2026-12-31,ACTIVE
PL-STD,Standard Commercial Price List,Standard,INR,VAR-0282,3200.00,1,2026-01-01,2026-12-31,ACTIVE
PL-STD,Standard Commercial Price List,Standard,INR,VAR-0283,4000.00,1,2026-01-01,2026-12-31,ACTIVE
PL-STD,Standard Commercial Price List,Standard,INR,VAR-0284,23500.00,1,2026-01-01,2026-12-31,ACTIVE
PL-STD,Standard Commercial Price List,Standard,INR,VAR-0285,29375.00,1,2026-01-01,2026-12-31,ACTIVE
PL-STD,Standard Commercial Price List,Standard,INR,VAR-0286,18500.00,1,2026-01-01,2026-12-31,ACTIVE
PL-STD,Standard Commercial Price List,Standard,INR,VAR-0287,23125.00,1,2026-01-01,2026-12-31,ACTIVE
PL-STD,Standard Commercial Price List,Standard,INR,VAR-0288,21000.00,1,2026-01-01,2026-12-31,ACTIVE
PL-STD,Standard Commercial Price List,Standard,INR,VAR-0289,26250.00,1,2026-01-01,2026-12-31,ACTIVE
PL-STD,Standard Commercial Price List,Standard,INR,VAR-0290,1800.00,1,2026-01-01,2026-12-31,ACTIVE
PL-STD,Standard Commercial Price List,Standard,INR,VAR-0291,2250.00,1,2026-01-01,2026-12-31,ACTIVE
PL-STD,Standard Commercial Price List,Standard,INR,VAR-0292,3200.00,1,2026-01-01,2026-12-31,ACTIVE
PL-STD,Standard Commercial Price List,Standard,INR,VAR-0293,4000.00,1,2026-01-01,2026-12-31,ACTIVE
PL-STD,Standard Commercial Price List,Standard,INR,VAR-0294,23500.00,1,2026-01-01,2026-12-31,ACTIVE
PL-STD,Standard Commercial Price List,Standard,INR,VAR-0295,29375.00,1,2026-01-01,2026-12-31,ACTIVE
PL-STD,Standard Commercial Price List,Standard,INR,VAR-0296,18500.00,1,2026-01-01,2026-12-31,ACTIVE
PL-STD,Standard Commercial Price List,Standard,INR,VAR-0297,23125.00,1,2026-01-01,2026-12-31,ACTIVE
PL-STD,Standard Commercial Price List,Standard,INR,VAR-0298,21000.00,1,2026-01-01,2026-12-31,ACTIVE
PL-STD,Standard Commercial Price List,Standard,INR,VAR-0299,26250.00,1,2026-01-01,2026-12-31,ACTIVE
PL-STD,Standard Commercial Price List,Standard,INR,VAR-0300,1800.00,1,2026-01-01,2026-12-31,ACTIVE
PL-STD,Standard Commercial Price List,Standard,INR,VAR-0301,2250.00,1,2026-01-01,2026-12-31,ACTIVE
PL-STD,Standard Commercial Price List,Standard,INR,VAR-0302,3200.00,1,2026-01-01,2026-12-31,ACTIVE
PL-STD,Standard Commercial Price List,Standard,INR,VAR-0303,4000.00,1,2026-01-01,2026-12-31,ACTIVE
PL-STD,Standard Commercial Price List,Standard,INR,VAR-0304,23500.00,1,2026-01-01,2026-12-31,ACTIVE
PL-STD,Standard Commercial Price List,Standard,INR,VAR-0305,29375.00,1,2026-01-01,2026-12-31,ACTIVE
PL-STD,Standard Commercial Price List,Standard,INR,VAR-0306,18500.00,1,2026-01-01,2026-12-31,ACTIVE
PL-STD,Standard Commercial Price List,Standard,INR,VAR-0307,23125.00,1,2026-01-01,2026-12-31,ACTIVE
PL-STD,Standard Commercial Price List,Standard,INR,VAR-0308,21000.00,1,2026-01-01,2026-12-31,ACTIVE
PL-STD,Standard Commercial Price List,Standard,INR,VAR-0309,26250.00,1,2026-01-01,2026-12-31,ACTIVE
PL-STD,Standard Commercial Price List,Standard,INR,VAR-0310,1800.00,1,2026-01-01,2026-12-31,ACTIVE
PL-STD,Standard Commercial Price List,Standard,INR,VAR-0311,2250.00,1,2026-01-01,2026-12-31,ACTIVE
PL-STD,Standard Commercial Price List,Standard,INR,VAR-0312,3200.00,1,2026-01-01,2026-12-31,ACTIVE
PL-STD,Standard Commercial Price List,Standard,INR,VAR-0313,4000.00,1,2026-01-01,2026-12-31,ACTIVE
PL-STD,Standard Commercial Price List,Standard,INR,VAR-0314,23500.00,1,2026-01-01,2026-12-31,ACTIVE
PL-STD,Standard Commercial Price List,Standard,INR,VAR-0315,29375.00,1,2026-01-01,2026-12-31,ACTIVE
PL-STD,Standard Commercial Price List,Standard,INR,VAR-0316,18500.00,1,2026-01-01,2026-12-31,ACTIVE
PL-STD,Standard Commercial Price List,Standard,INR,VAR-0317,23125.00,1,2026-01-01,2026-12-31,ACTIVE
PL-STD,Standard Commercial Price List,Standard,INR,VAR-0318,21000.00,1,2026-01-01,2026-12-31,ACTIVE
PL-STD,Standard Commercial Price List,Standard,INR,VAR-0319,26250.00,1,2026-01-01,2026-12-31,ACTIVE
PL-STD,Standard Commercial Price List,Standard,INR,VAR-0320,1800.00,1,2026-01-01,2026-12-31,ACTIVE
PL-STD,Standard Commercial Price List,Standard,INR,VAR-0321,2250.00,1,2026-01-01,2026-12-31,ACTIVE
PL-STD,Standard Commercial Price List,Standard,INR,VAR-0322,3200.00,1,2026-01-01,2026-12-31,ACTIVE
PL-STD,Standard Commercial Price List,Standard,INR,VAR-0323,4000.00,1,2026-01-01,2026-12-31,ACTIVE
PL-STD,Standard Commercial Price List,Standard,INR,VAR-0324,23500.00,1,2026-01-01,2026-12-31,ACTIVE
PL-STD,Standard Commercial Price List,Standard,INR,VAR-0325,29375.00,1,2026-01-01,2026-12-31,ACTIVE
PL-STD,Standard Commercial Price List,Standard,INR,VAR-0326,18500.00,1,2026-01-01,2026-12-31,ACTIVE
PL-STD,Standard Commercial Price List,Standard,INR,VAR-0327,23125.00,1,2026-01-01,2026-12-31,ACTIVE
PL-STD,Standard Commercial Price List,Standard,INR,VAR-0328,21000.00,1,2026-01-01,2026-12-31,ACTIVE
PL-STD,Standard Commercial Price List,Standard,INR,VAR-0329,26250.00,1,2026-01-01,2026-12-31,ACTIVE
PL-STD,Standard Commercial Price List,Standard,INR,VAR-0330,1800.00,1,2026-01-01,2026-12-31,ACTIVE
PL-STD,Standard Commercial Price List,Standard,INR,VAR-0331,2250.00,1,2026-01-01,2026-12-31,ACTIVE
PL-STD,Standard Commercial Price List,Standard,INR,VAR-0332,3200.00,1,2026-01-01,2026-12-31,ACTIVE
PL-STD,Standard Commercial Price List,Standard,INR,VAR-0333,4000.00,1,2026-01-01,2026-12-31,ACTIVE
PL-STD,Standard Commercial Price List,Standard,INR,VAR-0334,23500.00,1,2026-01-01,2026-12-31,ACTIVE
PL-STD,Standard Commercial Price List,Standard,INR,VAR-0335,29375.00,1,2026-01-01,2026-12-31,ACTIVE
PL-STD,Standard Commercial Price List,Standard,INR,VAR-0336,18500.00,1,2026-01-01,2026-12-31,ACTIVE
PL-STD,Standard Commercial Price List,Standard,INR,VAR-0337,23125.00,1,2026-01-01,2026-12-31,ACTIVE
PL-STD,Standard Commercial Price List,Standard,INR,VAR-0338,21000.00,1,2026-01-01,2026-12-31,ACTIVE
PL-STD,Standard Commercial Price List,Standard,INR,VAR-0339,26250.00,1,2026-01-01,2026-12-31,ACTIVE
PL-STD,Standard Commercial Price List,Standard,INR,VAR-0340,1800.00,1,2026-01-01,2026-12-31,ACTIVE
PL-STD,Standard Commercial Price List,Standard,INR,VAR-0341,2250.00,1,2026-01-01,2026-12-31,ACTIVE
PL-STD,Standard Commercial Price List,Standard,INR,VAR-0342,3200.00,1,2026-01-01,2026-12-31,ACTIVE
PL-STD,Standard Commercial Price List,Standard,INR,VAR-0343,4000.00,1,2026-01-01,2026-12-31,ACTIVE
PL-STD,Standard Commercial Price List,Standard,INR,VAR-0344,23500.00,1,2026-01-01,2026-12-31,ACTIVE
PL-STD,Standard Commercial Price List,Standard,INR,VAR-0345,29375.00,1,2026-01-01,2026-12-31,ACTIVE
PL-STD,Standard Commercial Price List,Standard,INR,VAR-0346,18500.00,1,2026-01-01,2026-12-31,ACTIVE
PL-STD,Standard Commercial Price List,Standard,INR,VAR-0347,23125.00,1,2026-01-01,2026-12-31,ACTIVE
PL-STD,Standard Commercial Price List,Standard,INR,VAR-0348,21000.00,1,2026-01-01,2026-12-31,ACTIVE
PL-STD,Standard Commercial Price List,Standard,INR,VAR-0349,26250.00,1,2026-01-01,2026-12-31,ACTIVE
PL-STD,Standard Commercial Price List,Standard,INR,VAR-0350,1800.00,1,2026-01-01,2026-12-31,ACTIVE
PL-STD,Standard Commercial Price List,Standard,INR,VAR-0351,2250.00,1,2026-01-01,2026-12-31,ACTIVE
PL-STD,Standard Commercial Price List,Standard,INR,VAR-0352,3200.00,1,2026-01-01,2026-12-31,ACTIVE
PL-STD,Standard Commercial Price List,Standard,INR,VAR-0353,4000.00,1,2026-01-01,2026-12-31,ACTIVE
PL-STD,Standard Commercial Price List,Standard,INR,VAR-0354,23500.00,1,2026-01-01,2026-12-31,ACTIVE
PL-STD,Standard Commercial Price List,Standard,INR,VAR-0355,29375.00,1,2026-01-01,2026-12-31,ACTIVE
PL-STD,Standard Commercial Price List,Standard,INR,VAR-0356,18500.00,1,2026-01-01,2026-12-31,ACTIVE
PL-STD,Standard Commercial Price List,Standard,INR,VAR-0357,23125.00,1,2026-01-01,2026-12-31,ACTIVE
PL-STD,Standard Commercial Price List,Standard,INR,VAR-0358,21000.00,1,2026-01-01,2026-12-31,ACTIVE
PL-STD,Standard Commercial Price List,Standard,INR,VAR-0359,26250.00,1,2026-01-01,2026-12-31,ACTIVE
PL-STD,Standard Commercial Price List,Standard,INR,VAR-0360,1800.00,1,2026-01-01,2026-12-31,ACTIVE
PL-STD,Standard Commercial Price List,Standard,INR,VAR-0361,2250.00,1,2026-01-01,2026-12-31,ACTIVE
PL-STD,Standard Commercial Price List,Standard,INR,VAR-0362,3200.00,1,2026-01-01,2026-12-31,ACTIVE
PL-STD,Standard Commercial Price List,Standard,INR,VAR-0363,4000.00,1,2026-01-01,2026-12-31,ACTIVE
PL-STD,Standard Commercial Price List,Standard,INR,VAR-0364,23500.00,1,2026-01-01,2026-12-31,ACTIVE
PL-STD,Standard Commercial Price List,Standard,INR,VAR-0365,29375.00,1,2026-01-01,2026-12-31,ACTIVE
PL-STD,Standard Commercial Price List,Standard,INR,VAR-0366,18500.00,1,2026-01-01,2026-12-31,ACTIVE
PL-STD,Standard Commercial Price List,Standard,INR,VAR-0367,23125.00,1,2026-01-01,2026-12-31,ACTIVE
PL-STD,Standard Commercial Price List,Standard,INR,VAR-0368,21000.00,1,2026-01-01,2026-12-31,ACTIVE
PL-STD,Standard Commercial Price List,Standard,INR,VAR-0369,26250.00,1,2026-01-01,2026-12-31,ACTIVE
PL-STD,Standard Commercial Price List,Standard,INR,VAR-0370,1800.00,1,2026-01-01,2026-12-31,ACTIVE
PL-STD,Standard Commercial Price List,Standard,INR,VAR-0371,2250.00,1,2026-01-01,2026-12-31,ACTIVE
PL-STD,Standard Commercial Price List,Standard,INR,VAR-0372,3200.00,1,2026-01-01,2026-12-31,ACTIVE
PL-STD,Standard Commercial Price List,Standard,INR,VAR-0373,4000.00,1,2026-01-01,2026-12-31,ACTIVE
PL-STD,Standard Commercial Price List,Standard,INR,VAR-0374,23500.00,1,2026-01-01,2026-12-31,ACTIVE
PL-STD,Standard Commercial Price List,Standard,INR,VAR-0375,29375.00,1,2026-01-01,2026-12-31,ACTIVE
PL-STD,Standard Commercial Price List,Standard,INR,VAR-0376,18500.00,1,2026-01-01,2026-12-31,ACTIVE
PL-STD,Standard Commercial Price List,Standard,INR,VAR-0377,23125.00,1,2026-01-01,2026-12-31,ACTIVE
PL-STD,Standard Commercial Price List,Standard,INR,VAR-0378,21000.00,1,2026-01-01,2026-12-31,ACTIVE
PL-STD,Standard Commercial Price List,Standard,INR,VAR-0379,26250.00,1,2026-01-01,2026-12-31,ACTIVE
PL-STD,Standard Commercial Price List,Standard,INR,VAR-0380,1800.00,1,2026-01-01,2026-12-31,ACTIVE
PL-STD,Standard Commercial Price List,Standard,INR,VAR-0381,2250.00,1,2026-01-01,2026-12-31,ACTIVE
PL-STD,Standard Commercial Price List,Standard,INR,VAR-0382,3200.00,1,2026-01-01,2026-12-31,ACTIVE
PL-STD,Standard Commercial Price List,Standard,INR,VAR-0383,4000.00,1,2026-01-01,2026-12-31,ACTIVE
PL-STD,Standard Commercial Price List,Standard,INR,VAR-0384,23500.00,1,2026-01-01,2026-12-31,ACTIVE
PL-STD,Standard Commercial Price List,Standard,INR,VAR-0385,29375.00,1,2026-01-01,2026-12-31,ACTIVE
PL-STD,Standard Commercial Price List,Standard,INR,VAR-0386,18500.00,1,2026-01-01,2026-12-31,ACTIVE
PL-STD,Standard Commercial Price List,Standard,INR,VAR-0387,23125.00,1,2026-01-01,2026-12-31,ACTIVE
PL-STD,Standard Commercial Price List,Standard,INR,VAR-0388,21000.00,1,2026-01-01,2026-12-31,ACTIVE
PL-STD,Standard Commercial Price List,Standard,INR,VAR-0389,26250.00,1,2026-01-01,2026-12-31,ACTIVE
PL-STD,Standard Commercial Price List,Standard,INR,VAR-0390,1800.00,1,2026-01-01,2026-12-31,ACTIVE
PL-STD,Standard Commercial Price List,Standard,INR,VAR-0391,2250.00,1,2026-01-01,2026-12-31,ACTIVE
PL-STD,Standard Commercial Price List,Standard,INR,VAR-0392,3200.00,1,2026-01-01,2026-12-31,ACTIVE
PL-STD,Standard Commercial Price List,Standard,INR,VAR-0393,4000.00,1,2026-01-01,2026-12-31,ACTIVE
PL-STD,Standard Commercial Price List,Standard,INR,VAR-0394,23500.00,1,2026-01-01,2026-12-31,ACTIVE
PL-STD,Standard Commercial Price List,Standard,INR,VAR-0395,29375.00,1,2026-01-01,2026-12-31,ACTIVE
PL-STD,Standard Commercial Price List,Standard,INR,VAR-0396,18500.00,1,2026-01-01,2026-12-31,ACTIVE
PL-STD,Standard Commercial Price List,Standard,INR,VAR-0397,23125.00,1,2026-01-01,2026-12-31,ACTIVE
PL-STD,Standard Commercial Price List,Standard,INR,VAR-0398,21000.00,1,2026-01-01,2026-12-31,ACTIVE
PL-STD,Standard Commercial Price List,Standard,INR,VAR-0399,26250.00,1,2026-01-01,2026-12-31,ACTIVE
PL-STD,Standard Commercial Price List,Standard,INR,VAR-0400,1800.00,1,2026-01-01,2026-12-31,ACTIVE
PL-STD,Standard Commercial Price List,Standard,INR,VAR-0401,2250.00,1,2026-01-01,2026-12-31,ACTIVE
PL-STD,Standard Commercial Price List,Standard,INR,VAR-0402,3200.00,1,2026-01-01,2026-12-31,ACTIVE
PL-STD,Standard Commercial Price List,Standard,INR,VAR-0403,4000.00,1,2026-01-01,2026-12-31,ACTIVE
PL-STD,Standard Commercial Price List,Standard,INR,VAR-0404,23500.00,1,2026-01-01,2026-12-31,ACTIVE
PL-STD,Standard Commercial Price List,Standard,INR,VAR-0405,29375.00,1,2026-01-01,2026-12-31,ACTIVE
PL-STD,Standard Commercial Price List,Standard,INR,VAR-0406,18500.00,1,2026-01-01,2026-12-31,ACTIVE
PL-STD,Standard Commercial Price List,Standard,INR,VAR-0407,23125.00,1,2026-01-01,2026-12-31,ACTIVE
PL-STD,Standard Commercial Price List,Standard,INR,VAR-0408,21000.00,1,2026-01-01,2026-12-31,ACTIVE
PL-STD,Standard Commercial Price List,Standard,INR,VAR-0409,26250.00,1,2026-01-01,2026-12-31,ACTIVE
PL-STD,Standard Commercial Price List,Standard,INR,VAR-0410,1800.00,1,2026-01-01,2026-12-31,ACTIVE
PL-STD,Standard Commercial Price List,Standard,INR,VAR-0411,2250.00,1,2026-01-01,2026-12-31,ACTIVE
PL-STD,Standard Commercial Price List,Standard,INR,VAR-0412,3200.00,1,2026-01-01,2026-12-31,ACTIVE
PL-STD,Standard Commercial Price List,Standard,INR,VAR-0413,4000.00,1,2026-01-01,2026-12-31,ACTIVE
PL-STD,Standard Commercial Price List,Standard,INR,VAR-0414,23500.00,1,2026-01-01,2026-12-31,ACTIVE
PL-STD,Standard Commercial Price List,Standard,INR,VAR-0415,29375.00,1,2026-01-01,2026-12-31,ACTIVE
PL-STD,Standard Commercial Price List,Standard,INR,VAR-0416,18500.00,1,2026-01-01,2026-12-31,ACTIVE
PL-STD,Standard Commercial Price List,Standard,INR,VAR-0417,23125.00,1,2026-01-01,2026-12-31,ACTIVE
PL-STD,Standard Commercial Price List,Standard,INR,VAR-0418,21000.00,1,2026-01-01,2026-12-31,ACTIVE
PL-STD,Standard Commercial Price List,Standard,INR,VAR-0419,26250.00,1,2026-01-01,2026-12-31,ACTIVE
PL-STD,Standard Commercial Price List,Standard,INR,VAR-0420,1800.00,1,2026-01-01,2026-12-31,ACTIVE
PL-STD,Standard Commercial Price List,Standard,INR,VAR-0421,2250.00,1,2026-01-01,2026-12-31,ACTIVE
PL-STD,Standard Commercial Price List,Standard,INR,VAR-0422,3200.00,1,2026-01-01,2026-12-31,ACTIVE
PL-STD,Standard Commercial Price List,Standard,INR,VAR-0423,4000.00,1,2026-01-01,2026-12-31,ACTIVE
PL-STD,Standard Commercial Price List,Standard,INR,VAR-0424,23500.00,1,2026-01-01,2026-12-31,ACTIVE
PL-STD,Standard Commercial Price List,Standard,INR,VAR-0425,29375.00,1,2026-01-01,2026-12-31,ACTIVE
PL-STD,Standard Commercial Price List,Standard,INR,VAR-0426,18500.00,1,2026-01-01,2026-12-31,ACTIVE
PL-STD,Standard Commercial Price List,Standard,INR,VAR-0427,23125.00,1,2026-01-01,2026-12-31,ACTIVE
PL-STD,Standard Commercial Price List,Standard,INR,VAR-0428,21000.00,1,2026-01-01,2026-12-31,ACTIVE
PL-STD,Standard Commercial Price List,Standard,INR,VAR-0429,26250.00,1,2026-01-01,2026-12-31,ACTIVE
PL-STD,Standard Commercial Price List,Standard,INR,VAR-0430,1800.00,1,2026-01-01,2026-12-31,ACTIVE
PL-STD,Standard Commercial Price List,Standard,INR,VAR-0431,2250.00,1,2026-01-01,2026-12-31,ACTIVE
PL-STD,Standard Commercial Price List,Standard,INR,VAR-0432,3200.00,1,2026-01-01,2026-12-31,ACTIVE
PL-STD,Standard Commercial Price List,Standard,INR,VAR-0433,4000.00,1,2026-01-01,2026-12-31,ACTIVE
PL-STD,Standard Commercial Price List,Standard,INR,VAR-0434,23500.00,1,2026-01-01,2026-12-31,ACTIVE
PL-STD,Standard Commercial Price List,Standard,INR,VAR-0435,29375.00,1,2026-01-01,2026-12-31,ACTIVE
PL-STD,Standard Commercial Price List,Standard,INR,VAR-0436,18500.00,1,2026-01-01,2026-12-31,ACTIVE
PL-STD,Standard Commercial Price List,Standard,INR,VAR-0437,23125.00,1,2026-01-01,2026-12-31,ACTIVE
PL-STD,Standard Commercial Price List,Standard,INR,VAR-0438,21000.00,1,2026-01-01,2026-12-31,ACTIVE
PL-STD,Standard Commercial Price List,Standard,INR,VAR-0439,26250.00,1,2026-01-01,2026-12-31,ACTIVE
PL-STD,Standard Commercial Price List,Standard,INR,VAR-0440,1800.00,1,2026-01-01,2026-12-31,ACTIVE
PL-STD,Standard Commercial Price List,Standard,INR,VAR-0441,2250.00,1,2026-01-01,2026-12-31,ACTIVE
PL-STD,Standard Commercial Price List,Standard,INR,VAR-0442,3200.00,1,2026-01-01,2026-12-31,ACTIVE
PL-STD,Standard Commercial Price List,Standard,INR,VAR-0443,4000.00,1,2026-01-01,2026-12-31,ACTIVE
PL-STD,Standard Commercial Price List,Standard,INR,VAR-0444,23500.00,1,2026-01-01,2026-12-31,ACTIVE
PL-STD,Standard Commercial Price List,Standard,INR,VAR-0445,29375.00,1,2026-01-01,2026-12-31,ACTIVE
PL-STD,Standard Commercial Price List,Standard,INR,VAR-0446,18500.00,1,2026-01-01,2026-12-31,ACTIVE
PL-STD,Standard Commercial Price List,Standard,INR,VAR-0447,23125.00,1,2026-01-01,2026-12-31,ACTIVE
PL-STD,Standard Commercial Price List,Standard,INR,VAR-0448,21000.00,1,2026-01-01,2026-12-31,ACTIVE
PL-STD,Standard Commercial Price List,Standard,INR,VAR-0449,26250.00,1,2026-01-01,2026-12-31,ACTIVE
PL-STD,Standard Commercial Price List,Standard,INR,VAR-0450,1800.00,1,2026-01-01,2026-12-31,ACTIVE
PL-STD,Standard Commercial Price List,Standard,INR,VAR-0451,2250.00,1,2026-01-01,2026-12-31,ACTIVE
PL-STD,Standard Commercial Price List,Standard,INR,VAR-0452,3200.00,1,2026-01-01,2026-12-31,ACTIVE
PL-STD,Standard Commercial Price List,Standard,INR,VAR-0453,4000.00,1,2026-01-01,2026-12-31,ACTIVE
PL-STD,Standard Commercial Price List,Standard,INR,VAR-0454,23500.00,1,2026-01-01,2026-12-31,ACTIVE
PL-STD,Standard Commercial Price List,Standard,INR,VAR-0455,29375.00,1,2026-01-01,2026-12-31,ACTIVE
PL-STD,Standard Commercial Price List,Standard,INR,VAR-0456,18500.00,1,2026-01-01,2026-12-31,ACTIVE
PL-STD,Standard Commercial Price List,Standard,INR,VAR-0457,23125.00,1,2026-01-01,2026-12-31,ACTIVE
PL-STD,Standard Commercial Price List,Standard,INR,VAR-0458,21000.00,1,2026-01-01,2026-12-31,ACTIVE
PL-STD,Standard Commercial Price List,Standard,INR,VAR-0459,26250.00,1,2026-01-01,2026-12-31,ACTIVE
PL-STD,Standard Commercial Price List,Standard,INR,VAR-0460,1800.00,1,2026-01-01,2026-12-31,ACTIVE
PL-STD,Standard Commercial Price List,Standard,INR,VAR-0461,2250.00,1,2026-01-01,2026-12-31,ACTIVE
PL-STD,Standard Commercial Price List,Standard,INR,VAR-0462,62538.82,1,2026-01-01,2026-12-31,ACTIVE
PL-STD,Standard Commercial Price List,Standard,INR,VAR-0463,39000.00,1,2026-01-01,2026-12-31,ACTIVE
PL-STD,Standard Commercial Price List,Standard,INR,VAR-0464,46000.00,1,2026-01-01,2026-12-31,ACTIVE
PL-STD,Standard Commercial Price List,Standard,INR,VAR-0465,60500.00,1,2026-01-01,2026-12-31,ACTIVE
PL-STD,Standard Commercial Price List,Standard,INR,VAR-0466,82000.00,1,2026-01-01,2026-12-31,ACTIVE
PL-STD,Standard Commercial Price List,Standard,INR,VAR-0467,91500.00,1,2026-01-01,2026-12-31,ACTIVE
PL-STD,Standard Commercial Price List,Standard,INR,VAR-0468,18900.00,1,2026-01-01,2026-12-31,ACTIVE
PL-STD,Standard Commercial Price List,Standard,INR,VAR-0469,37000.00,1,2026-01-01,2026-12-31,ACTIVE
PL-STD,Standard Commercial Price List,Standard,INR,VAR-0470,144499.00,1,2026-01-01,2026-12-31,ACTIVE
PL-STD,Standard Commercial Price List,Standard,INR,VAR-0471,94500.00,1,2026-01-01,2026-12-31,ACTIVE
PL-STD,Standard Commercial Price List,Standard,INR,VAR-0472,75000.00,1,2026-01-01,2026-12-31,ACTIVE
PL-STD,Standard Commercial Price List,Standard,INR,VAR-0473,80000.00,1,2026-01-01,2026-12-31,ACTIVE
PL-STD,Standard Commercial Price List,Standard,INR,VAR-0474,15000.00,1,2026-01-01,2026-12-31,ACTIVE
PL-STD,Standard Commercial Price List,Standard,INR,VAR-0475,26500.00,1,2026-01-01,2026-12-31,ACTIVE
PL-STD,Standard Commercial Price List,Standard,INR,VAR-0476,14300.00,1,2026-01-01,2026-12-31,ACTIVE
PL-STD,Standard Commercial Price List,Standard,INR,VAR-0477,14700.00,1,2026-01-01,2026-12-31,ACTIVE
PL-STD,Standard Commercial Price List,Standard,INR,VAR-0478,9995.00,1,2026-01-01,2026-12-31,ACTIVE
PL-STD,Standard Commercial Price List,Standard,INR,VAR-0479,8995.00,1,2026-01-01,2026-12-31,ACTIVE
PL-STD,Standard Commercial Price List,Standard,INR,VAR-0480,3495.00,1,2026-01-01,2026-12-31,ACTIVE
PL-STD,Standard Commercial Price List,Standard,INR,VAR-0481,19400.00,1,2026-01-01,2026-12-31,ACTIVE
PL-STD,Standard Commercial Price List,Standard,INR,VAR-0482,9400.00,1,2026-01-01,2026-12-31,ACTIVE
PL-STD,Standard Commercial Price List,Standard,INR,VAR-0483,7700.00,1,2026-01-01,2026-12-31,ACTIVE
PL-STD,Standard Commercial Price List,Standard,INR,VAR-0484,18000.00,1,2026-01-01,2026-12-31,ACTIVE
PL-STD,Standard Commercial Price List,Standard,INR,VAR-0485,3499.00,1,2026-01-01,2026-12-31,ACTIVE
PL-STD,Standard Commercial Price List,Standard,INR,VAR-0486,3000.00,1,2026-01-01,2026-12-31,ACTIVE
PL-STD,Standard Commercial Price List,Standard,INR,VAR-0487,6499.00,1,2026-01-01,2026-12-31,ACTIVE
PL-STD,Standard Commercial Price List,Standard,INR,VAR-0488,97900.00,1,2026-01-01,2026-12-31,ACTIVE
PL-STD,Standard Commercial Price List,Standard,INR,VAR-0489,28000.00,1,2026-01-01,2026-12-31,ACTIVE
PL-STD,Standard Commercial Price List,Standard,INR,VAR-0490,286000.00,1,2026-01-01,2026-12-31,ACTIVE
PL-STD,Standard Commercial Price List,Standard,INR,VAR-0491,11300.00,1,2026-01-01,2026-12-31,ACTIVE
PL-STD,Standard Commercial Price List,Standard,INR,VAR-0492,6000.00,1,2026-01-01,2026-12-31,ACTIVE
PL-STD,Standard Commercial Price List,Standard,INR,VAR-0493,61200.00,1,2026-01-01,2026-12-31,ACTIVE
PL-STD,Standard Commercial Price List,Standard,INR,VAR-0494,134400.00,1,2026-01-01,2026-12-31,ACTIVE
PL-STD,Standard Commercial Price List,Standard,INR,VAR-0495,590400.00,1,2026-01-01,2026-12-31,ACTIVE
PL-STD,Standard Commercial Price List,Standard,INR,VAR-0496,67200.00,1,2026-01-01,2026-12-31,ACTIVE
PL-STD,Standard Commercial Price List,Standard,INR,VAR-0497,27480.00,1,2026-01-01,2026-12-31,ACTIVE
PL-STD,Standard Commercial Price List,Standard,INR,VAR-0498,560000.00,1,2026-01-01,2026-12-31,ACTIVE
PL-STD,Standard Commercial Price List,Standard,INR,VAR-0499,884000.00,1,2026-01-01,2026-12-31,ACTIVE
PL-STD,Standard Commercial Price List,Standard,INR,VAR-0500,30750.00,1,2026-01-01,2026-12-31,ACTIVE
PL-STD,Standard Commercial Price List,Standard,INR,VAR-0501,69000.00,1,2026-01-01,2026-12-31,ACTIVE
PL-STD,Standard Commercial Price List,Standard,INR,VAR-0502,279000.00,1,2026-01-01,2026-12-31,ACTIVE
PL-STD,Standard Commercial Price List,Standard,INR,VAR-0503,204400.00,1,2026-01-01,2026-12-31,ACTIVE
PL-STD,Standard Commercial Price List,Standard,INR,VAR-0504,23400.00,1,2026-01-01,2026-12-31,ACTIVE
PL-STD,Standard Commercial Price List,Standard,INR,VAR-0505,36500.00,1,2026-01-01,2026-12-31,ACTIVE
PL-STD,Standard Commercial Price List,Standard,INR,VAR-0506,54400.00,1,2026-01-01,2026-12-31,ACTIVE
PL-STD,Standard Commercial Price List,Standard,INR,VAR-0507,55900.00,1,2026-01-01,2026-12-31,ACTIVE
PL-STD,Standard Commercial Price List,Standard,INR,VAR-0508,247000.00,1,2026-01-01,2026-12-31,ACTIVE
PL-STD,Standard Commercial Price List,Standard,INR,VAR-0509,30000.00,1,2026-01-01,2026-12-31,ACTIVE
PL-STD,Standard Commercial Price List,Standard,INR,VAR-0510,23400.00,1,2026-01-01,2026-12-31,ACTIVE
PL-STD,Standard Commercial Price List,Standard,INR,VAR-0511,7999.00,1,2026-01-01,2026-12-31,ACTIVE
PL-STD,Standard Commercial Price List,Standard,INR,VAR-0512,3299.00,1,2026-01-01,2026-12-31,ACTIVE
PL-STD,Standard Commercial Price List,Standard,INR,VAR-0513,22000.00,1,2026-01-01,2026-12-31,ACTIVE
PL-STD,Standard Commercial Price List,Standard,INR,VAR-0514,9495.00,1,2026-01-01,2026-12-31,ACTIVE
PL-STD,Standard Commercial Price List,Standard,INR,VAR-0515,9400.00,1,2026-01-01,2026-12-31,ACTIVE
PL-STD,Standard Commercial Price List,Standard,INR,VAR-0516,3700.00,1,2026-01-01,2026-12-31,ACTIVE
PL-STD,Standard Commercial Price List,Standard,INR,VAR-0517,5499.00,1,2026-01-01,2026-12-31,ACTIVE
PL-STD,Standard Commercial Price List,Standard,INR,VAR-0518,9900.00,1,2026-01-01,2026-12-31,ACTIVE
PL-STD,Standard Commercial Price List,Standard,INR,VAR-0519,27000.00,1,2026-01-01,2026-12-31,ACTIVE
PL-STD,Standard Commercial Price List,Standard,INR,VAR-0520,2999.00,1,2026-01-01,2026-12-31,ACTIVE
PL-STD,Standard Commercial Price List,Standard,INR,VAR-0521,253000.00,1,2026-01-01,2026-12-31,ACTIVE
PL-STD,Standard Commercial Price List,Standard,INR,VAR-0522,105000.00,1,2026-01-01,2026-12-31,ACTIVE
PL-STD,Standard Commercial Price List,Standard,INR,VAR-0523,13400.00,1,2026-01-01,2026-12-31,ACTIVE
PL-STD,Standard Commercial Price List,Standard,INR,VAR-0524,196000.00,1,2026-01-01,2026-12-31,ACTIVE
PL-STD,Standard Commercial Price List,Standard,INR,VAR-0525,250000.00,1,2026-01-01,2026-12-31,ACTIVE
PL-STD,Standard Commercial Price List,Standard,INR,VAR-0526,25300.00,1,2026-01-01,2026-12-31,ACTIVE
PL-STD,Standard Commercial Price List,Standard,INR,VAR-0527,5500.00,1,2026-01-01,2026-12-31,ACTIVE
PL-STD,Standard Commercial Price List,Standard,INR,VAR-0528,8000.00,1,2026-01-01,2026-12-31,ACTIVE
PL-STD,Standard Commercial Price List,Standard,INR,VAR-0529,7300.00,1,2026-01-01,2026-12-31,ACTIVE
PL-STD,Standard Commercial Price List,Standard,INR,VAR-0530,103800.00,1,2026-01-01,2026-12-31,ACTIVE
PL-STD,Standard Commercial Price List,Standard,INR,VAR-0531,60800.00,1,2026-01-01,2026-12-31,ACTIVE
PL-STD,Standard Commercial Price List,Standard,INR,VAR-0532,3750.00,1,2026-01-01,2026-12-31,ACTIVE
PL-SMB,SMB Advantage Price List,SMB,INR,VAR-0001,70775.00,5,2026-01-01,2026-12-31,ACTIVE
PL-SMB,SMB Advantage Price List,SMB,INR,VAR-0002,85975.00,5,2026-01-01,2026-12-31,ACTIVE
PL-SMB,SMB Advantage Price List,SMB,INR,VAR-0003,99750.00,5,2026-01-01,2026-12-31,ACTIVE
PL-SMB,SMB Advantage Price List,SMB,INR,VAR-0004,122550.00,5,2026-01-01,2026-12-31,ACTIVE
PL-SMB,SMB Advantage Price List,SMB,INR,VAR-0005,49400.00,5,2026-01-01,2026-12-31,ACTIVE
PL-SMB,SMB Advantage Price List,SMB,INR,VAR-0006,59850.00,5,2026-01-01,2026-12-31,ACTIVE
PL-SMB,SMB Advantage Price List,SMB,INR,VAR-0007,176700.00,5,2026-01-01,2026-12-31,ACTIVE
PL-SMB,SMB Advantage Price List,SMB,INR,VAR-0008,207100.00,5,2026-01-01,2026-12-31,ACTIVE
PL-SMB,SMB Advantage Price List,SMB,INR,VAR-0009,75050.00,5,2026-01-01,2026-12-31,ACTIVE
PL-SMB,SMB Advantage Price List,SMB,INR,VAR-0010,92150.00,5,2026-01-01,2026-12-31,ACTIVE
PL-SMB,SMB Advantage Price List,SMB,INR,VAR-0011,146300.00,5,2026-01-01,2026-12-31,ACTIVE
PL-SMB,SMB Advantage Price List,SMB,INR,VAR-0012,180500.00,5,2026-01-01,2026-12-31,ACTIVE
PL-SMB,SMB Advantage Price List,SMB,INR,VAR-0013,210900.00,5,2026-01-01,2026-12-31,ACTIVE
PL-SMB,SMB Advantage Price List,SMB,INR,VAR-0014,275500.00,5,2026-01-01,2026-12-31,ACTIVE
PL-SMB,SMB Advantage Price List,SMB,INR,VAR-0015,82175.00,5,2026-01-01,2026-12-31,ACTIVE
PL-SMB,SMB Advantage Price List,SMB,INR,VAR-0016,99275.00,5,2026-01-01,2026-12-31,ACTIVE
PL-SMB,SMB Advantage Price List,SMB,INR,VAR-0017,54625.00,5,2026-01-01,2026-12-31,ACTIVE
PL-SMB,SMB Advantage Price List,SMB,INR,VAR-0018,64600.00,5,2026-01-01,2026-12-31,ACTIVE
PL-SMB,SMB Advantage Price List,SMB,INR,VAR-0019,138700.00,5,2026-01-01,2026-12-31,ACTIVE
PL-SMB,SMB Advantage Price List,SMB,INR,VAR-0020,174800.00,5,2026-01-01,2026-12-31,ACTIVE
PL-SMB,SMB Advantage Price List,SMB,INR,VAR-0021,189905.00,5,2026-01-01,2026-12-31,ACTIVE
PL-SMB,SMB Advantage Price List,SMB,INR,VAR-0022,226005.00,5,2026-01-01,2026-12-31,ACTIVE
PL-SMB,SMB Advantage Price List,SMB,INR,VAR-0023,332405.00,5,2026-01-01,2026-12-31,ACTIVE
PL-SMB,SMB Advantage Price List,SMB,INR,VAR-0024,372305.00,5,2026-01-01,2026-12-31,ACTIVE
PL-SMB,SMB Advantage Price List,SMB,INR,VAR-0025,109155.00,5,2026-01-01,2026-12-31,ACTIVE
PL-SMB,SMB Advantage Price List,SMB,INR,VAR-0026,125305.00,5,2026-01-01,2026-12-31,ACTIVE
PL-SMB,SMB Advantage Price List,SMB,INR,VAR-0027,134900.00,5,2026-01-01,2026-12-31,ACTIVE
PL-SMB,SMB Advantage Price List,SMB,INR,VAR-0028,159600.00,5,2026-01-01,2026-12-31,ACTIVE
PL-SMB,SMB Advantage Price List,SMB,INR,VAR-0029,73150.00,5,2026-01-01,2026-12-31,ACTIVE
PL-SMB,SMB Advantage Price List,SMB,INR,VAR-0030,89300.00,5,2026-01-01,2026-12-31,ACTIVE
PL-SMB,SMB Advantage Price List,SMB,INR,VAR-0031,48450.00,5,2026-01-01,2026-12-31,ACTIVE
PL-SMB,SMB Advantage Price List,SMB,INR,VAR-0032,63650.00,5,2026-01-01,2026-12-31,ACTIVE
PL-SMB,SMB Advantage Price List,SMB,INR,VAR-0033,52725.00,5,2026-01-01,2026-12-31,ACTIVE
PL-SMB,SMB Advantage Price List,SMB,INR,VAR-0034,66975.00,5,2026-01-01,2026-12-31,ACTIVE
PL-SMB,SMB Advantage Price List,SMB,INR,VAR-0035,77900.00,5,2026-01-01,2026-12-31,ACTIVE
PL-SMB,SMB Advantage Price List,SMB,INR,VAR-0036,96900.00,5,2026-01-01,2026-12-31,ACTIVE
PL-SMB,SMB Advantage Price List,SMB,INR,VAR-0037,49875.00,5,2026-01-01,2026-12-31,ACTIVE
PL-SMB,SMB Advantage Price List,SMB,INR,VAR-0038,65075.00,5,2026-01-01,2026-12-31,ACTIVE
PL-SMB,SMB Advantage Price List,SMB,INR,VAR-0039,51300.00,5,2026-01-01,2026-12-31,ACTIVE
PL-SMB,SMB Advantage Price List,SMB,INR,VAR-0040,66025.00,5,2026-01-01,2026-12-31,ACTIVE
PL-SMB,SMB Advantage Price List,SMB,INR,VAR-0041,199405.00,5,2026-01-01,2026-12-31,ACTIVE
PL-SMB,SMB Advantage Price List,SMB,INR,VAR-0042,235505.00,5,2026-01-01,2026-12-31,ACTIVE
PL-SMB,SMB Advantage Price List,SMB,INR,VAR-0043,131790.00,5,2026-01-01,2026-12-31,ACTIVE
PL-SMB,SMB Advantage Price List,SMB,INR,VAR-0044,203415.00,5,2026-01-01,2026-12-31,ACTIVE
PL-SMB,SMB Advantage Price List,SMB,INR,VAR-0045,275040.00,5,2026-01-01,2026-12-31,ACTIVE
PL-SMB,SMB Advantage Price List,SMB,INR,VAR-0046,399190.00,5,2026-01-01,2026-12-31,ACTIVE
PL-SMB,SMB Advantage Price List,SMB,INR,VAR-0047,595920.00,5,2026-01-01,2026-12-31,ACTIVE
PL-SMB,SMB Advantage Price List,SMB,INR,VAR-0048,958820.00,5,2026-01-01,2026-12-31,ACTIVE
PL-SMB,SMB Advantage Price List,SMB,INR,VAR-0049,223470.00,5,2026-01-01,2026-12-31,ACTIVE
PL-SMB,SMB Advantage Price List,SMB,INR,VAR-0050,288410.00,5,2026-01-01,2026-12-31,ACTIVE
PL-SMB,SMB Advantage Price List,SMB,INR,VAR-0051,240660.00,5,2026-01-01,2026-12-31,ACTIVE
PL-SMB,SMB Advantage Price List,SMB,INR,VAR-0052,355260.00,5,2026-01-01,2026-12-31,ACTIVE
PL-SMB,SMB Advantage Price List,SMB,INR,VAR-0053,320880.00,5,2026-01-01,2026-12-31,ACTIVE
PL-SMB,SMB Advantage Price List,SMB,INR,VAR-0054,425930.00,5,2026-01-01,2026-12-31,ACTIVE
PL-SMB,SMB Advantage Price List,SMB,INR,VAR-0055,446940.00,5,2026-01-01,2026-12-31,ACTIVE
PL-SMB,SMB Advantage Price List,SMB,INR,VAR-0056,614065.00,5,2026-01-01,2026-12-31,ACTIVE
PL-SMB,SMB Advantage Price List,SMB,INR,VAR-0057,441210.00,5,2026-01-01,2026-12-31,ACTIVE
PL-SMB,SMB Advantage Price List,SMB,INR,VAR-0058,570135.00,5,2026-01-01,2026-12-31,ACTIVE
PL-SMB,SMB Advantage Price List,SMB,INR,VAR-0059,332340.00,5,2026-01-01,2026-12-31,ACTIVE
PL-SMB,SMB Advantage Price List,SMB,INR,VAR-0060,423065.00,5,2026-01-01,2026-12-31,ACTIVE
PL-SMB,SMB Advantage Price List,SMB,INR,VAR-0061,412560.00,5,2026-01-01,2026-12-31,ACTIVE
PL-SMB,SMB Advantage Price List,SMB,INR,VAR-0062,546260.00,5,2026-01-01,2026-12-31,ACTIVE
PL-SMB,SMB Advantage Price List,SMB,INR,VAR-0063,166170.00,5,2026-01-01,2026-12-31,ACTIVE
PL-SMB,SMB Advantage Price List,SMB,INR,VAR-0064,206280.00,5,2026-01-01,2026-12-31,ACTIVE
PL-SMB,SMB Advantage Price List,SMB,INR,VAR-0065,128155.00,5,2026-01-01,2026-12-31,ACTIVE
PL-SMB,SMB Advantage Price List,SMB,INR,VAR-0066,137655.00,5,2026-01-01,2026-12-31,ACTIVE
PL-SMB,SMB Advantage Price List,SMB,INR,VAR-0067,156655.00,5,2026-01-01,2026-12-31,ACTIVE
PL-SMB,SMB Advantage Price List,SMB,INR,VAR-0068,151905.00,5,2026-01-01,2026-12-31,ACTIVE
PL-SMB,SMB Advantage Price List,SMB,INR,VAR-0069,170905.00,5,2026-01-01,2026-12-31,ACTIVE
PL-SMB,SMB Advantage Price List,SMB,INR,VAR-0070,75905.00,5,2026-01-01,2026-12-31,ACTIVE
PL-SMB,SMB Advantage Price List,SMB,INR,VAR-0071,85405.00,5,2026-01-01,2026-12-31,ACTIVE
PL-SMB,SMB Advantage Price List,SMB,INR,VAR-0072,123499.05,5,2026-01-01,2026-12-31,ACTIVE
PL-SMB,SMB Advantage Price List,SMB,INR,VAR-0073,132999.05,5,2026-01-01,2026-12-31,ACTIVE
PL-SMB,SMB Advantage Price List,SMB,INR,VAR-0074,94999.05,5,2026-01-01,2026-12-31,ACTIVE
PL-SMB,SMB Advantage Price List,SMB,INR,VAR-0075,104499.05,5,2026-01-01,2026-12-31,ACTIVE
PL-SMB,SMB Advantage Price List,SMB,INR,VAR-0076,75999.05,5,2026-01-01,2026-12-31,ACTIVE
PL-SMB,SMB Advantage Price List,SMB,INR,VAR-0077,80749.05,5,2026-01-01,2026-12-31,ACTIVE
PL-SMB,SMB Advantage Price List,SMB,INR,VAR-0078,37999.05,5,2026-01-01,2026-12-31,ACTIVE
PL-SMB,SMB Advantage Price List,SMB,INR,VAR-0079,40849.05,5,2026-01-01,2026-12-31,ACTIVE
PL-SMB,SMB Advantage Price List,SMB,INR,VAR-0080,50349.05,5,2026-01-01,2026-12-31,ACTIVE
PL-SMB,SMB Advantage Price List,SMB,INR,VAR-0081,101649.05,5,2026-01-01,2026-12-31,ACTIVE
PL-SMB,SMB Advantage Price List,SMB,INR,VAR-0082,108299.05,5,2026-01-01,2026-12-31,ACTIVE
PL-SMB,SMB Advantage Price List,SMB,INR,VAR-0083,72199.05,5,2026-01-01,2026-12-31,ACTIVE
PL-SMB,SMB Advantage Price List,SMB,INR,VAR-0084,77899.05,5,2026-01-01,2026-12-31,ACTIVE
PL-SMB,SMB Advantage Price List,SMB,INR,VAR-0085,61749.05,5,2026-01-01,2026-12-31,ACTIVE
PL-SMB,SMB Advantage Price List,SMB,INR,VAR-0086,66499.05,5,2026-01-01,2026-12-31,ACTIVE
PL-SMB,SMB Advantage Price List,SMB,INR,VAR-0087,37905.00,5,2026-01-01,2026-12-31,ACTIVE
PL-SMB,SMB Advantage Price List,SMB,INR,VAR-0088,57855.00,5,2026-01-01,2026-12-31,ACTIVE
PL-SMB,SMB Advantage Price List,SMB,INR,VAR-0089,56905.00,5,2026-01-01,2026-12-31,ACTIVE
PL-SMB,SMB Advantage Price List,SMB,INR,VAR-0090,76855.00,5,2026-01-01,2026-12-31,ACTIVE
PL-SMB,SMB Advantage Price List,SMB,INR,VAR-0091,94905.00,5,2026-01-01,2026-12-31,ACTIVE
PL-SMB,SMB Advantage Price List,SMB,INR,VAR-0092,123405.00,5,2026-01-01,2026-12-31,ACTIVE
PL-SMB,SMB Advantage Price List,SMB,INR,VAR-0093,69349.05,5,2026-01-01,2026-12-31,ACTIVE
PL-SMB,SMB Advantage Price List,SMB,INR,VAR-0094,76949.05,5,2026-01-01,2026-12-31,ACTIVE
PL-SMB,SMB Advantage Price List,SMB,INR,VAR-0095,59850.00,5,2026-01-01,2026-12-31,ACTIVE
PL-SMB,SMB Advantage Price List,SMB,INR,VAR-0096,65550.00,5,2026-01-01,2026-12-31,ACTIVE
PL-SMB,SMB Advantage Price List,SMB,INR,VAR-0097,166250.00,5,2026-01-01,2026-12-31,ACTIVE
PL-SMB,SMB Advantage Price List,SMB,INR,VAR-0098,202350.00,5,2026-01-01,2026-12-31,ACTIVE
PL-SMB,SMB Advantage Price List,SMB,INR,VAR-0099,267900.00,5,2026-01-01,2026-12-31,ACTIVE
PL-SMB,SMB Advantage Price List,SMB,INR,VAR-0100,310650.00,5,2026-01-01,2026-12-31,ACTIVE
PL-SMB,SMB Advantage Price List,SMB,INR,VAR-0101,84550.00,5,2026-01-01,2026-12-31,ACTIVE
PL-SMB,SMB Advantage Price List,SMB,INR,VAR-0102,111150.00,5,2026-01-01,2026-12-31,ACTIVE
PL-SMB,SMB Advantage Price List,SMB,INR,VAR-0103,214700.00,5,2026-01-01,2026-12-31,ACTIVE
PL-SMB,SMB Advantage Price List,SMB,INR,VAR-0104,245100.00,5,2026-01-01,2026-12-31,ACTIVE
PL-SMB,SMB Advantage Price List,SMB,INR,VAR-0105,62225.00,5,2026-01-01,2026-12-31,ACTIVE
PL-SMB,SMB Advantage Price List,SMB,INR,VAR-0106,66500.00,5,2026-01-01,2026-12-31,ACTIVE
PL-SMB,SMB Advantage Price List,SMB,INR,VAR-0107,66405.00,5,2026-01-01,2026-12-31,ACTIVE
PL-SMB,SMB Advantage Price List,SMB,INR,VAR-0108,93005.00,5,2026-01-01,2026-12-31,ACTIVE
PL-SMB,SMB Advantage Price List,SMB,INR,VAR-0109,210900.00,5,2026-01-01,2026-12-31,ACTIVE
PL-SMB,SMB Advantage Price List,SMB,INR,VAR-0110,282150.00,5,2026-01-01,2026-12-31,ACTIVE
PL-SMB,SMB Advantage Price List,SMB,INR,VAR-0111,41325.00,5,2026-01-01,2026-12-31,ACTIVE
PL-SMB,SMB Advantage Price List,SMB,INR,VAR-0112,43415.00,5,2026-01-01,2026-12-31,ACTIVE
PL-SMB,SMB Advantage Price List,SMB,INR,VAR-0113,16910.00,5,2026-01-01,2026-12-31,ACTIVE
PL-SMB,SMB Advantage Price List,SMB,INR,VAR-0114,18620.00,5,2026-01-01,2026-12-31,ACTIVE
PL-SMB,SMB Advantage Price List,SMB,INR,VAR-0115,55100.00,5,2026-01-01,2026-12-31,ACTIVE
PL-SMB,SMB Advantage Price List,SMB,INR,VAR-0116,108300.00,5,2026-01-01,2026-12-31,ACTIVE
PL-SMB,SMB Advantage Price List,SMB,INR,VAR-0117,176700.00,5,2026-01-01,2026-12-31,ACTIVE
PL-SMB,SMB Advantage Price List,SMB,INR,VAR-0118,314450.00,5,2026-01-01,2026-12-31,ACTIVE
PL-SMB,SMB Advantage Price List,SMB,INR,VAR-0119,26125.00,5,2026-01-01,2026-12-31,ACTIVE
PL-SMB,SMB Advantage Price List,SMB,INR,VAR-0120,44175.00,5,2026-01-01,2026-12-31,ACTIVE
PL-SMB,SMB Advantage Price List,SMB,INR,VAR-0121,44650.00,5,2026-01-01,2026-12-31,ACTIVE
PL-SMB,SMB Advantage Price List,SMB,INR,VAR-0122,78850.00,5,2026-01-01,2026-12-31,ACTIVE
PL-SMB,SMB Advantage Price List,SMB,INR,VAR-0123,28025.00,5,2026-01-01,2026-12-31,ACTIVE
PL-SMB,SMB Advantage Price List,SMB,INR,VAR-0124,31825.00,5,2026-01-01,2026-12-31,ACTIVE
PL-SMB,SMB Advantage Price List,SMB,INR,VAR-0125,37050.00,5,2026-01-01,2026-12-31,ACTIVE
PL-SMB,SMB Advantage Price List,SMB,INR,VAR-0126,39425.00,5,2026-01-01,2026-12-31,ACTIVE
PL-SMB,SMB Advantage Price List,SMB,INR,VAR-0127,47500.00,5,2026-01-01,2026-12-31,ACTIVE
PL-SMB,SMB Advantage Price List,SMB,INR,VAR-0128,101650.00,5,2026-01-01,2026-12-31,ACTIVE
PL-SMB,SMB Advantage Price List,SMB,INR,VAR-0129,118750.00,5,2026-01-01,2026-12-31,ACTIVE
PL-SMB,SMB Advantage Price List,SMB,INR,VAR-0130,188100.00,5,2026-01-01,2026-12-31,ACTIVE
PL-SMB,SMB Advantage Price List,SMB,INR,VAR-0131,321100.00,5,2026-01-01,2026-12-31,ACTIVE
PL-SMB,SMB Advantage Price List,SMB,INR,VAR-0132,94525.00,5,2026-01-01,2026-12-31,ACTIVE
PL-SMB,SMB Advantage Price List,SMB,INR,VAR-0133,134425.00,5,2026-01-01,2026-12-31,ACTIVE
PL-SMB,SMB Advantage Price List,SMB,INR,VAR-0134,91200.00,5,2026-01-01,2026-12-31,ACTIVE
PL-SMB,SMB Advantage Price List,SMB,INR,VAR-0135,102600.00,5,2026-01-01,2026-12-31,ACTIVE
PL-SMB,SMB Advantage Price List,SMB,INR,VAR-0136,14440.00,5,2026-01-01,2026-12-31,ACTIVE
PL-SMB,SMB Advantage Price List,SMB,INR,VAR-0137,18430.00,5,2026-01-01,2026-12-31,ACTIVE
PL-SMB,SMB Advantage Price List,SMB,INR,VAR-0138,32775.00,5,2026-01-01,2026-12-31,ACTIVE
PL-SMB,SMB Advantage Price List,SMB,INR,VAR-0139,39425.00,5,2026-01-01,2026-12-31,ACTIVE
PL-SMB,SMB Advantage Price List,SMB,INR,VAR-0140,53200.00,5,2026-01-01,2026-12-31,ACTIVE
PL-SMB,SMB Advantage Price List,SMB,INR,VAR-0141,73625.00,5,2026-01-01,2026-12-31,ACTIVE
PL-SMB,SMB Advantage Price List,SMB,INR,VAR-0142,82650.00,5,2026-01-01,2026-12-31,ACTIVE
PL-SMB,SMB Advantage Price List,SMB,INR,VAR-0143,13680.00,5,2026-01-01,2026-12-31,ACTIVE
PL-SMB,SMB Advantage Price List,SMB,INR,VAR-0144,30875.00,5,2026-01-01,2026-12-31,ACTIVE
PL-SMB,SMB Advantage Price List,SMB,INR,VAR-0145,132999.05,5,2026-01-01,2026-12-31,ACTIVE
PL-SMB,SMB Advantage Price List,SMB,INR,VAR-0146,89300.00,5,2026-01-01,2026-12-31,ACTIVE
PL-SMB,SMB Advantage Price List,SMB,INR,VAR-0147,102600.00,5,2026-01-01,2026-12-31,ACTIVE
PL-SMB,SMB Advantage Price List,SMB,INR,VAR-0148,78375.00,5,2026-01-01,2026-12-31,ACTIVE
PL-SMB,SMB Advantage Price List,SMB,INR,VAR-0149,59850.00,5,2026-01-01,2026-12-31,ACTIVE
PL-SMB,SMB Advantage Price List,SMB,INR,VAR-0150,64600.00,5,2026-01-01,2026-12-31,ACTIVE
PL-SMB,SMB Advantage Price List,SMB,INR,VAR-0151,13593.75,5,2026-01-01,2026-12-31,ACTIVE
PL-SMB,SMB Advantage Price List,SMB,INR,VAR-0152,24375.00,5,2026-01-01,2026-12-31,ACTIVE
PL-SMB,SMB Advantage Price List,SMB,INR,VAR-0153,12937.50,5,2026-01-01,2026-12-31,ACTIVE
PL-SMB,SMB Advantage Price List,SMB,INR,VAR-0154,13312.50,5,2026-01-01,2026-12-31,ACTIVE
PL-SMB,SMB Advantage Price List,SMB,INR,VAR-0155,8901.56,5,2026-01-01,2026-12-31,ACTIVE
PL-SMB,SMB Advantage Price List,SMB,INR,VAR-0156,7964.06,5,2026-01-01,2026-12-31,ACTIVE
PL-SMB,SMB Advantage Price List,SMB,INR,VAR-0157,2807.81,5,2026-01-01,2026-12-31,ACTIVE
PL-SMB,SMB Advantage Price List,SMB,INR,VAR-0158,17718.75,5,2026-01-01,2026-12-31,ACTIVE
PL-SMB,SMB Advantage Price List,SMB,INR,VAR-0159,8343.75,5,2026-01-01,2026-12-31,ACTIVE
PL-SMB,SMB Advantage Price List,SMB,INR,VAR-0160,6750.00,5,2026-01-01,2026-12-31,ACTIVE
PL-SMB,SMB Advantage Price List,SMB,INR,VAR-0161,16406.25,5,2026-01-01,2026-12-31,ACTIVE
PL-SMB,SMB Advantage Price List,SMB,INR,VAR-0162,2811.56,5,2026-01-01,2026-12-31,ACTIVE
PL-SMB,SMB Advantage Price List,SMB,INR,VAR-0163,2343.75,5,2026-01-01,2026-12-31,ACTIVE
PL-SMB,SMB Advantage Price List,SMB,INR,VAR-0164,5624.06,5,2026-01-01,2026-12-31,ACTIVE
PL-SMB,SMB Advantage Price List,SMB,INR,VAR-0165,280250.00,5,2026-01-01,2026-12-31,ACTIVE
PL-SMB,SMB Advantage Price List,SMB,INR,VAR-0166,306850.00,5,2026-01-01,2026-12-31,ACTIVE
PL-SMB,SMB Advantage Price List,SMB,INR,VAR-0167,66405.00,5,2026-01-01,2026-12-31,ACTIVE
PL-SMB,SMB Advantage Price List,SMB,INR,VAR-0168,25781.25,5,2026-01-01,2026-12-31,ACTIVE
PL-SMB,SMB Advantage Price List,SMB,INR,VAR-0169,245100.00,5,2026-01-01,2026-12-31,ACTIVE
PL-SMB,SMB Advantage Price List,SMB,INR,VAR-0170,9025.00,5,2026-01-01,2026-12-31,ACTIVE
PL-SMB,SMB Advantage Price List,SMB,INR,VAR-0171,3990.00,5,2026-01-01,2026-12-31,ACTIVE
PL-SMB,SMB Advantage Price List,SMB,INR,VAR-0172,84550.00,5,2026-01-01,2026-12-31,ACTIVE
PL-SMB,SMB Advantage Price List,SMB,INR,VAR-0173,100700.00,5,2026-01-01,2026-12-31,ACTIVE
PL-SMB,SMB Advantage Price List,SMB,INR,VAR-0174,157700.00,5,2026-01-01,2026-12-31,ACTIVE
PL-SMB,SMB Advantage Price List,SMB,INR,VAR-0175,188100.00,5,2026-01-01,2026-12-31,ACTIVE
PL-SMB,SMB Advantage Price List,SMB,INR,VAR-0176,59375.00,5,2026-01-01,2026-12-31,ACTIVE
PL-SMB,SMB Advantage Price List,SMB,INR,VAR-0177,72675.00,5,2026-01-01,2026-12-31,ACTIVE
PL-SMB,SMB Advantage Price List,SMB,INR,VAR-0178,67450.00,5,2026-01-01,2026-12-31,ACTIVE
PL-SMB,SMB Advantage Price List,SMB,INR,VAR-0179,81700.00,5,2026-01-01,2026-12-31,ACTIVE
PL-SMB,SMB Advantage Price List,SMB,INR,VAR-0180,131100.00,5,2026-01-01,2026-12-31,ACTIVE
PL-SMB,SMB Advantage Price List,SMB,INR,VAR-0181,153900.00,5,2026-01-01,2026-12-31,ACTIVE
PL-SMB,SMB Advantage Price List,SMB,INR,VAR-0182,56050.00,5,2026-01-01,2026-12-31,ACTIVE
PL-SMB,SMB Advantage Price List,SMB,INR,VAR-0183,68400.00,5,2026-01-01,2026-12-31,ACTIVE
PL-SMB,SMB Advantage Price List,SMB,INR,VAR-0184,73150.00,5,2026-01-01,2026-12-31,ACTIVE
PL-SMB,SMB Advantage Price List,SMB,INR,VAR-0185,87400.00,5,2026-01-01,2026-12-31,ACTIVE
PL-SMB,SMB Advantage Price List,SMB,INR,VAR-0186,107350.00,5,2026-01-01,2026-12-31,ACTIVE
PL-SMB,SMB Advantage Price List,SMB,INR,VAR-0187,124450.00,5,2026-01-01,2026-12-31,ACTIVE
PL-SMB,SMB Advantage Price List,SMB,INR,VAR-0188,188100.00,5,2026-01-01,2026-12-31,ACTIVE
PL-SMB,SMB Advantage Price List,SMB,INR,VAR-0189,221350.00,5,2026-01-01,2026-12-31,ACTIVE
PL-SMB,SMB Advantage Price List,SMB,INR,VAR-0190,128155.00,5,2026-01-01,2026-12-31,ACTIVE
PL-SMB,SMB Advantage Price List,SMB,INR,VAR-0191,155705.00,5,2026-01-01,2026-12-31,ACTIVE
PL-SMB,SMB Advantage Price List,SMB,INR,VAR-0192,82175.00,5,2026-01-01,2026-12-31,ACTIVE
PL-SMB,SMB Advantage Price List,SMB,INR,VAR-0193,99275.00,5,2026-01-01,2026-12-31,ACTIVE
PL-SMB,SMB Advantage Price List,SMB,INR,VAR-0194,61750.00,5,2026-01-01,2026-12-31,ACTIVE
PL-SMB,SMB Advantage Price List,SMB,INR,VAR-0195,86450.00,5,2026-01-01,2026-12-31,ACTIVE
PL-SMB,SMB Advantage Price List,SMB,INR,VAR-0196,64125.00,5,2026-01-01,2026-12-31,ACTIVE
PL-SMB,SMB Advantage Price List,SMB,INR,VAR-0197,81225.00,5,2026-01-01,2026-12-31,ACTIVE
PL-SMB,SMB Advantage Price List,SMB,INR,VAR-0198,53675.00,5,2026-01-01,2026-12-31,ACTIVE
PL-SMB,SMB Advantage Price List,SMB,INR,VAR-0199,68875.00,5,2026-01-01,2026-12-31,ACTIVE
PL-SMB,SMB Advantage Price List,SMB,INR,VAR-0200,56905.00,5,2026-01-01,2026-12-31,ACTIVE
PL-SMB,SMB Advantage Price List,SMB,INR,VAR-0201,72105.00,5,2026-01-01,2026-12-31,ACTIVE
PL-SMB,SMB Advantage Price List,SMB,INR,VAR-0202,154710.00,5,2026-01-01,2026-12-31,ACTIVE
PL-SMB,SMB Advantage Price List,SMB,INR,VAR-0203,226335.00,5,2026-01-01,2026-12-31,ACTIVE
PL-SMB,SMB Advantage Price List,SMB,INR,VAR-0204,100275.00,5,2026-01-01,2026-12-31,ACTIVE
PL-SMB,SMB Advantage Price List,SMB,INR,VAR-0205,127015.00,5,2026-01-01,2026-12-31,ACTIVE
PL-SMB,SMB Advantage Price List,SMB,INR,VAR-0206,550080.00,5,2026-01-01,2026-12-31,ACTIVE
PL-SMB,SMB Advantage Price List,SMB,INR,VAR-0207,922530.00,5,2026-01-01,2026-12-31,ACTIVE
PL-SMB,SMB Advantage Price List,SMB,INR,VAR-0208,257850.00,5,2026-01-01,2026-12-31,ACTIVE
PL-SMB,SMB Advantage Price List,SMB,INR,VAR-0209,348575.00,5,2026-01-01,2026-12-31,ACTIVE
PL-SMB,SMB Advantage Price List,SMB,INR,VAR-0210,246390.00,5,2026-01-01,2026-12-31,ACTIVE
PL-SMB,SMB Advantage Price List,SMB,INR,VAR-0211,311330.00,5,2026-01-01,2026-12-31,ACTIVE
PL-SMB,SMB Advantage Price List,SMB,INR,VAR-0212,779280.00,5,2026-01-01,2026-12-31,ACTIVE
PL-SMB,SMB Advantage Price List,SMB,INR,VAR-0213,1495530.00,5,2026-01-01,2026-12-31,ACTIVE
PL-SMB,SMB Advantage Price List,SMB,INR,VAR-0214,355260.00,5,2026-01-01,2026-12-31,ACTIVE
PL-SMB,SMB Advantage Price List,SMB,INR,VAR-0215,465085.00,5,2026-01-01,2026-12-31,ACTIVE
PL-SMB,SMB Advantage Price List,SMB,INR,VAR-0216,481320.00,5,2026-01-01,2026-12-31,ACTIVE
PL-SMB,SMB Advantage Price List,SMB,INR,VAR-0217,653220.00,5,2026-01-01,2026-12-31,ACTIVE
PL-SMB,SMB Advantage Price List,SMB,INR,VAR-0218,338070.00,5,2026-01-01,2026-12-31,ACTIVE
PL-SMB,SMB Advantage Price List,SMB,INR,VAR-0219,424020.00,5,2026-01-01,2026-12-31,ACTIVE
PL-SMB,SMB Advantage Price List,SMB,INR,VAR-0220,61655.00,5,2026-01-01,2026-12-31,ACTIVE
PL-SMB,SMB Advantage Price List,SMB,INR,VAR-0221,69730.00,5,2026-01-01,2026-12-31,ACTIVE
PL-SMB,SMB Advantage Price List,SMB,INR,VAR-0222,52249.05,5,2026-01-01,2026-12-31,ACTIVE
PL-SMB,SMB Advantage Price List,SMB,INR,VAR-0223,56049.05,5,2026-01-01,2026-12-31,ACTIVE
PL-SMB,SMB Advantage Price List,SMB,INR,VAR-0224,39899.05,5,2026-01-01,2026-12-31,ACTIVE
PL-SMB,SMB Advantage Price List,SMB,INR,VAR-0225,39899.05,5,2026-01-01,2026-12-31,ACTIVE
PL-SMB,SMB Advantage Price List,SMB,INR,VAR-0226,37999.05,5,2026-01-01,2026-12-31,ACTIVE
PL-SMB,SMB Advantage Price List,SMB,INR,VAR-0227,42274.05,5,2026-01-01,2026-12-31,ACTIVE
PL-SMB,SMB Advantage Price List,SMB,INR,VAR-0228,75905.00,5,2026-01-01,2026-12-31,ACTIVE
PL-SMB,SMB Advantage Price List,SMB,INR,VAR-0229,95855.00,5,2026-01-01,2026-12-31,ACTIVE
PL-SMB,SMB Advantage Price List,SMB,INR,VAR-0230,123405.00,5,2026-01-01,2026-12-31,ACTIVE
PL-SMB,SMB Advantage Price List,SMB,INR,VAR-0231,151905.00,5,2026-01-01,2026-12-31,ACTIVE
PL-SMB,SMB Advantage Price List,SMB,INR,VAR-0232,86449.05,5,2026-01-01,2026-12-31,ACTIVE
PL-SMB,SMB Advantage Price List,SMB,INR,VAR-0233,95949.05,5,2026-01-01,2026-12-31,ACTIVE
PL-SMB,SMB Advantage Price List,SMB,INR,VAR-0234,49399.05,5,2026-01-01,2026-12-31,ACTIVE
PL-SMB,SMB Advantage Price List,SMB,INR,VAR-0235,54149.05,5,2026-01-01,2026-12-31,ACTIVE
PL-SMB,SMB Advantage Price List,SMB,INR,VAR-0236,48450.00,5,2026-01-01,2026-12-31,ACTIVE
PL-SMB,SMB Advantage Price List,SMB,INR,VAR-0237,106400.00,5,2026-01-01,2026-12-31,ACTIVE
PL-SMB,SMB Advantage Price List,SMB,INR,VAR-0238,467400.00,5,2026-01-01,2026-12-31,ACTIVE
PL-SMB,SMB Advantage Price List,SMB,INR,VAR-0239,53200.00,5,2026-01-01,2026-12-31,ACTIVE
PL-SMB,SMB Advantage Price List,SMB,INR,VAR-0240,21755.00,5,2026-01-01,2026-12-31,ACTIVE
PL-SMB,SMB Advantage Price List,SMB,INR,VAR-0241,387600.00,5,2026-01-01,2026-12-31,ACTIVE
PL-SMB,SMB Advantage Price List,SMB,INR,VAR-0242,506350.00,5,2026-01-01,2026-12-31,ACTIVE
PL-SMB,SMB Advantage Price List,SMB,INR,VAR-0243,98800.00,5,2026-01-01,2026-12-31,ACTIVE
PL-SMB,SMB Advantage Price List,SMB,INR,VAR-0244,198550.00,5,2026-01-01,2026-12-31,ACTIVE
PL-SMB,SMB Advantage Price List,SMB,INR,VAR-0245,433200.00,5,2026-01-01,2026-12-31,ACTIVE
PL-SMB,SMB Advantage Price List,SMB,INR,VAR-0246,23275.00,5,2026-01-01,2026-12-31,ACTIVE
PL-SMB,SMB Advantage Price List,SMB,INR,VAR-0247,39900.00,5,2026-01-01,2026-12-31,ACTIVE
PL-SMB,SMB Advantage Price List,SMB,INR,VAR-0248,741000.00,5,2026-01-01,2026-12-31,ACTIVE
PL-SMB,SMB Advantage Price List,SMB,INR,VAR-0249,19475.00,5,2026-01-01,2026-12-31,ACTIVE
PL-SMB,SMB Advantage Price List,SMB,INR,VAR-0250,43700.00,5,2026-01-01,2026-12-31,ACTIVE
PL-SMB,SMB Advantage Price List,SMB,INR,VAR-0251,176700.00,5,2026-01-01,2026-12-31,ACTIVE
PL-SMB,SMB Advantage Price List,SMB,INR,VAR-0252,189905.00,5,2026-01-01,2026-12-31,ACTIVE
PL-SMB,SMB Advantage Price List,SMB,INR,VAR-0253,17955.00,5,2026-01-01,2026-12-31,ACTIVE
PL-SMB,SMB Advantage Price List,SMB,INR,VAR-0254,30400.00,5,2026-01-01,2026-12-31,ACTIVE
PL-SMB,SMB Advantage Price List,SMB,INR,VAR-0255,47405.00,5,2026-01-01,2026-12-31,ACTIVE
PL-SMB,SMB Advantage Price List,SMB,INR,VAR-0256,41705.00,5,2026-01-01,2026-12-31,ACTIVE
PL-SMB,SMB Advantage Price List,SMB,INR,VAR-0257,223250.00,5,2026-01-01,2026-12-31,ACTIVE
PL-SMB,SMB Advantage Price List,SMB,INR,VAR-0258,27656.25,5,2026-01-01,2026-12-31,ACTIVE
PL-SMB,SMB Advantage Price List,SMB,INR,VAR-0259,21468.75,5,2026-01-01,2026-12-31,ACTIVE
PL-SMB,SMB Advantage Price List,SMB,INR,VAR-0260,7030.31,5,2026-01-01,2026-12-31,ACTIVE
PL-SMB,SMB Advantage Price List,SMB,INR,VAR-0261,2624.06,5,2026-01-01,2026-12-31,ACTIVE
PL-SMB,SMB Advantage Price List,SMB,INR,VAR-0262,20156.25,5,2026-01-01,2026-12-31,ACTIVE
PL-SMB,SMB Advantage Price List,SMB,INR,VAR-0263,8432.81,5,2026-01-01,2026-12-31,ACTIVE
PL-SMB,SMB Advantage Price List,SMB,INR,VAR-0264,8343.75,5,2026-01-01,2026-12-31,ACTIVE
PL-SMB,SMB Advantage Price List,SMB,INR,VAR-0265,3000.00,5,2026-01-01,2026-12-31,ACTIVE
PL-SMB,SMB Advantage Price List,SMB,INR,VAR-0266,4686.56,5,2026-01-01,2026-12-31,ACTIVE
PL-SMB,SMB Advantage Price List,SMB,INR,VAR-0267,8812.50,5,2026-01-01,2026-12-31,ACTIVE
PL-SMB,SMB Advantage Price List,SMB,INR,VAR-0268,24843.75,5,2026-01-01,2026-12-31,ACTIVE
PL-SMB,SMB Advantage Price List,SMB,INR,VAR-0269,2342.81,5,2026-01-01,2026-12-31,ACTIVE
PL-SMB,SMB Advantage Price List,SMB,INR,VAR-0270,213750.00,5,2026-01-01,2026-12-31,ACTIVE
PL-SMB,SMB Advantage Price List,SMB,INR,VAR-0271,73150.00,5,2026-01-01,2026-12-31,ACTIVE
PL-SMB,SMB Advantage Price List,SMB,INR,VAR-0272,12093.75,5,2026-01-01,2026-12-31,ACTIVE
PL-SMB,SMB Advantage Price List,SMB,INR,VAR-0273,159600.00,5,2026-01-01,2026-12-31,ACTIVE
PL-SMB,SMB Advantage Price List,SMB,INR,VAR-0274,210900.00,5,2026-01-01,2026-12-31,ACTIVE
PL-SMB,SMB Advantage Price List,SMB,INR,VAR-0275,22325.00,5,2026-01-01,2026-12-31,ACTIVE
PL-SMB,SMB Advantage Price List,SMB,INR,VAR-0276,3515.00,5,2026-01-01,2026-12-31,ACTIVE
PL-SMB,SMB Advantage Price List,SMB,INR,VAR-0277,5890.00,5,2026-01-01,2026-12-31,ACTIVE
PL-SMB,SMB Advantage Price List,SMB,INR,VAR-0278,5225.00,5,2026-01-01,2026-12-31,ACTIVE
PL-SMB,SMB Advantage Price List,SMB,INR,VAR-0279,96900.00,5,2026-01-01,2026-12-31,ACTIVE
PL-SMB,SMB Advantage Price List,SMB,INR,VAR-0280,56050.00,5,2026-01-01,2026-12-31,ACTIVE
PL-SMB,SMB Advantage Price List,SMB,INR,VAR-0281,1852.50,5,2026-01-01,2026-12-31,ACTIVE
PL-SMB,SMB Advantage Price List,SMB,INR,VAR-0282,3040.00,5,2026-01-01,2026-12-31,ACTIVE
PL-SMB,SMB Advantage Price List,SMB,INR,VAR-0283,3800.00,5,2026-01-01,2026-12-31,ACTIVE
PL-SMB,SMB Advantage Price List,SMB,INR,VAR-0284,22325.00,5,2026-01-01,2026-12-31,ACTIVE
PL-SMB,SMB Advantage Price List,SMB,INR,VAR-0285,27906.25,5,2026-01-01,2026-12-31,ACTIVE
PL-SMB,SMB Advantage Price List,SMB,INR,VAR-0286,17575.00,5,2026-01-01,2026-12-31,ACTIVE
PL-SMB,SMB Advantage Price List,SMB,INR,VAR-0287,21968.75,5,2026-01-01,2026-12-31,ACTIVE
PL-SMB,SMB Advantage Price List,SMB,INR,VAR-0288,19950.00,5,2026-01-01,2026-12-31,ACTIVE
PL-SMB,SMB Advantage Price List,SMB,INR,VAR-0289,24937.50,5,2026-01-01,2026-12-31,ACTIVE
PL-SMB,SMB Advantage Price List,SMB,INR,VAR-0290,1687.50,5,2026-01-01,2026-12-31,ACTIVE
PL-SMB,SMB Advantage Price List,SMB,INR,VAR-0291,2109.38,5,2026-01-01,2026-12-31,ACTIVE
PL-SMB,SMB Advantage Price List,SMB,INR,VAR-0292,3040.00,5,2026-01-01,2026-12-31,ACTIVE
PL-SMB,SMB Advantage Price List,SMB,INR,VAR-0293,3800.00,5,2026-01-01,2026-12-31,ACTIVE
PL-SMB,SMB Advantage Price List,SMB,INR,VAR-0294,22325.00,5,2026-01-01,2026-12-31,ACTIVE
PL-SMB,SMB Advantage Price List,SMB,INR,VAR-0295,27906.25,5,2026-01-01,2026-12-31,ACTIVE
PL-SMB,SMB Advantage Price List,SMB,INR,VAR-0296,17575.00,5,2026-01-01,2026-12-31,ACTIVE
PL-SMB,SMB Advantage Price List,SMB,INR,VAR-0297,21968.75,5,2026-01-01,2026-12-31,ACTIVE
PL-SMB,SMB Advantage Price List,SMB,INR,VAR-0298,19950.00,5,2026-01-01,2026-12-31,ACTIVE
PL-SMB,SMB Advantage Price List,SMB,INR,VAR-0299,24937.50,5,2026-01-01,2026-12-31,ACTIVE
PL-SMB,SMB Advantage Price List,SMB,INR,VAR-0300,1687.50,5,2026-01-01,2026-12-31,ACTIVE
PL-SMB,SMB Advantage Price List,SMB,INR,VAR-0301,2109.38,5,2026-01-01,2026-12-31,ACTIVE
PL-SMB,SMB Advantage Price List,SMB,INR,VAR-0302,3040.00,5,2026-01-01,2026-12-31,ACTIVE
PL-SMB,SMB Advantage Price List,SMB,INR,VAR-0303,3800.00,5,2026-01-01,2026-12-31,ACTIVE
PL-SMB,SMB Advantage Price List,SMB,INR,VAR-0304,22325.00,5,2026-01-01,2026-12-31,ACTIVE
PL-SMB,SMB Advantage Price List,SMB,INR,VAR-0305,27906.25,5,2026-01-01,2026-12-31,ACTIVE
PL-SMB,SMB Advantage Price List,SMB,INR,VAR-0306,17575.00,5,2026-01-01,2026-12-31,ACTIVE
PL-SMB,SMB Advantage Price List,SMB,INR,VAR-0307,21968.75,5,2026-01-01,2026-12-31,ACTIVE
PL-SMB,SMB Advantage Price List,SMB,INR,VAR-0308,19950.00,5,2026-01-01,2026-12-31,ACTIVE
PL-SMB,SMB Advantage Price List,SMB,INR,VAR-0309,24937.50,5,2026-01-01,2026-12-31,ACTIVE
PL-SMB,SMB Advantage Price List,SMB,INR,VAR-0310,1687.50,5,2026-01-01,2026-12-31,ACTIVE
PL-SMB,SMB Advantage Price List,SMB,INR,VAR-0311,2109.38,5,2026-01-01,2026-12-31,ACTIVE
PL-SMB,SMB Advantage Price List,SMB,INR,VAR-0312,3040.00,5,2026-01-01,2026-12-31,ACTIVE
PL-SMB,SMB Advantage Price List,SMB,INR,VAR-0313,3800.00,5,2026-01-01,2026-12-31,ACTIVE
PL-SMB,SMB Advantage Price List,SMB,INR,VAR-0314,22325.00,5,2026-01-01,2026-12-31,ACTIVE
PL-SMB,SMB Advantage Price List,SMB,INR,VAR-0315,27906.25,5,2026-01-01,2026-12-31,ACTIVE
PL-SMB,SMB Advantage Price List,SMB,INR,VAR-0316,17575.00,5,2026-01-01,2026-12-31,ACTIVE
PL-SMB,SMB Advantage Price List,SMB,INR,VAR-0317,21968.75,5,2026-01-01,2026-12-31,ACTIVE
PL-SMB,SMB Advantage Price List,SMB,INR,VAR-0318,19950.00,5,2026-01-01,2026-12-31,ACTIVE
PL-SMB,SMB Advantage Price List,SMB,INR,VAR-0319,24937.50,5,2026-01-01,2026-12-31,ACTIVE
PL-SMB,SMB Advantage Price List,SMB,INR,VAR-0320,1687.50,5,2026-01-01,2026-12-31,ACTIVE
PL-SMB,SMB Advantage Price List,SMB,INR,VAR-0321,2109.38,5,2026-01-01,2026-12-31,ACTIVE
PL-SMB,SMB Advantage Price List,SMB,INR,VAR-0322,3040.00,5,2026-01-01,2026-12-31,ACTIVE
PL-SMB,SMB Advantage Price List,SMB,INR,VAR-0323,3800.00,5,2026-01-01,2026-12-31,ACTIVE
PL-SMB,SMB Advantage Price List,SMB,INR,VAR-0324,22325.00,5,2026-01-01,2026-12-31,ACTIVE
PL-SMB,SMB Advantage Price List,SMB,INR,VAR-0325,27906.25,5,2026-01-01,2026-12-31,ACTIVE
PL-SMB,SMB Advantage Price List,SMB,INR,VAR-0326,17575.00,5,2026-01-01,2026-12-31,ACTIVE
PL-SMB,SMB Advantage Price List,SMB,INR,VAR-0327,21968.75,5,2026-01-01,2026-12-31,ACTIVE
PL-SMB,SMB Advantage Price List,SMB,INR,VAR-0328,19950.00,5,2026-01-01,2026-12-31,ACTIVE
PL-SMB,SMB Advantage Price List,SMB,INR,VAR-0329,24937.50,5,2026-01-01,2026-12-31,ACTIVE
PL-SMB,SMB Advantage Price List,SMB,INR,VAR-0330,1687.50,5,2026-01-01,2026-12-31,ACTIVE
PL-SMB,SMB Advantage Price List,SMB,INR,VAR-0331,2109.38,5,2026-01-01,2026-12-31,ACTIVE
PL-SMB,SMB Advantage Price List,SMB,INR,VAR-0332,3040.00,5,2026-01-01,2026-12-31,ACTIVE
PL-SMB,SMB Advantage Price List,SMB,INR,VAR-0333,3800.00,5,2026-01-01,2026-12-31,ACTIVE
PL-SMB,SMB Advantage Price List,SMB,INR,VAR-0334,22325.00,5,2026-01-01,2026-12-31,ACTIVE
PL-SMB,SMB Advantage Price List,SMB,INR,VAR-0335,27906.25,5,2026-01-01,2026-12-31,ACTIVE
PL-SMB,SMB Advantage Price List,SMB,INR,VAR-0336,17575.00,5,2026-01-01,2026-12-31,ACTIVE
PL-SMB,SMB Advantage Price List,SMB,INR,VAR-0337,21968.75,5,2026-01-01,2026-12-31,ACTIVE
PL-SMB,SMB Advantage Price List,SMB,INR,VAR-0338,19950.00,5,2026-01-01,2026-12-31,ACTIVE
PL-SMB,SMB Advantage Price List,SMB,INR,VAR-0339,24937.50,5,2026-01-01,2026-12-31,ACTIVE
PL-SMB,SMB Advantage Price List,SMB,INR,VAR-0340,1687.50,5,2026-01-01,2026-12-31,ACTIVE
PL-SMB,SMB Advantage Price List,SMB,INR,VAR-0341,2109.38,5,2026-01-01,2026-12-31,ACTIVE
PL-SMB,SMB Advantage Price List,SMB,INR,VAR-0342,3040.00,5,2026-01-01,2026-12-31,ACTIVE
PL-SMB,SMB Advantage Price List,SMB,INR,VAR-0343,3800.00,5,2026-01-01,2026-12-31,ACTIVE
PL-SMB,SMB Advantage Price List,SMB,INR,VAR-0344,22325.00,5,2026-01-01,2026-12-31,ACTIVE
PL-SMB,SMB Advantage Price List,SMB,INR,VAR-0345,27906.25,5,2026-01-01,2026-12-31,ACTIVE
PL-SMB,SMB Advantage Price List,SMB,INR,VAR-0346,17575.00,5,2026-01-01,2026-12-31,ACTIVE
PL-SMB,SMB Advantage Price List,SMB,INR,VAR-0347,21968.75,5,2026-01-01,2026-12-31,ACTIVE
PL-SMB,SMB Advantage Price List,SMB,INR,VAR-0348,19950.00,5,2026-01-01,2026-12-31,ACTIVE
PL-SMB,SMB Advantage Price List,SMB,INR,VAR-0349,24937.50,5,2026-01-01,2026-12-31,ACTIVE
PL-SMB,SMB Advantage Price List,SMB,INR,VAR-0350,1687.50,5,2026-01-01,2026-12-31,ACTIVE
PL-SMB,SMB Advantage Price List,SMB,INR,VAR-0351,2109.38,5,2026-01-01,2026-12-31,ACTIVE
PL-SMB,SMB Advantage Price List,SMB,INR,VAR-0352,3040.00,5,2026-01-01,2026-12-31,ACTIVE
PL-SMB,SMB Advantage Price List,SMB,INR,VAR-0353,3800.00,5,2026-01-01,2026-12-31,ACTIVE
PL-SMB,SMB Advantage Price List,SMB,INR,VAR-0354,22325.00,5,2026-01-01,2026-12-31,ACTIVE
PL-SMB,SMB Advantage Price List,SMB,INR,VAR-0355,27906.25,5,2026-01-01,2026-12-31,ACTIVE
PL-SMB,SMB Advantage Price List,SMB,INR,VAR-0356,17575.00,5,2026-01-01,2026-12-31,ACTIVE
PL-SMB,SMB Advantage Price List,SMB,INR,VAR-0357,21968.75,5,2026-01-01,2026-12-31,ACTIVE
PL-SMB,SMB Advantage Price List,SMB,INR,VAR-0358,19950.00,5,2026-01-01,2026-12-31,ACTIVE
PL-SMB,SMB Advantage Price List,SMB,INR,VAR-0359,24937.50,5,2026-01-01,2026-12-31,ACTIVE
PL-SMB,SMB Advantage Price List,SMB,INR,VAR-0360,1687.50,5,2026-01-01,2026-12-31,ACTIVE
PL-SMB,SMB Advantage Price List,SMB,INR,VAR-0361,2109.38,5,2026-01-01,2026-12-31,ACTIVE
PL-SMB,SMB Advantage Price List,SMB,INR,VAR-0362,3040.00,5,2026-01-01,2026-12-31,ACTIVE
PL-SMB,SMB Advantage Price List,SMB,INR,VAR-0363,3800.00,5,2026-01-01,2026-12-31,ACTIVE
PL-SMB,SMB Advantage Price List,SMB,INR,VAR-0364,22325.00,5,2026-01-01,2026-12-31,ACTIVE
PL-SMB,SMB Advantage Price List,SMB,INR,VAR-0365,27906.25,5,2026-01-01,2026-12-31,ACTIVE
PL-SMB,SMB Advantage Price List,SMB,INR,VAR-0366,17575.00,5,2026-01-01,2026-12-31,ACTIVE
PL-SMB,SMB Advantage Price List,SMB,INR,VAR-0367,21968.75,5,2026-01-01,2026-12-31,ACTIVE
PL-SMB,SMB Advantage Price List,SMB,INR,VAR-0368,19950.00,5,2026-01-01,2026-12-31,ACTIVE
PL-SMB,SMB Advantage Price List,SMB,INR,VAR-0369,24937.50,5,2026-01-01,2026-12-31,ACTIVE
PL-SMB,SMB Advantage Price List,SMB,INR,VAR-0370,1687.50,5,2026-01-01,2026-12-31,ACTIVE
PL-SMB,SMB Advantage Price List,SMB,INR,VAR-0371,2109.38,5,2026-01-01,2026-12-31,ACTIVE
PL-SMB,SMB Advantage Price List,SMB,INR,VAR-0372,3040.00,5,2026-01-01,2026-12-31,ACTIVE
PL-SMB,SMB Advantage Price List,SMB,INR,VAR-0373,3800.00,5,2026-01-01,2026-12-31,ACTIVE
PL-SMB,SMB Advantage Price List,SMB,INR,VAR-0374,22325.00,5,2026-01-01,2026-12-31,ACTIVE
PL-SMB,SMB Advantage Price List,SMB,INR,VAR-0375,27906.25,5,2026-01-01,2026-12-31,ACTIVE
PL-SMB,SMB Advantage Price List,SMB,INR,VAR-0376,17575.00,5,2026-01-01,2026-12-31,ACTIVE
PL-SMB,SMB Advantage Price List,SMB,INR,VAR-0377,21968.75,5,2026-01-01,2026-12-31,ACTIVE
PL-SMB,SMB Advantage Price List,SMB,INR,VAR-0378,19950.00,5,2026-01-01,2026-12-31,ACTIVE
PL-SMB,SMB Advantage Price List,SMB,INR,VAR-0379,24937.50,5,2026-01-01,2026-12-31,ACTIVE
PL-SMB,SMB Advantage Price List,SMB,INR,VAR-0380,1687.50,5,2026-01-01,2026-12-31,ACTIVE
PL-SMB,SMB Advantage Price List,SMB,INR,VAR-0381,2109.38,5,2026-01-01,2026-12-31,ACTIVE
PL-SMB,SMB Advantage Price List,SMB,INR,VAR-0382,3040.00,5,2026-01-01,2026-12-31,ACTIVE
PL-SMB,SMB Advantage Price List,SMB,INR,VAR-0383,3800.00,5,2026-01-01,2026-12-31,ACTIVE
PL-SMB,SMB Advantage Price List,SMB,INR,VAR-0384,22325.00,5,2026-01-01,2026-12-31,ACTIVE
PL-SMB,SMB Advantage Price List,SMB,INR,VAR-0385,27906.25,5,2026-01-01,2026-12-31,ACTIVE
PL-SMB,SMB Advantage Price List,SMB,INR,VAR-0386,17575.00,5,2026-01-01,2026-12-31,ACTIVE
PL-SMB,SMB Advantage Price List,SMB,INR,VAR-0387,21968.75,5,2026-01-01,2026-12-31,ACTIVE
PL-SMB,SMB Advantage Price List,SMB,INR,VAR-0388,19950.00,5,2026-01-01,2026-12-31,ACTIVE
PL-SMB,SMB Advantage Price List,SMB,INR,VAR-0389,24937.50,5,2026-01-01,2026-12-31,ACTIVE
PL-SMB,SMB Advantage Price List,SMB,INR,VAR-0390,1687.50,5,2026-01-01,2026-12-31,ACTIVE
PL-SMB,SMB Advantage Price List,SMB,INR,VAR-0391,2109.38,5,2026-01-01,2026-12-31,ACTIVE
PL-SMB,SMB Advantage Price List,SMB,INR,VAR-0392,3040.00,5,2026-01-01,2026-12-31,ACTIVE
PL-SMB,SMB Advantage Price List,SMB,INR,VAR-0393,3800.00,5,2026-01-01,2026-12-31,ACTIVE
PL-SMB,SMB Advantage Price List,SMB,INR,VAR-0394,22325.00,5,2026-01-01,2026-12-31,ACTIVE
PL-SMB,SMB Advantage Price List,SMB,INR,VAR-0395,27906.25,5,2026-01-01,2026-12-31,ACTIVE
PL-SMB,SMB Advantage Price List,SMB,INR,VAR-0396,17575.00,5,2026-01-01,2026-12-31,ACTIVE
PL-SMB,SMB Advantage Price List,SMB,INR,VAR-0397,21968.75,5,2026-01-01,2026-12-31,ACTIVE
PL-SMB,SMB Advantage Price List,SMB,INR,VAR-0398,19950.00,5,2026-01-01,2026-12-31,ACTIVE
PL-SMB,SMB Advantage Price List,SMB,INR,VAR-0399,24937.50,5,2026-01-01,2026-12-31,ACTIVE
PL-SMB,SMB Advantage Price List,SMB,INR,VAR-0400,1687.50,5,2026-01-01,2026-12-31,ACTIVE
PL-SMB,SMB Advantage Price List,SMB,INR,VAR-0401,2109.38,5,2026-01-01,2026-12-31,ACTIVE
PL-SMB,SMB Advantage Price List,SMB,INR,VAR-0402,3040.00,5,2026-01-01,2026-12-31,ACTIVE
PL-SMB,SMB Advantage Price List,SMB,INR,VAR-0403,3800.00,5,2026-01-01,2026-12-31,ACTIVE
PL-SMB,SMB Advantage Price List,SMB,INR,VAR-0404,22325.00,5,2026-01-01,2026-12-31,ACTIVE
PL-SMB,SMB Advantage Price List,SMB,INR,VAR-0405,27906.25,5,2026-01-01,2026-12-31,ACTIVE
PL-SMB,SMB Advantage Price List,SMB,INR,VAR-0406,17575.00,5,2026-01-01,2026-12-31,ACTIVE
PL-SMB,SMB Advantage Price List,SMB,INR,VAR-0407,21968.75,5,2026-01-01,2026-12-31,ACTIVE
PL-SMB,SMB Advantage Price List,SMB,INR,VAR-0408,19950.00,5,2026-01-01,2026-12-31,ACTIVE
PL-SMB,SMB Advantage Price List,SMB,INR,VAR-0409,24937.50,5,2026-01-01,2026-12-31,ACTIVE
PL-SMB,SMB Advantage Price List,SMB,INR,VAR-0410,1687.50,5,2026-01-01,2026-12-31,ACTIVE
PL-SMB,SMB Advantage Price List,SMB,INR,VAR-0411,2109.38,5,2026-01-01,2026-12-31,ACTIVE
PL-SMB,SMB Advantage Price List,SMB,INR,VAR-0412,3040.00,5,2026-01-01,2026-12-31,ACTIVE
PL-SMB,SMB Advantage Price List,SMB,INR,VAR-0413,3800.00,5,2026-01-01,2026-12-31,ACTIVE
PL-SMB,SMB Advantage Price List,SMB,INR,VAR-0414,22325.00,5,2026-01-01,2026-12-31,ACTIVE
PL-SMB,SMB Advantage Price List,SMB,INR,VAR-0415,27906.25,5,2026-01-01,2026-12-31,ACTIVE
PL-SMB,SMB Advantage Price List,SMB,INR,VAR-0416,17575.00,5,2026-01-01,2026-12-31,ACTIVE
PL-SMB,SMB Advantage Price List,SMB,INR,VAR-0417,21968.75,5,2026-01-01,2026-12-31,ACTIVE
PL-SMB,SMB Advantage Price List,SMB,INR,VAR-0418,19950.00,5,2026-01-01,2026-12-31,ACTIVE
PL-SMB,SMB Advantage Price List,SMB,INR,VAR-0419,24937.50,5,2026-01-01,2026-12-31,ACTIVE
PL-SMB,SMB Advantage Price List,SMB,INR,VAR-0420,1687.50,5,2026-01-01,2026-12-31,ACTIVE
PL-SMB,SMB Advantage Price List,SMB,INR,VAR-0421,2109.38,5,2026-01-01,2026-12-31,ACTIVE
PL-SMB,SMB Advantage Price List,SMB,INR,VAR-0422,3040.00,5,2026-01-01,2026-12-31,ACTIVE
PL-SMB,SMB Advantage Price List,SMB,INR,VAR-0423,3800.00,5,2026-01-01,2026-12-31,ACTIVE
PL-SMB,SMB Advantage Price List,SMB,INR,VAR-0424,22325.00,5,2026-01-01,2026-12-31,ACTIVE
PL-SMB,SMB Advantage Price List,SMB,INR,VAR-0425,27906.25,5,2026-01-01,2026-12-31,ACTIVE
PL-SMB,SMB Advantage Price List,SMB,INR,VAR-0426,17575.00,5,2026-01-01,2026-12-31,ACTIVE
PL-SMB,SMB Advantage Price List,SMB,INR,VAR-0427,21968.75,5,2026-01-01,2026-12-31,ACTIVE
PL-SMB,SMB Advantage Price List,SMB,INR,VAR-0428,19950.00,5,2026-01-01,2026-12-31,ACTIVE
PL-SMB,SMB Advantage Price List,SMB,INR,VAR-0429,24937.50,5,2026-01-01,2026-12-31,ACTIVE
PL-SMB,SMB Advantage Price List,SMB,INR,VAR-0430,1687.50,5,2026-01-01,2026-12-31,ACTIVE
PL-SMB,SMB Advantage Price List,SMB,INR,VAR-0431,2109.38,5,2026-01-01,2026-12-31,ACTIVE
PL-SMB,SMB Advantage Price List,SMB,INR,VAR-0432,3040.00,5,2026-01-01,2026-12-31,ACTIVE
PL-SMB,SMB Advantage Price List,SMB,INR,VAR-0433,3800.00,5,2026-01-01,2026-12-31,ACTIVE
PL-SMB,SMB Advantage Price List,SMB,INR,VAR-0434,22325.00,5,2026-01-01,2026-12-31,ACTIVE
PL-SMB,SMB Advantage Price List,SMB,INR,VAR-0435,27906.25,5,2026-01-01,2026-12-31,ACTIVE
PL-SMB,SMB Advantage Price List,SMB,INR,VAR-0436,17575.00,5,2026-01-01,2026-12-31,ACTIVE
PL-SMB,SMB Advantage Price List,SMB,INR,VAR-0437,21968.75,5,2026-01-01,2026-12-31,ACTIVE
PL-SMB,SMB Advantage Price List,SMB,INR,VAR-0438,19950.00,5,2026-01-01,2026-12-31,ACTIVE
PL-SMB,SMB Advantage Price List,SMB,INR,VAR-0439,24937.50,5,2026-01-01,2026-12-31,ACTIVE
PL-SMB,SMB Advantage Price List,SMB,INR,VAR-0440,1687.50,5,2026-01-01,2026-12-31,ACTIVE
PL-SMB,SMB Advantage Price List,SMB,INR,VAR-0441,2109.38,5,2026-01-01,2026-12-31,ACTIVE
PL-SMB,SMB Advantage Price List,SMB,INR,VAR-0442,3040.00,5,2026-01-01,2026-12-31,ACTIVE
PL-SMB,SMB Advantage Price List,SMB,INR,VAR-0443,3800.00,5,2026-01-01,2026-12-31,ACTIVE
PL-SMB,SMB Advantage Price List,SMB,INR,VAR-0444,22325.00,5,2026-01-01,2026-12-31,ACTIVE
PL-SMB,SMB Advantage Price List,SMB,INR,VAR-0445,27906.25,5,2026-01-01,2026-12-31,ACTIVE
PL-SMB,SMB Advantage Price List,SMB,INR,VAR-0446,17575.00,5,2026-01-01,2026-12-31,ACTIVE
PL-SMB,SMB Advantage Price List,SMB,INR,VAR-0447,21968.75,5,2026-01-01,2026-12-31,ACTIVE
PL-SMB,SMB Advantage Price List,SMB,INR,VAR-0448,19950.00,5,2026-01-01,2026-12-31,ACTIVE
PL-SMB,SMB Advantage Price List,SMB,INR,VAR-0449,24937.50,5,2026-01-01,2026-12-31,ACTIVE
PL-SMB,SMB Advantage Price List,SMB,INR,VAR-0450,1687.50,5,2026-01-01,2026-12-31,ACTIVE
PL-SMB,SMB Advantage Price List,SMB,INR,VAR-0451,2109.38,5,2026-01-01,2026-12-31,ACTIVE
PL-SMB,SMB Advantage Price List,SMB,INR,VAR-0452,3040.00,5,2026-01-01,2026-12-31,ACTIVE
PL-SMB,SMB Advantage Price List,SMB,INR,VAR-0453,3800.00,5,2026-01-01,2026-12-31,ACTIVE
PL-SMB,SMB Advantage Price List,SMB,INR,VAR-0454,22325.00,5,2026-01-01,2026-12-31,ACTIVE
PL-SMB,SMB Advantage Price List,SMB,INR,VAR-0455,27906.25,5,2026-01-01,2026-12-31,ACTIVE
PL-SMB,SMB Advantage Price List,SMB,INR,VAR-0456,17575.00,5,2026-01-01,2026-12-31,ACTIVE
PL-SMB,SMB Advantage Price List,SMB,INR,VAR-0457,21968.75,5,2026-01-01,2026-12-31,ACTIVE
PL-SMB,SMB Advantage Price List,SMB,INR,VAR-0458,19950.00,5,2026-01-01,2026-12-31,ACTIVE
PL-SMB,SMB Advantage Price List,SMB,INR,VAR-0459,24937.50,5,2026-01-01,2026-12-31,ACTIVE
PL-SMB,SMB Advantage Price List,SMB,INR,VAR-0460,1687.50,5,2026-01-01,2026-12-31,ACTIVE
PL-SMB,SMB Advantage Price List,SMB,INR,VAR-0461,2109.38,5,2026-01-01,2026-12-31,ACTIVE
PL-SMB,SMB Advantage Price List,SMB,INR,VAR-0462,59411.88,5,2026-01-01,2026-12-31,ACTIVE
PL-SMB,SMB Advantage Price List,SMB,INR,VAR-0463,37050.00,5,2026-01-01,2026-12-31,ACTIVE
PL-SMB,SMB Advantage Price List,SMB,INR,VAR-0464,43700.00,5,2026-01-01,2026-12-31,ACTIVE
PL-SMB,SMB Advantage Price List,SMB,INR,VAR-0465,57475.00,5,2026-01-01,2026-12-31,ACTIVE
PL-SMB,SMB Advantage Price List,SMB,INR,VAR-0466,77900.00,5,2026-01-01,2026-12-31,ACTIVE
PL-SMB,SMB Advantage Price List,SMB,INR,VAR-0467,86925.00,5,2026-01-01,2026-12-31,ACTIVE
PL-SMB,SMB Advantage Price List,SMB,INR,VAR-0468,17955.00,5,2026-01-01,2026-12-31,ACTIVE
PL-SMB,SMB Advantage Price List,SMB,INR,VAR-0469,35150.00,5,2026-01-01,2026-12-31,ACTIVE
PL-SMB,SMB Advantage Price List,SMB,INR,VAR-0470,137274.05,5,2026-01-01,2026-12-31,ACTIVE
PL-SMB,SMB Advantage Price List,SMB,INR,VAR-0471,89775.00,5,2026-01-01,2026-12-31,ACTIVE
PL-SMB,SMB Advantage Price List,SMB,INR,VAR-0472,71250.00,5,2026-01-01,2026-12-31,ACTIVE
PL-SMB,SMB Advantage Price List,SMB,INR,VAR-0473,76000.00,5,2026-01-01,2026-12-31,ACTIVE
PL-SMB,SMB Advantage Price List,SMB,INR,VAR-0474,14062.50,5,2026-01-01,2026-12-31,ACTIVE
PL-SMB,SMB Advantage Price List,SMB,INR,VAR-0475,24843.75,5,2026-01-01,2026-12-31,ACTIVE
PL-SMB,SMB Advantage Price List,SMB,INR,VAR-0476,13406.25,5,2026-01-01,2026-12-31,ACTIVE
PL-SMB,SMB Advantage Price List,SMB,INR,VAR-0477,13781.25,5,2026-01-01,2026-12-31,ACTIVE
PL-SMB,SMB Advantage Price List,SMB,INR,VAR-0478,9370.31,5,2026-01-01,2026-12-31,ACTIVE
PL-SMB,SMB Advantage Price List,SMB,INR,VAR-0479,8432.81,5,2026-01-01,2026-12-31,ACTIVE
PL-SMB,SMB Advantage Price List,SMB,INR,VAR-0480,3276.56,5,2026-01-01,2026-12-31,ACTIVE
PL-SMB,SMB Advantage Price List,SMB,INR,VAR-0481,18187.50,5,2026-01-01,2026-12-31,ACTIVE
PL-SMB,SMB Advantage Price List,SMB,INR,VAR-0482,8812.50,5,2026-01-01,2026-12-31,ACTIVE
PL-SMB,SMB Advantage Price List,SMB,INR,VAR-0483,7218.75,5,2026-01-01,2026-12-31,ACTIVE
PL-SMB,SMB Advantage Price List,SMB,INR,VAR-0484,16875.00,5,2026-01-01,2026-12-31,ACTIVE
PL-SMB,SMB Advantage Price List,SMB,INR,VAR-0485,3280.31,5,2026-01-01,2026-12-31,ACTIVE
PL-SMB,SMB Advantage Price List,SMB,INR,VAR-0486,2812.50,5,2026-01-01,2026-12-31,ACTIVE
PL-SMB,SMB Advantage Price List,SMB,INR,VAR-0487,6092.81,5,2026-01-01,2026-12-31,ACTIVE
PL-SMB,SMB Advantage Price List,SMB,INR,VAR-0488,93005.00,5,2026-01-01,2026-12-31,ACTIVE
PL-SMB,SMB Advantage Price List,SMB,INR,VAR-0489,26250.00,5,2026-01-01,2026-12-31,ACTIVE
PL-SMB,SMB Advantage Price List,SMB,INR,VAR-0490,271700.00,5,2026-01-01,2026-12-31,ACTIVE
PL-SMB,SMB Advantage Price List,SMB,INR,VAR-0491,10735.00,5,2026-01-01,2026-12-31,ACTIVE
PL-SMB,SMB Advantage Price List,SMB,INR,VAR-0492,5700.00,5,2026-01-01,2026-12-31,ACTIVE
PL-SMB,SMB Advantage Price List,SMB,INR,VAR-0493,58140.00,5,2026-01-01,2026-12-31,ACTIVE
PL-SMB,SMB Advantage Price List,SMB,INR,VAR-0494,127680.00,5,2026-01-01,2026-12-31,ACTIVE
PL-SMB,SMB Advantage Price List,SMB,INR,VAR-0495,560880.00,5,2026-01-01,2026-12-31,ACTIVE
PL-SMB,SMB Advantage Price List,SMB,INR,VAR-0496,63840.00,5,2026-01-01,2026-12-31,ACTIVE
PL-SMB,SMB Advantage Price List,SMB,INR,VAR-0497,26106.00,5,2026-01-01,2026-12-31,ACTIVE
PL-SMB,SMB Advantage Price List,SMB,INR,VAR-0498,532000.00,5,2026-01-01,2026-12-31,ACTIVE
PL-SMB,SMB Advantage Price List,SMB,INR,VAR-0499,839800.00,5,2026-01-01,2026-12-31,ACTIVE
PL-SMB,SMB Advantage Price List,SMB,INR,VAR-0500,29212.50,5,2026-01-01,2026-12-31,ACTIVE
PL-SMB,SMB Advantage Price List,SMB,INR,VAR-0501,65550.00,5,2026-01-01,2026-12-31,ACTIVE
PL-SMB,SMB Advantage Price List,SMB,INR,VAR-0502,265050.00,5,2026-01-01,2026-12-31,ACTIVE
PL-SMB,SMB Advantage Price List,SMB,INR,VAR-0503,194180.00,5,2026-01-01,2026-12-31,ACTIVE
PL-SMB,SMB Advantage Price List,SMB,INR,VAR-0504,22230.00,5,2026-01-01,2026-12-31,ACTIVE
PL-SMB,SMB Advantage Price List,SMB,INR,VAR-0505,34675.00,5,2026-01-01,2026-12-31,ACTIVE
PL-SMB,SMB Advantage Price List,SMB,INR,VAR-0506,51680.00,5,2026-01-01,2026-12-31,ACTIVE
PL-SMB,SMB Advantage Price List,SMB,INR,VAR-0507,53105.00,5,2026-01-01,2026-12-31,ACTIVE
PL-SMB,SMB Advantage Price List,SMB,INR,VAR-0508,234650.00,5,2026-01-01,2026-12-31,ACTIVE
PL-SMB,SMB Advantage Price List,SMB,INR,VAR-0509,28125.00,5,2026-01-01,2026-12-31,ACTIVE
PL-SMB,SMB Advantage Price List,SMB,INR,VAR-0510,21937.50,5,2026-01-01,2026-12-31,ACTIVE
PL-SMB,SMB Advantage Price List,SMB,INR,VAR-0511,7499.06,5,2026-01-01,2026-12-31,ACTIVE
PL-SMB,SMB Advantage Price List,SMB,INR,VAR-0512,3092.81,5,2026-01-01,2026-12-31,ACTIVE
PL-SMB,SMB Advantage Price List,SMB,INR,VAR-0513,20625.00,5,2026-01-01,2026-12-31,ACTIVE
PL-SMB,SMB Advantage Price List,SMB,INR,VAR-0514,8901.56,5,2026-01-01,2026-12-31,ACTIVE
PL-SMB,SMB Advantage Price List,SMB,INR,VAR-0515,8812.50,5,2026-01-01,2026-12-31,ACTIVE
PL-SMB,SMB Advantage Price List,SMB,INR,VAR-0516,3468.75,5,2026-01-01,2026-12-31,ACTIVE
PL-SMB,SMB Advantage Price List,SMB,INR,VAR-0517,5155.31,5,2026-01-01,2026-12-31,ACTIVE
PL-SMB,SMB Advantage Price List,SMB,INR,VAR-0518,9281.25,5,2026-01-01,2026-12-31,ACTIVE
PL-SMB,SMB Advantage Price List,SMB,INR,VAR-0519,25312.50,5,2026-01-01,2026-12-31,ACTIVE
PL-SMB,SMB Advantage Price List,SMB,INR,VAR-0520,2811.56,5,2026-01-01,2026-12-31,ACTIVE
PL-SMB,SMB Advantage Price List,SMB,INR,VAR-0521,240350.00,5,2026-01-01,2026-12-31,ACTIVE
PL-SMB,SMB Advantage Price List,SMB,INR,VAR-0522,99750.00,5,2026-01-01,2026-12-31,ACTIVE
PL-SMB,SMB Advantage Price List,SMB,INR,VAR-0523,12562.50,5,2026-01-01,2026-12-31,ACTIVE
PL-SMB,SMB Advantage Price List,SMB,INR,VAR-0524,186200.00,5,2026-01-01,2026-12-31,ACTIVE
PL-SMB,SMB Advantage Price List,SMB,INR,VAR-0525,237500.00,5,2026-01-01,2026-12-31,ACTIVE
PL-SMB,SMB Advantage Price List,SMB,INR,VAR-0526,24035.00,5,2026-01-01,2026-12-31,ACTIVE
PL-SMB,SMB Advantage Price List,SMB,INR,VAR-0527,5225.00,5,2026-01-01,2026-12-31,ACTIVE
PL-SMB,SMB Advantage Price List,SMB,INR,VAR-0528,7600.00,5,2026-01-01,2026-12-31,ACTIVE
PL-SMB,SMB Advantage Price List,SMB,INR,VAR-0529,6935.00,5,2026-01-01,2026-12-31,ACTIVE
PL-SMB,SMB Advantage Price List,SMB,INR,VAR-0530,98610.00,5,2026-01-01,2026-12-31,ACTIVE
PL-SMB,SMB Advantage Price List,SMB,INR,VAR-0531,57760.00,5,2026-01-01,2026-12-31,ACTIVE
PL-SMB,SMB Advantage Price List,SMB,INR,VAR-0532,3562.50,5,2026-01-01,2026-12-31,ACTIVE
PL-ENT,Enterprise Preferred Price List,Enterprise,INR,VAR-0001,66305.00,20,2026-01-01,2026-12-31,ACTIVE
PL-ENT,Enterprise Preferred Price List,Enterprise,INR,VAR-0002,80545.00,20,2026-01-01,2026-12-31,ACTIVE
PL-ENT,Enterprise Preferred Price List,Enterprise,INR,VAR-0003,93450.00,20,2026-01-01,2026-12-31,ACTIVE
PL-ENT,Enterprise Preferred Price List,Enterprise,INR,VAR-0004,114810.00,20,2026-01-01,2026-12-31,ACTIVE
PL-ENT,Enterprise Preferred Price List,Enterprise,INR,VAR-0005,46280.00,20,2026-01-01,2026-12-31,ACTIVE
PL-ENT,Enterprise Preferred Price List,Enterprise,INR,VAR-0006,56070.00,20,2026-01-01,2026-12-31,ACTIVE
PL-ENT,Enterprise Preferred Price List,Enterprise,INR,VAR-0007,165540.00,20,2026-01-01,2026-12-31,ACTIVE
PL-ENT,Enterprise Preferred Price List,Enterprise,INR,VAR-0008,194020.00,20,2026-01-01,2026-12-31,ACTIVE
PL-ENT,Enterprise Preferred Price List,Enterprise,INR,VAR-0009,70310.00,20,2026-01-01,2026-12-31,ACTIVE
PL-ENT,Enterprise Preferred Price List,Enterprise,INR,VAR-0010,86330.00,20,2026-01-01,2026-12-31,ACTIVE
PL-ENT,Enterprise Preferred Price List,Enterprise,INR,VAR-0011,137060.00,20,2026-01-01,2026-12-31,ACTIVE
PL-ENT,Enterprise Preferred Price List,Enterprise,INR,VAR-0012,169100.00,20,2026-01-01,2026-12-31,ACTIVE
PL-ENT,Enterprise Preferred Price List,Enterprise,INR,VAR-0013,197580.00,20,2026-01-01,2026-12-31,ACTIVE
PL-ENT,Enterprise Preferred Price List,Enterprise,INR,VAR-0014,258100.00,20,2026-01-01,2026-12-31,ACTIVE
PL-ENT,Enterprise Preferred Price List,Enterprise,INR,VAR-0015,76985.00,20,2026-01-01,2026-12-31,ACTIVE
PL-ENT,Enterprise Preferred Price List,Enterprise,INR,VAR-0016,93005.00,20,2026-01-01,2026-12-31,ACTIVE
PL-ENT,Enterprise Preferred Price List,Enterprise,INR,VAR-0017,51175.00,20,2026-01-01,2026-12-31,ACTIVE
PL-ENT,Enterprise Preferred Price List,Enterprise,INR,VAR-0018,60520.00,20,2026-01-01,2026-12-31,ACTIVE
PL-ENT,Enterprise Preferred Price List,Enterprise,INR,VAR-0019,129940.00,20,2026-01-01,2026-12-31,ACTIVE
PL-ENT,Enterprise Preferred Price List,Enterprise,INR,VAR-0020,163760.00,20,2026-01-01,2026-12-31,ACTIVE
PL-ENT,Enterprise Preferred Price List,Enterprise,INR,VAR-0021,177911.00,20,2026-01-01,2026-12-31,ACTIVE
PL-ENT,Enterprise Preferred Price List,Enterprise,INR,VAR-0022,211731.00,20,2026-01-01,2026-12-31,ACTIVE
PL-ENT,Enterprise Preferred Price List,Enterprise,INR,VAR-0023,311411.00,20,2026-01-01,2026-12-31,ACTIVE
PL-ENT,Enterprise Preferred Price List,Enterprise,INR,VAR-0024,348791.00,20,2026-01-01,2026-12-31,ACTIVE
PL-ENT,Enterprise Preferred Price List,Enterprise,INR,VAR-0025,102261.00,20,2026-01-01,2026-12-31,ACTIVE
PL-ENT,Enterprise Preferred Price List,Enterprise,INR,VAR-0026,117391.00,20,2026-01-01,2026-12-31,ACTIVE
PL-ENT,Enterprise Preferred Price List,Enterprise,INR,VAR-0027,126380.00,20,2026-01-01,2026-12-31,ACTIVE
PL-ENT,Enterprise Preferred Price List,Enterprise,INR,VAR-0028,149520.00,20,2026-01-01,2026-12-31,ACTIVE
PL-ENT,Enterprise Preferred Price List,Enterprise,INR,VAR-0029,68530.00,20,2026-01-01,2026-12-31,ACTIVE
PL-ENT,Enterprise Preferred Price List,Enterprise,INR,VAR-0030,83660.00,20,2026-01-01,2026-12-31,ACTIVE
PL-ENT,Enterprise Preferred Price List,Enterprise,INR,VAR-0031,45390.00,20,2026-01-01,2026-12-31,ACTIVE
PL-ENT,Enterprise Preferred Price List,Enterprise,INR,VAR-0032,59630.00,20,2026-01-01,2026-12-31,ACTIVE
PL-ENT,Enterprise Preferred Price List,Enterprise,INR,VAR-0033,49395.00,20,2026-01-01,2026-12-31,ACTIVE
PL-ENT,Enterprise Preferred Price List,Enterprise,INR,VAR-0034,62745.00,20,2026-01-01,2026-12-31,ACTIVE
PL-ENT,Enterprise Preferred Price List,Enterprise,INR,VAR-0035,72980.00,20,2026-01-01,2026-12-31,ACTIVE
PL-ENT,Enterprise Preferred Price List,Enterprise,INR,VAR-0036,90780.00,20,2026-01-01,2026-12-31,ACTIVE
PL-ENT,Enterprise Preferred Price List,Enterprise,INR,VAR-0037,46725.00,20,2026-01-01,2026-12-31,ACTIVE
PL-ENT,Enterprise Preferred Price List,Enterprise,INR,VAR-0038,60965.00,20,2026-01-01,2026-12-31,ACTIVE
PL-ENT,Enterprise Preferred Price List,Enterprise,INR,VAR-0039,48060.00,20,2026-01-01,2026-12-31,ACTIVE
PL-ENT,Enterprise Preferred Price List,Enterprise,INR,VAR-0040,61855.00,20,2026-01-01,2026-12-31,ACTIVE
PL-ENT,Enterprise Preferred Price List,Enterprise,INR,VAR-0041,186811.00,20,2026-01-01,2026-12-31,ACTIVE
PL-ENT,Enterprise Preferred Price List,Enterprise,INR,VAR-0042,220631.00,20,2026-01-01,2026-12-31,ACTIVE
PL-ENT,Enterprise Preferred Price List,Enterprise,INR,VAR-0043,124338.00,20,2026-01-01,2026-12-31,ACTIVE
PL-ENT,Enterprise Preferred Price List,Enterprise,INR,VAR-0044,191913.00,20,2026-01-01,2026-12-31,ACTIVE
PL-ENT,Enterprise Preferred Price List,Enterprise,INR,VAR-0045,259488.00,20,2026-01-01,2026-12-31,ACTIVE
PL-ENT,Enterprise Preferred Price List,Enterprise,INR,VAR-0046,376618.00,20,2026-01-01,2026-12-31,ACTIVE
PL-ENT,Enterprise Preferred Price List,Enterprise,INR,VAR-0047,562224.00,20,2026-01-01,2026-12-31,ACTIVE
PL-ENT,Enterprise Preferred Price List,Enterprise,INR,VAR-0048,904604.00,20,2026-01-01,2026-12-31,ACTIVE
PL-ENT,Enterprise Preferred Price List,Enterprise,INR,VAR-0049,210834.00,20,2026-01-01,2026-12-31,ACTIVE
PL-ENT,Enterprise Preferred Price List,Enterprise,INR,VAR-0050,272102.00,20,2026-01-01,2026-12-31,ACTIVE
PL-ENT,Enterprise Preferred Price List,Enterprise,INR,VAR-0051,227052.00,20,2026-01-01,2026-12-31,ACTIVE
PL-ENT,Enterprise Preferred Price List,Enterprise,INR,VAR-0052,335172.00,20,2026-01-01,2026-12-31,ACTIVE
PL-ENT,Enterprise Preferred Price List,Enterprise,INR,VAR-0053,302736.00,20,2026-01-01,2026-12-31,ACTIVE
PL-ENT,Enterprise Preferred Price List,Enterprise,INR,VAR-0054,401846.00,20,2026-01-01,2026-12-31,ACTIVE
PL-ENT,Enterprise Preferred Price List,Enterprise,INR,VAR-0055,421668.00,20,2026-01-01,2026-12-31,ACTIVE
PL-ENT,Enterprise Preferred Price List,Enterprise,INR,VAR-0056,579343.00,20,2026-01-01,2026-12-31,ACTIVE
PL-ENT,Enterprise Preferred Price List,Enterprise,INR,VAR-0057,416262.00,20,2026-01-01,2026-12-31,ACTIVE
PL-ENT,Enterprise Preferred Price List,Enterprise,INR,VAR-0058,537897.00,20,2026-01-01,2026-12-31,ACTIVE
PL-ENT,Enterprise Preferred Price List,Enterprise,INR,VAR-0059,313548.00,20,2026-01-01,2026-12-31,ACTIVE
PL-ENT,Enterprise Preferred Price List,Enterprise,INR,VAR-0060,399143.00,20,2026-01-01,2026-12-31,ACTIVE
PL-ENT,Enterprise Preferred Price List,Enterprise,INR,VAR-0061,389232.00,20,2026-01-01,2026-12-31,ACTIVE
PL-ENT,Enterprise Preferred Price List,Enterprise,INR,VAR-0062,515372.00,20,2026-01-01,2026-12-31,ACTIVE
PL-ENT,Enterprise Preferred Price List,Enterprise,INR,VAR-0063,156774.00,20,2026-01-01,2026-12-31,ACTIVE
PL-ENT,Enterprise Preferred Price List,Enterprise,INR,VAR-0064,194616.00,20,2026-01-01,2026-12-31,ACTIVE
PL-ENT,Enterprise Preferred Price List,Enterprise,INR,VAR-0065,120061.00,20,2026-01-01,2026-12-31,ACTIVE
PL-ENT,Enterprise Preferred Price List,Enterprise,INR,VAR-0066,128961.00,20,2026-01-01,2026-12-31,ACTIVE
PL-ENT,Enterprise Preferred Price List,Enterprise,INR,VAR-0067,146761.00,20,2026-01-01,2026-12-31,ACTIVE
PL-ENT,Enterprise Preferred Price List,Enterprise,INR,VAR-0068,142311.00,20,2026-01-01,2026-12-31,ACTIVE
PL-ENT,Enterprise Preferred Price List,Enterprise,INR,VAR-0069,160111.00,20,2026-01-01,2026-12-31,ACTIVE
PL-ENT,Enterprise Preferred Price List,Enterprise,INR,VAR-0070,71111.00,20,2026-01-01,2026-12-31,ACTIVE
PL-ENT,Enterprise Preferred Price List,Enterprise,INR,VAR-0071,80011.00,20,2026-01-01,2026-12-31,ACTIVE
PL-ENT,Enterprise Preferred Price List,Enterprise,INR,VAR-0072,115699.11,20,2026-01-01,2026-12-31,ACTIVE
PL-ENT,Enterprise Preferred Price List,Enterprise,INR,VAR-0073,124599.11,20,2026-01-01,2026-12-31,ACTIVE
PL-ENT,Enterprise Preferred Price List,Enterprise,INR,VAR-0074,88999.11,20,2026-01-01,2026-12-31,ACTIVE
PL-ENT,Enterprise Preferred Price List,Enterprise,INR,VAR-0075,97899.11,20,2026-01-01,2026-12-31,ACTIVE
PL-ENT,Enterprise Preferred Price List,Enterprise,INR,VAR-0076,71199.11,20,2026-01-01,2026-12-31,ACTIVE
PL-ENT,Enterprise Preferred Price List,Enterprise,INR,VAR-0077,75649.11,20,2026-01-01,2026-12-31,ACTIVE
PL-ENT,Enterprise Preferred Price List,Enterprise,INR,VAR-0078,35599.11,20,2026-01-01,2026-12-31,ACTIVE
PL-ENT,Enterprise Preferred Price List,Enterprise,INR,VAR-0079,38269.11,20,2026-01-01,2026-12-31,ACTIVE
PL-ENT,Enterprise Preferred Price List,Enterprise,INR,VAR-0080,47169.11,20,2026-01-01,2026-12-31,ACTIVE
PL-ENT,Enterprise Preferred Price List,Enterprise,INR,VAR-0081,95229.11,20,2026-01-01,2026-12-31,ACTIVE
PL-ENT,Enterprise Preferred Price List,Enterprise,INR,VAR-0082,101459.11,20,2026-01-01,2026-12-31,ACTIVE
PL-ENT,Enterprise Preferred Price List,Enterprise,INR,VAR-0083,67639.11,20,2026-01-01,2026-12-31,ACTIVE
PL-ENT,Enterprise Preferred Price List,Enterprise,INR,VAR-0084,72979.11,20,2026-01-01,2026-12-31,ACTIVE
PL-ENT,Enterprise Preferred Price List,Enterprise,INR,VAR-0085,57849.11,20,2026-01-01,2026-12-31,ACTIVE
PL-ENT,Enterprise Preferred Price List,Enterprise,INR,VAR-0086,62299.11,20,2026-01-01,2026-12-31,ACTIVE
PL-ENT,Enterprise Preferred Price List,Enterprise,INR,VAR-0087,35511.00,20,2026-01-01,2026-12-31,ACTIVE
PL-ENT,Enterprise Preferred Price List,Enterprise,INR,VAR-0088,54201.00,20,2026-01-01,2026-12-31,ACTIVE
PL-ENT,Enterprise Preferred Price List,Enterprise,INR,VAR-0089,53311.00,20,2026-01-01,2026-12-31,ACTIVE
PL-ENT,Enterprise Preferred Price List,Enterprise,INR,VAR-0090,72001.00,20,2026-01-01,2026-12-31,ACTIVE
PL-ENT,Enterprise Preferred Price List,Enterprise,INR,VAR-0091,88911.00,20,2026-01-01,2026-12-31,ACTIVE
PL-ENT,Enterprise Preferred Price List,Enterprise,INR,VAR-0092,115611.00,20,2026-01-01,2026-12-31,ACTIVE
PL-ENT,Enterprise Preferred Price List,Enterprise,INR,VAR-0093,64969.11,20,2026-01-01,2026-12-31,ACTIVE
PL-ENT,Enterprise Preferred Price List,Enterprise,INR,VAR-0094,72089.11,20,2026-01-01,2026-12-31,ACTIVE
PL-ENT,Enterprise Preferred Price List,Enterprise,INR,VAR-0095,56070.00,20,2026-01-01,2026-12-31,ACTIVE
PL-ENT,Enterprise Preferred Price List,Enterprise,INR,VAR-0096,61410.00,20,2026-01-01,2026-12-31,ACTIVE
PL-ENT,Enterprise Preferred Price List,Enterprise,INR,VAR-0097,155750.00,20,2026-01-01,2026-12-31,ACTIVE
PL-ENT,Enterprise Preferred Price List,Enterprise,INR,VAR-0098,189570.00,20,2026-01-01,2026-12-31,ACTIVE
PL-ENT,Enterprise Preferred Price List,Enterprise,INR,VAR-0099,250980.00,20,2026-01-01,2026-12-31,ACTIVE
PL-ENT,Enterprise Preferred Price List,Enterprise,INR,VAR-0100,291030.00,20,2026-01-01,2026-12-31,ACTIVE
PL-ENT,Enterprise Preferred Price List,Enterprise,INR,VAR-0101,79210.00,20,2026-01-01,2026-12-31,ACTIVE
PL-ENT,Enterprise Preferred Price List,Enterprise,INR,VAR-0102,104130.00,20,2026-01-01,2026-12-31,ACTIVE
PL-ENT,Enterprise Preferred Price List,Enterprise,INR,VAR-0103,201140.00,20,2026-01-01,2026-12-31,ACTIVE
PL-ENT,Enterprise Preferred Price List,Enterprise,INR,VAR-0104,229620.00,20,2026-01-01,2026-12-31,ACTIVE
PL-ENT,Enterprise Preferred Price List,Enterprise,INR,VAR-0105,58295.00,20,2026-01-01,2026-12-31,ACTIVE
PL-ENT,Enterprise Preferred Price List,Enterprise,INR,VAR-0106,62300.00,20,2026-01-01,2026-12-31,ACTIVE
PL-ENT,Enterprise Preferred Price List,Enterprise,INR,VAR-0107,62211.00,20,2026-01-01,2026-12-31,ACTIVE
PL-ENT,Enterprise Preferred Price List,Enterprise,INR,VAR-0108,87131.00,20,2026-01-01,2026-12-31,ACTIVE
PL-ENT,Enterprise Preferred Price List,Enterprise,INR,VAR-0109,197580.00,20,2026-01-01,2026-12-31,ACTIVE
PL-ENT,Enterprise Preferred Price List,Enterprise,INR,VAR-0110,264330.00,20,2026-01-01,2026-12-31,ACTIVE
PL-ENT,Enterprise Preferred Price List,Enterprise,INR,VAR-0111,38715.00,20,2026-01-01,2026-12-31,ACTIVE
PL-ENT,Enterprise Preferred Price List,Enterprise,INR,VAR-0112,40673.00,20,2026-01-01,2026-12-31,ACTIVE
PL-ENT,Enterprise Preferred Price List,Enterprise,INR,VAR-0113,15842.00,20,2026-01-01,2026-12-31,ACTIVE
PL-ENT,Enterprise Preferred Price List,Enterprise,INR,VAR-0114,17444.00,20,2026-01-01,2026-12-31,ACTIVE
PL-ENT,Enterprise Preferred Price List,Enterprise,INR,VAR-0115,51620.00,20,2026-01-01,2026-12-31,ACTIVE
PL-ENT,Enterprise Preferred Price List,Enterprise,INR,VAR-0116,101460.00,20,2026-01-01,2026-12-31,ACTIVE
PL-ENT,Enterprise Preferred Price List,Enterprise,INR,VAR-0117,165540.00,20,2026-01-01,2026-12-31,ACTIVE
PL-ENT,Enterprise Preferred Price List,Enterprise,INR,VAR-0118,294590.00,20,2026-01-01,2026-12-31,ACTIVE
PL-ENT,Enterprise Preferred Price List,Enterprise,INR,VAR-0119,24475.00,20,2026-01-01,2026-12-31,ACTIVE
PL-ENT,Enterprise Preferred Price List,Enterprise,INR,VAR-0120,41385.00,20,2026-01-01,2026-12-31,ACTIVE
PL-ENT,Enterprise Preferred Price List,Enterprise,INR,VAR-0121,41830.00,20,2026-01-01,2026-12-31,ACTIVE
PL-ENT,Enterprise Preferred Price List,Enterprise,INR,VAR-0122,73870.00,20,2026-01-01,2026-12-31,ACTIVE
PL-ENT,Enterprise Preferred Price List,Enterprise,INR,VAR-0123,26255.00,20,2026-01-01,2026-12-31,ACTIVE
PL-ENT,Enterprise Preferred Price List,Enterprise,INR,VAR-0124,29815.00,20,2026-01-01,2026-12-31,ACTIVE
PL-ENT,Enterprise Preferred Price List,Enterprise,INR,VAR-0125,34710.00,20,2026-01-01,2026-12-31,ACTIVE
PL-ENT,Enterprise Preferred Price List,Enterprise,INR,VAR-0126,36935.00,20,2026-01-01,2026-12-31,ACTIVE
PL-ENT,Enterprise Preferred Price List,Enterprise,INR,VAR-0127,44500.00,20,2026-01-01,2026-12-31,ACTIVE
PL-ENT,Enterprise Preferred Price List,Enterprise,INR,VAR-0128,95230.00,20,2026-01-01,2026-12-31,ACTIVE
PL-ENT,Enterprise Preferred Price List,Enterprise,INR,VAR-0129,111250.00,20,2026-01-01,2026-12-31,ACTIVE
PL-ENT,Enterprise Preferred Price List,Enterprise,INR,VAR-0130,176220.00,20,2026-01-01,2026-12-31,ACTIVE
PL-ENT,Enterprise Preferred Price List,Enterprise,INR,VAR-0131,300820.00,20,2026-01-01,2026-12-31,ACTIVE
PL-ENT,Enterprise Preferred Price List,Enterprise,INR,VAR-0132,88555.00,20,2026-01-01,2026-12-31,ACTIVE
PL-ENT,Enterprise Preferred Price List,Enterprise,INR,VAR-0133,125935.00,20,2026-01-01,2026-12-31,ACTIVE
PL-ENT,Enterprise Preferred Price List,Enterprise,INR,VAR-0134,85440.00,20,2026-01-01,2026-12-31,ACTIVE
PL-ENT,Enterprise Preferred Price List,Enterprise,INR,VAR-0135,96120.00,20,2026-01-01,2026-12-31,ACTIVE
PL-ENT,Enterprise Preferred Price List,Enterprise,INR,VAR-0136,13528.00,20,2026-01-01,2026-12-31,ACTIVE
PL-ENT,Enterprise Preferred Price List,Enterprise,INR,VAR-0137,17266.00,20,2026-01-01,2026-12-31,ACTIVE
PL-ENT,Enterprise Preferred Price List,Enterprise,INR,VAR-0138,30705.00,20,2026-01-01,2026-12-31,ACTIVE
PL-ENT,Enterprise Preferred Price List,Enterprise,INR,VAR-0139,36935.00,20,2026-01-01,2026-12-31,ACTIVE
PL-ENT,Enterprise Preferred Price List,Enterprise,INR,VAR-0140,49840.00,20,2026-01-01,2026-12-31,ACTIVE
PL-ENT,Enterprise Preferred Price List,Enterprise,INR,VAR-0141,68975.00,20,2026-01-01,2026-12-31,ACTIVE
PL-ENT,Enterprise Preferred Price List,Enterprise,INR,VAR-0142,77430.00,20,2026-01-01,2026-12-31,ACTIVE
PL-ENT,Enterprise Preferred Price List,Enterprise,INR,VAR-0143,12816.00,20,2026-01-01,2026-12-31,ACTIVE
PL-ENT,Enterprise Preferred Price List,Enterprise,INR,VAR-0144,28925.00,20,2026-01-01,2026-12-31,ACTIVE
PL-ENT,Enterprise Preferred Price List,Enterprise,INR,VAR-0145,124599.11,20,2026-01-01,2026-12-31,ACTIVE
PL-ENT,Enterprise Preferred Price List,Enterprise,INR,VAR-0146,83660.00,20,2026-01-01,2026-12-31,ACTIVE
PL-ENT,Enterprise Preferred Price List,Enterprise,INR,VAR-0147,96120.00,20,2026-01-01,2026-12-31,ACTIVE
PL-ENT,Enterprise Preferred Price List,Enterprise,INR,VAR-0148,73425.00,20,2026-01-01,2026-12-31,ACTIVE
PL-ENT,Enterprise Preferred Price List,Enterprise,INR,VAR-0149,56070.00,20,2026-01-01,2026-12-31,ACTIVE
PL-ENT,Enterprise Preferred Price List,Enterprise,INR,VAR-0150,60520.00,20,2026-01-01,2026-12-31,ACTIVE
PL-ENT,Enterprise Preferred Price List,Enterprise,INR,VAR-0151,12506.25,20,2026-01-01,2026-12-31,ACTIVE
PL-ENT,Enterprise Preferred Price List,Enterprise,INR,VAR-0152,22425.00,20,2026-01-01,2026-12-31,ACTIVE
PL-ENT,Enterprise Preferred Price List,Enterprise,INR,VAR-0153,11902.50,20,2026-01-01,2026-12-31,ACTIVE
PL-ENT,Enterprise Preferred Price List,Enterprise,INR,VAR-0154,12247.50,20,2026-01-01,2026-12-31,ACTIVE
PL-ENT,Enterprise Preferred Price List,Enterprise,INR,VAR-0155,8189.44,20,2026-01-01,2026-12-31,ACTIVE
PL-ENT,Enterprise Preferred Price List,Enterprise,INR,VAR-0156,7326.94,20,2026-01-01,2026-12-31,ACTIVE
PL-ENT,Enterprise Preferred Price List,Enterprise,INR,VAR-0157,2583.19,20,2026-01-01,2026-12-31,ACTIVE
PL-ENT,Enterprise Preferred Price List,Enterprise,INR,VAR-0158,16301.25,20,2026-01-01,2026-12-31,ACTIVE
PL-ENT,Enterprise Preferred Price List,Enterprise,INR,VAR-0159,7676.25,20,2026-01-01,2026-12-31,ACTIVE
PL-ENT,Enterprise Preferred Price List,Enterprise,INR,VAR-0160,6210.00,20,2026-01-01,2026-12-31,ACTIVE
PL-ENT,Enterprise Preferred Price List,Enterprise,INR,VAR-0161,15093.75,20,2026-01-01,2026-12-31,ACTIVE
PL-ENT,Enterprise Preferred Price List,Enterprise,INR,VAR-0162,2586.64,20,2026-01-01,2026-12-31,ACTIVE
PL-ENT,Enterprise Preferred Price List,Enterprise,INR,VAR-0163,2156.25,20,2026-01-01,2026-12-31,ACTIVE
PL-ENT,Enterprise Preferred Price List,Enterprise,INR,VAR-0164,5174.14,20,2026-01-01,2026-12-31,ACTIVE
PL-ENT,Enterprise Preferred Price List,Enterprise,INR,VAR-0165,262550.00,20,2026-01-01,2026-12-31,ACTIVE
PL-ENT,Enterprise Preferred Price List,Enterprise,INR,VAR-0166,287470.00,20,2026-01-01,2026-12-31,ACTIVE
PL-ENT,Enterprise Preferred Price List,Enterprise,INR,VAR-0167,62211.00,20,2026-01-01,2026-12-31,ACTIVE
PL-ENT,Enterprise Preferred Price List,Enterprise,INR,VAR-0168,23718.75,20,2026-01-01,2026-12-31,ACTIVE
PL-ENT,Enterprise Preferred Price List,Enterprise,INR,VAR-0169,229620.00,20,2026-01-01,2026-12-31,ACTIVE
PL-ENT,Enterprise Preferred Price List,Enterprise,INR,VAR-0170,8455.00,20,2026-01-01,2026-12-31,ACTIVE
PL-ENT,Enterprise Preferred Price List,Enterprise,INR,VAR-0171,3738.00,20,2026-01-01,2026-12-31,ACTIVE
PL-ENT,Enterprise Preferred Price List,Enterprise,INR,VAR-0172,79210.00,20,2026-01-01,2026-12-31,ACTIVE
PL-ENT,Enterprise Preferred Price List,Enterprise,INR,VAR-0173,94340.00,20,2026-01-01,2026-12-31,ACTIVE
PL-ENT,Enterprise Preferred Price List,Enterprise,INR,VAR-0174,147740.00,20,2026-01-01,2026-12-31,ACTIVE
PL-ENT,Enterprise Preferred Price List,Enterprise,INR,VAR-0175,176220.00,20,2026-01-01,2026-12-31,ACTIVE
PL-ENT,Enterprise Preferred Price List,Enterprise,INR,VAR-0176,55625.00,20,2026-01-01,2026-12-31,ACTIVE
PL-ENT,Enterprise Preferred Price List,Enterprise,INR,VAR-0177,68085.00,20,2026-01-01,2026-12-31,ACTIVE
PL-ENT,Enterprise Preferred Price List,Enterprise,INR,VAR-0178,63190.00,20,2026-01-01,2026-12-31,ACTIVE
PL-ENT,Enterprise Preferred Price List,Enterprise,INR,VAR-0179,76540.00,20,2026-01-01,2026-12-31,ACTIVE
PL-ENT,Enterprise Preferred Price List,Enterprise,INR,VAR-0180,122820.00,20,2026-01-01,2026-12-31,ACTIVE
PL-ENT,Enterprise Preferred Price List,Enterprise,INR,VAR-0181,144180.00,20,2026-01-01,2026-12-31,ACTIVE
PL-ENT,Enterprise Preferred Price List,Enterprise,INR,VAR-0182,52510.00,20,2026-01-01,2026-12-31,ACTIVE
PL-ENT,Enterprise Preferred Price List,Enterprise,INR,VAR-0183,64080.00,20,2026-01-01,2026-12-31,ACTIVE
PL-ENT,Enterprise Preferred Price List,Enterprise,INR,VAR-0184,68530.00,20,2026-01-01,2026-12-31,ACTIVE
PL-ENT,Enterprise Preferred Price List,Enterprise,INR,VAR-0185,81880.00,20,2026-01-01,2026-12-31,ACTIVE
PL-ENT,Enterprise Preferred Price List,Enterprise,INR,VAR-0186,100570.00,20,2026-01-01,2026-12-31,ACTIVE
PL-ENT,Enterprise Preferred Price List,Enterprise,INR,VAR-0187,116590.00,20,2026-01-01,2026-12-31,ACTIVE
PL-ENT,Enterprise Preferred Price List,Enterprise,INR,VAR-0188,176220.00,20,2026-01-01,2026-12-31,ACTIVE
PL-ENT,Enterprise Preferred Price List,Enterprise,INR,VAR-0189,207370.00,20,2026-01-01,2026-12-31,ACTIVE
PL-ENT,Enterprise Preferred Price List,Enterprise,INR,VAR-0190,120061.00,20,2026-01-01,2026-12-31,ACTIVE
PL-ENT,Enterprise Preferred Price List,Enterprise,INR,VAR-0191,145871.00,20,2026-01-01,2026-12-31,ACTIVE
PL-ENT,Enterprise Preferred Price List,Enterprise,INR,VAR-0192,76985.00,20,2026-01-01,2026-12-31,ACTIVE
PL-ENT,Enterprise Preferred Price List,Enterprise,INR,VAR-0193,93005.00,20,2026-01-01,2026-12-31,ACTIVE
PL-ENT,Enterprise Preferred Price List,Enterprise,INR,VAR-0194,57850.00,20,2026-01-01,2026-12-31,ACTIVE
PL-ENT,Enterprise Preferred Price List,Enterprise,INR,VAR-0195,80990.00,20,2026-01-01,2026-12-31,ACTIVE
PL-ENT,Enterprise Preferred Price List,Enterprise,INR,VAR-0196,60075.00,20,2026-01-01,2026-12-31,ACTIVE
PL-ENT,Enterprise Preferred Price List,Enterprise,INR,VAR-0197,76095.00,20,2026-01-01,2026-12-31,ACTIVE
PL-ENT,Enterprise Preferred Price List,Enterprise,INR,VAR-0198,50285.00,20,2026-01-01,2026-12-31,ACTIVE
PL-ENT,Enterprise Preferred Price List,Enterprise,INR,VAR-0199,64525.00,20,2026-01-01,2026-12-31,ACTIVE
PL-ENT,Enterprise Preferred Price List,Enterprise,INR,VAR-0200,53311.00,20,2026-01-01,2026-12-31,ACTIVE
PL-ENT,Enterprise Preferred Price List,Enterprise,INR,VAR-0201,67551.00,20,2026-01-01,2026-12-31,ACTIVE
PL-ENT,Enterprise Preferred Price List,Enterprise,INR,VAR-0202,145962.00,20,2026-01-01,2026-12-31,ACTIVE
PL-ENT,Enterprise Preferred Price List,Enterprise,INR,VAR-0203,213537.00,20,2026-01-01,2026-12-31,ACTIVE
PL-ENT,Enterprise Preferred Price List,Enterprise,INR,VAR-0204,94605.00,20,2026-01-01,2026-12-31,ACTIVE
PL-ENT,Enterprise Preferred Price List,Enterprise,INR,VAR-0205,119833.00,20,2026-01-01,2026-12-31,ACTIVE
PL-ENT,Enterprise Preferred Price List,Enterprise,INR,VAR-0206,518976.00,20,2026-01-01,2026-12-31,ACTIVE
PL-ENT,Enterprise Preferred Price List,Enterprise,INR,VAR-0207,870366.00,20,2026-01-01,2026-12-31,ACTIVE
PL-ENT,Enterprise Preferred Price List,Enterprise,INR,VAR-0208,243270.00,20,2026-01-01,2026-12-31,ACTIVE
PL-ENT,Enterprise Preferred Price List,Enterprise,INR,VAR-0209,328865.00,20,2026-01-01,2026-12-31,ACTIVE
PL-ENT,Enterprise Preferred Price List,Enterprise,INR,VAR-0210,232458.00,20,2026-01-01,2026-12-31,ACTIVE
PL-ENT,Enterprise Preferred Price List,Enterprise,INR,VAR-0211,293726.00,20,2026-01-01,2026-12-31,ACTIVE
PL-ENT,Enterprise Preferred Price List,Enterprise,INR,VAR-0212,735216.00,20,2026-01-01,2026-12-31,ACTIVE
PL-ENT,Enterprise Preferred Price List,Enterprise,INR,VAR-0213,1410966.00,20,2026-01-01,2026-12-31,ACTIVE
PL-ENT,Enterprise Preferred Price List,Enterprise,INR,VAR-0214,335172.00,20,2026-01-01,2026-12-31,ACTIVE
PL-ENT,Enterprise Preferred Price List,Enterprise,INR,VAR-0215,438787.00,20,2026-01-01,2026-12-31,ACTIVE
PL-ENT,Enterprise Preferred Price List,Enterprise,INR,VAR-0216,454104.00,20,2026-01-01,2026-12-31,ACTIVE
PL-ENT,Enterprise Preferred Price List,Enterprise,INR,VAR-0217,616284.00,20,2026-01-01,2026-12-31,ACTIVE
PL-ENT,Enterprise Preferred Price List,Enterprise,INR,VAR-0218,318954.00,20,2026-01-01,2026-12-31,ACTIVE
PL-ENT,Enterprise Preferred Price List,Enterprise,INR,VAR-0219,400044.00,20,2026-01-01,2026-12-31,ACTIVE
PL-ENT,Enterprise Preferred Price List,Enterprise,INR,VAR-0220,57761.00,20,2026-01-01,2026-12-31,ACTIVE
PL-ENT,Enterprise Preferred Price List,Enterprise,INR,VAR-0221,65326.00,20,2026-01-01,2026-12-31,ACTIVE
PL-ENT,Enterprise Preferred Price List,Enterprise,INR,VAR-0222,48949.11,20,2026-01-01,2026-12-31,ACTIVE
PL-ENT,Enterprise Preferred Price List,Enterprise,INR,VAR-0223,52509.11,20,2026-01-01,2026-12-31,ACTIVE
PL-ENT,Enterprise Preferred Price List,Enterprise,INR,VAR-0224,37379.11,20,2026-01-01,2026-12-31,ACTIVE
PL-ENT,Enterprise Preferred Price List,Enterprise,INR,VAR-0225,37379.11,20,2026-01-01,2026-12-31,ACTIVE
PL-ENT,Enterprise Preferred Price List,Enterprise,INR,VAR-0226,35599.11,20,2026-01-01,2026-12-31,ACTIVE
PL-ENT,Enterprise Preferred Price List,Enterprise,INR,VAR-0227,39604.11,20,2026-01-01,2026-12-31,ACTIVE
PL-ENT,Enterprise Preferred Price List,Enterprise,INR,VAR-0228,71111.00,20,2026-01-01,2026-12-31,ACTIVE
PL-ENT,Enterprise Preferred Price List,Enterprise,INR,VAR-0229,89801.00,20,2026-01-01,2026-12-31,ACTIVE
PL-ENT,Enterprise Preferred Price List,Enterprise,INR,VAR-0230,115611.00,20,2026-01-01,2026-12-31,ACTIVE
PL-ENT,Enterprise Preferred Price List,Enterprise,INR,VAR-0231,142311.00,20,2026-01-01,2026-12-31,ACTIVE
PL-ENT,Enterprise Preferred Price List,Enterprise,INR,VAR-0232,80989.11,20,2026-01-01,2026-12-31,ACTIVE
PL-ENT,Enterprise Preferred Price List,Enterprise,INR,VAR-0233,89889.11,20,2026-01-01,2026-12-31,ACTIVE
PL-ENT,Enterprise Preferred Price List,Enterprise,INR,VAR-0234,46279.11,20,2026-01-01,2026-12-31,ACTIVE
PL-ENT,Enterprise Preferred Price List,Enterprise,INR,VAR-0235,50729.11,20,2026-01-01,2026-12-31,ACTIVE
PL-ENT,Enterprise Preferred Price List,Enterprise,INR,VAR-0236,45390.00,20,2026-01-01,2026-12-31,ACTIVE
PL-ENT,Enterprise Preferred Price List,Enterprise,INR,VAR-0237,99680.00,20,2026-01-01,2026-12-31,ACTIVE
PL-ENT,Enterprise Preferred Price List,Enterprise,INR,VAR-0238,437880.00,20,2026-01-01,2026-12-31,ACTIVE
PL-ENT,Enterprise Preferred Price List,Enterprise,INR,VAR-0239,49840.00,20,2026-01-01,2026-12-31,ACTIVE
PL-ENT,Enterprise Preferred Price List,Enterprise,INR,VAR-0240,20381.00,20,2026-01-01,2026-12-31,ACTIVE
PL-ENT,Enterprise Preferred Price List,Enterprise,INR,VAR-0241,363120.00,20,2026-01-01,2026-12-31,ACTIVE
PL-ENT,Enterprise Preferred Price List,Enterprise,INR,VAR-0242,474370.00,20,2026-01-01,2026-12-31,ACTIVE
PL-ENT,Enterprise Preferred Price List,Enterprise,INR,VAR-0243,92560.00,20,2026-01-01,2026-12-31,ACTIVE
PL-ENT,Enterprise Preferred Price List,Enterprise,INR,VAR-0244,186010.00,20,2026-01-01,2026-12-31,ACTIVE
PL-ENT,Enterprise Preferred Price List,Enterprise,INR,VAR-0245,405840.00,20,2026-01-01,2026-12-31,ACTIVE
PL-ENT,Enterprise Preferred Price List,Enterprise,INR,VAR-0246,21805.00,20,2026-01-01,2026-12-31,ACTIVE
PL-ENT,Enterprise Preferred Price List,Enterprise,INR,VAR-0247,37380.00,20,2026-01-01,2026-12-31,ACTIVE
PL-ENT,Enterprise Preferred Price List,Enterprise,INR,VAR-0248,694200.00,20,2026-01-01,2026-12-31,ACTIVE
PL-ENT,Enterprise Preferred Price List,Enterprise,INR,VAR-0249,18245.00,20,2026-01-01,2026-12-31,ACTIVE
PL-ENT,Enterprise Preferred Price List,Enterprise,INR,VAR-0250,40940.00,20,2026-01-01,2026-12-31,ACTIVE
PL-ENT,Enterprise Preferred Price List,Enterprise,INR,VAR-0251,165540.00,20,2026-01-01,2026-12-31,ACTIVE
PL-ENT,Enterprise Preferred Price List,Enterprise,INR,VAR-0252,177911.00,20,2026-01-01,2026-12-31,ACTIVE
PL-ENT,Enterprise Preferred Price List,Enterprise,INR,VAR-0253,16821.00,20,2026-01-01,2026-12-31,ACTIVE
PL-ENT,Enterprise Preferred Price List,Enterprise,INR,VAR-0254,28480.00,20,2026-01-01,2026-12-31,ACTIVE
PL-ENT,Enterprise Preferred Price List,Enterprise,INR,VAR-0255,44411.00,20,2026-01-01,2026-12-31,ACTIVE
PL-ENT,Enterprise Preferred Price List,Enterprise,INR,VAR-0256,39071.00,20,2026-01-01,2026-12-31,ACTIVE
PL-ENT,Enterprise Preferred Price List,Enterprise,INR,VAR-0257,209150.00,20,2026-01-01,2026-12-31,ACTIVE
PL-ENT,Enterprise Preferred Price List,Enterprise,INR,VAR-0258,25443.75,20,2026-01-01,2026-12-31,ACTIVE
PL-ENT,Enterprise Preferred Price List,Enterprise,INR,VAR-0259,19751.25,20,2026-01-01,2026-12-31,ACTIVE
PL-ENT,Enterprise Preferred Price List,Enterprise,INR,VAR-0260,6467.89,20,2026-01-01,2026-12-31,ACTIVE
PL-ENT,Enterprise Preferred Price List,Enterprise,INR,VAR-0261,2414.14,20,2026-01-01,2026-12-31,ACTIVE
PL-ENT,Enterprise Preferred Price List,Enterprise,INR,VAR-0262,18543.75,20,2026-01-01,2026-12-31,ACTIVE
PL-ENT,Enterprise Preferred Price List,Enterprise,INR,VAR-0263,7758.19,20,2026-01-01,2026-12-31,ACTIVE
PL-ENT,Enterprise Preferred Price List,Enterprise,INR,VAR-0264,7676.25,20,2026-01-01,2026-12-31,ACTIVE
PL-ENT,Enterprise Preferred Price List,Enterprise,INR,VAR-0265,2760.00,20,2026-01-01,2026-12-31,ACTIVE
PL-ENT,Enterprise Preferred Price List,Enterprise,INR,VAR-0266,4311.64,20,2026-01-01,2026-12-31,ACTIVE
PL-ENT,Enterprise Preferred Price List,Enterprise,INR,VAR-0267,8107.50,20,2026-01-01,2026-12-31,ACTIVE
PL-ENT,Enterprise Preferred Price List,Enterprise,INR,VAR-0268,22856.25,20,2026-01-01,2026-12-31,ACTIVE
PL-ENT,Enterprise Preferred Price List,Enterprise,INR,VAR-0269,2155.39,20,2026-01-01,2026-12-31,ACTIVE
PL-ENT,Enterprise Preferred Price List,Enterprise,INR,VAR-0270,200250.00,20,2026-01-01,2026-12-31,ACTIVE
PL-ENT,Enterprise Preferred Price List,Enterprise,INR,VAR-0271,68530.00,20,2026-01-01,2026-12-31,ACTIVE
PL-ENT,Enterprise Preferred Price List,Enterprise,INR,VAR-0272,11126.25,20,2026-01-01,2026-12-31,ACTIVE
PL-ENT,Enterprise Preferred Price List,Enterprise,INR,VAR-0273,149520.00,20,2026-01-01,2026-12-31,ACTIVE
PL-ENT,Enterprise Preferred Price List,Enterprise,INR,VAR-0274,197580.00,20,2026-01-01,2026-12-31,ACTIVE
PL-ENT,Enterprise Preferred Price List,Enterprise,INR,VAR-0275,20915.00,20,2026-01-01,2026-12-31,ACTIVE
PL-ENT,Enterprise Preferred Price List,Enterprise,INR,VAR-0276,3293.00,20,2026-01-01,2026-12-31,ACTIVE
PL-ENT,Enterprise Preferred Price List,Enterprise,INR,VAR-0277,5518.00,20,2026-01-01,2026-12-31,ACTIVE
PL-ENT,Enterprise Preferred Price List,Enterprise,INR,VAR-0278,4895.00,20,2026-01-01,2026-12-31,ACTIVE
PL-ENT,Enterprise Preferred Price List,Enterprise,INR,VAR-0279,90780.00,20,2026-01-01,2026-12-31,ACTIVE
PL-ENT,Enterprise Preferred Price List,Enterprise,INR,VAR-0280,52510.00,20,2026-01-01,2026-12-31,ACTIVE
PL-ENT,Enterprise Preferred Price List,Enterprise,INR,VAR-0281,1735.50,20,2026-01-01,2026-12-31,ACTIVE
PL-ENT,Enterprise Preferred Price List,Enterprise,INR,VAR-0282,2848.00,20,2026-01-01,2026-12-31,ACTIVE
PL-ENT,Enterprise Preferred Price List,Enterprise,INR,VAR-0283,3560.00,20,2026-01-01,2026-12-31,ACTIVE
PL-ENT,Enterprise Preferred Price List,Enterprise,INR,VAR-0284,20915.00,20,2026-01-01,2026-12-31,ACTIVE
PL-ENT,Enterprise Preferred Price List,Enterprise,INR,VAR-0285,26143.75,20,2026-01-01,2026-12-31,ACTIVE
PL-ENT,Enterprise Preferred Price List,Enterprise,INR,VAR-0286,16465.00,20,2026-01-01,2026-12-31,ACTIVE
PL-ENT,Enterprise Preferred Price List,Enterprise,INR,VAR-0287,20581.25,20,2026-01-01,2026-12-31,ACTIVE
PL-ENT,Enterprise Preferred Price List,Enterprise,INR,VAR-0288,18690.00,20,2026-01-01,2026-12-31,ACTIVE
PL-ENT,Enterprise Preferred Price List,Enterprise,INR,VAR-0289,23362.50,20,2026-01-01,2026-12-31,ACTIVE
PL-ENT,Enterprise Preferred Price List,Enterprise,INR,VAR-0290,1552.50,20,2026-01-01,2026-12-31,ACTIVE
PL-ENT,Enterprise Preferred Price List,Enterprise,INR,VAR-0291,1940.62,20,2026-01-01,2026-12-31,ACTIVE
PL-ENT,Enterprise Preferred Price List,Enterprise,INR,VAR-0292,2848.00,20,2026-01-01,2026-12-31,ACTIVE
PL-ENT,Enterprise Preferred Price List,Enterprise,INR,VAR-0293,3560.00,20,2026-01-01,2026-12-31,ACTIVE
PL-ENT,Enterprise Preferred Price List,Enterprise,INR,VAR-0294,20915.00,20,2026-01-01,2026-12-31,ACTIVE
PL-ENT,Enterprise Preferred Price List,Enterprise,INR,VAR-0295,26143.75,20,2026-01-01,2026-12-31,ACTIVE
PL-ENT,Enterprise Preferred Price List,Enterprise,INR,VAR-0296,16465.00,20,2026-01-01,2026-12-31,ACTIVE
PL-ENT,Enterprise Preferred Price List,Enterprise,INR,VAR-0297,20581.25,20,2026-01-01,2026-12-31,ACTIVE
PL-ENT,Enterprise Preferred Price List,Enterprise,INR,VAR-0298,18690.00,20,2026-01-01,2026-12-31,ACTIVE
PL-ENT,Enterprise Preferred Price List,Enterprise,INR,VAR-0299,23362.50,20,2026-01-01,2026-12-31,ACTIVE
PL-ENT,Enterprise Preferred Price List,Enterprise,INR,VAR-0300,1552.50,20,2026-01-01,2026-12-31,ACTIVE
PL-ENT,Enterprise Preferred Price List,Enterprise,INR,VAR-0301,1940.62,20,2026-01-01,2026-12-31,ACTIVE
PL-ENT,Enterprise Preferred Price List,Enterprise,INR,VAR-0302,2848.00,20,2026-01-01,2026-12-31,ACTIVE
PL-ENT,Enterprise Preferred Price List,Enterprise,INR,VAR-0303,3560.00,20,2026-01-01,2026-12-31,ACTIVE
PL-ENT,Enterprise Preferred Price List,Enterprise,INR,VAR-0304,20915.00,20,2026-01-01,2026-12-31,ACTIVE
PL-ENT,Enterprise Preferred Price List,Enterprise,INR,VAR-0305,26143.75,20,2026-01-01,2026-12-31,ACTIVE
PL-ENT,Enterprise Preferred Price List,Enterprise,INR,VAR-0306,16465.00,20,2026-01-01,2026-12-31,ACTIVE
PL-ENT,Enterprise Preferred Price List,Enterprise,INR,VAR-0307,20581.25,20,2026-01-01,2026-12-31,ACTIVE
PL-ENT,Enterprise Preferred Price List,Enterprise,INR,VAR-0308,18690.00,20,2026-01-01,2026-12-31,ACTIVE
PL-ENT,Enterprise Preferred Price List,Enterprise,INR,VAR-0309,23362.50,20,2026-01-01,2026-12-31,ACTIVE
PL-ENT,Enterprise Preferred Price List,Enterprise,INR,VAR-0310,1552.50,20,2026-01-01,2026-12-31,ACTIVE
PL-ENT,Enterprise Preferred Price List,Enterprise,INR,VAR-0311,1940.62,20,2026-01-01,2026-12-31,ACTIVE
PL-ENT,Enterprise Preferred Price List,Enterprise,INR,VAR-0312,2848.00,20,2026-01-01,2026-12-31,ACTIVE
PL-ENT,Enterprise Preferred Price List,Enterprise,INR,VAR-0313,3560.00,20,2026-01-01,2026-12-31,ACTIVE
PL-ENT,Enterprise Preferred Price List,Enterprise,INR,VAR-0314,20915.00,20,2026-01-01,2026-12-31,ACTIVE
PL-ENT,Enterprise Preferred Price List,Enterprise,INR,VAR-0315,26143.75,20,2026-01-01,2026-12-31,ACTIVE
PL-ENT,Enterprise Preferred Price List,Enterprise,INR,VAR-0316,16465.00,20,2026-01-01,2026-12-31,ACTIVE
PL-ENT,Enterprise Preferred Price List,Enterprise,INR,VAR-0317,20581.25,20,2026-01-01,2026-12-31,ACTIVE
PL-ENT,Enterprise Preferred Price List,Enterprise,INR,VAR-0318,18690.00,20,2026-01-01,2026-12-31,ACTIVE
PL-ENT,Enterprise Preferred Price List,Enterprise,INR,VAR-0319,23362.50,20,2026-01-01,2026-12-31,ACTIVE
PL-ENT,Enterprise Preferred Price List,Enterprise,INR,VAR-0320,1552.50,20,2026-01-01,2026-12-31,ACTIVE
PL-ENT,Enterprise Preferred Price List,Enterprise,INR,VAR-0321,1940.62,20,2026-01-01,2026-12-31,ACTIVE
PL-ENT,Enterprise Preferred Price List,Enterprise,INR,VAR-0322,2848.00,20,2026-01-01,2026-12-31,ACTIVE
PL-ENT,Enterprise Preferred Price List,Enterprise,INR,VAR-0323,3560.00,20,2026-01-01,2026-12-31,ACTIVE
PL-ENT,Enterprise Preferred Price List,Enterprise,INR,VAR-0324,20915.00,20,2026-01-01,2026-12-31,ACTIVE
PL-ENT,Enterprise Preferred Price List,Enterprise,INR,VAR-0325,26143.75,20,2026-01-01,2026-12-31,ACTIVE
PL-ENT,Enterprise Preferred Price List,Enterprise,INR,VAR-0326,16465.00,20,2026-01-01,2026-12-31,ACTIVE
PL-ENT,Enterprise Preferred Price List,Enterprise,INR,VAR-0327,20581.25,20,2026-01-01,2026-12-31,ACTIVE
PL-ENT,Enterprise Preferred Price List,Enterprise,INR,VAR-0328,18690.00,20,2026-01-01,2026-12-31,ACTIVE
PL-ENT,Enterprise Preferred Price List,Enterprise,INR,VAR-0329,23362.50,20,2026-01-01,2026-12-31,ACTIVE
PL-ENT,Enterprise Preferred Price List,Enterprise,INR,VAR-0330,1552.50,20,2026-01-01,2026-12-31,ACTIVE
PL-ENT,Enterprise Preferred Price List,Enterprise,INR,VAR-0331,1940.62,20,2026-01-01,2026-12-31,ACTIVE
PL-ENT,Enterprise Preferred Price List,Enterprise,INR,VAR-0332,2848.00,20,2026-01-01,2026-12-31,ACTIVE
PL-ENT,Enterprise Preferred Price List,Enterprise,INR,VAR-0333,3560.00,20,2026-01-01,2026-12-31,ACTIVE
PL-ENT,Enterprise Preferred Price List,Enterprise,INR,VAR-0334,20915.00,20,2026-01-01,2026-12-31,ACTIVE
PL-ENT,Enterprise Preferred Price List,Enterprise,INR,VAR-0335,26143.75,20,2026-01-01,2026-12-31,ACTIVE
PL-ENT,Enterprise Preferred Price List,Enterprise,INR,VAR-0336,16465.00,20,2026-01-01,2026-12-31,ACTIVE
PL-ENT,Enterprise Preferred Price List,Enterprise,INR,VAR-0337,20581.25,20,2026-01-01,2026-12-31,ACTIVE
PL-ENT,Enterprise Preferred Price List,Enterprise,INR,VAR-0338,18690.00,20,2026-01-01,2026-12-31,ACTIVE
PL-ENT,Enterprise Preferred Price List,Enterprise,INR,VAR-0339,23362.50,20,2026-01-01,2026-12-31,ACTIVE
PL-ENT,Enterprise Preferred Price List,Enterprise,INR,VAR-0340,1552.50,20,2026-01-01,2026-12-31,ACTIVE
PL-ENT,Enterprise Preferred Price List,Enterprise,INR,VAR-0341,1940.62,20,2026-01-01,2026-12-31,ACTIVE
PL-ENT,Enterprise Preferred Price List,Enterprise,INR,VAR-0342,2848.00,20,2026-01-01,2026-12-31,ACTIVE
PL-ENT,Enterprise Preferred Price List,Enterprise,INR,VAR-0343,3560.00,20,2026-01-01,2026-12-31,ACTIVE
PL-ENT,Enterprise Preferred Price List,Enterprise,INR,VAR-0344,20915.00,20,2026-01-01,2026-12-31,ACTIVE
PL-ENT,Enterprise Preferred Price List,Enterprise,INR,VAR-0345,26143.75,20,2026-01-01,2026-12-31,ACTIVE
PL-ENT,Enterprise Preferred Price List,Enterprise,INR,VAR-0346,16465.00,20,2026-01-01,2026-12-31,ACTIVE
PL-ENT,Enterprise Preferred Price List,Enterprise,INR,VAR-0347,20581.25,20,2026-01-01,2026-12-31,ACTIVE
PL-ENT,Enterprise Preferred Price List,Enterprise,INR,VAR-0348,18690.00,20,2026-01-01,2026-12-31,ACTIVE
PL-ENT,Enterprise Preferred Price List,Enterprise,INR,VAR-0349,23362.50,20,2026-01-01,2026-12-31,ACTIVE
PL-ENT,Enterprise Preferred Price List,Enterprise,INR,VAR-0350,1552.50,20,2026-01-01,2026-12-31,ACTIVE
PL-ENT,Enterprise Preferred Price List,Enterprise,INR,VAR-0351,1940.62,20,2026-01-01,2026-12-31,ACTIVE
PL-ENT,Enterprise Preferred Price List,Enterprise,INR,VAR-0352,2848.00,20,2026-01-01,2026-12-31,ACTIVE
PL-ENT,Enterprise Preferred Price List,Enterprise,INR,VAR-0353,3560.00,20,2026-01-01,2026-12-31,ACTIVE
PL-ENT,Enterprise Preferred Price List,Enterprise,INR,VAR-0354,20915.00,20,2026-01-01,2026-12-31,ACTIVE
PL-ENT,Enterprise Preferred Price List,Enterprise,INR,VAR-0355,26143.75,20,2026-01-01,2026-12-31,ACTIVE
PL-ENT,Enterprise Preferred Price List,Enterprise,INR,VAR-0356,16465.00,20,2026-01-01,2026-12-31,ACTIVE
PL-ENT,Enterprise Preferred Price List,Enterprise,INR,VAR-0357,20581.25,20,2026-01-01,2026-12-31,ACTIVE
PL-ENT,Enterprise Preferred Price List,Enterprise,INR,VAR-0358,18690.00,20,2026-01-01,2026-12-31,ACTIVE
PL-ENT,Enterprise Preferred Price List,Enterprise,INR,VAR-0359,23362.50,20,2026-01-01,2026-12-31,ACTIVE
PL-ENT,Enterprise Preferred Price List,Enterprise,INR,VAR-0360,1552.50,20,2026-01-01,2026-12-31,ACTIVE
PL-ENT,Enterprise Preferred Price List,Enterprise,INR,VAR-0361,1940.62,20,2026-01-01,2026-12-31,ACTIVE
PL-ENT,Enterprise Preferred Price List,Enterprise,INR,VAR-0362,2848.00,20,2026-01-01,2026-12-31,ACTIVE
PL-ENT,Enterprise Preferred Price List,Enterprise,INR,VAR-0363,3560.00,20,2026-01-01,2026-12-31,ACTIVE
PL-ENT,Enterprise Preferred Price List,Enterprise,INR,VAR-0364,20915.00,20,2026-01-01,2026-12-31,ACTIVE
PL-ENT,Enterprise Preferred Price List,Enterprise,INR,VAR-0365,26143.75,20,2026-01-01,2026-12-31,ACTIVE
PL-ENT,Enterprise Preferred Price List,Enterprise,INR,VAR-0366,16465.00,20,2026-01-01,2026-12-31,ACTIVE
PL-ENT,Enterprise Preferred Price List,Enterprise,INR,VAR-0367,20581.25,20,2026-01-01,2026-12-31,ACTIVE
PL-ENT,Enterprise Preferred Price List,Enterprise,INR,VAR-0368,18690.00,20,2026-01-01,2026-12-31,ACTIVE
PL-ENT,Enterprise Preferred Price List,Enterprise,INR,VAR-0369,23362.50,20,2026-01-01,2026-12-31,ACTIVE
PL-ENT,Enterprise Preferred Price List,Enterprise,INR,VAR-0370,1552.50,20,2026-01-01,2026-12-31,ACTIVE
PL-ENT,Enterprise Preferred Price List,Enterprise,INR,VAR-0371,1940.62,20,2026-01-01,2026-12-31,ACTIVE
PL-ENT,Enterprise Preferred Price List,Enterprise,INR,VAR-0372,2848.00,20,2026-01-01,2026-12-31,ACTIVE
PL-ENT,Enterprise Preferred Price List,Enterprise,INR,VAR-0373,3560.00,20,2026-01-01,2026-12-31,ACTIVE
PL-ENT,Enterprise Preferred Price List,Enterprise,INR,VAR-0374,20915.00,20,2026-01-01,2026-12-31,ACTIVE
PL-ENT,Enterprise Preferred Price List,Enterprise,INR,VAR-0375,26143.75,20,2026-01-01,2026-12-31,ACTIVE
PL-ENT,Enterprise Preferred Price List,Enterprise,INR,VAR-0376,16465.00,20,2026-01-01,2026-12-31,ACTIVE
PL-ENT,Enterprise Preferred Price List,Enterprise,INR,VAR-0377,20581.25,20,2026-01-01,2026-12-31,ACTIVE
PL-ENT,Enterprise Preferred Price List,Enterprise,INR,VAR-0378,18690.00,20,2026-01-01,2026-12-31,ACTIVE
PL-ENT,Enterprise Preferred Price List,Enterprise,INR,VAR-0379,23362.50,20,2026-01-01,2026-12-31,ACTIVE
PL-ENT,Enterprise Preferred Price List,Enterprise,INR,VAR-0380,1552.50,20,2026-01-01,2026-12-31,ACTIVE
PL-ENT,Enterprise Preferred Price List,Enterprise,INR,VAR-0381,1940.62,20,2026-01-01,2026-12-31,ACTIVE
PL-ENT,Enterprise Preferred Price List,Enterprise,INR,VAR-0382,2848.00,20,2026-01-01,2026-12-31,ACTIVE
PL-ENT,Enterprise Preferred Price List,Enterprise,INR,VAR-0383,3560.00,20,2026-01-01,2026-12-31,ACTIVE
PL-ENT,Enterprise Preferred Price List,Enterprise,INR,VAR-0384,20915.00,20,2026-01-01,2026-12-31,ACTIVE
PL-ENT,Enterprise Preferred Price List,Enterprise,INR,VAR-0385,26143.75,20,2026-01-01,2026-12-31,ACTIVE
PL-ENT,Enterprise Preferred Price List,Enterprise,INR,VAR-0386,16465.00,20,2026-01-01,2026-12-31,ACTIVE
PL-ENT,Enterprise Preferred Price List,Enterprise,INR,VAR-0387,20581.25,20,2026-01-01,2026-12-31,ACTIVE
PL-ENT,Enterprise Preferred Price List,Enterprise,INR,VAR-0388,18690.00,20,2026-01-01,2026-12-31,ACTIVE
PL-ENT,Enterprise Preferred Price List,Enterprise,INR,VAR-0389,23362.50,20,2026-01-01,2026-12-31,ACTIVE
PL-ENT,Enterprise Preferred Price List,Enterprise,INR,VAR-0390,1552.50,20,2026-01-01,2026-12-31,ACTIVE
PL-ENT,Enterprise Preferred Price List,Enterprise,INR,VAR-0391,1940.62,20,2026-01-01,2026-12-31,ACTIVE
PL-ENT,Enterprise Preferred Price List,Enterprise,INR,VAR-0392,2848.00,20,2026-01-01,2026-12-31,ACTIVE
PL-ENT,Enterprise Preferred Price List,Enterprise,INR,VAR-0393,3560.00,20,2026-01-01,2026-12-31,ACTIVE
PL-ENT,Enterprise Preferred Price List,Enterprise,INR,VAR-0394,20915.00,20,2026-01-01,2026-12-31,ACTIVE
PL-ENT,Enterprise Preferred Price List,Enterprise,INR,VAR-0395,26143.75,20,2026-01-01,2026-12-31,ACTIVE
PL-ENT,Enterprise Preferred Price List,Enterprise,INR,VAR-0396,16465.00,20,2026-01-01,2026-12-31,ACTIVE
PL-ENT,Enterprise Preferred Price List,Enterprise,INR,VAR-0397,20581.25,20,2026-01-01,2026-12-31,ACTIVE
PL-ENT,Enterprise Preferred Price List,Enterprise,INR,VAR-0398,18690.00,20,2026-01-01,2026-12-31,ACTIVE
PL-ENT,Enterprise Preferred Price List,Enterprise,INR,VAR-0399,23362.50,20,2026-01-01,2026-12-31,ACTIVE
PL-ENT,Enterprise Preferred Price List,Enterprise,INR,VAR-0400,1552.50,20,2026-01-01,2026-12-31,ACTIVE
PL-ENT,Enterprise Preferred Price List,Enterprise,INR,VAR-0401,1940.62,20,2026-01-01,2026-12-31,ACTIVE
PL-ENT,Enterprise Preferred Price List,Enterprise,INR,VAR-0402,2848.00,20,2026-01-01,2026-12-31,ACTIVE
PL-ENT,Enterprise Preferred Price List,Enterprise,INR,VAR-0403,3560.00,20,2026-01-01,2026-12-31,ACTIVE
PL-ENT,Enterprise Preferred Price List,Enterprise,INR,VAR-0404,20915.00,20,2026-01-01,2026-12-31,ACTIVE
PL-ENT,Enterprise Preferred Price List,Enterprise,INR,VAR-0405,26143.75,20,2026-01-01,2026-12-31,ACTIVE
PL-ENT,Enterprise Preferred Price List,Enterprise,INR,VAR-0406,16465.00,20,2026-01-01,2026-12-31,ACTIVE
PL-ENT,Enterprise Preferred Price List,Enterprise,INR,VAR-0407,20581.25,20,2026-01-01,2026-12-31,ACTIVE
PL-ENT,Enterprise Preferred Price List,Enterprise,INR,VAR-0408,18690.00,20,2026-01-01,2026-12-31,ACTIVE
PL-ENT,Enterprise Preferred Price List,Enterprise,INR,VAR-0409,23362.50,20,2026-01-01,2026-12-31,ACTIVE
PL-ENT,Enterprise Preferred Price List,Enterprise,INR,VAR-0410,1552.50,20,2026-01-01,2026-12-31,ACTIVE
PL-ENT,Enterprise Preferred Price List,Enterprise,INR,VAR-0411,1940.62,20,2026-01-01,2026-12-31,ACTIVE
PL-ENT,Enterprise Preferred Price List,Enterprise,INR,VAR-0412,2848.00,20,2026-01-01,2026-12-31,ACTIVE
PL-ENT,Enterprise Preferred Price List,Enterprise,INR,VAR-0413,3560.00,20,2026-01-01,2026-12-31,ACTIVE
PL-ENT,Enterprise Preferred Price List,Enterprise,INR,VAR-0414,20915.00,20,2026-01-01,2026-12-31,ACTIVE
PL-ENT,Enterprise Preferred Price List,Enterprise,INR,VAR-0415,26143.75,20,2026-01-01,2026-12-31,ACTIVE
PL-ENT,Enterprise Preferred Price List,Enterprise,INR,VAR-0416,16465.00,20,2026-01-01,2026-12-31,ACTIVE
PL-ENT,Enterprise Preferred Price List,Enterprise,INR,VAR-0417,20581.25,20,2026-01-01,2026-12-31,ACTIVE
PL-ENT,Enterprise Preferred Price List,Enterprise,INR,VAR-0418,18690.00,20,2026-01-01,2026-12-31,ACTIVE
PL-ENT,Enterprise Preferred Price List,Enterprise,INR,VAR-0419,23362.50,20,2026-01-01,2026-12-31,ACTIVE
PL-ENT,Enterprise Preferred Price List,Enterprise,INR,VAR-0420,1552.50,20,2026-01-01,2026-12-31,ACTIVE
PL-ENT,Enterprise Preferred Price List,Enterprise,INR,VAR-0421,1940.62,20,2026-01-01,2026-12-31,ACTIVE
PL-ENT,Enterprise Preferred Price List,Enterprise,INR,VAR-0422,2848.00,20,2026-01-01,2026-12-31,ACTIVE
PL-ENT,Enterprise Preferred Price List,Enterprise,INR,VAR-0423,3560.00,20,2026-01-01,2026-12-31,ACTIVE
PL-ENT,Enterprise Preferred Price List,Enterprise,INR,VAR-0424,20915.00,20,2026-01-01,2026-12-31,ACTIVE
PL-ENT,Enterprise Preferred Price List,Enterprise,INR,VAR-0425,26143.75,20,2026-01-01,2026-12-31,ACTIVE
PL-ENT,Enterprise Preferred Price List,Enterprise,INR,VAR-0426,16465.00,20,2026-01-01,2026-12-31,ACTIVE
PL-ENT,Enterprise Preferred Price List,Enterprise,INR,VAR-0427,20581.25,20,2026-01-01,2026-12-31,ACTIVE
PL-ENT,Enterprise Preferred Price List,Enterprise,INR,VAR-0428,18690.00,20,2026-01-01,2026-12-31,ACTIVE
PL-ENT,Enterprise Preferred Price List,Enterprise,INR,VAR-0429,23362.50,20,2026-01-01,2026-12-31,ACTIVE
PL-ENT,Enterprise Preferred Price List,Enterprise,INR,VAR-0430,1552.50,20,2026-01-01,2026-12-31,ACTIVE
PL-ENT,Enterprise Preferred Price List,Enterprise,INR,VAR-0431,1940.62,20,2026-01-01,2026-12-31,ACTIVE
PL-ENT,Enterprise Preferred Price List,Enterprise,INR,VAR-0432,2848.00,20,2026-01-01,2026-12-31,ACTIVE
PL-ENT,Enterprise Preferred Price List,Enterprise,INR,VAR-0433,3560.00,20,2026-01-01,2026-12-31,ACTIVE
PL-ENT,Enterprise Preferred Price List,Enterprise,INR,VAR-0434,20915.00,20,2026-01-01,2026-12-31,ACTIVE
PL-ENT,Enterprise Preferred Price List,Enterprise,INR,VAR-0435,26143.75,20,2026-01-01,2026-12-31,ACTIVE
PL-ENT,Enterprise Preferred Price List,Enterprise,INR,VAR-0436,16465.00,20,2026-01-01,2026-12-31,ACTIVE
PL-ENT,Enterprise Preferred Price List,Enterprise,INR,VAR-0437,20581.25,20,2026-01-01,2026-12-31,ACTIVE
PL-ENT,Enterprise Preferred Price List,Enterprise,INR,VAR-0438,18690.00,20,2026-01-01,2026-12-31,ACTIVE
PL-ENT,Enterprise Preferred Price List,Enterprise,INR,VAR-0439,23362.50,20,2026-01-01,2026-12-31,ACTIVE
PL-ENT,Enterprise Preferred Price List,Enterprise,INR,VAR-0440,1552.50,20,2026-01-01,2026-12-31,ACTIVE
PL-ENT,Enterprise Preferred Price List,Enterprise,INR,VAR-0441,1940.62,20,2026-01-01,2026-12-31,ACTIVE
PL-ENT,Enterprise Preferred Price List,Enterprise,INR,VAR-0442,2848.00,20,2026-01-01,2026-12-31,ACTIVE
PL-ENT,Enterprise Preferred Price List,Enterprise,INR,VAR-0443,3560.00,20,2026-01-01,2026-12-31,ACTIVE
PL-ENT,Enterprise Preferred Price List,Enterprise,INR,VAR-0444,20915.00,20,2026-01-01,2026-12-31,ACTIVE
PL-ENT,Enterprise Preferred Price List,Enterprise,INR,VAR-0445,26143.75,20,2026-01-01,2026-12-31,ACTIVE
PL-ENT,Enterprise Preferred Price List,Enterprise,INR,VAR-0446,16465.00,20,2026-01-01,2026-12-31,ACTIVE
PL-ENT,Enterprise Preferred Price List,Enterprise,INR,VAR-0447,20581.25,20,2026-01-01,2026-12-31,ACTIVE
PL-ENT,Enterprise Preferred Price List,Enterprise,INR,VAR-0448,18690.00,20,2026-01-01,2026-12-31,ACTIVE
PL-ENT,Enterprise Preferred Price List,Enterprise,INR,VAR-0449,23362.50,20,2026-01-01,2026-12-31,ACTIVE
PL-ENT,Enterprise Preferred Price List,Enterprise,INR,VAR-0450,1552.50,20,2026-01-01,2026-12-31,ACTIVE
PL-ENT,Enterprise Preferred Price List,Enterprise,INR,VAR-0451,1940.62,20,2026-01-01,2026-12-31,ACTIVE
PL-ENT,Enterprise Preferred Price List,Enterprise,INR,VAR-0452,2848.00,20,2026-01-01,2026-12-31,ACTIVE
PL-ENT,Enterprise Preferred Price List,Enterprise,INR,VAR-0453,3560.00,20,2026-01-01,2026-12-31,ACTIVE
PL-ENT,Enterprise Preferred Price List,Enterprise,INR,VAR-0454,20915.00,20,2026-01-01,2026-12-31,ACTIVE
PL-ENT,Enterprise Preferred Price List,Enterprise,INR,VAR-0455,26143.75,20,2026-01-01,2026-12-31,ACTIVE
PL-ENT,Enterprise Preferred Price List,Enterprise,INR,VAR-0456,16465.00,20,2026-01-01,2026-12-31,ACTIVE
PL-ENT,Enterprise Preferred Price List,Enterprise,INR,VAR-0457,20581.25,20,2026-01-01,2026-12-31,ACTIVE
PL-ENT,Enterprise Preferred Price List,Enterprise,INR,VAR-0458,18690.00,20,2026-01-01,2026-12-31,ACTIVE
PL-ENT,Enterprise Preferred Price List,Enterprise,INR,VAR-0459,23362.50,20,2026-01-01,2026-12-31,ACTIVE
PL-ENT,Enterprise Preferred Price List,Enterprise,INR,VAR-0460,1552.50,20,2026-01-01,2026-12-31,ACTIVE
PL-ENT,Enterprise Preferred Price List,Enterprise,INR,VAR-0461,1940.62,20,2026-01-01,2026-12-31,ACTIVE
PL-ENT,Enterprise Preferred Price List,Enterprise,INR,VAR-0462,55659.55,20,2026-01-01,2026-12-31,ACTIVE
PL-ENT,Enterprise Preferred Price List,Enterprise,INR,VAR-0463,34710.00,20,2026-01-01,2026-12-31,ACTIVE
PL-ENT,Enterprise Preferred Price List,Enterprise,INR,VAR-0464,40940.00,20,2026-01-01,2026-12-31,ACTIVE
PL-ENT,Enterprise Preferred Price List,Enterprise,INR,VAR-0465,53845.00,20,2026-01-01,2026-12-31,ACTIVE
PL-ENT,Enterprise Preferred Price List,Enterprise,INR,VAR-0466,72980.00,20,2026-01-01,2026-12-31,ACTIVE
PL-ENT,Enterprise Preferred Price List,Enterprise,INR,VAR-0467,81435.00,20,2026-01-01,2026-12-31,ACTIVE
PL-ENT,Enterprise Preferred Price List,Enterprise,INR,VAR-0468,16821.00,20,2026-01-01,2026-12-31,ACTIVE
PL-ENT,Enterprise Preferred Price List,Enterprise,INR,VAR-0469,32930.00,20,2026-01-01,2026-12-31,ACTIVE
PL-ENT,Enterprise Preferred Price List,Enterprise,INR,VAR-0470,128604.11,20,2026-01-01,2026-12-31,ACTIVE
PL-ENT,Enterprise Preferred Price List,Enterprise,INR,VAR-0471,84105.00,20,2026-01-01,2026-12-31,ACTIVE
PL-ENT,Enterprise Preferred Price List,Enterprise,INR,VAR-0472,66750.00,20,2026-01-01,2026-12-31,ACTIVE
PL-ENT,Enterprise Preferred Price List,Enterprise,INR,VAR-0473,71200.00,20,2026-01-01,2026-12-31,ACTIVE
PL-ENT,Enterprise Preferred Price List,Enterprise,INR,VAR-0474,12937.50,20,2026-01-01,2026-12-31,ACTIVE
PL-ENT,Enterprise Preferred Price List,Enterprise,INR,VAR-0475,22856.25,20,2026-01-01,2026-12-31,ACTIVE
PL-ENT,Enterprise Preferred Price List,Enterprise,INR,VAR-0476,12333.75,20,2026-01-01,2026-12-31,ACTIVE
PL-ENT,Enterprise Preferred Price List,Enterprise,INR,VAR-0477,12678.75,20,2026-01-01,2026-12-31,ACTIVE
PL-ENT,Enterprise Preferred Price List,Enterprise,INR,VAR-0478,8620.69,20,2026-01-01,2026-12-31,ACTIVE
PL-ENT,Enterprise Preferred Price List,Enterprise,INR,VAR-0479,7758.19,20,2026-01-01,2026-12-31,ACTIVE
PL-ENT,Enterprise Preferred Price List,Enterprise,INR,VAR-0480,3014.44,20,2026-01-01,2026-12-31,ACTIVE
PL-ENT,Enterprise Preferred Price List,Enterprise,INR,VAR-0481,16732.50,20,2026-01-01,2026-12-31,ACTIVE
PL-ENT,Enterprise Preferred Price List,Enterprise,INR,VAR-0482,8107.50,20,2026-01-01,2026-12-31,ACTIVE
PL-ENT,Enterprise Preferred Price List,Enterprise,INR,VAR-0483,6641.25,20,2026-01-01,2026-12-31,ACTIVE
PL-ENT,Enterprise Preferred Price List,Enterprise,INR,VAR-0484,15525.00,20,2026-01-01,2026-12-31,ACTIVE
PL-ENT,Enterprise Preferred Price List,Enterprise,INR,VAR-0485,3017.89,20,2026-01-01,2026-12-31,ACTIVE
PL-ENT,Enterprise Preferred Price List,Enterprise,INR,VAR-0486,2587.50,20,2026-01-01,2026-12-31,ACTIVE
PL-ENT,Enterprise Preferred Price List,Enterprise,INR,VAR-0487,5605.39,20,2026-01-01,2026-12-31,ACTIVE
PL-ENT,Enterprise Preferred Price List,Enterprise,INR,VAR-0488,87131.00,20,2026-01-01,2026-12-31,ACTIVE
PL-ENT,Enterprise Preferred Price List,Enterprise,INR,VAR-0489,24150.00,20,2026-01-01,2026-12-31,ACTIVE
PL-ENT,Enterprise Preferred Price List,Enterprise,INR,VAR-0490,254540.00,20,2026-01-01,2026-12-31,ACTIVE
PL-ENT,Enterprise Preferred Price List,Enterprise,INR,VAR-0491,10057.00,20,2026-01-01,2026-12-31,ACTIVE
PL-ENT,Enterprise Preferred Price List,Enterprise,INR,VAR-0492,5340.00,20,2026-01-01,2026-12-31,ACTIVE
PL-ENT,Enterprise Preferred Price List,Enterprise,INR,VAR-0493,54468.00,20,2026-01-01,2026-12-31,ACTIVE
PL-ENT,Enterprise Preferred Price List,Enterprise,INR,VAR-0494,119616.00,20,2026-01-01,2026-12-31,ACTIVE
PL-ENT,Enterprise Preferred Price List,Enterprise,INR,VAR-0495,525456.00,20,2026-01-01,2026-12-31,ACTIVE
PL-ENT,Enterprise Preferred Price List,Enterprise,INR,VAR-0496,59808.00,20,2026-01-01,2026-12-31,ACTIVE
PL-ENT,Enterprise Preferred Price List,Enterprise,INR,VAR-0497,24457.20,20,2026-01-01,2026-12-31,ACTIVE
PL-ENT,Enterprise Preferred Price List,Enterprise,INR,VAR-0498,498400.00,20,2026-01-01,2026-12-31,ACTIVE
PL-ENT,Enterprise Preferred Price List,Enterprise,INR,VAR-0499,786760.00,20,2026-01-01,2026-12-31,ACTIVE
PL-ENT,Enterprise Preferred Price List,Enterprise,INR,VAR-0500,27367.50,20,2026-01-01,2026-12-31,ACTIVE
PL-ENT,Enterprise Preferred Price List,Enterprise,INR,VAR-0501,61410.00,20,2026-01-01,2026-12-31,ACTIVE
PL-ENT,Enterprise Preferred Price List,Enterprise,INR,VAR-0502,248310.00,20,2026-01-01,2026-12-31,ACTIVE
PL-ENT,Enterprise Preferred Price List,Enterprise,INR,VAR-0503,181916.00,20,2026-01-01,2026-12-31,ACTIVE
PL-ENT,Enterprise Preferred Price List,Enterprise,INR,VAR-0504,20826.00,20,2026-01-01,2026-12-31,ACTIVE
PL-ENT,Enterprise Preferred Price List,Enterprise,INR,VAR-0505,32485.00,20,2026-01-01,2026-12-31,ACTIVE
PL-ENT,Enterprise Preferred Price List,Enterprise,INR,VAR-0506,48416.00,20,2026-01-01,2026-12-31,ACTIVE
PL-ENT,Enterprise Preferred Price List,Enterprise,INR,VAR-0507,49751.00,20,2026-01-01,2026-12-31,ACTIVE
PL-ENT,Enterprise Preferred Price List,Enterprise,INR,VAR-0508,219830.00,20,2026-01-01,2026-12-31,ACTIVE
PL-ENT,Enterprise Preferred Price List,Enterprise,INR,VAR-0509,25875.00,20,2026-01-01,2026-12-31,ACTIVE
PL-ENT,Enterprise Preferred Price List,Enterprise,INR,VAR-0510,20182.50,20,2026-01-01,2026-12-31,ACTIVE
PL-ENT,Enterprise Preferred Price List,Enterprise,INR,VAR-0511,6899.14,20,2026-01-01,2026-12-31,ACTIVE
PL-ENT,Enterprise Preferred Price List,Enterprise,INR,VAR-0512,2845.39,20,2026-01-01,2026-12-31,ACTIVE
PL-ENT,Enterprise Preferred Price List,Enterprise,INR,VAR-0513,18975.00,20,2026-01-01,2026-12-31,ACTIVE
PL-ENT,Enterprise Preferred Price List,Enterprise,INR,VAR-0514,8189.44,20,2026-01-01,2026-12-31,ACTIVE
PL-ENT,Enterprise Preferred Price List,Enterprise,INR,VAR-0515,8107.50,20,2026-01-01,2026-12-31,ACTIVE
PL-ENT,Enterprise Preferred Price List,Enterprise,INR,VAR-0516,3191.25,20,2026-01-01,2026-12-31,ACTIVE
PL-ENT,Enterprise Preferred Price List,Enterprise,INR,VAR-0517,4742.89,20,2026-01-01,2026-12-31,ACTIVE
PL-ENT,Enterprise Preferred Price List,Enterprise,INR,VAR-0518,8538.75,20,2026-01-01,2026-12-31,ACTIVE
PL-ENT,Enterprise Preferred Price List,Enterprise,INR,VAR-0519,23287.50,20,2026-01-01,2026-12-31,ACTIVE
PL-ENT,Enterprise Preferred Price List,Enterprise,INR,VAR-0520,2586.64,20,2026-01-01,2026-12-31,ACTIVE
PL-ENT,Enterprise Preferred Price List,Enterprise,INR,VAR-0521,225170.00,20,2026-01-01,2026-12-31,ACTIVE
PL-ENT,Enterprise Preferred Price List,Enterprise,INR,VAR-0522,93450.00,20,2026-01-01,2026-12-31,ACTIVE
PL-ENT,Enterprise Preferred Price List,Enterprise,INR,VAR-0523,11557.50,20,2026-01-01,2026-12-31,ACTIVE
PL-ENT,Enterprise Preferred Price List,Enterprise,INR,VAR-0524,174440.00,20,2026-01-01,2026-12-31,ACTIVE
PL-ENT,Enterprise Preferred Price List,Enterprise,INR,VAR-0525,222500.00,20,2026-01-01,2026-12-31,ACTIVE
PL-ENT,Enterprise Preferred Price List,Enterprise,INR,VAR-0526,22517.00,20,2026-01-01,2026-12-31,ACTIVE
PL-ENT,Enterprise Preferred Price List,Enterprise,INR,VAR-0527,4895.00,20,2026-01-01,2026-12-31,ACTIVE
PL-ENT,Enterprise Preferred Price List,Enterprise,INR,VAR-0528,7120.00,20,2026-01-01,2026-12-31,ACTIVE
PL-ENT,Enterprise Preferred Price List,Enterprise,INR,VAR-0529,6497.00,20,2026-01-01,2026-12-31,ACTIVE
PL-ENT,Enterprise Preferred Price List,Enterprise,INR,VAR-0530,92382.00,20,2026-01-01,2026-12-31,ACTIVE
PL-ENT,Enterprise Preferred Price List,Enterprise,INR,VAR-0531,54112.00,20,2026-01-01,2026-12-31,ACTIVE
PL-ENT,Enterprise Preferred Price List,Enterprise,INR,VAR-0532,3337.50,20,2026-01-01,2026-12-31,ACTIVE
PL-STRAT,Strategic Global Partner Price List,Strategic,INR,VAR-0001,64480.00,50,2026-01-01,2026-12-31,ACTIVE
PL-STRAT,Strategic Global Partner Price List,Strategic,INR,VAR-0002,77792.00,50,2026-01-01,2026-12-31,ACTIVE
PL-STRAT,Strategic Global Partner Price List,Strategic,INR,VAR-0003,91520.00,50,2026-01-01,2026-12-31,ACTIVE
PL-STRAT,Strategic Global Partner Price List,Strategic,INR,VAR-0004,110240.00,50,2026-01-01,2026-12-31,ACTIVE
PL-STRAT,Strategic Global Partner Price List,Strategic,INR,VAR-0005,45760.00,50,2026-01-01,2026-12-31,ACTIVE
PL-STRAT,Strategic Global Partner Price List,Strategic,INR,VAR-0006,55120.00,50,2026-01-01,2026-12-31,ACTIVE
PL-STRAT,Strategic Global Partner Price List,Strategic,INR,VAR-0007,161200.00,50,2026-01-01,2026-12-31,ACTIVE
PL-STRAT,Strategic Global Partner Price List,Strategic,INR,VAR-0008,188240.00,50,2026-01-01,2026-12-31,ACTIVE
PL-STRAT,Strategic Global Partner Price List,Strategic,INR,VAR-0009,68640.00,50,2026-01-01,2026-12-31,ACTIVE
PL-STRAT,Strategic Global Partner Price List,Strategic,INR,VAR-0010,83720.00,50,2026-01-01,2026-12-31,ACTIVE
PL-STRAT,Strategic Global Partner Price List,Strategic,INR,VAR-0011,133120.00,50,2026-01-01,2026-12-31,ACTIVE
PL-STRAT,Strategic Global Partner Price List,Strategic,INR,VAR-0012,162240.00,50,2026-01-01,2026-12-31,ACTIVE
PL-STRAT,Strategic Global Partner Price List,Strategic,INR,VAR-0013,192400.00,50,2026-01-01,2026-12-31,ACTIVE
PL-STRAT,Strategic Global Partner Price List,Strategic,INR,VAR-0014,249600.00,50,2026-01-01,2026-12-31,ACTIVE
PL-STRAT,Strategic Global Partner Price List,Strategic,INR,VAR-0015,74880.00,50,2026-01-01,2026-12-31,ACTIVE
PL-STRAT,Strategic Global Partner Price List,Strategic,INR,VAR-0016,89960.00,50,2026-01-01,2026-12-31,ACTIVE
PL-STRAT,Strategic Global Partner Price List,Strategic,INR,VAR-0017,49920.00,50,2026-01-01,2026-12-31,ACTIVE
PL-STRAT,Strategic Global Partner Price List,Strategic,INR,VAR-0018,58760.00,50,2026-01-01,2026-12-31,ACTIVE
PL-STRAT,Strategic Global Partner Price List,Strategic,INR,VAR-0019,126880.00,50,2026-01-01,2026-12-31,ACTIVE
PL-STRAT,Strategic Global Partner Price List,Strategic,INR,VAR-0020,158080.00,50,2026-01-01,2026-12-31,ACTIVE
PL-STRAT,Strategic Global Partner Price List,Strategic,INR,VAR-0021,174720.00,50,2026-01-01,2026-12-31,ACTIVE
PL-STRAT,Strategic Global Partner Price List,Strategic,INR,VAR-0022,205920.00,50,2026-01-01,2026-12-31,ACTIVE
PL-STRAT,Strategic Global Partner Price List,Strategic,INR,VAR-0023,306800.00,50,2026-01-01,2026-12-31,ACTIVE
PL-STRAT,Strategic Global Partner Price List,Strategic,INR,VAR-0024,345280.00,50,2026-01-01,2026-12-31,ACTIVE
PL-STRAT,Strategic Global Partner Price List,Strategic,INR,VAR-0025,99840.00,50,2026-01-01,2026-12-31,ACTIVE
PL-STRAT,Strategic Global Partner Price List,Strategic,INR,VAR-0026,114400.00,50,2026-01-01,2026-12-31,ACTIVE
PL-STRAT,Strategic Global Partner Price List,Strategic,INR,VAR-0027,122720.00,50,2026-01-01,2026-12-31,ACTIVE
PL-STRAT,Strategic Global Partner Price List,Strategic,INR,VAR-0028,144560.00,50,2026-01-01,2026-12-31,ACTIVE
PL-STRAT,Strategic Global Partner Price List,Strategic,INR,VAR-0029,66560.00,50,2026-01-01,2026-12-31,ACTIVE
PL-STRAT,Strategic Global Partner Price List,Strategic,INR,VAR-0030,81120.00,50,2026-01-01,2026-12-31,ACTIVE
PL-STRAT,Strategic Global Partner Price List,Strategic,INR,VAR-0031,43680.00,50,2026-01-01,2026-12-31,ACTIVE
PL-STRAT,Strategic Global Partner Price List,Strategic,INR,VAR-0032,57200.00,50,2026-01-01,2026-12-31,ACTIVE
PL-STRAT,Strategic Global Partner Price List,Strategic,INR,VAR-0033,47840.00,50,2026-01-01,2026-12-31,ACTIVE
PL-STRAT,Strategic Global Partner Price List,Strategic,INR,VAR-0034,60320.00,50,2026-01-01,2026-12-31,ACTIVE
PL-STRAT,Strategic Global Partner Price List,Strategic,INR,VAR-0035,70720.00,50,2026-01-01,2026-12-31,ACTIVE
PL-STRAT,Strategic Global Partner Price List,Strategic,INR,VAR-0036,87880.00,50,2026-01-01,2026-12-31,ACTIVE
PL-STRAT,Strategic Global Partner Price List,Strategic,INR,VAR-0037,44720.00,50,2026-01-01,2026-12-31,ACTIVE
PL-STRAT,Strategic Global Partner Price List,Strategic,INR,VAR-0038,58240.00,50,2026-01-01,2026-12-31,ACTIVE
PL-STRAT,Strategic Global Partner Price List,Strategic,INR,VAR-0039,46800.00,50,2026-01-01,2026-12-31,ACTIVE
PL-STRAT,Strategic Global Partner Price List,Strategic,INR,VAR-0040,59800.00,50,2026-01-01,2026-12-31,ACTIVE
PL-STRAT,Strategic Global Partner Price List,Strategic,INR,VAR-0041,182000.00,50,2026-01-01,2026-12-31,ACTIVE
PL-STRAT,Strategic Global Partner Price List,Strategic,INR,VAR-0042,214240.00,50,2026-01-01,2026-12-31,ACTIVE
PL-STRAT,Strategic Global Partner Price List,Strategic,INR,VAR-0043,119600.00,50,2026-01-01,2026-12-31,ACTIVE
PL-STRAT,Strategic Global Partner Price List,Strategic,INR,VAR-0044,185120.00,50,2026-01-01,2026-12-31,ACTIVE
PL-STRAT,Strategic Global Partner Price List,Strategic,INR,VAR-0045,249600.00,50,2026-01-01,2026-12-31,ACTIVE
PL-STRAT,Strategic Global Partner Price List,Strategic,INR,VAR-0046,361920.00,50,2026-01-01,2026-12-31,ACTIVE
PL-STRAT,Strategic Global Partner Price List,Strategic,INR,VAR-0047,540800.00,50,2026-01-01,2026-12-31,ACTIVE
PL-STRAT,Strategic Global Partner Price List,Strategic,INR,VAR-0048,863200.00,50,2026-01-01,2026-12-31,ACTIVE
PL-STRAT,Strategic Global Partner Price List,Strategic,INR,VAR-0049,202800.00,50,2026-01-01,2026-12-31,ACTIVE
PL-STRAT,Strategic Global Partner Price List,Strategic,INR,VAR-0050,262080.00,50,2026-01-01,2026-12-31,ACTIVE
PL-STRAT,Strategic Global Partner Price List,Strategic,INR,VAR-0051,218400.00,50,2026-01-01,2026-12-31,ACTIVE
PL-STRAT,Strategic Global Partner Price List,Strategic,INR,VAR-0052,322400.00,50,2026-01-01,2026-12-31,ACTIVE
PL-STRAT,Strategic Global Partner Price List,Strategic,INR,VAR-0053,291200.00,50,2026-01-01,2026-12-31,ACTIVE
PL-STRAT,Strategic Global Partner Price List,Strategic,INR,VAR-0054,386880.00,50,2026-01-01,2026-12-31,ACTIVE
PL-STRAT,Strategic Global Partner Price List,Strategic,INR,VAR-0055,405600.00,50,2026-01-01,2026-12-31,ACTIVE
PL-STRAT,Strategic Global Partner Price List,Strategic,INR,VAR-0056,556400.00,50,2026-01-01,2026-12-31,ACTIVE
PL-STRAT,Strategic Global Partner Price List,Strategic,INR,VAR-0057,400400.00,50,2026-01-01,2026-12-31,ACTIVE
PL-STRAT,Strategic Global Partner Price List,Strategic,INR,VAR-0058,517920.00,50,2026-01-01,2026-12-31,ACTIVE
PL-STRAT,Strategic Global Partner Price List,Strategic,INR,VAR-0059,301600.00,50,2026-01-01,2026-12-31,ACTIVE
PL-STRAT,Strategic Global Partner Price List,Strategic,INR,VAR-0060,383760.00,50,2026-01-01,2026-12-31,ACTIVE
PL-STRAT,Strategic Global Partner Price List,Strategic,INR,VAR-0061,362016.00,50,2026-01-01,2026-12-31,ACTIVE
PL-STRAT,Strategic Global Partner Price List,Strategic,INR,VAR-0062,496080.00,50,2026-01-01,2026-12-31,ACTIVE
PL-STRAT,Strategic Global Partner Price List,Strategic,INR,VAR-0063,150800.00,50,2026-01-01,2026-12-31,ACTIVE
PL-STRAT,Strategic Global Partner Price List,Strategic,INR,VAR-0064,187200.00,50,2026-01-01,2026-12-31,ACTIVE
PL-STRAT,Strategic Global Partner Price List,Strategic,INR,VAR-0065,116480.00,50,2026-01-01,2026-12-31,ACTIVE
PL-STRAT,Strategic Global Partner Price List,Strategic,INR,VAR-0066,124280.00,50,2026-01-01,2026-12-31,ACTIVE
PL-STRAT,Strategic Global Partner Price List,Strategic,INR,VAR-0067,139360.00,50,2026-01-01,2026-12-31,ACTIVE
PL-STRAT,Strategic Global Partner Price List,Strategic,INR,VAR-0068,137280.00,50,2026-01-01,2026-12-31,ACTIVE
PL-STRAT,Strategic Global Partner Price List,Strategic,INR,VAR-0069,151840.00,50,2026-01-01,2026-12-31,ACTIVE
PL-STRAT,Strategic Global Partner Price List,Strategic,INR,VAR-0070,68640.00,50,2026-01-01,2026-12-31,ACTIVE
PL-STRAT,Strategic Global Partner Price List,Strategic,INR,VAR-0071,75920.00,50,2026-01-01,2026-12-31,ACTIVE
PL-STRAT,Strategic Global Partner Price List,Strategic,INR,VAR-0072,112320.00,50,2026-01-01,2026-12-31,ACTIVE
PL-STRAT,Strategic Global Partner Price List,Strategic,INR,VAR-0073,120640.00,50,2026-01-01,2026-12-31,ACTIVE
PL-STRAT,Strategic Global Partner Price List,Strategic,INR,VAR-0074,85280.00,50,2026-01-01,2026-12-31,ACTIVE
PL-STRAT,Strategic Global Partner Price List,Strategic,INR,VAR-0075,93080.00,50,2026-01-01,2026-12-31,ACTIVE
PL-STRAT,Strategic Global Partner Price List,Strategic,INR,VAR-0076,67600.00,50,2026-01-01,2026-12-31,ACTIVE
PL-STRAT,Strategic Global Partner Price List,Strategic,INR,VAR-0077,71760.00,50,2026-01-01,2026-12-31,ACTIVE
PL-STRAT,Strategic Global Partner Price List,Strategic,INR,VAR-0078,33280.00,50,2026-01-01,2026-12-31,ACTIVE
PL-STRAT,Strategic Global Partner Price List,Strategic,INR,VAR-0079,36400.00,50,2026-01-01,2026-12-31,ACTIVE
PL-STRAT,Strategic Global Partner Price List,Strategic,INR,VAR-0080,45760.00,50,2026-01-01,2026-12-31,ACTIVE
PL-STRAT,Strategic Global Partner Price List,Strategic,INR,VAR-0081,89440.00,50,2026-01-01,2026-12-31,ACTIVE
PL-STRAT,Strategic Global Partner Price List,Strategic,INR,VAR-0082,95160.00,50,2026-01-01,2026-12-31,ACTIVE
PL-STRAT,Strategic Global Partner Price List,Strategic,INR,VAR-0083,63440.00,50,2026-01-01,2026-12-31,ACTIVE
PL-STRAT,Strategic Global Partner Price List,Strategic,INR,VAR-0084,68120.00,50,2026-01-01,2026-12-31,ACTIVE
PL-STRAT,Strategic Global Partner Price List,Strategic,INR,VAR-0085,55120.00,50,2026-01-01,2026-12-31,ACTIVE
PL-STRAT,Strategic Global Partner Price List,Strategic,INR,VAR-0086,60320.00,50,2026-01-01,2026-12-31,ACTIVE
PL-STRAT,Strategic Global Partner Price List,Strategic,INR,VAR-0087,34320.00,50,2026-01-01,2026-12-31,ACTIVE
PL-STRAT,Strategic Global Partner Price List,Strategic,INR,VAR-0088,53040.00,50,2026-01-01,2026-12-31,ACTIVE
PL-STRAT,Strategic Global Partner Price List,Strategic,INR,VAR-0089,52000.00,50,2026-01-01,2026-12-31,ACTIVE
PL-STRAT,Strategic Global Partner Price List,Strategic,INR,VAR-0090,70720.00,50,2026-01-01,2026-12-31,ACTIVE
PL-STRAT,Strategic Global Partner Price List,Strategic,INR,VAR-0091,86320.00,50,2026-01-01,2026-12-31,ACTIVE
PL-STRAT,Strategic Global Partner Price List,Strategic,INR,VAR-0092,112320.00,50,2026-01-01,2026-12-31,ACTIVE
PL-STRAT,Strategic Global Partner Price List,Strategic,INR,VAR-0093,62400.00,50,2026-01-01,2026-12-31,ACTIVE
PL-STRAT,Strategic Global Partner Price List,Strategic,INR,VAR-0094,69680.00,50,2026-01-01,2026-12-31,ACTIVE
PL-STRAT,Strategic Global Partner Price List,Strategic,INR,VAR-0095,54080.00,50,2026-01-01,2026-12-31,ACTIVE
PL-STRAT,Strategic Global Partner Price List,Strategic,INR,VAR-0096,59280.00,50,2026-01-01,2026-12-31,ACTIVE
PL-STRAT,Strategic Global Partner Price List,Strategic,INR,VAR-0097,150800.00,50,2026-01-01,2026-12-31,ACTIVE
PL-STRAT,Strategic Global Partner Price List,Strategic,INR,VAR-0098,184080.00,50,2026-01-01,2026-12-31,ACTIVE
PL-STRAT,Strategic Global Partner Price List,Strategic,INR,VAR-0099,244400.00,50,2026-01-01,2026-12-31,ACTIVE
PL-STRAT,Strategic Global Partner Price List,Strategic,INR,VAR-0100,283920.00,50,2026-01-01,2026-12-31,ACTIVE
PL-STRAT,Strategic Global Partner Price List,Strategic,INR,VAR-0101,76960.00,50,2026-01-01,2026-12-31,ACTIVE
PL-STRAT,Strategic Global Partner Price List,Strategic,INR,VAR-0102,100880.00,50,2026-01-01,2026-12-31,ACTIVE
PL-STRAT,Strategic Global Partner Price List,Strategic,INR,VAR-0103,195520.00,50,2026-01-01,2026-12-31,ACTIVE
PL-STRAT,Strategic Global Partner Price List,Strategic,INR,VAR-0104,223600.00,50,2026-01-01,2026-12-31,ACTIVE
PL-STRAT,Strategic Global Partner Price List,Strategic,INR,VAR-0105,56160.00,50,2026-01-01,2026-12-31,ACTIVE
PL-STRAT,Strategic Global Partner Price List,Strategic,INR,VAR-0106,59800.00,50,2026-01-01,2026-12-31,ACTIVE
PL-STRAT,Strategic Global Partner Price List,Strategic,INR,VAR-0107,60320.00,50,2026-01-01,2026-12-31,ACTIVE
PL-STRAT,Strategic Global Partner Price List,Strategic,INR,VAR-0108,84240.00,50,2026-01-01,2026-12-31,ACTIVE
PL-STRAT,Strategic Global Partner Price List,Strategic,INR,VAR-0109,192400.00,50,2026-01-01,2026-12-31,ACTIVE
PL-STRAT,Strategic Global Partner Price List,Strategic,INR,VAR-0110,257920.00,50,2026-01-01,2026-12-31,ACTIVE
PL-STRAT,Strategic Global Partner Price List,Strategic,INR,VAR-0111,37440.00,50,2026-01-01,2026-12-31,ACTIVE
PL-STRAT,Strategic Global Partner Price List,Strategic,INR,VAR-0112,39312.00,50,2026-01-01,2026-12-31,ACTIVE
PL-STRAT,Strategic Global Partner Price List,Strategic,INR,VAR-0113,15080.00,50,2026-01-01,2026-12-31,ACTIVE
PL-STRAT,Strategic Global Partner Price List,Strategic,INR,VAR-0114,16640.00,50,2026-01-01,2026-12-31,ACTIVE
PL-STRAT,Strategic Global Partner Price List,Strategic,INR,VAR-0115,49920.00,50,2026-01-01,2026-12-31,ACTIVE
PL-STRAT,Strategic Global Partner Price List,Strategic,INR,VAR-0116,98800.00,50,2026-01-01,2026-12-31,ACTIVE
PL-STRAT,Strategic Global Partner Price List,Strategic,INR,VAR-0117,161200.00,50,2026-01-01,2026-12-31,ACTIVE
PL-STRAT,Strategic Global Partner Price List,Strategic,INR,VAR-0118,286000.00,50,2026-01-01,2026-12-31,ACTIVE
PL-STRAT,Strategic Global Partner Price List,Strategic,INR,VAR-0119,22880.00,50,2026-01-01,2026-12-31,ACTIVE
PL-STRAT,Strategic Global Partner Price List,Strategic,INR,VAR-0120,39000.00,50,2026-01-01,2026-12-31,ACTIVE
PL-STRAT,Strategic Global Partner Price List,Strategic,INR,VAR-0121,39520.00,50,2026-01-01,2026-12-31,ACTIVE
PL-STRAT,Strategic Global Partner Price List,Strategic,INR,VAR-0122,69680.00,50,2026-01-01,2026-12-31,ACTIVE
PL-STRAT,Strategic Global Partner Price List,Strategic,INR,VAR-0123,24960.00,50,2026-01-01,2026-12-31,ACTIVE
PL-STRAT,Strategic Global Partner Price List,Strategic,INR,VAR-0124,28600.00,50,2026-01-01,2026-12-31,ACTIVE
PL-STRAT,Strategic Global Partner Price List,Strategic,INR,VAR-0125,33280.00,50,2026-01-01,2026-12-31,ACTIVE
PL-STRAT,Strategic Global Partner Price List,Strategic,INR,VAR-0126,35360.00,50,2026-01-01,2026-12-31,ACTIVE
PL-STRAT,Strategic Global Partner Price List,Strategic,INR,VAR-0127,42640.00,50,2026-01-01,2026-12-31,ACTIVE
PL-STRAT,Strategic Global Partner Price List,Strategic,INR,VAR-0128,91520.00,50,2026-01-01,2026-12-31,ACTIVE
PL-STRAT,Strategic Global Partner Price List,Strategic,INR,VAR-0129,107120.00,50,2026-01-01,2026-12-31,ACTIVE
PL-STRAT,Strategic Global Partner Price List,Strategic,INR,VAR-0130,171600.00,50,2026-01-01,2026-12-31,ACTIVE
PL-STRAT,Strategic Global Partner Price List,Strategic,INR,VAR-0131,296400.00,50,2026-01-01,2026-12-31,ACTIVE
PL-STRAT,Strategic Global Partner Price List,Strategic,INR,VAR-0132,85280.00,50,2026-01-01,2026-12-31,ACTIVE
PL-STRAT,Strategic Global Partner Price List,Strategic,INR,VAR-0133,122720.00,50,2026-01-01,2026-12-31,ACTIVE
PL-STRAT,Strategic Global Partner Price List,Strategic,INR,VAR-0134,82160.00,50,2026-01-01,2026-12-31,ACTIVE
PL-STRAT,Strategic Global Partner Price List,Strategic,INR,VAR-0135,93080.00,50,2026-01-01,2026-12-31,ACTIVE
PL-STRAT,Strategic Global Partner Price List,Strategic,INR,VAR-0136,13000.00,50,2026-01-01,2026-12-31,ACTIVE
PL-STRAT,Strategic Global Partner Price List,Strategic,INR,VAR-0137,16432.00,50,2026-01-01,2026-12-31,ACTIVE
PL-STRAT,Strategic Global Partner Price List,Strategic,INR,VAR-0138,29120.00,50,2026-01-01,2026-12-31,ACTIVE
PL-STRAT,Strategic Global Partner Price List,Strategic,INR,VAR-0139,35360.00,50,2026-01-01,2026-12-31,ACTIVE
PL-STRAT,Strategic Global Partner Price List,Strategic,INR,VAR-0140,47840.00,50,2026-01-01,2026-12-31,ACTIVE
PL-STRAT,Strategic Global Partner Price List,Strategic,INR,VAR-0141,66560.00,50,2026-01-01,2026-12-31,ACTIVE
PL-STRAT,Strategic Global Partner Price List,Strategic,INR,VAR-0142,74880.00,50,2026-01-01,2026-12-31,ACTIVE
PL-STRAT,Strategic Global Partner Price List,Strategic,INR,VAR-0143,12272.00,50,2026-01-01,2026-12-31,ACTIVE
PL-STRAT,Strategic Global Partner Price List,Strategic,INR,VAR-0144,27560.00,50,2026-01-01,2026-12-31,ACTIVE
PL-STRAT,Strategic Global Partner Price List,Strategic,INR,VAR-0145,119600.00,50,2026-01-01,2026-12-31,ACTIVE
PL-STRAT,Strategic Global Partner Price List,Strategic,INR,VAR-0146,81120.00,50,2026-01-01,2026-12-31,ACTIVE
PL-STRAT,Strategic Global Partner Price List,Strategic,INR,VAR-0147,93080.00,50,2026-01-01,2026-12-31,ACTIVE
PL-STRAT,Strategic Global Partner Price List,Strategic,INR,VAR-0148,70720.00,50,2026-01-01,2026-12-31,ACTIVE
PL-STRAT,Strategic Global Partner Price List,Strategic,INR,VAR-0149,54080.00,50,2026-01-01,2026-12-31,ACTIVE
PL-STRAT,Strategic Global Partner Price List,Strategic,INR,VAR-0150,58240.00,50,2026-01-01,2026-12-31,ACTIVE
PL-STRAT,Strategic Global Partner Price List,Strategic,INR,VAR-0151,11960.00,50,2026-01-01,2026-12-31,ACTIVE
PL-STRAT,Strategic Global Partner Price List,Strategic,INR,VAR-0152,21840.00,50,2026-01-01,2026-12-31,ACTIVE
PL-STRAT,Strategic Global Partner Price List,Strategic,INR,VAR-0153,11232.00,50,2026-01-01,2026-12-31,ACTIVE
PL-STRAT,Strategic Global Partner Price List,Strategic,INR,VAR-0154,11648.00,50,2026-01-01,2026-12-31,ACTIVE
PL-STRAT,Strategic Global Partner Price List,Strategic,INR,VAR-0155,7488.00,50,2026-01-01,2026-12-31,ACTIVE
PL-STRAT,Strategic Global Partner Price List,Strategic,INR,VAR-0156,6656.00,50,2026-01-01,2026-12-31,ACTIVE
PL-STRAT,Strategic Global Partner Price List,Strategic,INR,VAR-0157,2321.12,50,2026-01-01,2026-12-31,ACTIVE
PL-STRAT,Strategic Global Partner Price List,Strategic,INR,VAR-0158,15080.00,50,2026-01-01,2026-12-31,ACTIVE
PL-STRAT,Strategic Global Partner Price List,Strategic,INR,VAR-0159,7072.00,50,2026-01-01,2026-12-31,ACTIVE
PL-STRAT,Strategic Global Partner Price List,Strategic,INR,VAR-0160,5616.00,50,2026-01-01,2026-12-31,ACTIVE
PL-STRAT,Strategic Global Partner Price List,Strategic,INR,VAR-0161,14040.00,50,2026-01-01,2026-12-31,ACTIVE
PL-STRAT,Strategic Global Partner Price List,Strategic,INR,VAR-0162,2324.22,50,2026-01-01,2026-12-31,ACTIVE
PL-STRAT,Strategic Global Partner Price List,Strategic,INR,VAR-0163,1937.50,50,2026-01-01,2026-12-31,ACTIVE
PL-STRAT,Strategic Global Partner Price List,Strategic,INR,VAR-0164,4680.00,50,2026-01-01,2026-12-31,ACTIVE
PL-STRAT,Strategic Global Partner Price List,Strategic,INR,VAR-0165,254800.00,50,2026-01-01,2026-12-31,ACTIVE
PL-STRAT,Strategic Global Partner Price List,Strategic,INR,VAR-0166,278720.00,50,2026-01-01,2026-12-31,ACTIVE
PL-STRAT,Strategic Global Partner Price List,Strategic,INR,VAR-0167,60320.00,50,2026-01-01,2026-12-31,ACTIVE
PL-STRAT,Strategic Global Partner Price List,Strategic,INR,VAR-0168,22880.00,50,2026-01-01,2026-12-31,ACTIVE
PL-STRAT,Strategic Global Partner Price List,Strategic,INR,VAR-0169,223600.00,50,2026-01-01,2026-12-31,ACTIVE
PL-STRAT,Strategic Global Partner Price List,Strategic,INR,VAR-0170,7800.00,50,2026-01-01,2026-12-31,ACTIVE
PL-STRAT,Strategic Global Partner Price List,Strategic,INR,VAR-0171,3444.00,50,2026-01-01,2026-12-31,ACTIVE
PL-STRAT,Strategic Global Partner Price List,Strategic,INR,VAR-0172,76960.00,50,2026-01-01,2026-12-31,ACTIVE
PL-STRAT,Strategic Global Partner Price List,Strategic,INR,VAR-0173,91000.00,50,2026-01-01,2026-12-31,ACTIVE
PL-STRAT,Strategic Global Partner Price List,Strategic,INR,VAR-0174,143520.00,50,2026-01-01,2026-12-31,ACTIVE
PL-STRAT,Strategic Global Partner Price List,Strategic,INR,VAR-0175,170560.00,50,2026-01-01,2026-12-31,ACTIVE
PL-STRAT,Strategic Global Partner Price List,Strategic,INR,VAR-0176,54080.00,50,2026-01-01,2026-12-31,ACTIVE
PL-STRAT,Strategic Global Partner Price List,Strategic,INR,VAR-0177,65520.00,50,2026-01-01,2026-12-31,ACTIVE
PL-STRAT,Strategic Global Partner Price List,Strategic,INR,VAR-0178,61360.00,50,2026-01-01,2026-12-31,ACTIVE
PL-STRAT,Strategic Global Partner Price List,Strategic,INR,VAR-0179,73840.00,50,2026-01-01,2026-12-31,ACTIVE
PL-STRAT,Strategic Global Partner Price List,Strategic,INR,VAR-0180,119600.00,50,2026-01-01,2026-12-31,ACTIVE
PL-STRAT,Strategic Global Partner Price List,Strategic,INR,VAR-0181,139360.00,50,2026-01-01,2026-12-31,ACTIVE
PL-STRAT,Strategic Global Partner Price List,Strategic,INR,VAR-0182,50960.00,50,2026-01-01,2026-12-31,ACTIVE
PL-STRAT,Strategic Global Partner Price List,Strategic,INR,VAR-0183,61880.00,50,2026-01-01,2026-12-31,ACTIVE
PL-STRAT,Strategic Global Partner Price List,Strategic,INR,VAR-0184,66560.00,50,2026-01-01,2026-12-31,ACTIVE
PL-STRAT,Strategic Global Partner Price List,Strategic,INR,VAR-0185,79040.00,50,2026-01-01,2026-12-31,ACTIVE
PL-STRAT,Strategic Global Partner Price List,Strategic,INR,VAR-0186,97760.00,50,2026-01-01,2026-12-31,ACTIVE
PL-STRAT,Strategic Global Partner Price List,Strategic,INR,VAR-0187,112840.00,50,2026-01-01,2026-12-31,ACTIVE
PL-STRAT,Strategic Global Partner Price List,Strategic,INR,VAR-0188,171600.00,50,2026-01-01,2026-12-31,ACTIVE
PL-STRAT,Strategic Global Partner Price List,Strategic,INR,VAR-0189,201760.00,50,2026-01-01,2026-12-31,ACTIVE
PL-STRAT,Strategic Global Partner Price List,Strategic,INR,VAR-0190,116480.00,50,2026-01-01,2026-12-31,ACTIVE
PL-STRAT,Strategic Global Partner Price List,Strategic,INR,VAR-0191,141440.00,50,2026-01-01,2026-12-31,ACTIVE
PL-STRAT,Strategic Global Partner Price List,Strategic,INR,VAR-0192,74880.00,50,2026-01-01,2026-12-31,ACTIVE
PL-STRAT,Strategic Global Partner Price List,Strategic,INR,VAR-0193,90480.00,50,2026-01-01,2026-12-31,ACTIVE
PL-STRAT,Strategic Global Partner Price List,Strategic,INR,VAR-0194,56160.00,50,2026-01-01,2026-12-31,ACTIVE
PL-STRAT,Strategic Global Partner Price List,Strategic,INR,VAR-0195,78520.00,50,2026-01-01,2026-12-31,ACTIVE
PL-STRAT,Strategic Global Partner Price List,Strategic,INR,VAR-0196,58240.00,50,2026-01-01,2026-12-31,ACTIVE
PL-STRAT,Strategic Global Partner Price List,Strategic,INR,VAR-0197,73840.00,50,2026-01-01,2026-12-31,ACTIVE
PL-STRAT,Strategic Global Partner Price List,Strategic,INR,VAR-0198,48880.00,50,2026-01-01,2026-12-31,ACTIVE
PL-STRAT,Strategic Global Partner Price List,Strategic,INR,VAR-0199,62920.00,50,2026-01-01,2026-12-31,ACTIVE
PL-STRAT,Strategic Global Partner Price List,Strategic,INR,VAR-0200,52000.00,50,2026-01-01,2026-12-31,ACTIVE
PL-STRAT,Strategic Global Partner Price List,Strategic,INR,VAR-0201,66040.00,50,2026-01-01,2026-12-31,ACTIVE
PL-STRAT,Strategic Global Partner Price List,Strategic,INR,VAR-0202,140400.00,50,2026-01-01,2026-12-31,ACTIVE
PL-STRAT,Strategic Global Partner Price List,Strategic,INR,VAR-0203,205920.00,50,2026-01-01,2026-12-31,ACTIVE
PL-STRAT,Strategic Global Partner Price List,Strategic,INR,VAR-0204,91520.00,50,2026-01-01,2026-12-31,ACTIVE
PL-STRAT,Strategic Global Partner Price List,Strategic,INR,VAR-0205,115960.00,50,2026-01-01,2026-12-31,ACTIVE
PL-STRAT,Strategic Global Partner Price List,Strategic,INR,VAR-0206,482688.00,50,2026-01-01,2026-12-31,ACTIVE
PL-STRAT,Strategic Global Partner Price List,Strategic,INR,VAR-0207,837200.00,50,2026-01-01,2026-12-31,ACTIVE
PL-STRAT,Strategic Global Partner Price List,Strategic,INR,VAR-0208,234000.00,50,2026-01-01,2026-12-31,ACTIVE
PL-STRAT,Strategic Global Partner Price List,Strategic,INR,VAR-0209,317200.00,50,2026-01-01,2026-12-31,ACTIVE
PL-STRAT,Strategic Global Partner Price List,Strategic,INR,VAR-0210,223600.00,50,2026-01-01,2026-12-31,ACTIVE
PL-STRAT,Strategic Global Partner Price List,Strategic,INR,VAR-0211,282880.00,50,2026-01-01,2026-12-31,ACTIVE
PL-STRAT,Strategic Global Partner Price List,Strategic,INR,VAR-0212,707200.00,50,2026-01-01,2026-12-31,ACTIVE
PL-STRAT,Strategic Global Partner Price List,Strategic,INR,VAR-0213,1367600.00,50,2026-01-01,2026-12-31,ACTIVE
PL-STRAT,Strategic Global Partner Price List,Strategic,INR,VAR-0214,322400.00,50,2026-01-01,2026-12-31,ACTIVE
PL-STRAT,Strategic Global Partner Price List,Strategic,INR,VAR-0215,421200.00,50,2026-01-01,2026-12-31,ACTIVE
PL-STRAT,Strategic Global Partner Price List,Strategic,INR,VAR-0216,436800.00,50,2026-01-01,2026-12-31,ACTIVE
PL-STRAT,Strategic Global Partner Price List,Strategic,INR,VAR-0217,592800.00,50,2026-01-01,2026-12-31,ACTIVE
PL-STRAT,Strategic Global Partner Price List,Strategic,INR,VAR-0218,306800.00,50,2026-01-01,2026-12-31,ACTIVE
PL-STRAT,Strategic Global Partner Price List,Strategic,INR,VAR-0219,386880.00,50,2026-01-01,2026-12-31,ACTIVE
PL-STRAT,Strategic Global Partner Price List,Strategic,INR,VAR-0220,56160.00,50,2026-01-01,2026-12-31,ACTIVE
PL-STRAT,Strategic Global Partner Price List,Strategic,INR,VAR-0221,63440.00,50,2026-01-01,2026-12-31,ACTIVE
PL-STRAT,Strategic Global Partner Price List,Strategic,INR,VAR-0222,45760.00,50,2026-01-01,2026-12-31,ACTIVE
PL-STRAT,Strategic Global Partner Price List,Strategic,INR,VAR-0223,49400.00,50,2026-01-01,2026-12-31,ACTIVE
PL-STRAT,Strategic Global Partner Price List,Strategic,INR,VAR-0224,35360.00,50,2026-01-01,2026-12-31,ACTIVE
PL-STRAT,Strategic Global Partner Price List,Strategic,INR,VAR-0225,35360.00,50,2026-01-01,2026-12-31,ACTIVE
PL-STRAT,Strategic Global Partner Price List,Strategic,INR,VAR-0226,34320.00,50,2026-01-01,2026-12-31,ACTIVE
PL-STRAT,Strategic Global Partner Price List,Strategic,INR,VAR-0227,38272.00,50,2026-01-01,2026-12-31,ACTIVE
PL-STRAT,Strategic Global Partner Price List,Strategic,INR,VAR-0228,68640.00,50,2026-01-01,2026-12-31,ACTIVE
PL-STRAT,Strategic Global Partner Price List,Strategic,INR,VAR-0229,86840.00,50,2026-01-01,2026-12-31,ACTIVE
PL-STRAT,Strategic Global Partner Price List,Strategic,INR,VAR-0230,112320.00,50,2026-01-01,2026-12-31,ACTIVE
PL-STRAT,Strategic Global Partner Price List,Strategic,INR,VAR-0231,138320.00,50,2026-01-01,2026-12-31,ACTIVE
PL-STRAT,Strategic Global Partner Price List,Strategic,INR,VAR-0232,76960.00,50,2026-01-01,2026-12-31,ACTIVE
PL-STRAT,Strategic Global Partner Price List,Strategic,INR,VAR-0233,85800.00,50,2026-01-01,2026-12-31,ACTIVE
PL-STRAT,Strategic Global Partner Price List,Strategic,INR,VAR-0234,44720.00,50,2026-01-01,2026-12-31,ACTIVE
PL-STRAT,Strategic Global Partner Price List,Strategic,INR,VAR-0235,49088.00,50,2026-01-01,2026-12-31,ACTIVE
PL-STRAT,Strategic Global Partner Price List,Strategic,INR,VAR-0236,43680.00,50,2026-01-01,2026-12-31,ACTIVE
PL-STRAT,Strategic Global Partner Price List,Strategic,INR,VAR-0237,95680.00,50,2026-01-01,2026-12-31,ACTIVE
PL-STRAT,Strategic Global Partner Price List,Strategic,INR,VAR-0238,403440.00,50,2026-01-01,2026-12-31,ACTIVE
PL-STRAT,Strategic Global Partner Price List,Strategic,INR,VAR-0239,47840.00,50,2026-01-01,2026-12-31,ACTIVE
PL-STRAT,Strategic Global Partner Price List,Strategic,INR,VAR-0240,19240.00,50,2026-01-01,2026-12-31,ACTIVE
PL-STRAT,Strategic Global Partner Price List,Strategic,INR,VAR-0241,353600.00,50,2026-01-01,2026-12-31,ACTIVE
PL-STRAT,Strategic Global Partner Price List,Strategic,INR,VAR-0242,462800.00,50,2026-01-01,2026-12-31,ACTIVE
PL-STRAT,Strategic Global Partner Price List,Strategic,INR,VAR-0243,89440.00,50,2026-01-01,2026-12-31,ACTIVE
PL-STRAT,Strategic Global Partner Price List,Strategic,INR,VAR-0244,178880.00,50,2026-01-01,2026-12-31,ACTIVE
PL-STRAT,Strategic Global Partner Price List,Strategic,INR,VAR-0245,395200.00,50,2026-01-01,2026-12-31,ACTIVE
PL-STRAT,Strategic Global Partner Price List,Strategic,INR,VAR-0246,20280.00,50,2026-01-01,2026-12-31,ACTIVE
PL-STRAT,Strategic Global Partner Price List,Strategic,INR,VAR-0247,34840.00,50,2026-01-01,2026-12-31,ACTIVE
PL-STRAT,Strategic Global Partner Price List,Strategic,INR,VAR-0248,639600.00,50,2026-01-01,2026-12-31,ACTIVE
PL-STRAT,Strategic Global Partner Price List,Strategic,INR,VAR-0249,17160.00,50,2026-01-01,2026-12-31,ACTIVE
PL-STRAT,Strategic Global Partner Price List,Strategic,INR,VAR-0250,39520.00,50,2026-01-01,2026-12-31,ACTIVE
PL-STRAT,Strategic Global Partner Price List,Strategic,INR,VAR-0251,161200.00,50,2026-01-01,2026-12-31,ACTIVE
PL-STRAT,Strategic Global Partner Price List,Strategic,INR,VAR-0252,171600.00,50,2026-01-01,2026-12-31,ACTIVE
PL-STRAT,Strategic Global Partner Price List,Strategic,INR,VAR-0253,16120.00,50,2026-01-01,2026-12-31,ACTIVE
PL-STRAT,Strategic Global Partner Price List,Strategic,INR,VAR-0254,27040.00,50,2026-01-01,2026-12-31,ACTIVE
PL-STRAT,Strategic Global Partner Price List,Strategic,INR,VAR-0255,42640.00,50,2026-01-01,2026-12-31,ACTIVE
PL-STRAT,Strategic Global Partner Price List,Strategic,INR,VAR-0256,37440.00,50,2026-01-01,2026-12-31,ACTIVE
PL-STRAT,Strategic Global Partner Price List,Strategic,INR,VAR-0257,202800.00,50,2026-01-01,2026-12-31,ACTIVE
PL-STRAT,Strategic Global Partner Price List,Strategic,INR,VAR-0258,24960.00,50,2026-01-01,2026-12-31,ACTIVE
PL-STRAT,Strategic Global Partner Price List,Strategic,INR,VAR-0259,19240.00,50,2026-01-01,2026-12-31,ACTIVE
PL-STRAT,Strategic Global Partner Price List,Strategic,INR,VAR-0260,6032.00,50,2026-01-01,2026-12-31,ACTIVE
PL-STRAT,Strategic Global Partner Price List,Strategic,INR,VAR-0261,2184.00,50,2026-01-01,2026-12-31,ACTIVE
PL-STRAT,Strategic Global Partner Price List,Strategic,INR,VAR-0262,17160.00,50,2026-01-01,2026-12-31,ACTIVE
PL-STRAT,Strategic Global Partner Price List,Strategic,INR,VAR-0263,7072.00,50,2026-01-01,2026-12-31,ACTIVE
PL-STRAT,Strategic Global Partner Price List,Strategic,INR,VAR-0264,7072.00,50,2026-01-01,2026-12-31,ACTIVE
PL-STRAT,Strategic Global Partner Price List,Strategic,INR,VAR-0265,2496.00,50,2026-01-01,2026-12-31,ACTIVE
PL-STRAT,Strategic Global Partner Price List,Strategic,INR,VAR-0266,3874.22,50,2026-01-01,2026-12-31,ACTIVE
PL-STRAT,Strategic Global Partner Price List,Strategic,INR,VAR-0267,7488.00,50,2026-01-01,2026-12-31,ACTIVE
PL-STRAT,Strategic Global Partner Price List,Strategic,INR,VAR-0268,21840.00,50,2026-01-01,2026-12-31,ACTIVE
PL-STRAT,Strategic Global Partner Price List,Strategic,INR,VAR-0269,1936.73,50,2026-01-01,2026-12-31,ACTIVE
PL-STRAT,Strategic Global Partner Price List,Strategic,INR,VAR-0270,192400.00,50,2026-01-01,2026-12-31,ACTIVE
PL-STRAT,Strategic Global Partner Price List,Strategic,INR,VAR-0271,66560.00,50,2026-01-01,2026-12-31,ACTIVE
PL-STRAT,Strategic Global Partner Price List,Strategic,INR,VAR-0272,10192.00,50,2026-01-01,2026-12-31,ACTIVE
PL-STRAT,Strategic Global Partner Price List,Strategic,INR,VAR-0273,145600.00,50,2026-01-01,2026-12-31,ACTIVE
PL-STRAT,Strategic Global Partner Price List,Strategic,INR,VAR-0274,192400.00,50,2026-01-01,2026-12-31,ACTIVE
PL-STRAT,Strategic Global Partner Price List,Strategic,INR,VAR-0275,19270.00,50,2026-01-01,2026-12-31,ACTIVE
PL-STRAT,Strategic Global Partner Price List,Strategic,INR,VAR-0276,3034.00,50,2026-01-01,2026-12-31,ACTIVE
PL-STRAT,Strategic Global Partner Price List,Strategic,INR,VAR-0277,5084.00,50,2026-01-01,2026-12-31,ACTIVE
PL-STRAT,Strategic Global Partner Price List,Strategic,INR,VAR-0278,4510.00,50,2026-01-01,2026-12-31,ACTIVE
PL-STRAT,Strategic Global Partner Price List,Strategic,INR,VAR-0279,87360.00,50,2026-01-01,2026-12-31,ACTIVE
PL-STRAT,Strategic Global Partner Price List,Strategic,INR,VAR-0280,49920.00,50,2026-01-01,2026-12-31,ACTIVE
PL-STRAT,Strategic Global Partner Price List,Strategic,INR,VAR-0281,1599.00,50,2026-01-01,2026-12-31,ACTIVE
PL-STRAT,Strategic Global Partner Price List,Strategic,INR,VAR-0282,2624.00,50,2026-01-01,2026-12-31,ACTIVE
PL-STRAT,Strategic Global Partner Price List,Strategic,INR,VAR-0283,3280.00,50,2026-01-01,2026-12-31,ACTIVE
PL-STRAT,Strategic Global Partner Price List,Strategic,INR,VAR-0284,19270.00,50,2026-01-01,2026-12-31,ACTIVE
PL-STRAT,Strategic Global Partner Price List,Strategic,INR,VAR-0285,24087.50,50,2026-01-01,2026-12-31,ACTIVE
PL-STRAT,Strategic Global Partner Price List,Strategic,INR,VAR-0286,15170.00,50,2026-01-01,2026-12-31,ACTIVE
PL-STRAT,Strategic Global Partner Price List,Strategic,INR,VAR-0287,18962.50,50,2026-01-01,2026-12-31,ACTIVE
PL-STRAT,Strategic Global Partner Price List,Strategic,INR,VAR-0288,17220.00,50,2026-01-01,2026-12-31,ACTIVE
PL-STRAT,Strategic Global Partner Price List,Strategic,INR,VAR-0289,21525.00,50,2026-01-01,2026-12-31,ACTIVE
PL-STRAT,Strategic Global Partner Price List,Strategic,INR,VAR-0290,1395.00,50,2026-01-01,2026-12-31,ACTIVE
PL-STRAT,Strategic Global Partner Price List,Strategic,INR,VAR-0291,1743.75,50,2026-01-01,2026-12-31,ACTIVE
PL-STRAT,Strategic Global Partner Price List,Strategic,INR,VAR-0292,2624.00,50,2026-01-01,2026-12-31,ACTIVE
PL-STRAT,Strategic Global Partner Price List,Strategic,INR,VAR-0293,3280.00,50,2026-01-01,2026-12-31,ACTIVE
PL-STRAT,Strategic Global Partner Price List,Strategic,INR,VAR-0294,19270.00,50,2026-01-01,2026-12-31,ACTIVE
PL-STRAT,Strategic Global Partner Price List,Strategic,INR,VAR-0295,24087.50,50,2026-01-01,2026-12-31,ACTIVE
PL-STRAT,Strategic Global Partner Price List,Strategic,INR,VAR-0296,15170.00,50,2026-01-01,2026-12-31,ACTIVE
PL-STRAT,Strategic Global Partner Price List,Strategic,INR,VAR-0297,18962.50,50,2026-01-01,2026-12-31,ACTIVE
PL-STRAT,Strategic Global Partner Price List,Strategic,INR,VAR-0298,17220.00,50,2026-01-01,2026-12-31,ACTIVE
PL-STRAT,Strategic Global Partner Price List,Strategic,INR,VAR-0299,21525.00,50,2026-01-01,2026-12-31,ACTIVE
PL-STRAT,Strategic Global Partner Price List,Strategic,INR,VAR-0300,1395.00,50,2026-01-01,2026-12-31,ACTIVE
PL-STRAT,Strategic Global Partner Price List,Strategic,INR,VAR-0301,1743.75,50,2026-01-01,2026-12-31,ACTIVE
PL-STRAT,Strategic Global Partner Price List,Strategic,INR,VAR-0302,2624.00,50,2026-01-01,2026-12-31,ACTIVE
PL-STRAT,Strategic Global Partner Price List,Strategic,INR,VAR-0303,3280.00,50,2026-01-01,2026-12-31,ACTIVE
PL-STRAT,Strategic Global Partner Price List,Strategic,INR,VAR-0304,19270.00,50,2026-01-01,2026-12-31,ACTIVE
PL-STRAT,Strategic Global Partner Price List,Strategic,INR,VAR-0305,24087.50,50,2026-01-01,2026-12-31,ACTIVE
PL-STRAT,Strategic Global Partner Price List,Strategic,INR,VAR-0306,15170.00,50,2026-01-01,2026-12-31,ACTIVE
PL-STRAT,Strategic Global Partner Price List,Strategic,INR,VAR-0307,18962.50,50,2026-01-01,2026-12-31,ACTIVE
PL-STRAT,Strategic Global Partner Price List,Strategic,INR,VAR-0308,17220.00,50,2026-01-01,2026-12-31,ACTIVE
PL-STRAT,Strategic Global Partner Price List,Strategic,INR,VAR-0309,21525.00,50,2026-01-01,2026-12-31,ACTIVE
PL-STRAT,Strategic Global Partner Price List,Strategic,INR,VAR-0310,1395.00,50,2026-01-01,2026-12-31,ACTIVE
PL-STRAT,Strategic Global Partner Price List,Strategic,INR,VAR-0311,1743.75,50,2026-01-01,2026-12-31,ACTIVE
PL-STRAT,Strategic Global Partner Price List,Strategic,INR,VAR-0312,2624.00,50,2026-01-01,2026-12-31,ACTIVE
PL-STRAT,Strategic Global Partner Price List,Strategic,INR,VAR-0313,3280.00,50,2026-01-01,2026-12-31,ACTIVE
PL-STRAT,Strategic Global Partner Price List,Strategic,INR,VAR-0314,19270.00,50,2026-01-01,2026-12-31,ACTIVE
PL-STRAT,Strategic Global Partner Price List,Strategic,INR,VAR-0315,24087.50,50,2026-01-01,2026-12-31,ACTIVE
PL-STRAT,Strategic Global Partner Price List,Strategic,INR,VAR-0316,15170.00,50,2026-01-01,2026-12-31,ACTIVE
PL-STRAT,Strategic Global Partner Price List,Strategic,INR,VAR-0317,18962.50,50,2026-01-01,2026-12-31,ACTIVE
PL-STRAT,Strategic Global Partner Price List,Strategic,INR,VAR-0318,17220.00,50,2026-01-01,2026-12-31,ACTIVE
PL-STRAT,Strategic Global Partner Price List,Strategic,INR,VAR-0319,21525.00,50,2026-01-01,2026-12-31,ACTIVE
PL-STRAT,Strategic Global Partner Price List,Strategic,INR,VAR-0320,1395.00,50,2026-01-01,2026-12-31,ACTIVE
PL-STRAT,Strategic Global Partner Price List,Strategic,INR,VAR-0321,1743.75,50,2026-01-01,2026-12-31,ACTIVE
PL-STRAT,Strategic Global Partner Price List,Strategic,INR,VAR-0322,2624.00,50,2026-01-01,2026-12-31,ACTIVE
PL-STRAT,Strategic Global Partner Price List,Strategic,INR,VAR-0323,3280.00,50,2026-01-01,2026-12-31,ACTIVE
PL-STRAT,Strategic Global Partner Price List,Strategic,INR,VAR-0324,19270.00,50,2026-01-01,2026-12-31,ACTIVE
PL-STRAT,Strategic Global Partner Price List,Strategic,INR,VAR-0325,24087.50,50,2026-01-01,2026-12-31,ACTIVE
PL-STRAT,Strategic Global Partner Price List,Strategic,INR,VAR-0326,15170.00,50,2026-01-01,2026-12-31,ACTIVE
PL-STRAT,Strategic Global Partner Price List,Strategic,INR,VAR-0327,18962.50,50,2026-01-01,2026-12-31,ACTIVE
PL-STRAT,Strategic Global Partner Price List,Strategic,INR,VAR-0328,17220.00,50,2026-01-01,2026-12-31,ACTIVE
PL-STRAT,Strategic Global Partner Price List,Strategic,INR,VAR-0329,21525.00,50,2026-01-01,2026-12-31,ACTIVE
PL-STRAT,Strategic Global Partner Price List,Strategic,INR,VAR-0330,1395.00,50,2026-01-01,2026-12-31,ACTIVE
PL-STRAT,Strategic Global Partner Price List,Strategic,INR,VAR-0331,1743.75,50,2026-01-01,2026-12-31,ACTIVE
PL-STRAT,Strategic Global Partner Price List,Strategic,INR,VAR-0332,2624.00,50,2026-01-01,2026-12-31,ACTIVE
PL-STRAT,Strategic Global Partner Price List,Strategic,INR,VAR-0333,3280.00,50,2026-01-01,2026-12-31,ACTIVE
PL-STRAT,Strategic Global Partner Price List,Strategic,INR,VAR-0334,19270.00,50,2026-01-01,2026-12-31,ACTIVE
PL-STRAT,Strategic Global Partner Price List,Strategic,INR,VAR-0335,24087.50,50,2026-01-01,2026-12-31,ACTIVE
PL-STRAT,Strategic Global Partner Price List,Strategic,INR,VAR-0336,15170.00,50,2026-01-01,2026-12-31,ACTIVE
PL-STRAT,Strategic Global Partner Price List,Strategic,INR,VAR-0337,18962.50,50,2026-01-01,2026-12-31,ACTIVE
PL-STRAT,Strategic Global Partner Price List,Strategic,INR,VAR-0338,17220.00,50,2026-01-01,2026-12-31,ACTIVE
PL-STRAT,Strategic Global Partner Price List,Strategic,INR,VAR-0339,21525.00,50,2026-01-01,2026-12-31,ACTIVE
PL-STRAT,Strategic Global Partner Price List,Strategic,INR,VAR-0340,1395.00,50,2026-01-01,2026-12-31,ACTIVE
PL-STRAT,Strategic Global Partner Price List,Strategic,INR,VAR-0341,1743.75,50,2026-01-01,2026-12-31,ACTIVE
PL-STRAT,Strategic Global Partner Price List,Strategic,INR,VAR-0342,2624.00,50,2026-01-01,2026-12-31,ACTIVE
PL-STRAT,Strategic Global Partner Price List,Strategic,INR,VAR-0343,3280.00,50,2026-01-01,2026-12-31,ACTIVE
PL-STRAT,Strategic Global Partner Price List,Strategic,INR,VAR-0344,19270.00,50,2026-01-01,2026-12-31,ACTIVE
PL-STRAT,Strategic Global Partner Price List,Strategic,INR,VAR-0345,24087.50,50,2026-01-01,2026-12-31,ACTIVE
PL-STRAT,Strategic Global Partner Price List,Strategic,INR,VAR-0346,15170.00,50,2026-01-01,2026-12-31,ACTIVE
PL-STRAT,Strategic Global Partner Price List,Strategic,INR,VAR-0347,18962.50,50,2026-01-01,2026-12-31,ACTIVE
PL-STRAT,Strategic Global Partner Price List,Strategic,INR,VAR-0348,17220.00,50,2026-01-01,2026-12-31,ACTIVE
PL-STRAT,Strategic Global Partner Price List,Strategic,INR,VAR-0349,21525.00,50,2026-01-01,2026-12-31,ACTIVE
PL-STRAT,Strategic Global Partner Price List,Strategic,INR,VAR-0350,1395.00,50,2026-01-01,2026-12-31,ACTIVE
PL-STRAT,Strategic Global Partner Price List,Strategic,INR,VAR-0351,1743.75,50,2026-01-01,2026-12-31,ACTIVE
PL-STRAT,Strategic Global Partner Price List,Strategic,INR,VAR-0352,2624.00,50,2026-01-01,2026-12-31,ACTIVE
PL-STRAT,Strategic Global Partner Price List,Strategic,INR,VAR-0353,3280.00,50,2026-01-01,2026-12-31,ACTIVE
PL-STRAT,Strategic Global Partner Price List,Strategic,INR,VAR-0354,19270.00,50,2026-01-01,2026-12-31,ACTIVE
PL-STRAT,Strategic Global Partner Price List,Strategic,INR,VAR-0355,24087.50,50,2026-01-01,2026-12-31,ACTIVE
PL-STRAT,Strategic Global Partner Price List,Strategic,INR,VAR-0356,15170.00,50,2026-01-01,2026-12-31,ACTIVE
PL-STRAT,Strategic Global Partner Price List,Strategic,INR,VAR-0357,18962.50,50,2026-01-01,2026-12-31,ACTIVE
PL-STRAT,Strategic Global Partner Price List,Strategic,INR,VAR-0358,17220.00,50,2026-01-01,2026-12-31,ACTIVE
PL-STRAT,Strategic Global Partner Price List,Strategic,INR,VAR-0359,21525.00,50,2026-01-01,2026-12-31,ACTIVE
PL-STRAT,Strategic Global Partner Price List,Strategic,INR,VAR-0360,1395.00,50,2026-01-01,2026-12-31,ACTIVE
PL-STRAT,Strategic Global Partner Price List,Strategic,INR,VAR-0361,1743.75,50,2026-01-01,2026-12-31,ACTIVE
PL-STRAT,Strategic Global Partner Price List,Strategic,INR,VAR-0362,2624.00,50,2026-01-01,2026-12-31,ACTIVE
PL-STRAT,Strategic Global Partner Price List,Strategic,INR,VAR-0363,3280.00,50,2026-01-01,2026-12-31,ACTIVE
PL-STRAT,Strategic Global Partner Price List,Strategic,INR,VAR-0364,19270.00,50,2026-01-01,2026-12-31,ACTIVE
PL-STRAT,Strategic Global Partner Price List,Strategic,INR,VAR-0365,24087.50,50,2026-01-01,2026-12-31,ACTIVE
PL-STRAT,Strategic Global Partner Price List,Strategic,INR,VAR-0366,15170.00,50,2026-01-01,2026-12-31,ACTIVE
PL-STRAT,Strategic Global Partner Price List,Strategic,INR,VAR-0367,18962.50,50,2026-01-01,2026-12-31,ACTIVE
PL-STRAT,Strategic Global Partner Price List,Strategic,INR,VAR-0368,17220.00,50,2026-01-01,2026-12-31,ACTIVE
PL-STRAT,Strategic Global Partner Price List,Strategic,INR,VAR-0369,21525.00,50,2026-01-01,2026-12-31,ACTIVE
PL-STRAT,Strategic Global Partner Price List,Strategic,INR,VAR-0370,1395.00,50,2026-01-01,2026-12-31,ACTIVE
PL-STRAT,Strategic Global Partner Price List,Strategic,INR,VAR-0371,1743.75,50,2026-01-01,2026-12-31,ACTIVE
PL-STRAT,Strategic Global Partner Price List,Strategic,INR,VAR-0372,2624.00,50,2026-01-01,2026-12-31,ACTIVE
PL-STRAT,Strategic Global Partner Price List,Strategic,INR,VAR-0373,3280.00,50,2026-01-01,2026-12-31,ACTIVE
PL-STRAT,Strategic Global Partner Price List,Strategic,INR,VAR-0374,19270.00,50,2026-01-01,2026-12-31,ACTIVE
PL-STRAT,Strategic Global Partner Price List,Strategic,INR,VAR-0375,24087.50,50,2026-01-01,2026-12-31,ACTIVE
PL-STRAT,Strategic Global Partner Price List,Strategic,INR,VAR-0376,15170.00,50,2026-01-01,2026-12-31,ACTIVE
PL-STRAT,Strategic Global Partner Price List,Strategic,INR,VAR-0377,18962.50,50,2026-01-01,2026-12-31,ACTIVE
PL-STRAT,Strategic Global Partner Price List,Strategic,INR,VAR-0378,17220.00,50,2026-01-01,2026-12-31,ACTIVE
PL-STRAT,Strategic Global Partner Price List,Strategic,INR,VAR-0379,21525.00,50,2026-01-01,2026-12-31,ACTIVE
PL-STRAT,Strategic Global Partner Price List,Strategic,INR,VAR-0380,1395.00,50,2026-01-01,2026-12-31,ACTIVE
PL-STRAT,Strategic Global Partner Price List,Strategic,INR,VAR-0381,1743.75,50,2026-01-01,2026-12-31,ACTIVE
PL-STRAT,Strategic Global Partner Price List,Strategic,INR,VAR-0382,2624.00,50,2026-01-01,2026-12-31,ACTIVE
PL-STRAT,Strategic Global Partner Price List,Strategic,INR,VAR-0383,3280.00,50,2026-01-01,2026-12-31,ACTIVE
PL-STRAT,Strategic Global Partner Price List,Strategic,INR,VAR-0384,19270.00,50,2026-01-01,2026-12-31,ACTIVE
PL-STRAT,Strategic Global Partner Price List,Strategic,INR,VAR-0385,24087.50,50,2026-01-01,2026-12-31,ACTIVE
PL-STRAT,Strategic Global Partner Price List,Strategic,INR,VAR-0386,15170.00,50,2026-01-01,2026-12-31,ACTIVE
PL-STRAT,Strategic Global Partner Price List,Strategic,INR,VAR-0387,18962.50,50,2026-01-01,2026-12-31,ACTIVE
PL-STRAT,Strategic Global Partner Price List,Strategic,INR,VAR-0388,17220.00,50,2026-01-01,2026-12-31,ACTIVE
PL-STRAT,Strategic Global Partner Price List,Strategic,INR,VAR-0389,21525.00,50,2026-01-01,2026-12-31,ACTIVE
PL-STRAT,Strategic Global Partner Price List,Strategic,INR,VAR-0390,1395.00,50,2026-01-01,2026-12-31,ACTIVE
PL-STRAT,Strategic Global Partner Price List,Strategic,INR,VAR-0391,1743.75,50,2026-01-01,2026-12-31,ACTIVE
PL-STRAT,Strategic Global Partner Price List,Strategic,INR,VAR-0392,2624.00,50,2026-01-01,2026-12-31,ACTIVE
PL-STRAT,Strategic Global Partner Price List,Strategic,INR,VAR-0393,3280.00,50,2026-01-01,2026-12-31,ACTIVE
PL-STRAT,Strategic Global Partner Price List,Strategic,INR,VAR-0394,19270.00,50,2026-01-01,2026-12-31,ACTIVE
PL-STRAT,Strategic Global Partner Price List,Strategic,INR,VAR-0395,24087.50,50,2026-01-01,2026-12-31,ACTIVE
PL-STRAT,Strategic Global Partner Price List,Strategic,INR,VAR-0396,15170.00,50,2026-01-01,2026-12-31,ACTIVE
PL-STRAT,Strategic Global Partner Price List,Strategic,INR,VAR-0397,18962.50,50,2026-01-01,2026-12-31,ACTIVE
PL-STRAT,Strategic Global Partner Price List,Strategic,INR,VAR-0398,17220.00,50,2026-01-01,2026-12-31,ACTIVE
PL-STRAT,Strategic Global Partner Price List,Strategic,INR,VAR-0399,21525.00,50,2026-01-01,2026-12-31,ACTIVE
PL-STRAT,Strategic Global Partner Price List,Strategic,INR,VAR-0400,1395.00,50,2026-01-01,2026-12-31,ACTIVE
PL-STRAT,Strategic Global Partner Price List,Strategic,INR,VAR-0401,1743.75,50,2026-01-01,2026-12-31,ACTIVE
PL-STRAT,Strategic Global Partner Price List,Strategic,INR,VAR-0402,2624.00,50,2026-01-01,2026-12-31,ACTIVE
PL-STRAT,Strategic Global Partner Price List,Strategic,INR,VAR-0403,3280.00,50,2026-01-01,2026-12-31,ACTIVE
PL-STRAT,Strategic Global Partner Price List,Strategic,INR,VAR-0404,19270.00,50,2026-01-01,2026-12-31,ACTIVE
PL-STRAT,Strategic Global Partner Price List,Strategic,INR,VAR-0405,24087.50,50,2026-01-01,2026-12-31,ACTIVE
PL-STRAT,Strategic Global Partner Price List,Strategic,INR,VAR-0406,15170.00,50,2026-01-01,2026-12-31,ACTIVE
PL-STRAT,Strategic Global Partner Price List,Strategic,INR,VAR-0407,18962.50,50,2026-01-01,2026-12-31,ACTIVE
PL-STRAT,Strategic Global Partner Price List,Strategic,INR,VAR-0408,17220.00,50,2026-01-01,2026-12-31,ACTIVE
PL-STRAT,Strategic Global Partner Price List,Strategic,INR,VAR-0409,21525.00,50,2026-01-01,2026-12-31,ACTIVE
PL-STRAT,Strategic Global Partner Price List,Strategic,INR,VAR-0410,1395.00,50,2026-01-01,2026-12-31,ACTIVE
PL-STRAT,Strategic Global Partner Price List,Strategic,INR,VAR-0411,1743.75,50,2026-01-01,2026-12-31,ACTIVE
PL-STRAT,Strategic Global Partner Price List,Strategic,INR,VAR-0412,2624.00,50,2026-01-01,2026-12-31,ACTIVE
PL-STRAT,Strategic Global Partner Price List,Strategic,INR,VAR-0413,3280.00,50,2026-01-01,2026-12-31,ACTIVE
PL-STRAT,Strategic Global Partner Price List,Strategic,INR,VAR-0414,19270.00,50,2026-01-01,2026-12-31,ACTIVE
PL-STRAT,Strategic Global Partner Price List,Strategic,INR,VAR-0415,24087.50,50,2026-01-01,2026-12-31,ACTIVE
PL-STRAT,Strategic Global Partner Price List,Strategic,INR,VAR-0416,15170.00,50,2026-01-01,2026-12-31,ACTIVE
PL-STRAT,Strategic Global Partner Price List,Strategic,INR,VAR-0417,18962.50,50,2026-01-01,2026-12-31,ACTIVE
PL-STRAT,Strategic Global Partner Price List,Strategic,INR,VAR-0418,17220.00,50,2026-01-01,2026-12-31,ACTIVE
PL-STRAT,Strategic Global Partner Price List,Strategic,INR,VAR-0419,21525.00,50,2026-01-01,2026-12-31,ACTIVE
PL-STRAT,Strategic Global Partner Price List,Strategic,INR,VAR-0420,1395.00,50,2026-01-01,2026-12-31,ACTIVE
PL-STRAT,Strategic Global Partner Price List,Strategic,INR,VAR-0421,1743.75,50,2026-01-01,2026-12-31,ACTIVE
PL-STRAT,Strategic Global Partner Price List,Strategic,INR,VAR-0422,2624.00,50,2026-01-01,2026-12-31,ACTIVE
PL-STRAT,Strategic Global Partner Price List,Strategic,INR,VAR-0423,3280.00,50,2026-01-01,2026-12-31,ACTIVE
PL-STRAT,Strategic Global Partner Price List,Strategic,INR,VAR-0424,19270.00,50,2026-01-01,2026-12-31,ACTIVE
PL-STRAT,Strategic Global Partner Price List,Strategic,INR,VAR-0425,24087.50,50,2026-01-01,2026-12-31,ACTIVE
PL-STRAT,Strategic Global Partner Price List,Strategic,INR,VAR-0426,15170.00,50,2026-01-01,2026-12-31,ACTIVE
PL-STRAT,Strategic Global Partner Price List,Strategic,INR,VAR-0427,18962.50,50,2026-01-01,2026-12-31,ACTIVE
PL-STRAT,Strategic Global Partner Price List,Strategic,INR,VAR-0428,17220.00,50,2026-01-01,2026-12-31,ACTIVE
PL-STRAT,Strategic Global Partner Price List,Strategic,INR,VAR-0429,21525.00,50,2026-01-01,2026-12-31,ACTIVE
PL-STRAT,Strategic Global Partner Price List,Strategic,INR,VAR-0430,1395.00,50,2026-01-01,2026-12-31,ACTIVE
PL-STRAT,Strategic Global Partner Price List,Strategic,INR,VAR-0431,1743.75,50,2026-01-01,2026-12-31,ACTIVE
PL-STRAT,Strategic Global Partner Price List,Strategic,INR,VAR-0432,2624.00,50,2026-01-01,2026-12-31,ACTIVE
PL-STRAT,Strategic Global Partner Price List,Strategic,INR,VAR-0433,3280.00,50,2026-01-01,2026-12-31,ACTIVE
PL-STRAT,Strategic Global Partner Price List,Strategic,INR,VAR-0434,19270.00,50,2026-01-01,2026-12-31,ACTIVE
PL-STRAT,Strategic Global Partner Price List,Strategic,INR,VAR-0435,24087.50,50,2026-01-01,2026-12-31,ACTIVE
PL-STRAT,Strategic Global Partner Price List,Strategic,INR,VAR-0436,15170.00,50,2026-01-01,2026-12-31,ACTIVE
PL-STRAT,Strategic Global Partner Price List,Strategic,INR,VAR-0437,18962.50,50,2026-01-01,2026-12-31,ACTIVE
PL-STRAT,Strategic Global Partner Price List,Strategic,INR,VAR-0438,17220.00,50,2026-01-01,2026-12-31,ACTIVE
PL-STRAT,Strategic Global Partner Price List,Strategic,INR,VAR-0439,21525.00,50,2026-01-01,2026-12-31,ACTIVE
PL-STRAT,Strategic Global Partner Price List,Strategic,INR,VAR-0440,1395.00,50,2026-01-01,2026-12-31,ACTIVE
PL-STRAT,Strategic Global Partner Price List,Strategic,INR,VAR-0441,1743.75,50,2026-01-01,2026-12-31,ACTIVE
PL-STRAT,Strategic Global Partner Price List,Strategic,INR,VAR-0442,2624.00,50,2026-01-01,2026-12-31,ACTIVE
PL-STRAT,Strategic Global Partner Price List,Strategic,INR,VAR-0443,3280.00,50,2026-01-01,2026-12-31,ACTIVE
PL-STRAT,Strategic Global Partner Price List,Strategic,INR,VAR-0444,19270.00,50,2026-01-01,2026-12-31,ACTIVE
PL-STRAT,Strategic Global Partner Price List,Strategic,INR,VAR-0445,24087.50,50,2026-01-01,2026-12-31,ACTIVE
PL-STRAT,Strategic Global Partner Price List,Strategic,INR,VAR-0446,15170.00,50,2026-01-01,2026-12-31,ACTIVE
PL-STRAT,Strategic Global Partner Price List,Strategic,INR,VAR-0447,18962.50,50,2026-01-01,2026-12-31,ACTIVE
PL-STRAT,Strategic Global Partner Price List,Strategic,INR,VAR-0448,17220.00,50,2026-01-01,2026-12-31,ACTIVE
PL-STRAT,Strategic Global Partner Price List,Strategic,INR,VAR-0449,21525.00,50,2026-01-01,2026-12-31,ACTIVE
PL-STRAT,Strategic Global Partner Price List,Strategic,INR,VAR-0450,1395.00,50,2026-01-01,2026-12-31,ACTIVE
PL-STRAT,Strategic Global Partner Price List,Strategic,INR,VAR-0451,1743.75,50,2026-01-01,2026-12-31,ACTIVE
PL-STRAT,Strategic Global Partner Price List,Strategic,INR,VAR-0452,2624.00,50,2026-01-01,2026-12-31,ACTIVE
PL-STRAT,Strategic Global Partner Price List,Strategic,INR,VAR-0453,3280.00,50,2026-01-01,2026-12-31,ACTIVE
PL-STRAT,Strategic Global Partner Price List,Strategic,INR,VAR-0454,19270.00,50,2026-01-01,2026-12-31,ACTIVE
PL-STRAT,Strategic Global Partner Price List,Strategic,INR,VAR-0455,24087.50,50,2026-01-01,2026-12-31,ACTIVE
PL-STRAT,Strategic Global Partner Price List,Strategic,INR,VAR-0456,15170.00,50,2026-01-01,2026-12-31,ACTIVE
PL-STRAT,Strategic Global Partner Price List,Strategic,INR,VAR-0457,18962.50,50,2026-01-01,2026-12-31,ACTIVE
PL-STRAT,Strategic Global Partner Price List,Strategic,INR,VAR-0458,17220.00,50,2026-01-01,2026-12-31,ACTIVE
PL-STRAT,Strategic Global Partner Price List,Strategic,INR,VAR-0459,21525.00,50,2026-01-01,2026-12-31,ACTIVE
PL-STRAT,Strategic Global Partner Price List,Strategic,INR,VAR-0460,1395.00,50,2026-01-01,2026-12-31,ACTIVE
PL-STRAT,Strategic Global Partner Price List,Strategic,INR,VAR-0461,1743.75,50,2026-01-01,2026-12-31,ACTIVE
PL-STRAT,Strategic Global Partner Price List,Strategic,INR,VAR-0462,54193.20,50,2026-01-01,2026-12-31,ACTIVE
PL-STRAT,Strategic Global Partner Price List,Strategic,INR,VAR-0463,32448.00,50,2026-01-01,2026-12-31,ACTIVE
PL-STRAT,Strategic Global Partner Price List,Strategic,INR,VAR-0464,38688.00,50,2026-01-01,2026-12-31,ACTIVE
PL-STRAT,Strategic Global Partner Price List,Strategic,INR,VAR-0465,51168.00,50,2026-01-01,2026-12-31,ACTIVE
PL-STRAT,Strategic Global Partner Price List,Strategic,INR,VAR-0466,69888.00,50,2026-01-01,2026-12-31,ACTIVE
PL-STRAT,Strategic Global Partner Price List,Strategic,INR,VAR-0467,78208.00,50,2026-01-01,2026-12-31,ACTIVE
PL-STRAT,Strategic Global Partner Price List,Strategic,INR,VAR-0468,15600.00,50,2026-01-01,2026-12-31,ACTIVE
PL-STRAT,Strategic Global Partner Price List,Strategic,INR,VAR-0469,30888.00,50,2026-01-01,2026-12-31,ACTIVE
PL-STRAT,Strategic Global Partner Price List,Strategic,INR,VAR-0470,122928.00,50,2026-01-01,2026-12-31,ACTIVE
PL-STRAT,Strategic Global Partner Price List,Strategic,INR,VAR-0471,79560.00,50,2026-01-01,2026-12-31,ACTIVE
PL-STRAT,Strategic Global Partner Price List,Strategic,INR,VAR-0472,62920.00,50,2026-01-01,2026-12-31,ACTIVE
PL-STRAT,Strategic Global Partner Price List,Strategic,INR,VAR-0473,67080.00,50,2026-01-01,2026-12-31,ACTIVE
PL-STRAT,Strategic Global Partner Price List,Strategic,INR,VAR-0474,12324.00,50,2026-01-01,2026-12-31,ACTIVE
PL-STRAT,Strategic Global Partner Price List,Strategic,INR,VAR-0475,22204.00,50,2026-01-01,2026-12-31,ACTIVE
PL-STRAT,Strategic Global Partner Price List,Strategic,INR,VAR-0476,11596.00,50,2026-01-01,2026-12-31,ACTIVE
PL-STRAT,Strategic Global Partner Price List,Strategic,INR,VAR-0477,12012.00,50,2026-01-01,2026-12-31,ACTIVE
PL-STRAT,Strategic Global Partner Price List,Strategic,INR,VAR-0478,7852.00,50,2026-01-01,2026-12-31,ACTIVE
PL-STRAT,Strategic Global Partner Price List,Strategic,INR,VAR-0479,7020.00,50,2026-01-01,2026-12-31,ACTIVE
PL-STRAT,Strategic Global Partner Price List,Strategic,INR,VAR-0480,2708.62,50,2026-01-01,2026-12-31,ACTIVE
PL-STRAT,Strategic Global Partner Price List,Strategic,INR,VAR-0481,15444.00,50,2026-01-01,2026-12-31,ACTIVE
PL-STRAT,Strategic Global Partner Price List,Strategic,INR,VAR-0482,7436.00,50,2026-01-01,2026-12-31,ACTIVE
PL-STRAT,Strategic Global Partner Price List,Strategic,INR,VAR-0483,5980.00,50,2026-01-01,2026-12-31,ACTIVE
PL-STRAT,Strategic Global Partner Price List,Strategic,INR,VAR-0484,14404.00,50,2026-01-01,2026-12-31,ACTIVE
PL-STRAT,Strategic Global Partner Price List,Strategic,INR,VAR-0485,2711.72,50,2026-01-01,2026-12-31,ACTIVE
PL-STRAT,Strategic Global Partner Price List,Strategic,INR,VAR-0486,2325.00,50,2026-01-01,2026-12-31,ACTIVE
PL-STRAT,Strategic Global Partner Price List,Strategic,INR,VAR-0487,5044.00,50,2026-01-01,2026-12-31,ACTIVE
PL-STRAT,Strategic Global Partner Price List,Strategic,INR,VAR-0488,82160.00,50,2026-01-01,2026-12-31,ACTIVE
PL-STRAT,Strategic Global Partner Price List,Strategic,INR,VAR-0489,23244.00,50,2026-01-01,2026-12-31,ACTIVE
PL-STRAT,Strategic Global Partner Price List,Strategic,INR,VAR-0490,245440.00,50,2026-01-01,2026-12-31,ACTIVE
PL-STRAT,Strategic Global Partner Price List,Strategic,INR,VAR-0491,9266.00,50,2026-01-01,2026-12-31,ACTIVE
PL-STRAT,Strategic Global Partner Price List,Strategic,INR,VAR-0492,4920.00,50,2026-01-01,2026-12-31,ACTIVE
PL-STRAT,Strategic Global Partner Price List,Strategic,INR,VAR-0493,51636.00,50,2026-01-01,2026-12-31,ACTIVE
PL-STRAT,Strategic Global Partner Price List,Strategic,INR,VAR-0494,113152.00,50,2026-01-01,2026-12-31,ACTIVE
PL-STRAT,Strategic Global Partner Price List,Strategic,INR,VAR-0495,503152.00,50,2026-01-01,2026-12-31,ACTIVE
PL-STRAT,Strategic Global Partner Price List,Strategic,INR,VAR-0496,56576.00,50,2026-01-01,2026-12-31,ACTIVE
PL-STRAT,Strategic Global Partner Price List,Strategic,INR,VAR-0497,22812.40,50,2026-01-01,2026-12-31,ACTIVE
PL-STRAT,Strategic Global Partner Price List,Strategic,INR,VAR-0498,480480.00,50,2026-01-01,2026-12-31,ACTIVE
PL-STRAT,Strategic Global Partner Price List,Strategic,INR,VAR-0499,761280.00,50,2026-01-01,2026-12-31,ACTIVE
PL-STRAT,Strategic Global Partner Price List,Strategic,INR,VAR-0500,25215.00,50,2026-01-01,2026-12-31,ACTIVE
PL-STRAT,Strategic Global Partner Price List,Strategic,INR,VAR-0501,57460.00,50,2026-01-01,2026-12-31,ACTIVE
PL-STRAT,Strategic Global Partner Price List,Strategic,INR,VAR-0502,233740.00,50,2026-01-01,2026-12-31,ACTIVE
PL-STRAT,Strategic Global Partner Price List,Strategic,INR,VAR-0503,174928.00,50,2026-01-01,2026-12-31,ACTIVE
PL-STRAT,Strategic Global Partner Price List,Strategic,INR,VAR-0504,19448.00,50,2026-01-01,2026-12-31,ACTIVE
PL-STRAT,Strategic Global Partner Price List,Strategic,INR,VAR-0505,30368.00,50,2026-01-01,2026-12-31,ACTIVE
PL-STRAT,Strategic Global Partner Price List,Strategic,INR,VAR-0506,45968.00,50,2026-01-01,2026-12-31,ACTIVE
PL-STRAT,Strategic Global Partner Price List,Strategic,INR,VAR-0507,46280.00,50,2026-01-01,2026-12-31,ACTIVE
PL-STRAT,Strategic Global Partner Price List,Strategic,INR,VAR-0508,211640.00,50,2026-01-01,2026-12-31,ACTIVE
PL-STRAT,Strategic Global Partner Price List,Strategic,INR,VAR-0509,25324.00,50,2026-01-01,2026-12-31,ACTIVE
PL-STRAT,Strategic Global Partner Price List,Strategic,INR,VAR-0510,19604.00,50,2026-01-01,2026-12-31,ACTIVE
PL-STRAT,Strategic Global Partner Price List,Strategic,INR,VAR-0511,6396.00,50,2026-01-01,2026-12-31,ACTIVE
PL-STRAT,Strategic Global Partner Price List,Strategic,INR,VAR-0512,2556.72,50,2026-01-01,2026-12-31,ACTIVE
PL-STRAT,Strategic Global Partner Price List,Strategic,INR,VAR-0513,17524.00,50,2026-01-01,2026-12-31,ACTIVE
PL-STRAT,Strategic Global Partner Price List,Strategic,INR,VAR-0514,7436.00,50,2026-01-01,2026-12-31,ACTIVE
PL-STRAT,Strategic Global Partner Price List,Strategic,INR,VAR-0515,7436.00,50,2026-01-01,2026-12-31,ACTIVE
PL-STRAT,Strategic Global Partner Price List,Strategic,INR,VAR-0516,2867.50,50,2026-01-01,2026-12-31,ACTIVE
PL-STRAT,Strategic Global Partner Price List,Strategic,INR,VAR-0517,4261.73,50,2026-01-01,2026-12-31,ACTIVE
PL-STRAT,Strategic Global Partner Price List,Strategic,INR,VAR-0518,7852.00,50,2026-01-01,2026-12-31,ACTIVE
PL-STRAT,Strategic Global Partner Price List,Strategic,INR,VAR-0519,22204.00,50,2026-01-01,2026-12-31,ACTIVE
PL-STRAT,Strategic Global Partner Price List,Strategic,INR,VAR-0520,2324.22,50,2026-01-01,2026-12-31,ACTIVE
PL-STRAT,Strategic Global Partner Price List,Strategic,INR,VAR-0521,214240.00,50,2026-01-01,2026-12-31,ACTIVE
PL-STRAT,Strategic Global Partner Price List,Strategic,INR,VAR-0522,88400.00,50,2026-01-01,2026-12-31,ACTIVE
PL-STRAT,Strategic Global Partner Price List,Strategic,INR,VAR-0523,10556.00,50,2026-01-01,2026-12-31,ACTIVE
PL-STRAT,Strategic Global Partner Price List,Strategic,INR,VAR-0524,167440.00,50,2026-01-01,2026-12-31,ACTIVE
PL-STRAT,Strategic Global Partner Price List,Strategic,INR,VAR-0525,214240.00,50,2026-01-01,2026-12-31,ACTIVE
PL-STRAT,Strategic Global Partner Price List,Strategic,INR,VAR-0526,20746.00,50,2026-01-01,2026-12-31,ACTIVE
PL-STRAT,Strategic Global Partner Price List,Strategic,INR,VAR-0527,4510.00,50,2026-01-01,2026-12-31,ACTIVE
PL-STRAT,Strategic Global Partner Price List,Strategic,INR,VAR-0528,6560.00,50,2026-01-01,2026-12-31,ACTIVE
PL-STRAT,Strategic Global Partner Price List,Strategic,INR,VAR-0529,5986.00,50,2026-01-01,2026-12-31,ACTIVE
PL-STRAT,Strategic Global Partner Price List,Strategic,INR,VAR-0530,88504.00,50,2026-01-01,2026-12-31,ACTIVE
PL-STRAT,Strategic Global Partner Price List,Strategic,INR,VAR-0531,51064.00,50,2026-01-01,2026-12-31,ACTIVE
PL-STRAT,Strategic Global Partner Price List,Strategic,INR,VAR-0532,3075.00,50,2026-01-01,2026-12-31,ACTIVE
