variant_id,product_id,sku,variant_name,cpu,ram,storage,storage_type,gpu,screen_size,resolution,color,connectivity,operating_system,form_factor,warranty_months,extra_price,cost_price,selling_price,barcode,status
VAR-0001,PROD-0001,LAP-DEL-LAT-5440-U5-16-512,Dell Latitude 5440 Core i5 / 16GB / 512GB SSD / Win 11 Pro,Intel Core i5-1335U,16GB DDR4,512GB,NVMe PCIe Gen4 SSD,Intel Iris Xe,"14.0""",1920x1080 FHD IPS,Titan Grey,Wi-Fi 6E + BT 5.3,Windows 11 Pro,Clamshell Laptop,36,0.00,62000.00,74500.00,8907200000002,ACTIVE
VAR-0002,PROD-0001,LAP-DEL-LAT-5440-U7-32-1TB,Dell Latitude 5440 Core i7 / 32GB / 1TB SSD / Win 11 Pro,Intel Core i7-1355U,32GB DDR4,1TB,NVMe PCIe Gen4 SSD,Intel Iris Xe,"14.0""",1920x1080 FHD IPS,Titan Grey,Wi-Fi 6E + BT 5.3,Windows 11 Pro,Clamshell Laptop,36,16000.00,74800.00,90500.00,8907200000003,ACTIVE
VAR-0003,PROD-0002,LAP-DEL-LAT-7440-I7-16-512,Dell Latitude 7440 i7 / 16GB / 512GB SSD / Titan Grey,Intel Core i7-1365U vPro,16GB LPDDR5,512GB,NVMe SSD,Intel Iris Xe,"14.0""",1920x1200 FHD+ 16:10,Titan Grey,Wi-Fi 6E + BT 5.3,Windows 11 Pro,Ultralight Laptop,36,0.00,88000.00,105000.00,8907200000004,ACTIVE
VAR-0004,PROD-0002,LAP-DEL-LAT-7440-I7-32-1TB-5G,Dell Latitude 7440 i7 / 32GB / 1TB SSD / 5G LTE Global,Intel Core i7-1365U vPro,32GB LPDDR5,1TB,NVMe SSD,Intel Iris Xe,"14.0""",1920x1200 FHD+ 16:10,Titan Grey,Wi-Fi 6E + 5G Global LTE,Windows 11 Pro,Ultralight Laptop,36,24000.00,106000.00,129000.00,8907200000005,ACTIVE
VAR-0005,PROD-0003,LAP-DEL-LAT-3540-I5-16-512,Dell Latitude 3540 i5 / 16GB / 512GB SSD / Numeric Pad,Intel Core i5-1335U,16GB DDR4,512GB,NVMe SSD,Intel Iris Xe,"15.6""",1920x1080 FHD Anti-Glare,Black,Wi-Fi 6 + BT 5.2,Windows 11 Pro,Standard Laptop,12,0.00,44000.00,52000.00,8907200000006,ACTIVE
VAR-0006,PROD-0003,LAP-DEL-LAT-3540-I5-32-1TB,Dell Latitude 3540 i5 / 32GB / 1TB SSD / Win 11 Pro,Intel Core i5-1335U,32GB DDR4,1TB,NVMe SSD,Intel Iris Xe,"15.6""",1920x1080 FHD Anti-Glare,Black,Wi-Fi 6 + BT 5.2,Windows 11 Pro,Standard Laptop,12,11000.00,53000.00,63000.00,8907200000007,ACTIVE
VAR-0007,PROD-0004,LAP-DEL-XPS-14-U7-32-1TB,Dell XPS 14 Core Ultra 7 / 32GB / 1TB / RTX 4050 / OLED 3.2K,Intel Core Ultra 7 155H,32GB LPDDR5X,1TB,PCIe Gen4 NVMe,NVIDIA RTX 4050 6GB,"14.5""",3200x2000 3.2K OLED 120Hz,Platinum,Wi-Fi 7 + BT 5.4,Windows 11 Pro,Premium Ultrabook,36,0.00,155000.00,186000.00,8907200000008,ACTIVE
VAR-0008,PROD-0004,LAP-DEL-XPS-14-U7-64-2TB,Dell XPS 14 Core Ultra 7 / 64GB / 2TB / RTX 4050 / OLED 3.2K,Intel Core Ultra 7 155H,64GB LPDDR5X,2TB,PCIe Gen4 NVMe,NVIDIA RTX 4050 6GB,"14.5""",3200x2000 3.2K OLED 120Hz,Platinum,Wi-Fi 7 + BT 5.4,Ubuntu Linux / Win 11 Pro,Premium Ultrabook,36,32000.00,181000.00,218000.00,8907200000009,ACTIVE
VAR-0009,PROD-0005,LAP-LEN-T14-I5-16-512,Lenovo ThinkPad T14 Gen 4 i5 / 16GB / 512GB SSD / Thunder Black,Intel Core i5-1335U vPro,16GB DDR5,512GB,PCIe Gen4 Performance SSD,Intel Iris Xe,"14.0""",1920x1200 WUXGA IPS 16:10,Thunder Black,Wi-Fi 6E + BT 5.1,Windows 11 Pro,Enterprise Laptop,36,0.00,66000.00,79000.00,8907200000010,ACTIVE
VAR-0010,PROD-0005,LAP-LEN-T14-I7-32-1TB,Lenovo ThinkPad T14 Gen 4 i7 / 32GB / 1TB SSD / Thunder Black,Intel Core i7-1355U vPro,32GB DDR5,1TB,PCIe Gen4 Performance SSD,Intel Iris Xe,"14.0""",1920x1200 WUXGA IPS 16:10,Thunder Black,Wi-Fi 6E + BT 5.1,Windows 11 Pro,Enterprise Laptop,36,18000.00,80500.00,97000.00,8907200000011,ACTIVE
VAR-0011,PROD-0006,LAP-LEN-X1C-I7-16-512,ThinkPad X1 Carbon Gen 11 i7 / 16GB / 512GB / Deep Black,Intel Core i7-1365U vPro,16GB LPDDR5,512GB,PCIe Gen4 OPAL2 SSD,Intel Iris Xe,"14.0""",1920x1200 WUXGA 100% sRGB,Deep Black,Wi-Fi 6E + BT 5.2,Windows 11 Pro,Executive Ultrabook,36,0.00,128000.00,154000.00,8907200000012,ACTIVE
VAR-0012,PROD-0006,LAP-LEN-X1C-I7-32-1TB-OLED,ThinkPad X1 Carbon Gen 11 i7 / 32GB / 1TB / 2.8K OLED,Intel Core i7-1370P vPro,32GB LPDDR5,1TB,PCIe Gen4 OPAL2 SSD,Intel Iris Xe,"14.0""",2880x1800 2.8K OLED DisplayHDR 500,Deep Black Weave,Wi-Fi 6E + 5G LTE,Windows 11 Pro,Executive Ultrabook,36,36000.00,156000.00,190000.00,8907200000013,ACTIVE
VAR-0013,PROD-0007,LAP-LEN-P1-I7-32-1TB-A2000,ThinkPad P1 Gen 6 i7 / 32GB / 1TB / RTX A2000 8GB,Intel Core i7-13800H vPro,32GB DDR5 5600MHz,1TB,NVMe PCIe Gen4 Performance,NVIDIA RTX A2000 8GB Ada,"16.0""",2560x1600 WQXGA 165Hz,Thunder Black,Wi-Fi 6E + BT 5.3,Windows 11 Pro for Workstations,Engineering Laptop,36,0.00,185000.00,222000.00,8907200000014,ACTIVE
VAR-0014,PROD-0007,LAP-LEN-P1-I9-64-2TB-A4000,ThinkPad P1 Gen 6 i9 / 64GB / 2TB / RTX 4000 Ada 12GB,Intel Core i9-13900H vPro,64GB DDR5 5600MHz,2TB,NVMe PCIe Gen4 Performance,NVIDIA RTX 4000 Ada 12GB,"16.0""",3840x2400 WQUXGA OLED Touch,Thunder Black Carbon,Wi-Fi 6E + BT 5.3,Windows 11 Pro for Workstations,Engineering Laptop,36,68000.00,240000.00,290000.00,8907200000015,ACTIVE
VAR-0015,PROD-0008,LAP-HP-EB840-I5-16-512,HP EliteBook 840 G10 i5 / 16GB / 512GB SSD / Silver,Intel Core i5-1345U vPro,16GB DDR5,512GB,PCIe NVMe TLC SSD,Intel Iris Xe,"14.0""",1920x1200 WUXGA IPS 400 nits,Natural Silver,Wi-Fi 6E + BT 5.3,Windows 11 Pro,Business Ultrabook,36,0.00,72000.00,86500.00,8907200000016,ACTIVE
VAR-0016,PROD-0008,LAP-HP-EB840-I7-32-1TB,HP EliteBook 840 G10 i7 / 32GB / 1TB SSD / Silver,Intel Core i7-1365U vPro,32GB DDR5,1TB,PCIe NVMe TLC SSD,Intel Iris Xe,"14.0""",1920x1200 WUXGA IPS 400 nits,Natural Silver,Wi-Fi 6E + BT 5.3,Windows 11 Pro,Business Ultrabook,36,18000.00,86500.00,104500.00,8907200000017,ACTIVE
VAR-0017,PROD-0009,LAP-HP-PB440-I5-16-512,HP ProBook 440 G10 i5 / 16GB / 512GB / Pike Silver,Intel Core i5-1335U,16GB DDR4,512GB,NVMe SSD,Intel Iris Xe,"14.0""",1920x1080 FHD IPS Anti-Glare,Pike Silver,Wi-Fi 6E + BT 5.3,Windows 11 Pro,Commercial Laptop,12,0.00,48000.00,57500.00,8907200000018,ACTIVE
VAR-0018,PROD-0009,LAP-HP-PB440-I5-32-1TB,HP ProBook 440 G10 i5 / 32GB / 1TB / Pike Silver,Intel Core i5-1335U,32GB DDR4,1TB,NVMe SSD,Intel Iris Xe,"14.0""",1920x1080 FHD IPS Anti-Glare,Pike Silver,Wi-Fi 6E + BT 5.3,Windows 11 Pro,Commercial Laptop,12,10500.00,56500.00,68000.00,8907200000019,ACTIVE
VAR-0019,PROD-0010,LAP-HP-ZBK-I7-32-1TB-A1000,HP ZBook Power G10 i7 / 32GB / 1TB / RTX A1000 6GB,Intel Core i7-13700H,32GB DDR5 5200MHz,1TB,PCIe Gen4 NVMe TLC,NVIDIA RTX A1000 6GB,"15.6""",1920x1080 FHD IPS 400 nits,Space Grey,Wi-Fi 6E + BT 5.3,Windows 11 Pro for Workstations,Mobile Workstation,36,0.00,122000.00,146000.00,8907200000020,ACTIVE
VAR-0020,PROD-0010,LAP-HP-ZBK-I7-64-2TB-A2000,HP ZBook Power G10 i7 / 64GB / 2TB / RTX 2000 Ada 8GB,Intel Core i7-13800H vPro,64GB DDR5 5200MHz,2TB,PCIe Gen4 NVMe TLC,NVIDIA RTX 2000 Ada 8GB,"15.6""",2560x1440 QHD IPS 100% sRGB,Space Grey,Wi-Fi 6E + BT 5.3,Windows 11 Pro for Workstations,Mobile Workstation,36,38000.00,152000.00,184000.00,8907200000021,ACTIVE
VAR-0021,PROD-0011,LAP-APL-MBP14-M3P-18-512-SBLK,MacBook Pro 14 M3 Pro (11-CPU / 14-GPU / 18GB / 512GB) Space Black,Apple M3 Pro (11-Core),18GB Unified Memory,512GB,High-Speed Apple SSD,Apple 14-Core GPU,"14.2""",3024x1964 Liquid Retina XDR 120Hz ProMotion,Space Black,Wi-Fi 6E + BT 5.3,macOS Sonoma,Premium Clamshell,12,0.00,168000.00,199900.00,8907200000022,ACTIVE
VAR-0022,PROD-0011,LAP-APL-MBP14-M3P-36-1TB-SBLK,MacBook Pro 14 M3 Pro (12-CPU / 18-GPU / 36GB / 1TB) Space Black,Apple M3 Pro (12-Core),36GB Unified Memory,1TB,High-Speed Apple SSD,Apple 18-Core GPU,"14.2""",3024x1964 Liquid Retina XDR 120Hz ProMotion,Space Black,Wi-Fi 6E + BT 5.3,macOS Sonoma,Premium Clamshell,12,38000.00,198000.00,237900.00,8907200000023,ACTIVE
VAR-0023,PROD-0012,LAP-APL-MBP16-M3M-36-1TB-SBLK,MacBook Pro 16 M3 Max (14-CPU / 30-GPU / 36GB / 1TB) Space Black,Apple M3 Max (14-Core),36GB Unified Memory,1TB,High-Speed Apple SSD,Apple 30-Core GPU,"16.2""",3456x2234 Liquid Retina XDR 120Hz ProMotion,Space Black,Wi-Fi 6E + BT 5.3,macOS Sonoma,Premium Clamshell,12,0.00,295000.00,349900.00,8907200000024,ACTIVE
VAR-0024,PROD-0012,LAP-APL-MBP16-M3M-48-1TB-SILV,MacBook Pro 16 M3 Max (16-CPU / 40-GPU / 48GB / 1TB) Silver,Apple M3 Max (16-Core),48GB Unified Memory,1TB,High-Speed Apple SSD,Apple 40-Core GPU,"16.2""",3456x2234 Liquid Retina XDR 120Hz ProMotion,Silver,Wi-Fi 6E + BT 5.3,macOS Sonoma,Premium Clamshell,12,42000.00,332000.00,391900.00,8907200000025,ACTIVE
VAR-0025,PROD-0013,LAP-APL-MBA13-M3-16-512-MIDN,MacBook Air 13 M3 (16GB Unified / 512GB SSD) Midnight,Apple M3 (8-Core CPU),16GB Unified Memory,512GB,Apple SSD,Apple 10-Core GPU,"13.6""",2560x1664 Liquid Retina 500 nits,Midnight,Wi-Fi 6E + BT 5.3,macOS Sonoma,Fanless Ultrabook,12,0.00,96000.00,114900.00,8907200000026,ACTIVE
VAR-0026,PROD-0013,LAP-APL-MBA13-M3-24-512-STAR,MacBook Air 13 M3 (24GB Unified / 512GB SSD) Starlight,Apple M3 (8-Core CPU),24GB Unified Memory,512GB,Apple SSD,Apple 10-Core GPU,"13.6""",2560x1664 Liquid Retina 500 nits,Starlight,Wi-Fi 6E + BT 5.3,macOS Sonoma,Fanless Ultrabook,12,17000.00,110000.00,131900.00,8907200000027,ACTIVE
VAR-0027,PROD-0014,LAP-ASU-B9-I7-32-1TB-OLED,ASUS ExpertBook B9 i7 / 32GB / 1TB / 2.8K OLED / 990g,Intel Core i7-1355U vPro,32GB LPDDR5,1TB,PCIe Gen4 Performance SSD,Intel Iris Xe,"14.0""",2880x1800 2.8K OLED 16:10 90Hz,Star Black,Wi-Fi 6E + BT 5.3,Windows 11 Pro,Ultralight Clamshell,36,0.00,118000.00,142000.00,8907200000028,ACTIVE
VAR-0028,PROD-0014,LAP-ASU-B9-I7-64-2TB-OLED,ASUS ExpertBook B9 i7 / 64GB / 2TB / 2.8K OLED / 990g,Intel Core i7-1365U vPro,64GB LPDDR5,2TB,PCIe Gen4 Performance SSD,Intel Iris Xe,"14.0""",2880x1800 2.8K OLED 16:10 90Hz,Star Black,Wi-Fi 6E + BT 5.3,Windows 11 Pro,Ultralight Clamshell,36,26000.00,139000.00,168000.00,8907200000029,ACTIVE
VAR-0029,PROD-0015,LAP-ACE-P6-I5-16-512,Acer TravelMate P6 i5 / 16GB / 512GB / OLED,Intel Core i5-1335U,16GB LPDDR5,512GB,PCIe Gen4 NVMe,Intel Iris Xe,"14.0""",2880x1800 2.8K OLED 16:10,Iron Grey,Wi-Fi 6E + BT 5.2,Windows 11 Pro,Commercial Laptop,36,0.00,64000.00,77000.00,8907200000030,ACTIVE
VAR-0030,PROD-0015,LAP-ACE-P6-I7-32-1TB,Acer TravelMate P6 i7 / 32GB / 1TB / OLED,Intel Core i7-1355U,32GB LPDDR5,1TB,PCIe Gen4 NVMe,Intel Iris Xe,"14.0""",2880x1800 2.8K OLED 16:10,Iron Grey,Wi-Fi 6E + BT 5.2,Windows 11 Pro,Commercial Laptop,36,17000.00,78000.00,94000.00,8907200000031,ACTIVE
VAR-0031,PROD-0016,DSK-DEL-OPT-7010M-I5-16-512,Dell OptiPlex 7010 Micro i5 / 16GB / 512GB SSD / Win 11 Pro,Intel Core i5-13500T,16GB DDR4,512GB,PCIe NVMe SSD,Intel UHD 770,None,Supports Quad Display,Black,Gigabit LAN + Wi-Fi 6E,Windows 11 Pro,Micro 1L Chassis,36,0.00,42000.00,51000.00,8907200000032,ACTIVE
VAR-0032,PROD-0016,DSK-DEL-OPT-7010M-I7-32-1TB,Dell OptiPlex 7010 Micro i7 / 32GB / 1TB SSD / Win 11 Pro,Intel Core i7-13700T,32GB DDR4,1TB,PCIe NVMe SSD,Intel UHD 770,None,Supports Quad Display,Black,Gigabit LAN + Wi-Fi 6E,Windows 11 Pro,Micro 1L Chassis,36,16000.00,55000.00,67000.00,8907200000033,ACTIVE
VAR-0033,PROD-0017,DSK-DEL-OPT-7010S-I5-16-512,Dell OptiPlex 7010 SFF i5 / 16GB / 512GB SSD,Intel Core i5-13500,16GB DDR4,512GB,NVMe PCIe SSD,Intel UHD 770,None,Supports Triple DP,Black,Gigabit LAN,Windows 11 Pro,Small Form Factor,36,0.00,46000.00,55500.00,8907200000034,ACTIVE
VAR-0034,PROD-0017,DSK-DEL-OPT-7010S-I7-32-1TB,Dell OptiPlex 7010 SFF i7 / 32GB / 1TB SSD,Intel Core i7-13700,32GB DDR4,1TB,NVMe PCIe SSD,Intel UHD 770,None,Supports Triple DP,Black,Gigabit LAN,Windows 11 Pro,Small Form Factor,36,15000.00,58000.00,70500.00,8907200000035,ACTIVE
VAR-0035,PROD-0018,DSK-DEL-OPT-7410A-I5-16-512,"OptiPlex 7410 AIO i5 / 16GB / 512GB / 23.8"" FHD / Non-Touch",Intel Core i5-13500,16GB DDR5,512GB,NVMe SSD,Intel UHD 770,"23.8""",1920x1080 FHD IPS Anti-Glare,Silver/Black,Wi-Fi 6E + BT 5.3 + GbE,Windows 11 Pro,All-in-One Desktop,36,0.00,68000.00,82000.00,8907200000036,ACTIVE
VAR-0036,PROD-0018,DSK-DEL-OPT-7410A-I7-32-1TB,"OptiPlex 7410 AIO i7 / 32GB / 1TB / 23.8"" FHD Touch",Intel Core i7-13700,32GB DDR5,1TB,NVMe SSD,Intel UHD 770,"23.8""",1920x1080 FHD IPS Touchscreen,Silver/Black,Wi-Fi 6E + BT 5.3 + GbE,Windows 11 Pro,All-in-One Desktop,36,20000.00,84500.00,102000.00,8907200000037,ACTIVE
VAR-0037,PROD-0019,DSK-LEN-M70Q-I5-16-512,ThinkCentre M70q Gen 4 i5 / 16GB / 512GB / Black,Intel Core i5-13400T,16GB DDR4,512GB,PCIe Gen4 SSD,Intel UHD 730,None,Dual DisplayPort + HDMI,Black,Gigabit LAN + Wi-Fi 6,Windows 11 Pro,Tiny 1L,36,0.00,43000.00,52500.00,8907200000038,ACTIVE
VAR-0038,PROD-0019,DSK-LEN-M70Q-I7-32-1TB,ThinkCentre M70q Gen 4 i7 / 32GB / 1TB / Black,Intel Core i7-13700T,32GB DDR4,1TB,PCIe Gen4 SSD,Intel UHD 770,None,Dual DisplayPort + HDMI,Black,Gigabit LAN + Wi-Fi 6,Windows 11 Pro,Tiny 1L,36,16000.00,56000.00,68500.00,8907200000039,ACTIVE
VAR-0039,PROD-0020,DSK-HP-PRO-400-I5-16-512,HP Pro SFF 400 G9 i5 / 16GB / 512GB SSD / Win 11 Pro,Intel Core i5-13500,16GB DDR4,512GB,PCIe NVMe SSD,Intel UHD 770,None,DisplayPort + HDMI,Black,Gigabit Ethernet,Windows 11 Pro,Small Form Factor,36,0.00,45000.00,54000.00,8907200000040,ACTIVE
VAR-0040,PROD-0020,DSK-HP-PRO-400-I7-32-1TB,HP Pro SFF 400 G9 i7 / 32GB / 1TB SSD / Win 11 Pro,Intel Core i7-13700,32GB DDR4,1TB,PCIe NVMe SSD,Intel UHD 770,None,DisplayPort + HDMI,Black,Gigabit Ethernet,Windows 11 Pro,Small Form Factor,36,15500.00,57500.00,69500.00,8907200000041,ACTIVE
VAR-0041,PROD-0021,DSK-APL-MACSTD-M2M-32-512,Mac Studio M2 Max (12-Core CPU / 30-Core GPU / 32GB / 512GB) Silver,Apple M2 Max (12-Core),32GB Unified Memory,512GB,Apple Fast SSD,Apple 30-Core GPU,None,Supports up to 5 Displays,Silver,10Gb Ethernet + Wi-Fi 6E,macOS Sonoma,Compact Workstation,12,0.00,175000.00,209900.00,8907200000042,ACTIVE
VAR-0042,PROD-0021,DSK-APL-MACSTD-M2M-64-1TB,Mac Studio M2 Max (12-Core CPU / 38-Core GPU / 64GB / 1TB) Silver,Apple M2 Max (12-Core),64GB Unified Memory,1TB,Apple Fast SSD,Apple 38-Core GPU,None,Supports up to 5 Displays,Silver,10Gb Ethernet + Wi-Fi 6E,macOS Sonoma,Compact Workstation,12,38000.00,206000.00,247900.00,8907200000043,ACTIVE
VAR-0043,PROD-0022,WKS-DEL-PR3660-I7-32-1TB-A2000,Precision 3660 i7 / 32GB DDR5 / 1TB NVMe / RTX A2000 12GB,Intel Core i7-13700K,32GB DDR5 4800MHz Non-ECC,1TB,PCIe Gen4 NVMe Class 40,NVIDIA RTX A2000 12GB,None,Quad DisplayPort 1.4a,Black,Gigabit LAN,Windows 11 Pro for Workstations,Mid-Tower,36,0.00,115000.00,138000.00,8907200000044,ACTIVE
VAR-0044,PROD-0022,WKS-DEL-PR3660-I9-64-2TB-A4000,Precision 3660 i9 / 64GB DDR5 / 2TB NVMe / RTX 4000 Ada 20GB,Intel Core i9-13900K,64GB DDR5 4800MHz Non-ECC,2TB,PCIe Gen4 NVMe Class 40,NVIDIA RTX 4000 Ada 20GB,None,Quad DisplayPort 1.4a,Black,Gigabit LAN,Windows 11 Pro for Workstations,Mid-Tower,36,75000.00,178000.00,213000.00,8907200000045,ACTIVE
VAR-0045,PROD-0023,WKS-DEL-PR5860-W5-64-2TB-A4500,Precision 5860 Xeon w5 / 64GB ECC / 2TB NVMe / RTX 4500 Ada 24GB,Intel Xeon w5-2455X (12-Core),64GB DDR5 ECC RDIMM,2TB,PCIe Gen4 NVMe M.2,NVIDIA RTX 4500 Ada 24GB,None,Quad DisplayPort,Black Tower,Dual Gigabit LAN (1GbE + 10GbE),Windows 11 Pro for WS / Ubuntu,Heavy Tower,36,0.00,240000.00,288000.00,8907200000046,ACTIVE
VAR-0046,PROD-0023,WKS-DEL-PR5860-W7-128-4TB-A5000,Precision 5860 Xeon w7 / 128GB ECC / 4TB NVMe / RTX 5000 Ada 32GB,Intel Xeon w7-2495X (24-Core),128GB DDR5 ECC RDIMM,4TB (2x 2TB),RAID 0/1 NVMe Gen4,NVIDIA RTX 5000 Ada 32GB,None,Quad DisplayPort,Black Tower,Dual Gigabit LAN (1GbE + 10GbE),Windows 11 Pro for WS / Ubuntu,Heavy Tower,36,130000.00,348000.00,418000.00,8907200000047,ACTIVE
VAR-0047,PROD-0024,WKS-DEL-PR7960-W9-128-4TB-6000,Precision 7960 Xeon w9 / 128GB ECC / 4TB / Single RTX 6000 Ada 48GB,Intel Xeon w9-3475X (36-Core),128GB DDR5 ECC RDIMM,4TB NVMe,PCIe Gen4 Enterprise NVMe,NVIDIA RTX 6000 Ada 48GB,None,Quad DisplayPort,Black Enterprise Chassis,Dual 10GbE + 1GbE LAN,Ubuntu 22.04 LTS / Win 11 Pro,Extended Tower,36,0.00,520000.00,624000.00,8907200000048,ACTIVE
VAR-0048,PROD-0024,WKS-DEL-PR7960-W9-256-8TB-2X6000,Precision 7960 Xeon w9 / 256GB ECC / 8TB / Dual RTX 6000 Ada (96GB VRAM),Intel Xeon w9-3495X (56-Core),256GB DDR5 ECC RDIMM,8TB NVMe,PCIe Gen4 Enterprise NVMe,Dual NVIDIA RTX 6000 Ada (2x 48GB),None,8x DisplayPort,Black Enterprise Chassis,Dual 10GbE + 1GbE LAN,Ubuntu 22.04 LTS / Win 11 Pro,Extended Tower,36,380000.00,830000.00,1004000.00,8907200000049,ACTIVE
VAR-0049,PROD-0025,WKS-HP-Z4G5-W5-32-1TB-A2000,HP Z4 G5 Xeon w5-2445 / 32GB ECC / 1TB / RTX A2000 12GB,Intel Xeon w5-2445 (10-Core),32GB DDR5 ECC RDIMM,1TB,HP Z Turbo Drive NVMe,NVIDIA RTX A2000 12GB,None,Quad DP,Space Grey Tower,Dual Gigabit LAN,Windows 11 Pro for Workstations,Mid Tower,36,0.00,195000.00,234000.00,8907200000050,ACTIVE
VAR-0050,PROD-0025,WKS-HP-Z4G5-W7-64-2TB-A4000,HP Z4 G5 Xeon w7-2475X / 64GB ECC / 2TB / RTX 4000 Ada 20GB,Intel Xeon w7-2475X (20-Core),64GB DDR5 ECC RDIMM,2TB,HP Z Turbo Drive NVMe,NVIDIA RTX 4000 Ada 20GB,None,Quad DP,Space Grey Tower,Dual Gigabit LAN,Windows 11 Pro for Workstations,Mid Tower,36,68000.00,252000.00,302000.00,8907200000051,ACTIVE
VAR-0051,PROD-0026,WKS-LEN-P5-W5-64-1TB-A4000,ThinkStation P5 Xeon w5-2455X / 64GB ECC / 1TB / RTX 4000 Ada 20GB,Intel Xeon w5-2455X,64GB DDR5 ECC RDIMM,1TB,PCIe Gen4 NVMe M.2,NVIDIA RTX 4000 Ada 20GB,None,Quad DisplayPort,Raven Black,1GbE + 10GbE LAN,Windows 11 Pro for WS,Tower Workstation,36,0.00,210000.00,252000.00,8907200000052,ACTIVE
VAR-0052,PROD-0026,WKS-LEN-P5-W7-128-2TB-A5000,ThinkStation P5 Xeon w7-2495X / 128GB ECC / 2TB / RTX 5000 Ada 32GB,Intel Xeon w7-2495X,128GB DDR5 ECC RDIMM,2TB,PCIe Gen4 NVMe M.2,NVIDIA RTX 5000 Ada 32GB,None,Quad DisplayPort,Raven Black,1GbE + 10GbE LAN,Windows 11 Pro for WS,Tower Workstation,36,120000.00,310000.00,372000.00,8907200000053,ACTIVE
VAR-0053,PROD-0027,SRV-DEL-R660-1X-64G-1.92T,Dell PowerEdge R660 1x Xeon Silver 4410Y / 64GB ECC / 2x 960GB SSD / Dual 800W PSU,1x Intel Xeon Silver 4410Y (12C/24T),64GB DDR5 ECC RDIMM (2x 32GB),1.92TB (2x 960GB SAS SSD),Enterprise SAS SSD RAID 1,Matrox G200,None,iDRAC9 Enterprise Virtual Console,Black/Silver,Quad 1GbE + Dual 10GbE SFP+,No OS (Hypervisor Ready),1U Rackmount,36,0.00,280000.00,336000.00,8907200000054,ACTIVE
VAR-0054,PROD-0027,SRV-DEL-R660-2X-128G-3.84T,Dell PowerEdge R660 2x Xeon Gold 5418Y / 128GB ECC / 4x 960GB SSD / PERC H755,2x Intel Xeon Gold 5418Y (24C/48T Total),128GB DDR5 ECC RDIMM (4x 32GB),3.84TB (4x 960GB SAS SSD),Enterprise SAS SSD RAID 10,Matrox G200,None,iDRAC9 Enterprise Virtual Console,Black/Silver,Quad 1GbE + Dual 10GbE SFP+,No OS (Hypervisor Ready),1U Rackmount,36,110000.00,372000.00,446000.00,8907200000055,ACTIVE
VAR-0055,PROD-0028,SRV-DEL-R760-2X-128G-7.68T,Dell PowerEdge R760 2x Xeon Gold 6426Y / 128GB ECC / 4x 1.92TB SSD / Dual 1400W,2x Intel Xeon Gold 6426Y (32C/64T Total),128GB DDR5 ECC RDIMM (4x 32GB),7.68TB (4x 1.92TB SAS SSD),Enterprise SAS RAID 5 PERC H755,Matrox G200,None,iDRAC9 Enterprise Remote Access,Black/Silver,Dual 10GbE Base-T + Dual 25GbE SFP28,VMware ESXi / Windows Server Ready,2U Rackmount,36,0.00,390000.00,468000.00,8907200000056,ACTIVE
VAR-0056,PROD-0028,SRV-DEL-R760-2X-256G-15.3T,Dell PowerEdge R760 2x Xeon Gold 6448Y / 256GB ECC / 8x 1.92TB SSD / PERC H755,2x Intel Xeon Gold 6448Y (64C/128T Total),256GB DDR5 ECC RDIMM (8x 32GB),15.36TB (8x 1.92TB NVMe SSD),Hardware RAID 10 NVMe,Matrox G200,None,iDRAC9 Enterprise Remote Access,Black/Silver,Dual 10GbE + Dual 25GbE SFP28,VMware ESXi / Windows Server Ready,2U Rackmount,36,175000.00,535000.00,643000.00,8907200000057,ACTIVE
VAR-0057,PROD-0029,SRV-HPE-DL380-G11-64G-3.84T,HPE DL380 Gen11 1x Xeon Silver 4410Y / 64GB DDR5 / 4x 960GB SSD / MR416i-p,1x Intel Xeon Silver 4410Y (12C),64GB DDR5 SmartMemory,3.84TB (4x 960GB SAS),HPE MR416i-p Gen11 Storage Controller,Integrated Matrox,None,iLO 6 Advanced Enterprise,Metallic Grey,Broadcom 57416 Dual 10GbE,Red Hat Enterprise Linux / ESXi Ready,2U Rackmount,36,0.00,385000.00,462000.00,8907200000058,ACTIVE
VAR-0058,PROD-0029,SRV-HPE-DL380-G11-128G-7.68T,HPE DL380 Gen11 2x Xeon Gold 5416S / 128GB DDR5 / 8x 960GB SSD / Dual 1000W,2x Intel Xeon Gold 5416S (32C Total),128GB DDR5 SmartMemory,7.68TB (8x 960GB SAS),HPE MR416i-p Gen11 Storage Controller,Integrated Matrox,None,iLO 6 Advanced Enterprise,Metallic Grey,Broadcom 57416 Dual 10GbE + Dual 25GbE,Red Hat Enterprise Linux / ESXi Ready,2U Rackmount,36,135000.00,498000.00,597000.00,8907200000059,ACTIVE
VAR-0059,PROD-0030,SRV-HPE-DL360-G11-64G,HPE DL360 Gen11 1x Xeon Silver 4410Y / 64GB DDR5 / 2x 960GB SSD / iLO6,1x Intel Xeon Silver 4410Y,64GB DDR5 SmartMemory,1.92TB (2x 960GB SATA SSD),HPE Smart Array MR216i-p,Matrox G200,None,iLO 6 Advanced,Metallic Grey,HPE Dual 10GbE FLR,Hypervisor Ready,1U Rackmount,36,0.00,290000.00,348000.00,8907200000060,ACTIVE
VAR-0060,PROD-0030,SRV-HPE-DL360-G11-128G,HPE DL360 Gen11 2x Xeon Silver 4410Y / 128GB DDR5 / 4x 960GB SSD / Dual PSU,2x Intel Xeon Silver 4410Y,128GB DDR5 SmartMemory,3.84TB (4x 960GB SATA SSD),HPE Smart Array MR216i-p,Matrox G200,None,iLO 6 Advanced,Metallic Grey,HPE Dual 10GbE FLR,Hypervisor Ready,1U Rackmount,36,95000.00,369000.00,443000.00,8907200000061,ACTIVE
VAR-0061,PROD-0031,SRV-LEN-SR650-2X-128G-3.84T,ThinkSystem SR650 V3 2x Xeon Silver 4416+ / 128GB ECC / 4x 960GB SAS SSD,2x Intel Xeon Silver 4416+ (40C/80T Total),128GB TruDDR5 ECC RDIMM,3.84TB (4x 960GB SAS SSD),ThinkSystem RAID 940-8i 4GB Flash,Matrox G200,None,XClarity Controller Enterprise,Black/Red Accent,Quad 1GbE + Dual 10/25GbE OCP,Enterprise Linux Ready,2U Rackmount,36,0.00,36000.00,432000.00,8907200000062,ACTIVE
VAR-0062,PROD-0031,SRV-LEN-SR650-2X-256G-7.68T,ThinkSystem SR650 V3 2x Xeon Gold 5418Y / 256GB ECC / 4x 1.92TB NVMe SSD,2x Intel Xeon Gold 5418Y (48C/96T Total),256GB TruDDR5 ECC RDIMM,7.68TB (4x 1.92TB NVMe),Hardware NVMe RAID,Matrox G200,None,XClarity Controller Enterprise,Black/Red Accent,Quad 1GbE + Dual 10/25GbE OCP,Enterprise Linux Ready,2U Rackmount,36,140000.00,477000.00,572000.00,8907200000063,ACTIVE
VAR-0063,PROD-0032,SRV-DEL-T360-E2434-32G-4T,Dell PowerEdge T360 Xeon E-2434 / 32GB ECC / 2x 2TB SATA HDD / PERC H355,Intel Xeon E-2434 (4C/8T),32GB DDR5 ECC UDIMM,4TB (2x 2TB Enterprise SATA),PERC H355 RAID Controller,Matrox G200,None,iDRAC9 Basic Remote Management,Black Tower,Dual 1GbE LOM,Windows Server 2022 Std Ready,Tower Server,36,0.00,145000.00,174000.00,8907200000064,ACTIVE
VAR-0064,PROD-0032,SRV-DEL-T360-E2468-64G-8T,Dell PowerEdge T360 Xeon E-2468 / 64GB ECC / 4x 2TB SATA HDD / PERC H755,Intel Xeon E-2468 (8C/16T),64GB DDR5 ECC UDIMM,8TB (4x 2TB Enterprise SATA),PERC H755 RAID Controller,Matrox G200,None,iDRAC9 Enterprise,Black Tower,Dual 1GbE LOM,Windows Server 2022 Std Ready,Tower Server,36,42000.00,180000.00,216000.00,8907200000065,ACTIVE
VAR-0065,PROD-0033,PHN-APL-IP15P-128-BLK,Apple iPhone 15 Pro 128GB Black Titanium,Apple A17 Pro (6-Core CPU),8GB RAM,128GB,NVMe Storage,Apple 6-Core GPU,"6.1""",2556x1179 Super Retina XDR OLED 120Hz ProMotion,Black Titanium,5G Sub-6/mmWave + Wi-Fi 6E + BT 5.3,iOS 17,Bar Smartphone,12,0.00,112000.00,134900.00,8907200000066,ACTIVE
VAR-0066,PROD-0033,PHN-APL-IP15P-256-NAT,Apple iPhone 15 Pro 256GB Natural Titanium,Apple A17 Pro (6-Core CPU),8GB RAM,256GB,NVMe Storage,Apple 6-Core GPU,"6.1""",2556x1179 Super Retina XDR OLED 120Hz ProMotion,Natural Titanium,5G Sub-6/mmWave + Wi-Fi 6E + BT 5.3,iOS 17,Bar Smartphone,12,9000.00,119500.00,144900.00,8907200000067,ACTIVE
VAR-0067,PROD-0033,PHN-APL-IP15P-512-BLU,Apple iPhone 15 Pro 512GB Blue Titanium,Apple A17 Pro (6-Core CPU),8GB RAM,512GB,NVMe Storage,Apple 6-Core GPU,"6.1""",2556x1179 Super Retina XDR OLED 120Hz ProMotion,Blue Titanium,5G Sub-6/mmWave + Wi-Fi 6E + BT 5.3,iOS 17,Bar Smartphone,12,26000.00,134000.00,164900.00,8907200000068,ACTIVE
VAR-0068,PROD-0034,PHN-APL-IP15PM-256-BLK,Apple iPhone 15 Pro Max 256GB Black Titanium,Apple A17 Pro (6-Core CPU),8GB RAM,256GB,NVMe Storage,Apple 6-Core GPU,"6.7""",2796x1290 Super Retina XDR OLED 120Hz,Black Titanium,5G + Wi-Fi 6E + BT 5.3,iOS 17,Bar Smartphone,12,0.00,132000.00,159900.00,8907200000069,ACTIVE
VAR-0069,PROD-0034,PHN-APL-IP15PM-512-NAT,Apple iPhone 15 Pro Max 512GB Natural Titanium,Apple A17 Pro (6-Core CPU),8GB RAM,512GB,NVMe Storage,Apple 6-Core GPU,"6.7""",2796x1290 Super Retina XDR OLED 120Hz,Natural Titanium,5G + Wi-Fi 6E + BT 5.3,iOS 17,Bar Smartphone,12,17000.00,146000.00,179900.00,8907200000070,ACTIVE
VAR-0070,PROD-0035,PHN-APL-IP15-128-BLK,Apple iPhone 15 128GB Black,Apple A16 Bionic,6GB RAM,128GB,NVMe Storage,Apple 5-Core GPU,"6.1""",2556x1179 Super Retina XDR OLED,Black,5G + Wi-Fi 6 + BT 5.3,iOS 17,Bar Smartphone,12,0.00,66000.00,79900.00,8907200000071,ACTIVE
VAR-0071,PROD-0035,PHN-APL-IP15-256-BLU,Apple iPhone 15 256GB Blue,Apple A16 Bionic,6GB RAM,256GB,NVMe Storage,Apple 5-Core GPU,"6.1""",2556x1179 Super Retina XDR OLED,Blue,5G + Wi-Fi 6 + BT 5.3,iOS 17,Bar Smartphone,12,8500.00,73000.00,89900.00,8907200000072,ACTIVE
VAR-0072,PROD-0036,PHN-SAM-S24U-256-BLK,Samsung Galaxy S24 Ultra 256GB Titanium Black,Snapdragon 8 Gen 3 for Galaxy,12GB LPDDR5X,256GB,UFS 4.0 High-Speed,Adreno 750,"6.8""",3120x1440 Dynamic AMOLED 2X 120Hz,Titanium Black,5G + Wi-Fi 7 + BT 5.3 + UWB,Android 14 / One UI 6.1 (Knox Vault),Bar Smartphone with S-Pen,24,0.00,108000.00,129999.00,8907200000073,ACTIVE
VAR-0073,PROD-0036,PHN-SAM-S24U-512-GRY,Samsung Galaxy S24 Ultra 512GB Titanium Gray,Snapdragon 8 Gen 3 for Galaxy,12GB LPDDR5X,512GB,UFS 4.0 High-Speed,Adreno 750,"6.8""",3120x1440 Dynamic AMOLED 2X 120Hz,Titanium Gray,5G + Wi-Fi 7 + BT 5.3 + UWB,Android 14 / One UI 6.1 (Knox Vault),Bar Smartphone with S-Pen,24,9000.00,116000.00,139999.00,8907200000074,ACTIVE
VAR-0074,PROD-0037,PHN-SAM-S24P-256-BLK,Samsung Galaxy S24+ 256GB Onyx Black,Exynos 2400 10-Core,12GB LPDDR5X,256GB,UFS 4.0,Xclipse 940,"6.7""",3120x1440 QHD+ Dynamic AMOLED 2X,Onyx Black,5G + Wi-Fi 6E + BT 5.3,Android 14 / One UI 6.1,Bar Smartphone,24,0.00,82000.00,99999.00,8907200000075,ACTIVE
VAR-0075,PROD-0037,PHN-SAM-S24P-512-VIO,Samsung Galaxy S24+ 512GB Cobalt Violet,Exynos 2400 10-Core,12GB LPDDR5X,512GB,UFS 4.0,Xclipse 940,"6.7""",3120x1440 QHD+ Dynamic AMOLED 2X,Cobalt Violet,5G + Wi-Fi 6E + BT 5.3,Android 14 / One UI 6.1,Bar Smartphone,24,9000.00,89500.00,109999.00,8907200000076,ACTIVE
VAR-0076,PROD-0038,PHN-SAM-S24-128-BLK,Samsung Galaxy S24 128GB Onyx Black,Exynos 2400 10-Core,8GB LPDDR5X,128GB,UFS 3.1,Xclipse 940,"6.2""",2340x1080 FHD+ Dynamic AMOLED 2X,Onyx Black,5G + Wi-Fi 6E + BT 5.3,Android 14 / One UI 6.1,Compact Bar,24,0.00,65000.00,79999.00,8907200000077,ACTIVE
VAR-0077,PROD-0038,PHN-SAM-S24-256-GRY,Samsung Galaxy S24 256GB Marble Gray,Exynos 2400 10-Core,8GB LPDDR5X,256GB,UFS 4.0,Xclipse 940,"6.2""",2340x1080 FHD+ Dynamic AMOLED 2X,Marble Gray,5G + Wi-Fi 6E + BT 5.3,Android 14 / One UI 6.1,Compact Bar,24,5000.00,69000.00,84999.00,8907200000078,ACTIVE
VAR-0078,PROD-0039,PHN-SAM-A55-128-NAV,Samsung Galaxy A55 5G 128GB Awesome Navy,Exynos 1480 8-Core,8GB RAM,128GB,UFS 3.1,Xclipse 530,"6.6""",2340x1080 Super AMOLED 120Hz,Awesome Navy,5G + Wi-Fi 6 + BT 5.3,Android 14 with Knox,Fleet Smartphone,24,0.00,32000.00,39999.00,8907200000079,ACTIVE
VAR-0079,PROD-0039,PHN-SAM-A55-256-ICE,Samsung Galaxy A55 5G 256GB Awesome Iceblue,Exynos 1480 8-Core,8GB RAM,256GB,UFS 3.1,Xclipse 530,"6.6""",2340x1080 Super AMOLED 120Hz,Awesome Iceblue,5G + Wi-Fi 6 + BT 5.3,Android 14 with Knox,Fleet Smartphone,24,3500.00,35000.00,42999.00,8907200000080,ACTIVE
VAR-0080,PROD-0040,PHN-SAM-XCOV6-128-BLK,Samsung Galaxy XCover6 Pro 128GB Rugged Enterprise Edition,Snapdragon 778G 5G,6GB RAM,128GB (MicroSD Expandable),UFS 2.2,Adreno 642L,"6.6""",2408x1080 FHD+ 120Hz Wet/Glove Touch,Rugged Black,5G + Wi-Fi 6E + BT 5.2 + NFC,Android 14 Enterprise Edition,Ruggedized Field Device,24,0.00,44000.00,52999.00,8907200000081,ACTIVE
VAR-0081,PROD-0041,PHN-GGL-PIX8P-128-OBS,Google Pixel 8 Pro 128GB Obsidian,Google Tensor G3 + Titan M2,12GB LPDDR5X,128GB,UFS 3.1,Immortalis-G715s,"6.7""",2992x1344 LTPO OLED 120Hz 2400 nits,Obsidian,5G + Wi-Fi 7 + BT 5.3 + UWB,Android 14 (7 Years Support),Flagship Bar,12,0.00,86000.00,106999.00,8907200000082,ACTIVE
VAR-0082,PROD-0041,PHN-GGL-PIX8P-256-BAY,Google Pixel 8 Pro 256GB Bay Blue,Google Tensor G3 + Titan M2,12GB LPDDR5X,256GB,UFS 3.1,Immortalis-G715s,"6.7""",2992x1344 LTPO OLED 120Hz 2400 nits,Bay Blue,5G + Wi-Fi 7 + BT 5.3 + UWB,Android 14 (7 Years Support),Flagship Bar,12,6000.00,91500.00,113999.00,8907200000083,ACTIVE
VAR-0083,PROD-0042,PHN-GGL-PIX8-128-HAZ,Google Pixel 8 128GB Hazel,Google Tensor G3,8GB LPDDR5X,128GB,UFS 3.1,Immortalis-G715s,"6.2""",2400x1080 Actua OLED 120Hz 2000 nits,Hazel,5G + Wi-Fi 7 + BT 5.3,Android 14,Compact Bar,12,0.00,61000.00,75999.00,8907200000084,ACTIVE
VAR-0084,PROD-0042,PHN-GGL-PIX8-256-OBS,Google Pixel 8 256GB Obsidian,Google Tensor G3,8GB LPDDR5X,256GB,UFS 3.1,Immortalis-G715s,"6.2""",2400x1080 Actua OLED 120Hz 2000 nits,Obsidian,5G + Wi-Fi 7 + BT 5.3,Android 14,Compact Bar,12,5000.00,65500.00,81999.00,8907200000085,ACTIVE
VAR-0085,PROD-0043,PHN-ONE-OP12-256-BLK,OnePlus 12 256GB (12GB RAM) Silky Black,Snapdragon 8 Gen 3,12GB LPDDR5X,256GB,UFS 4.0,Adreno 750,"6.82""",3168x1440 2K ProXDR 120Hz LTPO,Silky Black,5G + Wi-Fi 7 + BT 5.4,OxygenOS 14,Bar Smartphone,12,0.00,53000.00,64999.00,8907200000086,ACTIVE
VAR-0086,PROD-0043,PHN-ONE-OP12-512-GRN,OnePlus 12 512GB (16GB RAM) Flowy Emerald,Snapdragon 8 Gen 3,16GB LPDDR5X,512GB,UFS 4.0,Adreno 750,"6.82""",3168x1440 2K ProXDR 120Hz LTPO,Flowy Emerald,5G + Wi-Fi 7 + BT 5.4,OxygenOS 14,Bar Smartphone,12,5500.00,58000.00,69999.00,8907200000087,ACTIVE
VAR-0087,PROD-0044,TAB-APL-IPAD10-64-WIFI-SLV,Apple iPad 10th Gen 64GB Wi-Fi Silver,Apple A14 Bionic,4GB RAM,64GB,Flash Storage,Apple 4-Core GPU,"10.9""",2360x1640 Liquid Retina True Tone,Silver,Wi-Fi 6 + BT 5.2,iPadOS 17,Tablet,12,0.00,33000.00,39900.00,8907200000088,ACTIVE
VAR-0088,PROD-0044,TAB-APL-IPAD10-256-CELL-BLU,Apple iPad 10th Gen 256GB Wi-Fi + 5G Cellular Blue,Apple A14 Bionic,4GB RAM,256GB,Flash Storage,Apple 4-Core GPU,"10.9""",2360x1640 Liquid Retina True Tone,Blue,Wi-Fi 6 + 5G Cellular + BT 5.2,iPadOS 17,Cellular Tablet,12,21000.00,51000.00,60900.00,8907200000089,ACTIVE
VAR-0089,PROD-0045,TAB-APL-AIR11-128-WIFI-GRY,iPad Air 11 M2 128GB Wi-Fi Space Grey,Apple M2 (8-Core CPU),8GB Unified Memory,128GB,Apple Fast Flash,Apple 9-Core GPU,"11.0""",2360x1640 Liquid Retina 500 nits,Space Grey,Wi-Fi 6E + BT 5.3,iPadOS 17,Tablet,12,0.00,50000.00,59900.00,8907200000090,ACTIVE
VAR-0090,PROD-0045,TAB-APL-AIR11-256-5G-SLV,iPad Air 11 M2 256GB Wi-Fi + 5G Cellular Starlight,Apple M2 (8-Core CPU),8GB Unified Memory,256GB,Apple Fast Flash,Apple 9-Core GPU,"11.0""",2360x1640 Liquid Retina 500 nits,Starlight,Wi-Fi 6E + 5G Cellular + BT 5.3,iPadOS 17,Cellular Tablet,12,21000.00,68000.00,80900.00,8907200000091,ACTIVE
VAR-0091,PROD-0046,TAB-APL-PRO11-256-WIFI-BLK,iPad Pro 11 M4 256GB Wi-Fi Space Black,Apple M4 (9-Core CPU),8GB Unified Memory,256GB,Apple NVMe,Apple 10-Core GPU with Ray Tracing,"11.0""",2420x1668 Ultra Retina XDR Tandem OLED 120Hz ProMotion,Space Black,Wi-Fi 6E + BT 5.3,iPadOS 17,Pro Tablet,12,0.00,83000.00,99900.00,8907200000092,ACTIVE
VAR-0092,PROD-0046,TAB-APL-PRO11-512-5G-SLV,iPad Pro 11 M4 512GB Wi-Fi + 5G Cellular Silver,Apple M4 (9-Core CPU),8GB Unified Memory,512GB,Apple NVMe,Apple 10-Core GPU with Ray Tracing,"11.0""",2420x1668 Ultra Retina XDR Tandem OLED 120Hz ProMotion,Silver,Wi-Fi 6E + 5G Cellular,iPadOS 17,Pro Cellular Tablet,12,30000.00,108000.00,129900.00,8907200000093,ACTIVE
VAR-0093,PROD-0047,TAB-SAM-S9-128-5G-GRF,Samsung Galaxy Tab S9 128GB 5G Graphite,Snapdragon 8 Gen 2 for Galaxy,8GB RAM,128GB (MicroSD up to 1TB),UFS 3.1,Adreno 740,"11.0""",2560x1600 Dynamic AMOLED 2X 120Hz HDR10+,Graphite,5G + Wi-Fi 6E + BT 5.3,Android 14 (DeX Enabled),Enterprise Tablet,24,0.00,60000.00,72999.00,8907200000094,ACTIVE
VAR-0094,PROD-0047,TAB-SAM-S9-256-5G-BEI,Samsung Galaxy Tab S9 256GB 5G Beige,Snapdragon 8 Gen 2 for Galaxy,12GB RAM,256GB (MicroSD up to 1TB),UFS 4.0,Adreno 740,"11.0""",2560x1600 Dynamic AMOLED 2X 120Hz HDR10+,Beige,5G + Wi-Fi 6E + BT 5.3,Android 14 (DeX Enabled),Enterprise Tablet,24,8000.00,67000.00,80999.00,8907200000095,ACTIVE
VAR-0095,PROD-0048,TAB-SAM-ACT4-64-5G-BLK,Galaxy Tab Active4 Pro 64GB 5G Black Enterprise Rugged,Snapdragon 778G 5G,4GB RAM,64GB,eMMC 5.1,Adreno 642L,"10.1""",1920x1200 WUXGA TFT Glove Touch,Black Rugged,5G + Wi-Fi 6 + BT 5.2 + NFC,Android 14 Enterprise Edition,Field Rugged Tablet,24,0.00,52000.00,63000.00,8907200000096,ACTIVE
VAR-0096,PROD-0048,TAB-SAM-ACT4-128-5G-BLK,Galaxy Tab Active4 Pro 128GB 5G Black Enterprise Rugged,Snapdragon 778G 5G,6GB RAM,128GB,UFS 2.2,Adreno 642L,"10.1""",1920x1200 WUXGA TFT Glove Touch,Black Rugged,5G + Wi-Fi 6 + BT 5.2 + NFC,Android 14 Enterprise Edition,Field Rugged Tablet,24,6000.00,57000.00,69000.00,8907200000097,ACTIVE
VAR-0097,PROD-0049,NET-CIS-C9200L-24P-4G,Cisco Catalyst 9200L 24-Port Full PoE+ (370W) 4x1G SFP Uplink Network Essentials,,,,,,,,Cisco Grey,"24x 1GbE PoE+ RJ45, 4x 1GbE SFP Uplink",Cisco IOS-XE,1U Rackmount Switch,36,0.00,145000.00,175000.00,8907200000098,ACTIVE
VAR-0098,PROD-0049,NET-CIS-C9200L-24P-4X,Cisco Catalyst 9200L 24-Port Full PoE+ (370W) 4x10G SFP+ Uplink Network Advantage,,,,,,,,Cisco Grey,"24x 1GbE PoE+ RJ45, 4x 10GbE SFP+ Uplink",Cisco IOS-XE,1U Rackmount Switch,36,38000.00,177000.00,213000.00,8907200000099,ACTIVE
VAR-0099,PROD-0050,NET-CIS-C9200L-48P-4X-E,Cisco C9200L 48-Port PoE+ (740W) 4x 10G SFP+ Network Essentials,,,,,,,,Cisco Grey,"48x 1GbE PoE+ RJ45, 4x 10GbE SFP+",Cisco IOS-XE,1U Rackmount Switch,36,0.00,235000.00,282000.00,8907200000100,ACTIVE
VAR-0100,PROD-0050,NET-CIS-C9200L-48P-4X-A,Cisco C9200L 48-Port PoE+ (740W) 4x 10G SFP+ Network Advantage with Redundant PSU,,,,,,,,Cisco Grey,"48x 1GbE PoE+ RJ45, 4x 10GbE SFP+",Cisco IOS-XE,1U Dual PSU Rackmount,36,45000.00,273000.00,327000.00,8907200000101,ACTIVE
VAR-0101,PROD-0051,NET-ARU-CX6100-24G-NONPOE,Aruba CX 6100 24-Port Gigabit 4x 10G SFP+ Non-PoE Switch,,,,,,,,Dark Grey,"24x 1GbE RJ45, 4x 1/10GbE SFP+ Ports",ArubaOS-CX,1U Rackmount Switch,36,0.00,74000.00,89000.00,8907200000102,ACTIVE
VAR-0102,PROD-0051,NET-ARU-CX6100-24G-370W,Aruba CX 6100 24-Port Class 4 PoE (370W) 4x 10G SFP+ Switch,,,,,,,,Dark Grey,"24x 1GbE PoE+ RJ45, 4x 1/10GbE SFP+ Ports",ArubaOS-CX,1U Rackmount Switch,36,28000.00,97000.00,117000.00,8907200000103,ACTIVE
VAR-0103,PROD-0052,NET-ARU-CX6200F-48P-740W,Aruba CX 6200F 48G Class 4 PoE 4x SFP+ 740W Switch,,,,,,,,Dark Grey,"48x 10/100/1000Base-T PoE+, 4x 1/10G SFP+",ArubaOS-CX,1U Rackmount,36,0.00,188000.00,226000.00,8907200000104,ACTIVE
VAR-0104,PROD-0052,NET-ARU-CX6200F-48P-DUALPSU,Aruba CX 6200F 48G PoE+ 4x SFP+ with Dual Redundant Hot-Swap PSUs,,,,,,,,Dark Grey,"48x 10/100/1000Base-T PoE+, 4x 1/10G SFP+",ArubaOS-CX,1U Redundant Rackmount,36,32000.00,215000.00,258000.00,8907200000105,ACTIVE
VAR-0105,PROD-0053,NET-UBI-USW-PRO-24P-400W,UniFi Pro 24-Port PoE (400W) with 2x 10G SFP+ Uplinks,,,,,,,,Silver Aluminum,"16x PoE+, 8x PoE++, 2x 10G SFP+",UniFi OS,1U Rackmount,24,0.00,54000.00,65500.00,8907200000106,ACTIVE
VAR-0106,PROD-0053,NET-UBI-USW-PRO-24P-USP,UniFi Pro 24-Port PoE bundled with UniFi SmartPower Redundant Cable,,,,,,,,Silver Aluminum,"16x PoE+, 8x PoE++, 2x 10G SFP+",UniFi OS,1U Rackmount + USP-RPS port,24,4500.00,57500.00,70000.00,8907200000107,ACTIVE
VAR-0107,PROD-0054,NET-FOR-FG60F-HW-ONLY,FortiGate 60F Appliance (Hardware Only),,,,,,,,White Desktop,"10x GE RJ45 ports (including 2x WAN, 1x DMZ, 7x Internal)",FortiOS 7.4,Desktop Appliance,36,0.00,58000.00,69900.00,8907200000108,ACTIVE
VAR-0108,PROD-0054,NET-FOR-FG60F-UTM-1YR,FortiGate 60F Appliance with 1-Year Unified Threat Protection (UTP) License,,,,,,,,White Desktop,10x GE RJ45 ports,FortiOS 7.4 + FortiGuard UTP,Desktop Appliance,36,28000.00,81000.00,97900.00,8907200000109,ACTIVE
VAR-0109,PROD-0055,NET-FOR-FG100F-HW-ONLY,FortiGate 100F Appliance with Dual Internal Redundant Power Supplies,,,,,,,,White 1U,"2x 10GE SFP+, 8x GE SFP, 16x GE RJ45, 2x Shared",FortiOS 7.4,1U Rackmount,36,0.00,185000.00,222000.00,8907200000110,ACTIVE
VAR-0110,PROD-0055,NET-FOR-FG100F-UTP-1YR,FortiGate 100F Appliance with 1-Year Enterprise Protection (UTP + Antivirus),,,,,,,,White 1U,"2x 10GE SFP+, 8x GE SFP, 16x GE RJ45",FortiOS 7.4 + Enterprise Bundle,1U Rackmount,36,75000.00,248000.00,297000.00,8907200000111,ACTIVE
VAR-0111,PROD-0056,NET-ARU-AP515-STANDALONE,Aruba AP-515 (RW) Unified Campus AP,,,,,,,,White,"1x 2.5G Smart Rate, 1x 1G Ethernet, PoE+ 802.3at",ArubaOS / InstantOS,Ceiling/Wall Mount,36,0.00,36000.00,43500.00,8907200000112,ACTIVE
VAR-0112,PROD-0056,NET-ARU-AP515-CEIL-BRKT,Aruba AP-515 with Drop-Ceiling T-Bar Grid Mount Rail Kit,,,,,,,,White,"1x 2.5G Smart Rate, 1x 1G Ethernet, PoE+",ArubaOS / InstantOS,Ceiling Mount with Pro Bracket,36,2200.00,37800.00,45700.00,8907200000113,ACTIVE
VAR-0113,PROD-0057,NET-UBI-U6PRO-SINGLE,UniFi U6 Pro Dual-Band Wi-Fi 6 Indoor Access Point,,,,,,,,White,"1x GbE RJ45 port, PoE 802.3at/af",UniFi Network,Ceiling/Wall Mount Disc,24,0.00,14500.00,17800.00,8907200000114,ACTIVE
VAR-0114,PROD-0057,NET-UBI-U6PRO-POE-INJ,UniFi U6 Pro AP bundled with Ubiquiti Gigabit PoE+ 48V Injector,,,,,,,,White,1x GbE RJ45 + 48V PoE Injector,UniFi Network,Mount Disc + External Injector,24,1800.00,16000.00,19600.00,8907200000115,ACTIVE
VAR-0115,PROD-0058,STO-SYN-DS923P-DISKLESS,Synology DS923+ 4-Bay NAS (Diskless) / 4GB ECC RAM,AMD Ryzen R1600,4GB DDR4 ECC,Diskless (Up to 72TB),"4x 3.5""/2.5"" SATA Bays",,,,Black,2x 1GbE LAN (10GbE Upgradeable),Synology DSM 7.2,4-Bay Desktop Tower,36,0.00,48000.00,58000.00,8907200000116,ACTIVE
VAR-0116,PROD-0058,STO-SYN-DS923P-32TB,Synology DS923+ Populated with 32TB Storage (4x 8TB Enterprise HDDs),AMD Ryzen R1600,4GB DDR4 ECC,32TB Raw (4x 8TB),4x 8TB Enterprise SATA RAID,,,,Black,2x 1GbE LAN,Synology DSM 7.2,4-Bay Desktop Tower,36,56000.00,95000.00,114000.00,8907200000117,ACTIVE
VAR-0117,PROD-0059,STO-SYN-RS2423P-DISKLESS,Synology RS2423+ 12-Bay 2U Rackmount NAS (Diskless),AMD Ryzen V1780B,8GB DDR4 ECC,Diskless (12-Bay),"12x 3.5"" SAS/SATA Hot-Swap",,,,Silver/Black,"1x 10GbE RJ45, 2x 1GbE RJ45",Synology DSM 7.2,2U Rackmount,36,0.00,155000.00,186000.00,8907200000118,ACTIVE
VAR-0118,PROD-0059,STO-SYN-RS2423P-96TB,Synology RS2423+ Populated with 96TB Raw Enterprise Storage (6x 16TB HDDs),AMD Ryzen V1780B,8GB DDR4 ECC,96TB Raw (6x 16TB),6x 16TB Ultrastar Enterprise RAID 6,,,,Silver/Black,"1x 10GbE RJ45, 2x 1GbE RJ45",Synology DSM 7.2,2U Rackmount,36,145000.00,275000.00,331000.00,8907200000119,ACTIVE
VAR-0119,PROD-0060,STO-SAM-PM893-1.92TB,"Samsung PM893 1.92TB Enterprise 2.5"" SATA SSD",,,1.92TB,V-NAND TLC Enterprise SATA,,"2.5""",550 MB/s Read / 520 MB/s Write,Silver Metal,SATA 6Gbps,,2.5-inch 7mm Drive,60,0.00,22000.00,27500.00,8907200000120,ACTIVE
VAR-0120,PROD-0060,STO-SAM-PM893-3.84TB,"Samsung PM893 3.84TB Enterprise 2.5"" SATA SSD",,,3.84TB,V-NAND TLC Enterprise SATA,,"2.5""",550 MB/s Read / 520 MB/s Write,Silver Metal,SATA 6Gbps,,2.5-inch 7mm Drive,60,19000.00,37500.00,46500.00,8907200000121,ACTIVE
VAR-0121,PROD-0061,STO-SAM-PM1733-3.84TB,"Samsung PM1733 3.84TB NVMe PCIe Gen4 U.2 2.5"" SSD",,,3.84TB,PCIe Gen4 x4 NVMe Enterprise,,"2.5"" U.2",7000 MB/s Read / 3800 MB/s Write,Silver Metal,PCIe Gen4 U.2 / U.3,,2.5-inch 15mm Server Drive,60,0.00,38000.00,47000.00,8907200000122,ACTIVE
VAR-0122,PROD-0061,STO-SAM-PM1733-7.68TB,"Samsung PM1733 7.68TB NVMe PCIe Gen4 U.2 2.5"" SSD",,,7.68TB,PCIe Gen4 x4 NVMe Enterprise,,"2.5"" U.2",7000 MB/s Read / 3800 MB/s Write,Silver Metal,PCIe Gen4 U.2 / U.3,,2.5-inch 15mm Server Drive,60,36000.00,67000.00,83000.00,8907200000123,ACTIVE
VAR-0123,PROD-0062,STO-WD-HC550-16TB,WD Ultrastar DC HC550 16TB 7200 RPM Enterprise SATA HDD,,,16TB,7200 RPM HelioSeal CMR SATA,,"3.5""",262 MB/s Sustained Transfer,Silver,SATA 6Gbps,,3.5-inch HDD,60,0.00,24000.00,29500.00,8907200000124,ACTIVE
VAR-0124,PROD-0062,STO-WD-HC550-18TB,WD Ultrastar DC HC550 18TB 7200 RPM Enterprise SATA HDD,,,18TB,7200 RPM HelioSeal CMR SATA,,"3.5""",269 MB/s Sustained Transfer,Silver,SATA 6Gbps,,3.5-inch HDD,60,4000.00,27500.00,33500.00,8907200000125,ACTIVE
VAR-0125,PROD-0062,STO-WD-HC550-20TB,WD Ultrastar DC HC560 20TB 7200 RPM OptiNAND Enterprise SATA HDD,,,20TB,7200 RPM OptiNAND CMR SATA,,"3.5""",269 MB/s Sustained Transfer,Silver,SATA 6Gbps,,3.5-inch HDD,60,9500.00,32000.00,39000.00,8907200000126,ACTIVE
VAR-0126,PROD-0063,UPS-APC-SMT1500-TOWER,APC Smart-UPS 1500VA Tower (1000 Watts) LCD 230V,,,,,,,,Black,"8x IEC 320 C13, SmartConnect Port",,Tower UPS,24,0.00,34000.00,41500.00,8907200000127,ACTIVE
VAR-0127,PROD-0063,UPS-APC-SMT1500-RACK2U,APC Smart-UPS 1500VA 2U Rackmount (1000 Watts) with Rail Kit,,,,,,,,Black,"4x IEC 320 C13, 2x IEC Jumpers",,2U Rackmount UPS,24,8500.00,41000.00,50000.00,8907200000128,ACTIVE
VAR-0128,PROD-0064,UPS-APC-SRT3000-BASE,APC Smart-UPS RT 3000VA 2U Rack/Tower UPS,,,,,,,,Black,"8x IEC C13, 2x IEC C19, SmartSlot",,2U Convertible Rack/Tower,24,0.00,88000.00,107000.00,8907200000129,ACTIVE
VAR-0129,PROD-0064,UPS-APC-SRT3000-NMC,APC Smart-UPS RT 3000VA with Pre-Installed AP9641 Network Management Card 3,,,,,,,,Black,"8x C13, 2x C19, Gigabit SNMP Web Card",,2U Rack/Tower with NMC3,24,18000.00,103000.00,125000.00,8907200000130,ACTIVE
VAR-0130,PROD-0065,UPS-APC-SRT5K-3U,APC Smart-UPS RT 5000VA 3U Rack/Tower On-Line UPS,,,,,,,,Black,"Hardwire 3-wire, 6x C13, 4x C19",,3U Rack/Tower,24,0.00,165000.00,198000.00,8907200000131,ACTIVE
VAR-0131,PROD-0065,UPS-APC-SRT10K-6U,"APC Smart-UPS RT 10,000VA (10kVA / 10kW) 6U Rack/Tower UPS with NMC3",,,,,,,,Black,"Hardwire 3-wire/5-wire, 4x C19",,6U Heavy Rack/Tower,24,140000.00,285000.00,338000.00,8907200000132,ACTIVE
VAR-0132,PROD-0066,UPS-EAT-9PX-3000-BASE,Eaton 9PX 3000W 2U Rack/Tower with Rail Kit,,,,,,,,Dark Grey,"8x C13, 2x C19, Network-M2 Slot",,2U Rack/Tower,36,0.00,82000.00,99500.00,8907200000133,ACTIVE
VAR-0133,PROD-0066,UPS-EAT-9PX-3000-EBM,Eaton 9PX 3000W bundled with External Battery Module (EBM) for 45min Extended Runtime,,,,,,,,Dark Grey,"8x C13, 2x C19 + Heavy EBM Connector",,4U Total (2U UPS + 2U EBM),36,42000.00,118000.00,141500.00,8907200000134,ACTIVE
VAR-0134,PROD-0067,UPS-VER-GXT5-3K-BASE,Vertiv Liebert GXT5 3kVA 2U Rack/Tower UPS,,,,,,,,Black,"6x C13, 1x C19, RDU101 slot",,2U Convertible,36,0.00,79000.00,96000.00,8907200000135,ACTIVE
VAR-0135,PROD-0067,UPS-VER-GXT5-3K-CARD,Vertiv Liebert GXT5 3kVA with RDU101 Communications Card,,,,,,,,Black,"6x C13, 1x C19 + SNMP/Web Card",,2U Convertible,36,12000.00,89500.00,108000.00,8907200000136,ACTIVE
VAR-0136,PROD-0068,MON-DEL-P2422H-BASE,"Dell P2422H 24"" FHD 1920x1080 IPS Height-Adjustable Monitor",,,,,,"23.8""",1920x1080 FHD 60Hz,Black/Silver,"HDMI, DisplayPort, VGA, 4x USB 3.2",,Ergonomic Desk Display,36,0.00,12500.00,15200.00,8907200000137,ACTIVE
VAR-0137,PROD-0068,MON-DEL-P2422H-DUALARM,"Dell P2422H 24"" bundled with Dual-Monitor Desktop Arm",,,,,,"23.8""",1920x1080 FHD 60Hz,Black/Silver,"HDMI, DP, VGA, USB Hub",,Display + Dual Desk Arm,36,4200.00,15800.00,19400.00,8907200000138,ACTIVE
VAR-0138,PROD-0069,MON-DEL-P2723DE-BASE,"Dell P2723DE 27"" QHD (2560x1440) USB-C 90W Hub Display",,,,,,"27.0""",2560x1440 QHD 60Hz IPS,Silver/Black,"USB-C (90W PD), DP In, DP Out, HDMI, RJ45, 4x USB",,USB-C Productivity Monitor,36,0.00,28000.00,34500.00,8907200000139,ACTIVE
VAR-0139,PROD-0070,MON-DEL-U2724D-BASE,"Dell UltraSharp U2724D 27"" QHD 120Hz IPS Black Professional Monitor",,,,,,"27.0""",2560x1440 QHD 120Hz IPS Black,Platinum Silver,"DisplayPort 1.4, HDMI 2.1, USB-C Data, Audio Out",,UltraSharp Display,36,0.00,34000.00,41500.00,8907200000140,ACTIVE
VAR-0140,PROD-0071,MON-DEL-U2723QE-BASE,"Dell U2723QE 27"" 4K UHD (3840x2160) IPS Black USB-C Hub Display",,,,,,"27.0""",3840x2160 4K UHD 60Hz IPS Black,Platinum Silver,"USB-C 90W, RJ45 1GbE, DP 1.4 In/Out, HDMI 2.0, 5x USB-A/C",,4K Creative & Engineering Display,36,0.00,46000.00,56000.00,8907200000141,ACTIVE
VAR-0141,PROD-0072,MON-DEL-U3223QE-BASE,"Dell U3223QE 31.5"" 4K UHD IPS Black USB-C Hub Display",,,,,,"31.5""",3840x2160 4K UHD IPS Black,Platinum Silver,"USB-C 90W, DP 1.4, HDMI 2.0, RJ45 GbE, 6x USB Hub",,Executive 4K Hub Display,36,0.00,64000.00,77500.00,8907200000142,ACTIVE
VAR-0142,PROD-0073,MON-DEL-U3423WE-BASE,"Dell U3423WE 34"" Curved (3440x1440) 21:9 WQHD USB-C Display",,,,,,"34.14""",3440x1440 WQHD 60Hz Curved 1900R,Platinum Silver,"USB-C 90W, RJ45, 2x DP, 2x HDMI, Dual 5W Speakers",,Curved Ultrawide Monitor,36,0.00,72000.00,87000.00,8907200000143,ACTIVE
VAR-0143,PROD-0074,MON-HP-E24G4-BASE,"HP E24 G4 23.8"" 1080p IPS Anti-Glare Display",,,,,,"23.8""",1920x1080 FHD 60Hz,Black/Silver,"VGA, HDMI 1.4, DisplayPort 1.2, 4x USB 3.2",,Commercial Monitor,36,0.00,11800.00,14400.00,8907200000144,ACTIVE
VAR-0144,PROD-0075,MON-LEN-T27H30-BASE,"ThinkVision T27h-30 27"" QHD USB-C Hub Monitor",,,,,,"27.0""",2560x1440 QHD 60Hz 99% sRGB,Raven Black,"USB-C 90W, HDMI, DP In/Out, RJ45, 4x USB Hub",,Ergonomic USB-C Display,36,0.00,26500.00,32500.00,8907200000145,ACTIVE
VAR-0145,PROD-0076,MON-SAM-G9-49OLED,"Samsung 49"" Odyssey OLED G9 (5120x1440) 240Hz 0.03ms Curved 1800R",,,,,,"49.0""",5120x1440 Dual QHD 240Hz OLED,Silver Metal,"HDMI 2.1, DisplayPort 1.4, Micro HDMI, USB Hub",,Super Ultrawide Flagship,36,0.00,115000.00,139999.00,8907200000146,ACTIVE
VAR-0146,PROD-0077,PRN-HP-M611DN-BASE,HP LaserJet Enterprise M611dn 65ppm Duplex Mono Laser Printer,,,,,,,,White/Grey,"Gigabit Ethernet, Hi-Speed USB 2.0",,Enterprise Mono Printer,12,0.00,78000.00,94000.00,8907200000147,ACTIVE
VAR-0147,PROD-0077,PRN-HP-M611DN-TRAY2,HP LaserJet Enterprise M611dn with Additional 550-Sheet Feeder Tray,,,,,,,,White/Grey,"Gigabit Ethernet, USB 2.0",,Printer with 2nd Feeder Cassette,12,14000.00,89500.00,108000.00,8907200000148,ACTIVE
VAR-0148,PROD-0078,PRN-HP-M480F-BASE,HP Color LaserJet Enterprise MFP M480f Print/Copy/Scan/Fax,,,,,,,,White,"Gigabit Ethernet, USB 2.0, Walk-up USB",,Color Enterprise MFP,12,0.00,68000.00,82500.00,8907200000149,ACTIVE
VAR-0149,PROD-0079,PRN-CAN-IR2206N-BASE,Canon imageRUNNER 2206N A3 Network Mono Laser Copier/Printer,,,,,,,,White/Dark Grey,"Ethernet 100Base-TX/10Base-T, Wi-Fi b/g/n, USB 2.0",,A3 Floor/Desk MFP,12,0.00,52000.00,63000.00,8907200000150,ACTIVE
VAR-0150,PROD-0080,PRN-BRO-L8900CDW-BASE,"Brother MFC-L8900CDW Wireless Color Laser MFP with 5"" Touchscreen",,,,,,,,White,"Gigabit Ethernet, Dual-Band Wi-Fi, NFC, USB",,Business Color All-in-One,12,0.00,56000.00,68000.00,8907200000151,ACTIVE
VAR-0151,PROD-0081,VAR-ACC-DEL-WD19S-01,Dell WD19S 130W USB-C Dock with 90W Power Delivery,,,,,,,,Black,"2x DP 1.4, 1x HDMI 2.0b, 1x USB-C Multi-function, 3x USB-A 3.1, Gigabit RJ45",,Desktop Docking Station,36,0.00,11500.00,14500.00,8907200000152,ACTIVE
VAR-0152,PROD-0082,VAR-ACC-DEL-WD22TB4-01,Dell WD22TB4 Thunderbolt 4 Modular 180W Dock,,,,,,,,Black,"2x TB4 ports, 2x DP 1.4, 1x HDMI 2.0, 3x USB-A, Gigabit Ethernet",,Thunderbolt 4 Dock,36,0.00,21000.00,26000.00,8907200000153,ACTIVE
VAR-0153,PROD-0083,VAR-ACC-LEN-USBCDOCK-01,ThinkPad Universal USB-C Dock with 90W AC Adapter,,,,,,,,Black/Red,"2x DP 1.4, 1x HDMI 2.0, 3x USB 3.2, 2x USB 2.0, 1x RJ45",,Universal Desktop Dock,36,0.00,10800.00,13800.00,8907200000154,ACTIVE
VAR-0154,PROD-0084,VAR-ACC-HP-USBCG5-01,HP USB-C Dock G5 with 120W Power Supply,,,,,,,,Black,"2x DisplayPort, 1x HDMI 2.0, 4x USB 3.0, 1x Gigabit RJ45",,Commercial Dock,12,0.00,11200.00,14200.00,8907200000155,ACTIVE
VAR-0155,PROD-0085,VAR-ACC-LOG-MXKEYS-01,Logitech MX Keys for Business Graphite (Logi Bolt + Bluetooth),,,,,,,,Graphite,Logi Bolt USB Receiver + Bluetooth Low Energy,,Full Size Keyboard,24,0.00,7200.00,9495.00,8907200000156,ACTIVE
VAR-0156,PROD-0086,VAR-ACC-LOG-MXM3S-01,Logitech MX Master 3S for Business Graphite,,,,,,,,Graphite,Logi Bolt + Bluetooth,,Ergonomic Right-Handed Mouse,24,0.00,6400.00,8495.00,8907200000157,ACTIVE
VAR-0157,PROD-0087,VAR-ACC-LOG-MK370-01,Logitech MK370 Combo with Logi Bolt Wireless Security,,,,,,,,Graphite,Logi Bolt Wireless + Bluetooth,,Standard Keyboard + Mouse Combo,24,0.00,2200.00,2995.00,8907200000158,ACTIVE
VAR-0158,PROD-0088,VAR-ACC-JAB-EV65-01,Jabra Evolve2 65 Link380c MS Teams Stereo Black with Charging Stand,,,,,,,,Black,Jabra Link 380 USB-C Dongle + Bluetooth 5.0,,On-Ear Wireless Headset,24,0.00,14500.00,18900.00,8907200000159,ACTIVE
VAR-0159,PROD-0089,VAR-ACC-JAB-EV40-01,Jabra Evolve2 40 USB-C MS Teams Stereo Headset,,,,,,,,Black,USB-C Wired Connection,,On-Ear Corded Headset,24,0.00,6800.00,8900.00,8907200000160,ACTIVE
VAR-0160,PROD-0090,VAR-ACC-POL-BW5220-01,Poly Blackwire 5220 Stereo USB-C with 3.5mm Jack,,,,,,,,Black with Red Accent,USB-C + 3.5mm Audio Jack,,Wired Stereo Headset,24,0.00,5400.00,7200.00,8907200000161,ACTIVE
VAR-0161,PROD-0091,VAR-ACC-LOG-BRIO4K-01,Logitech Brio 4K Ultra HD Pro Webcam with Privacy Shutter,,,,,,,4K UHD @ 30fps / 1080p @ 60fps,Black,Detachable USB-C to USB-A/C Cable,,Webcam with Tripod Mount,36,0.00,13500.00,17500.00,8907200000162,ACTIVE
VAR-0162,PROD-0092,VAR-ACC-DEL-BAG15-01,"Dell Pro EcoLoop Backpack 15 (Up to 15.6"" Laptops) Black",,,,,,,,Black with Reflective Accents,"Padded Shoulder Straps, Luggage Pass-Through",,Protective Backpack,36,0.00,2200.00,2999.00,8907200000163,ACTIVE
VAR-0163,PROD-0093,VAR-ACC-KEN-LOCK-01,Kensington ClickSafe 2.0 Keyed Lock (1.8m Carbon Steel Cable),,,,,,,,Steel/Black,Keyed Lock Mechanism with 2 Keys,,Anti-Theft Cable Lock,60,0.00,1800.00,2500.00,8907200000164,ACTIVE
VAR-0164,PROD-0094,VAR-ACC-ANK-GAN120-01,Anker 737 GaNPrime 120W (2x USB-C + 1x USB-A) Black,,,,,,,,Black,"2x USB-C (100W Max), 1x USB-A (22.5W Max)",,GaN Power Adapter,24,0.00,4500.00,5999.00,8907200000165,ACTIVE
VAR-0165,PROD-0095,COL-LOG-RALLYBAR-GRAPHITE,Logitech Rally Bar Video Bar Appliance Graphite,,,,,,,4K UHD 30fps Cinema Quality,Graphite,"HDMI In/Out, USB-C, Wi-Fi, Gigabit LAN, 3x Mic Pod Ports",CollabOS (Appliance Mode & USB Mode),All-in-One Conference Bar,24,0.00,245000.00,295000.00,8907200000166,ACTIVE
VAR-0166,PROD-0095,COL-LOG-RALLYBAR-MICPOD,Logitech Rally Bar bundled with Table Expansion Mic Pod,,,,,,,4K UHD Cinema Quality,Graphite,All Ports + 1x Extension Mic Pod with 2.9m Cable,CollabOS,Video Bar + Expansion Mic Pod,24,28000.00,268000.00,323000.00,8907200000167,ACTIVE
VAR-0167,PROD-0096,COL-LOG-MEETUP-BASE,Logitech MeetUp All-in-One ConferenceCam with Remote,,,,,,,4K Ultra HD @ 30fps (120-deg FOV),Black,"USB 3.0 Type-C, Bluetooth",Plug-and-play USB,Compact Soundbar Camera,24,0.00,58000.00,69900.00,8907200000168,ACTIVE
VAR-0168,PROD-0097,COL-JAB-SPK75-MS-USB,Jabra Speak2 75 MS Teams USB-A/C + Bluetooth with Link 380c,,,,,,,,Dark Grey Aluminium,USB-C/A integrated cable + Bluetooth 5.2,,Portable Puck Speakerphone,24,0.00,22000.00,27500.00,8907200000169,ACTIVE
VAR-0169,PROD-0098,COL-POL-X50-TC8-BUNDLE,Poly Studio X50 Video Bar + Poly TC8 Touch Room Controller,,,,,,,4K UHD with 5x Digital Zoom,Sand / Grey,"2x HDMI Out, 1x HDMI In, USB-A, USB-C, Wi-Fi, GbE",Native Zoom / Teams Rooms,Video Bar + Touch Controller,24,0.00,215000.00,258000.00,8907200000170,ACTIVE
VAR-0170,PROD-0099,SEC-CIS-SFP-10G-SR-01,"Cisco 10GBASE-SR SFP+ Optical Transceiver (850nm, MMF, LC Duplex)",,,,,,,,Silver Metal,LC Duplex Connector (850nm),,SFP+ Optical Transceiver,36,0.00,7500.00,9500.00,8907200000171,ACTIVE
VAR-0171,PROD-0100,SEC-CIS-DAC-3M-01,Cisco 10G SFP+ Twinax Passive Copper Cable 3-Meter,,,,,,,,Black/Copper,SFP+ to SFP+ Fixed Twinax Connectors,,3-Meter Passive DAC Cable,36,0.00,3200.00,4200.00,8907200000172,ACTIVE
VAR-0172,PROD-0101,LAP-LEN-T16-I5-16-512,ThinkPad T16 Gen 2 i5 / 16GB / 512GB / WUXGA,Intel Core i5-1335U,16GB DDR5,512GB,PCIe SSD,Intel Iris Xe,"16.0""",1920x1200 WUXGA,Thunder Black,Wi-Fi 6E + BT 5.1,Win 11 Pro,Clamshell,36,0.00,74000.00,89000.00,8907200000173,ACTIVE
VAR-0173,PROD-0101,LAP-LEN-T16-I7-32-1TB,ThinkPad T16 Gen 2 i7 / 32GB / 1TB / WUXGA Touch,Intel Core i7-1355U,32GB DDR5,1TB,PCIe SSD,Intel Iris Xe,"16.0""",1920x1200 Touch,Thunder Black,Wi-Fi 6E + BT 5.1,Win 11 Pro,Clamshell,36,17000.00,87500.00,106000.00,8907200000174,ACTIVE
VAR-0174,PROD-0102,LAP-LEN-X1Y-I7-16-512,ThinkPad X1 Yoga Gen 8 i7 / 16GB / 512GB / Storm Grey,Intel Core i7-1365U,16GB LPDDR5,512GB,PCIe Gen4 SSD,Intel Iris Xe,"14.0""",1920x1200 Touch,Storm Grey,Wi-Fi 6E + BT 5.2,Win 11 Pro,2-in-1 Convertible,36,0.00,138000.00,166000.00,8907200000175,ACTIVE
VAR-0175,PROD-0102,LAP-LEN-X1Y-I7-32-1TB-OLED,ThinkPad X1 Yoga Gen 8 i7 / 32GB / 1TB / 4K OLED,Intel Core i7-1370P,32GB LPDDR5,1TB,PCIe Gen4 SSD,Intel Iris Xe,"14.0""",3840x2400 OLED Touch,Storm Grey,Wi-Fi 6E + 5G,Win 11 Pro,2-in-1 Convertible,36,32000.00,164000.00,198000.00,8907200000176,ACTIVE
VAR-0176,PROD-0103,LAP-LEN-L14-I5-16-512,ThinkPad L14 Gen 4 i5 / 16GB / 512GB SSD,Intel Core i5-1335U,16GB DDR4,512GB,PCIe SSD,Intel Iris Xe,"14.0""",1920x1080 FHD IPS,Black,Wi-Fi 6 + BT 5.1,Win 11 Pro,Business Laptop,36,0.00,52000.00,62500.00,8907200000177,ACTIVE
VAR-0177,PROD-0103,LAP-LEN-L14-I7-32-1TB,ThinkPad L14 Gen 4 i7 / 32GB / 1TB SSD,Intel Core i7-1355U,32GB DDR4,1TB,PCIe SSD,Intel Iris Xe,"14.0""",1920x1080 FHD IPS,Black,Wi-Fi 6 + BT 5.1,Win 11 Pro,Business Laptop,36,14000.00,63000.00,76500.00,8907200000178,ACTIVE
VAR-0178,PROD-0104,LAP-HP-EB640-I5-16-512,HP EliteBook 640 G10 i5 / 16GB / 512GB SSD,Intel Core i5-1335U,16GB DDR4,512GB,PCIe NVMe,Intel Iris Xe,"14.0""",1920x1080 FHD IPS,Pike Silver,Wi-Fi 6E + BT 5.3,Win 11 Pro,Ultrabook,36,0.00,59000.00,71000.00,8907200000179,ACTIVE
VAR-0179,PROD-0104,LAP-HP-EB640-I7-32-1TB,HP EliteBook 640 G10 i7 / 32GB / 1TB SSD,Intel Core i7-1355U,32GB DDR4,1TB,PCIe NVMe,Intel Iris Xe,"14.0""",1920x1080 FHD IPS,Pike Silver,Wi-Fi 6E + BT 5.3,Win 11 Pro,Ultrabook,36,15000.00,71000.00,86000.00,8907200000180,ACTIVE
VAR-0180,PROD-0105,LAP-HP-EB1040-I7-16-512,HP EliteBook 1040 G10 i7 / 16GB / 512GB,Intel Core i7-1365U vPro,16GB LPDDR5,512GB,PCIe NVMe,Intel Iris Xe,"14.0""",1920x1200 WUXGA,Natural Silver,Wi-Fi 6E + BT 5.3,Win 11 Pro,Executive Ultrabook,36,0.00,115000.00,138000.00,8907200000181,ACTIVE
VAR-0181,PROD-0105,LAP-HP-EB1040-I7-32-1TB,HP EliteBook 1040 G10 i7 / 32GB / 1TB 5G,Intel Core i7-1365U vPro,32GB LPDDR5,1TB,PCIe NVMe,Intel Iris Xe,"14.0""",1920x1200 WUXGA,Natural Silver,Wi-Fi 6E + 5G LTE,Win 11 Pro,Executive Ultrabook,36,24000.00,134000.00,162000.00,8907200000182,ACTIVE
VAR-0182,PROD-0106,LAP-HP-PB450-I5-16-512,HP ProBook 450 G10 i5 / 16GB / 512GB SSD,Intel Core i5-1335U,16GB DDR4,512GB,PCIe NVMe,Intel Iris Xe,"15.6""",1920x1080 FHD,Pike Silver,Wi-Fi 6E + BT 5.3,Win 11 Pro,Standard Laptop,12,0.00,49000.00,59000.00,8907200000183,ACTIVE
VAR-0183,PROD-0106,LAP-HP-PB450-I7-32-1TB,HP ProBook 450 G10 i7 / 32GB / 1TB SSD,Intel Core i7-1355U,32GB DDR4,1TB,PCIe NVMe,Intel Iris Xe,"15.6""",1920x1080 FHD,Pike Silver,Wi-Fi 6E + BT 5.3,Win 11 Pro,Standard Laptop,12,13000.00,59500.00,72000.00,8907200000184,ACTIVE
VAR-0184,PROD-0107,LAP-DEL-LAT-5540-I5-16-512,Dell Latitude 5540 i5 / 16GB / 512GB SSD,Intel Core i5-1335U,16GB DDR4,512GB,NVMe SSD,Intel Iris Xe,"15.6""",1920x1080 FHD IPS,Grey,Wi-Fi 6E + BT 5.3,Win 11 Pro,Clamshell Laptop,36,0.00,64000.00,77000.00,8907200000185,ACTIVE
VAR-0185,PROD-0107,LAP-DEL-LAT-5540-I7-32-1TB,Dell Latitude 5540 i7 / 32GB / 1TB SSD,Intel Core i7-1355U,32GB DDR4,1TB,NVMe SSD,Intel Iris Xe,"15.6""",1920x1080 FHD IPS,Grey,Wi-Fi 6E + BT 5.3,Win 11 Pro,Clamshell Laptop,36,15000.00,76000.00,92000.00,8907200000186,ACTIVE
VAR-0186,PROD-0108,LAP-DEL-LAT-7640-I7-16-512,Dell Latitude 7640 i7 / 16GB / 512GB SSD,Intel Core i7-1365U vPro,16GB LPDDR5,512GB,NVMe SSD,Intel Iris Xe,"16.0""",1920x1200 FHD+ IPS,Titan Grey,Wi-Fi 6E + BT 5.3,Win 11 Pro,Clamshell Laptop,36,0.00,94000.00,113000.00,8907200000187,ACTIVE
VAR-0187,PROD-0108,LAP-DEL-LAT-7640-I7-32-1TB,Dell Latitude 7640 i7 / 32GB / 1TB SSD,Intel Core i7-1365U vPro,32GB LPDDR5,1TB,NVMe SSD,Intel Iris Xe,"16.0""",1920x1200 FHD+ IPS,Titan Grey,Wi-Fi 6E + BT 5.3,Win 11 Pro,Clamshell Laptop,36,18000.00,108500.00,131000.00,8907200000188,ACTIVE
VAR-0188,PROD-0109,LAP-DEL-LAT-9440-I7-32-1TB,Dell Latitude 9440 2-in-1 i7 / 32GB / 1TB / QHD+ Touch,Intel Core i7-1365U vPro,32GB LPDDR5X,1TB,PCIe Gen4 NVMe,Intel Iris Xe,"14.0""",2560x1600 QHD+ 16:10 Touch,Graphite CNC,Wi-Fi 6E + 5G,Win 11 Pro,2-in-1 Executive,36,0.00,165000.00,198000.00,8907200000189,ACTIVE
VAR-0189,PROD-0109,LAP-DEL-LAT-9440-I7-64-2TB,Dell Latitude 9440 2-in-1 i7 / 64GB / 2TB / QHD+ Touch,Intel Core i7-1375U vPro,64GB LPDDR5X,2TB,PCIe Gen4 NVMe,Intel Iris Xe,"14.0""",2560x1600 QHD+ 16:10 Touch,Graphite CNC,Wi-Fi 6E + 5G,Win 11 Pro,2-in-1 Executive,36,35000.00,194000.00,233000.00,8907200000190,ACTIVE
VAR-0190,PROD-0110,LAP-APL-MBA15-M3-16-512-MIDN,MacBook Air 15 M3 (16GB / 512GB) Midnight,Apple M3 (8-Core CPU),16GB Unified,512GB,Apple SSD,Apple 10-Core GPU,"15.3""",2880x1864 Liquid Retina 500 nits,Midnight,Wi-Fi 6E + BT 5.3,macOS Sonoma,Thin Laptop,12,0.00,112000.00,134900.00,8907200000191,ACTIVE
VAR-0191,PROD-0110,LAP-APL-MBA15-M3-24-1TB-SLVR,MacBook Air 15 M3 (24GB / 1TB) Silver,Apple M3 (8-Core CPU),24GB Unified,1TB,Apple SSD,Apple 10-Core GPU,"15.3""",2880x1864 Liquid Retina 500 nits,Silver,Wi-Fi 6E + BT 5.3,macOS Sonoma,Thin Laptop,12,29000.00,136000.00,163900.00,8907200000192,ACTIVE
VAR-0192,PROD-0111,LAP-ASU-B5-I5-16-512,ASUS ExpertBook B5 Flip i5 / 16GB / 512GB Touch,Intel Core i5-1240P,16GB DDR5,512GB,PCIe SSD,Intel Iris Xe,"14.0""",1920x1080 FHD Touch,Star Black,Wi-Fi 6E + BT 5.2,Win 11 Pro,Convertible,36,0.00,72000.00,86500.00,8907200000193,ACTIVE
VAR-0193,PROD-0111,LAP-ASU-B5-I7-32-1TB,ASUS ExpertBook B5 Flip i7 / 32GB / 1TB Touch,Intel Core i7-1260P,32GB DDR5,1TB,PCIe SSD,Intel Iris Xe,"14.0""",1920x1080 FHD Touch,Star Black,Wi-Fi 6E + BT 5.2,Win 11 Pro,Convertible,36,18000.00,87000.00,104500.00,8907200000194,ACTIVE
VAR-0194,PROD-0112,DSK-DEL-OPT-7010T-I7-16-512,Dell OptiPlex 7010 Tower i7 / 16GB / 512GB,Intel Core i7-13700,16GB DDR5,512GB,NVMe SSD,Intel UHD 770,None,DisplayPort x3,Black,Gigabit LAN,Win 11 Pro,Full Tower,36,0.00,54000.00,65000.00,8907200000195,ACTIVE
VAR-0195,PROD-0112,DSK-DEL-OPT-7010T-I7-32-1TB-GPU,Dell OptiPlex 7010 Tower i7 / 32GB / 1TB / RTX 3050 8GB,Intel Core i7-13700,32GB DDR5,1TB,NVMe SSD,NVIDIA RTX 3050 8GB,None,DisplayPort x3 + HDMI,Black,Gigabit LAN,Win 11 Pro,Full Tower,36,26000.00,75500.00,91000.00,8907200000196,ACTIVE
VAR-0196,PROD-0113,DSK-HP-MINI800-I5-16-512,HP Elite Mini 800 G9 i5 / 16GB / 512GB SSD,Intel Core i5-13500T,16GB DDR5,512GB,PCIe NVMe,Intel UHD 770,None,3x DisplayPort,Black,Wi-Fi 6E + GbE,Win 11 Pro,Ultra Small 1L,36,0.00,56000.00,67500.00,8907200000197,ACTIVE
VAR-0197,PROD-0113,DSK-HP-MINI800-I7-32-1TB,HP Elite Mini 800 G9 i7 / 32GB / 1TB SSD,Intel Core i7-13700T,32GB DDR5,1TB,PCIe NVMe,Intel UHD 770,None,3x DisplayPort,Black,Wi-Fi 6E + GbE,Win 11 Pro,Ultra Small 1L,36,18000.00,71000.00,85500.00,8907200000198,ACTIVE
VAR-0198,PROD-0114,DSK-LEN-M70S-I5-16-512,ThinkCentre M70s Gen 4 i5 / 16GB / 512GB SSD,Intel Core i5-13400,16GB DDR4,512GB,PCIe SSD,Intel UHD 730,None,DisplayPort + HDMI,Black,Gigabit LAN,Win 11 Pro,Small Form Factor,36,0.00,47000.00,56500.00,8907200000199,ACTIVE
VAR-0199,PROD-0114,DSK-LEN-M70S-I7-32-1TB,ThinkCentre M70s Gen 4 i7 / 32GB / 1TB SSD,Intel Core i7-13700,32GB DDR4,1TB,PCIe SSD,Intel UHD 770,None,DisplayPort + HDMI,Black,Gigabit LAN,Win 11 Pro,Small Form Factor,36,16000.00,60500.00,72500.00,8907200000200,ACTIVE
VAR-0200,PROD-0115,DSK-APL-MINI-M2-16-512-SLV,Apple Mac Mini M2 (16GB Unified / 512GB SSD) Silver,Apple M2 (8-Core CPU),16GB Unified,512GB,Apple SSD,Apple 10-Core GPU,None,Supports Dual Display (TB4 + HDMI),Silver,Gigabit LAN + Wi-Fi 6E,macOS Sonoma,Mini Desktop,12,0.00,50000.00,59900.00,8907200000201,ACTIVE
VAR-0201,PROD-0115,DSK-APL-MINI-M2-24-512-SLV,Apple Mac Mini M2 (24GB Unified / 512GB SSD) Silver,Apple M2 (8-Core CPU),24GB Unified,512GB,Apple SSD,Apple 10-Core GPU,None,Supports Dual Display,Silver,Gigabit LAN + Wi-Fi 6E,macOS Sonoma,Mini Desktop,12,16000.00,63500.00,75900.00,8907200000202,ACTIVE
VAR-0202,PROD-0116,WKS-HP-Z2SFF-I7-32-1TB-A2000,HP Z2 SFF G9 i7 / 32GB ECC / 1TB / RTX A2000 12GB,Intel Core i7-13700K,32GB DDR5 ECC,1TB,HP Z Turbo Drive NVMe,NVIDIA RTX A2000 12GB,None,Quad DP,Space Grey,Gigabit LAN,Win 11 Pro WS,Small Form Factor WS,36,0.00,135000.00,162000.00,8907200000203,ACTIVE
VAR-0203,PROD-0116,WKS-HP-Z2SFF-I9-64-2TB-A4000,HP Z2 SFF G9 i9 / 64GB ECC / 2TB / RTX 4000 SFF Ada 20GB,Intel Core i9-13900K,64GB DDR5 ECC,2TB,HP Z Turbo Drive NVMe,NVIDIA RTX 4000 SFF Ada 20GB,None,Quad DP,Space Grey,Gigabit LAN,Win 11 Pro WS,Small Form Factor WS,36,75000.00,198000.00,237000.00,8907200000204,ACTIVE
VAR-0204,PROD-0117,WKS-LEN-P3T-I7-32-1TB-T1000,ThinkStation P3 Tiny i7 / 32GB / 1TB / NVIDIA T1000 8GB,Intel Core i7-13700T,32GB DDR5 Non-ECC,1TB,PCIe Gen4 Performance,NVIDIA T1000 8GB,None,4x Mini-DisplayPort,Raven Black,Gigabit LAN + Wi-Fi 6E,Win 11 Pro for WS,1L Micro WS,36,0.00,88000.00,105000.00,8907200000205,ACTIVE
VAR-0205,PROD-0117,WKS-LEN-P3T-I9-64-2TB-T1000,ThinkStation P3 Tiny i9 / 64GB / 2TB / NVIDIA T1000 8GB,Intel Core i9-13900T,64GB DDR5 Non-ECC,2TB,PCIe Gen4 Performance,NVIDIA T1000 8GB,None,4x Mini-DisplayPort,Raven Black,Gigabit LAN + Wi-Fi 6E,Win 11 Pro for WS,1L Micro WS,36,28000.00,111500.00,133000.00,8907200000206,ACTIVE
VAR-0206,PROD-0118,WKS-HP-Z8F-W9-128-4TB-6000,HP Z8 Fury G5 Xeon w9-3475X / 128GB ECC / 4TB / RTX 6000 Ada 48GB,Intel Xeon w9-3475X (36C),128GB DDR5 ECC RDIMM,4TB (2x 2TB NVMe),HP Z Turbo Dual RAID,NVIDIA RTX 6000 Ada 48GB,None,Quad DP 1.4a,Dark Tower,Dual 10GbE + 1GbE,Win 11 Pro WS / Linux,Heavy Enterprise Tower,36,0.00,48000.00,576000.00,8907200000207,ACTIVE
VAR-0207,PROD-0118,WKS-HP-Z8F-W9-256-8TB-2X6000,HP Z8 Fury G5 Xeon w9-3495X / 256GB ECC / 8TB / Dual RTX 6000 Ada,Intel Xeon w9-3495X (56C),256GB DDR5 ECC RDIMM,8TB (4x 2TB NVMe),HP Z Turbo Quad RAID,Dual NVIDIA RTX 6000 Ada (96GB VRAM),None,8x DP 1.4a,Dark Tower,Dual 10GbE + 1GbE,Win 11 Pro WS / Linux,Heavy Enterprise Tower,36,390000.00,805000.00,966000.00,8907200000208,ACTIVE
VAR-0208,PROD-0119,WKS-HP-ZBKF16-I7-32-1TB-A3500,HP ZBook Fury 16 G10 i7 / 32GB / 1TB / RTX 3500 Ada 12GB,Intel Core i7-13850HX,32GB DDR5 ECC,1TB,PCIe Gen4 NVMe,NVIDIA RTX 3500 Ada 12GB,"16.0""",1920x1200 16:10 400 nits,Space Grey,Wi-Fi 6E + BT 5.3,Win 11 Pro WS,Heavy Mobile WS,36,0.00,225000.00,270000.00,8907200000209,ACTIVE
VAR-0209,PROD-0119,WKS-HP-ZBKF16-I9-64-2TB-A5000,HP ZBook Fury 16 G10 i9 / 64GB / 2TB / RTX 5000 Ada 16GB,Intel Core i9-13950HX,64GB DDR5 ECC,2TB,PCIe Gen4 NVMe,NVIDIA RTX 5000 Ada 16GB,"16.0""",3840x2400 OLED 4K Touch,Space Grey,Wi-Fi 6E + BT 5.3,Win 11 Pro WS,Heavy Mobile WS,36,95000.00,305000.00,365000.00,8907200000210,ACTIVE
VAR-0210,PROD-0120,SRV-DEL-R450-1X-32G-1.92T,Dell PowerEdge R450 1x Xeon Silver 4310 / 32GB ECC / 2x 960GB SSD / PERC H355,1x Intel Xeon Silver 4310 (12C),32GB DDR4 ECC RDIMM,1.92TB (2x 960GB SATA SSD),PERC H355 RAID,Matrox G200,None,iDRAC9 Basic,Silver/Black,Dual 1GbE LOM,Hypervisor Ready,1U Rackmount,36,0.00,215000.00,258000.00,8907200000211,ACTIVE
VAR-0211,PROD-0120,SRV-DEL-R450-2X-64G-3.84T,Dell PowerEdge R450 2x Xeon Silver 4310 / 64GB ECC / 4x 960GB SSD / Dual 600W,2x Intel Xeon Silver 4310 (24C Total),64GB DDR4 ECC RDIMM,3.84TB (4x 960GB SATA SSD),PERC H755 RAID,Matrox G200,None,iDRAC9 Enterprise,Silver/Black,Dual 1GbE + Dual 10GbE,Hypervisor Ready,1U Rackmount,36,68000.00,272000.00,326000.00,8907200000212,ACTIVE
VAR-0212,PROD-0121,SRV-DEL-R760XA-2X-256G-4XA16,PowerEdge R760xa 2x Xeon Gold 6430 / 256GB ECC / 4x NVIDIA A16 64GB VDI GPUs,2x Intel Xeon Gold 6430 (64C Total),256GB DDR5 ECC RDIMM,7.68TB (4x 1.92TB NVMe),Enterprise NVMe RAID,4x NVIDIA A16 (64GB Total),None,iDRAC9 Enterprise,Black/Silver,Quad 25GbE SFP28,VMware ESXi Enterprise Ready,2U 4-GPU Rackmount,36,0.00,680000.00,816000.00,8907200000213,ACTIVE
VAR-0213,PROD-0121,SRV-DEL-R760XA-2X-512G-4XL40S,PowerEdge R760xa 2x Xeon Platinum 8468 / 512GB ECC / 4x NVIDIA L40S 48GB Generative AI,2x Intel Xeon Platinum 8468 (96C Total),512GB DDR5 ECC RDIMM,15.3TB (8x 1.92TB NVMe),Enterprise NVMe RAID,4x NVIDIA L40S (192GB VRAM Total),None,iDRAC9 Enterprise,Black/Silver,Quad 25GbE + Dual 100GbE QSFP28,Ubuntu 22.04 LTS AI Stack,2U 4-GPU Rackmount,36,750000.00,1315000.00,1566000.00,8907200000214,ACTIVE
VAR-0214,PROD-0122,SRV-HPE-ML350-G11-64G,HPE ML350 Gen11 1x Xeon Silver 4410Y / 64GB DDR5 / 4x 1.92TB SAS SSD / Dual 800W,1x Intel Xeon Silver 4410Y,64GB DDR5 SmartMemory,7.68TB (4x 1.92TB SAS),HPE MR416i-p Storage Controller,Matrox G200,None,iLO 6 Advanced,Metallic Grey,Broadcom 5719 Quad 1GbE,Windows Server Std Ready,Tower / 5U Rack Convertible,36,0.00,310000.00,372000.00,8907200000215,ACTIVE
VAR-0215,PROD-0122,SRV-HPE-ML350-G11-128G,HPE ML350 Gen11 2x Xeon Silver 4410Y / 128GB DDR5 / 8x 1.92TB SAS SSD / Dual 1000W,2x Intel Xeon Silver 4410Y (24C Total),128GB DDR5 SmartMemory,15.3TB (8x 1.92TB SAS),HPE MR416i-p Storage Controller,Matrox G200,None,iLO 6 Advanced,Metallic Grey,Quad 1GbE + Dual 10GbE,Windows Server Std Ready,Tower / 5U Rack Convertible,36,115000.00,405000.00,487000.00,8907200000216,ACTIVE
VAR-0216,PROD-0123,SRV-HPE-DL385-2X-128G-7.68T,HPE DL385 Gen11 2x AMD EPYC 9124 (32C/64T) / 128GB DDR5 / 4x 1.92TB NVMe,2x AMD EPYC 9124 (32C Total),128GB DDR5 ECC RDIMM,7.68TB (4x 1.92TB NVMe),PCIe Gen5 NVMe Controller,Matrox G200,None,iLO 6 Advanced,Metallic Grey,Dual 10/25GbE OCP3,Hypervisor Ready,2U Rackmount,36,0.00,420000.00,504000.00,8907200000217,ACTIVE
VAR-0217,PROD-0123,SRV-HPE-DL385-2X-256G-15.3T,HPE DL385 Gen11 2x AMD EPYC 9354 (64C/128T) / 256GB DDR5 / 8x 1.92TB NVMe,2x AMD EPYC 9354 (64C Total),256GB DDR5 ECC RDIMM,15.36TB (8x 1.92TB NVMe),PCIe Gen5 NVMe Controller,Matrox G200,None,iLO 6 Advanced,Metallic Grey,Quad 25GbE SFP28,Hypervisor Ready,2U Rackmount,36,180000.00,570000.00,684000.00,8907200000218,ACTIVE
VAR-0218,PROD-0124,SRV-LEN-SR630-1X-64G-1.92T,ThinkSystem SR630 V3 1x Xeon Silver 4410Y / 64GB DDR5 / 2x 960GB SAS SSD,1x Intel Xeon Silver 4410Y,64GB TruDDR5 RDIMM,1.92TB (2x 960GB SAS),RAID 5350-8i,Matrox G200,None,XClarity Enterprise,Black,Dual 10GbE SFP+,Hypervisor Ready,1U Rackmount,36,0.00,295000.00,354000.00,8907200000219,ACTIVE
VAR-0219,PROD-0124,SRV-LEN-SR630-2X-128G-3.84T,ThinkSystem SR630 V3 2x Xeon Silver 4410Y / 128GB DDR5 / 4x 960GB SAS SSD,2x Intel Xeon Silver 4410Y (24C Total),128GB TruDDR5 RDIMM,3.84TB (4x 960GB SAS),RAID 9350-8i 2GB Flash,Matrox G200,None,XClarity Enterprise,Black,Quad 10/25GbE OCP,Hypervisor Ready,1U Rackmount,36,90000.00,372000.00,444000.00,8907200000220,ACTIVE
VAR-0220,PROD-0125,PHN-APL-IP14-128-MID,Apple iPhone 14 128GB Midnight,Apple A15 Bionic,6GB RAM,128GB,Flash Storage,Apple 5-Core GPU,"6.1""",2532x1170 Super Retina XDR OLED,Midnight,5G + Wi-Fi 6 + BT 5.3,iOS 17,Bar Smartphone,12,0.00,54000.00,64900.00,8907200000221,ACTIVE
VAR-0221,PROD-0125,PHN-APL-IP14-256-STA,Apple iPhone 14 256GB Starlight,Apple A15 Bionic,6GB RAM,256GB,Flash Storage,Apple 5-Core GPU,"6.1""",2532x1170 Super Retina XDR OLED,Starlight,5G + Wi-Fi 6 + BT 5.3,iOS 17,Bar Smartphone,12,8500.00,61000.00,73400.00,8907200000222,ACTIVE
VAR-0222,PROD-0126,PHN-SAM-S23FE-128-GRPH,Samsung Galaxy S23 FE 128GB Graphite,Exynos 2200 8-Core,8GB RAM,128GB,UFS 3.1,Xclipse 920,"6.4""",2340x1080 Dynamic AMOLED 2X 120Hz,Graphite,5G + Wi-Fi 6E + BT 5.3,Android 14 / One UI 6,Bar Smartphone,24,0.00,44000.00,54999.00,8907200000223,ACTIVE
VAR-0223,PROD-0126,PHN-SAM-S23FE-256-MINT,Samsung Galaxy S23 FE 256GB Mint,Exynos 2200 8-Core,8GB RAM,256GB,UFS 3.1,Xclipse 920,"6.4""",2340x1080 Dynamic AMOLED 2X 120Hz,Mint,5G + Wi-Fi 6E + BT 5.3,Android 14 / One UI 6,Bar Smartphone,24,4000.00,47500.00,58999.00,8907200000224,ACTIVE
VAR-0224,PROD-0127,PHN-GGL-PIX7A-128-CHR,Google Pixel 7a 128GB Charcoal,Google Tensor G2,8GB LPDDR5,128GB,UFS 3.1,Mali-G710,"6.1""",2400x1080 OLED 90Hz,Charcoal,5G + Wi-Fi 6E + BT 5.3,Android 14,Bar Smartphone,12,0.00,34000.00,41999.00,8907200000225,ACTIVE
VAR-0225,PROD-0127,PHN-GGL-PIX7A-128-SEA,Google Pixel 7a 128GB Sea Blue,Google Tensor G2,8GB LPDDR5,128GB,UFS 3.1,Mali-G710,"6.1""",2400x1080 OLED 90Hz,Sea Blue,5G + Wi-Fi 6E + BT 5.3,Android 14,Bar Smartphone,12,0.00,34000.00,41999.00,8907200000226,ACTIVE
VAR-0226,PROD-0128,PHN-ONE-OP12R-128-GRY,OnePlus 12R 128GB (8GB RAM) Iron Gray,Snapdragon 8 Gen 2,8GB LPDDR5X,128GB,UFS 3.1,Adreno 740,"6.78""",2780x1264 1.5K ProXDR 120Hz LTPO,Iron Gray,5G + Wi-Fi 7 + BT 5.3,OxygenOS 14,Bar Smartphone,12,0.00,33000.00,39999.00,8907200000227,ACTIVE
VAR-0227,PROD-0128,PHN-ONE-OP12R-256-BLU,OnePlus 12R 256GB (16GB RAM) Cool Blue,Snapdragon 8 Gen 2,16GB LPDDR5X,256GB,UFS 3.1,Adreno 740,"6.78""",2780x1264 1.5K ProXDR 120Hz LTPO,Cool Blue,5G + Wi-Fi 7 + BT 5.3,OxygenOS 14,Bar Smartphone,12,4500.00,36800.00,44499.00,8907200000228,ACTIVE
VAR-0228,PROD-0129,TAB-APL-AIR13-128-WIFI-GRY,iPad Air 13 M2 128GB Wi-Fi Space Grey,Apple M2 (8-Core CPU),8GB Unified,128GB,Apple Fast Flash,Apple 9-Core GPU,"13.0""",2732x2048 Liquid Retina 600 nits,Space Grey,Wi-Fi 6E + BT 5.3,iPadOS 17,Large Tablet,12,0.00,66000.00,79900.00,8907200000229,ACTIVE
VAR-0229,PROD-0129,TAB-APL-AIR13-256-5G-SLV,iPad Air 13 M2 256GB Wi-Fi + 5G Cellular Starlight,Apple M2 (8-Core CPU),8GB Unified,256GB,Apple Fast Flash,Apple 9-Core GPU,"13.0""",2732x2048 Liquid Retina 600 nits,Starlight,Wi-Fi 6E + 5G Cellular + BT 5.3,iPadOS 17,Large Cellular Tablet,12,21000.00,83500.00,100900.00,8907200000230,ACTIVE
VAR-0230,PROD-0130,TAB-APL-PRO13-256-WIFI-BLK,iPad Pro 13 M4 256GB Wi-Fi Space Black,Apple M4 (9-Core CPU),8GB Unified,256GB,Apple NVMe,Apple 10-Core GPU,"13.0""",2752x2064 Ultra Retina XDR Tandem OLED,Space Black,Wi-Fi 6E + BT 5.3,iPadOS 17,Pro Large Tablet,12,0.00,108000.00,129900.00,8907200000231,ACTIVE
VAR-0231,PROD-0130,TAB-APL-PRO13-512-5G-SLV,iPad Pro 13 M4 512GB Wi-Fi + 5G Cellular Silver,Apple M4 (9-Core CPU),8GB Unified,512GB,Apple NVMe,Apple 10-Core GPU,"13.0""",2752x2064 Ultra Retina XDR Tandem OLED,Silver,Wi-Fi 6E + 5G Cellular,iPadOS 17,Pro Large Cellular Tablet,12,30000.00,133000.00,159900.00,8907200000232,ACTIVE
VAR-0232,PROD-0131,TAB-SAM-S9P-256-5G-GRF,Samsung Galaxy Tab S9+ 256GB 5G Graphite Enterprise Edition,Snapdragon 8 Gen 2 for Galaxy,12GB RAM,256GB (MicroSD up to 1TB),UFS 4.0,Adreno 740,"12.4""",2800x1752 Dynamic AMOLED 2X 120Hz,Graphite,5G + Wi-Fi 6E + BT 5.3,Android 14 (DeX Enabled),Enterprise Tablet,24,0.00,74000.00,90999.00,8907200000233,ACTIVE
VAR-0233,PROD-0131,TAB-SAM-S9P-512-5G-BEI,Samsung Galaxy Tab S9+ 512GB 5G Beige Enterprise Edition,Snapdragon 8 Gen 2 for Galaxy,12GB RAM,512GB (MicroSD up to 1TB),UFS 4.0,Adreno 740,"12.4""",2800x1752 Dynamic AMOLED 2X 120Hz,Beige,5G + Wi-Fi 6E + BT 5.3,Android 14 (DeX Enabled),Enterprise Tablet,24,10000.00,82500.00,100999.00,8907200000234,ACTIVE
VAR-0234,PROD-0132,TAB-SAM-ACT5-128-5G-GRN,Galaxy Tab Active5 128GB 5G Green Rugged Field Tablet,Exynos 1380 8-Core,6GB RAM,128GB (MicroSD up to 1TB),UFS 2.2,Mali-G68,"8.0""",1920x1200 WUXGA TFT 120Hz Glove Mode,Rugged Green,5G + Wi-Fi 6 + BT 5.3 + NFC,Android 14 Enterprise Edition,Compact Rugged Tablet,24,0.00,43000.00,51999.00,8907200000235,ACTIVE
VAR-0235,PROD-0132,TAB-SAM-ACT5-256-5G-GRN,Galaxy Tab Active5 256GB 5G Green Rugged Field Tablet,Exynos 1380 8-Core,8GB RAM,256GB (MicroSD up to 1TB),UFS 2.2,Mali-G68,"8.0""",1920x1200 WUXGA TFT 120Hz Glove Mode,Rugged Green,5G + Wi-Fi 6 + BT 5.3 + NFC,Android 14 Enterprise Edition,Compact Rugged Tablet,24,5000.00,47200.00,56999.00,8907200000236,ACTIVE
VAR-0236,PROD-0133,NET-CIS-CBS350-24P-01,Cisco CBS350 24-Port Gigabit PoE+ (195W) 4x SFP Switch,,,,,,,,Silver/Grey,"24x 1GbE PoE+ RJ45, 4x 1GbE SFP",Cisco Business OS,1U Rackmount,36,0.00,42000.00,51000.00,8907200000237,ACTIVE
VAR-0237,PROD-0134,NET-CIS-CBS350-48P-01,Cisco CBS350 48-Port Gigabit PoE+ (370W) 4x 10G SFP+ Switch,,,,,,,,Silver/Grey,"48x 1GbE PoE+ RJ45, 4x 10GbE SFP+",Cisco Business OS,1U Rackmount,36,0.00,92000.00,112000.00,8907200000238,ACTIVE
VAR-0238,PROD-0135,NET-CIS-C9300-48U-A-01,Cisco Catalyst 9300 48-Port UPOE (up to 90W/port) Network Advantage,,,,,,,,Cisco Grey,"48x 1GbE UPOE+, Modular Uplink Slot",Cisco IOS-XE,1U Dual PSU Rackmount,36,0.00,41000.00,492000.00,8907200000239,ACTIVE
VAR-0239,PROD-0136,NET-UBI-UDM-SE-01,"UniFi Dream Machine Special Edition (8x PoE GbE, 2.5G WAN, 10G SFP+)",,,"128GB Integrated + 3.5"" Bay",Integrated SSD Storage,,,,Silver Aluminium,"8x GbE PoE/PoE+, 1x 2.5G RJ45, 2x 10G SFP+",UniFi OS,1U Rackmount Gateway,24,0.00,46000.00,56000.00,8907200000240,ACTIVE
VAR-0240,PROD-0137,NET-UBI-U7PRO-SINGLE,UniFi U7 Pro Tri-Band (2.4/5/6 GHz) Wi-Fi 7 AP with 2.5GbE Uplink,,,,,,,,White Disc,"1x 2.5 GbE RJ45 Port, PoE+ (802.3at)",UniFi Network,Ceiling Mount Disc,24,0.00,18500.00,22900.00,8907200000241,ACTIVE
VAR-0241,PROD-0138,NET-FOR-FG200F-HW-ONLY,FortiGate 200F Appliance with Dual Redundant Power Supplies,,,,,,,,White 1U,"4x 10GE SFP+ slots, 16x GE RJ45, 2x GE SFP",FortiOS 7.4,1U Rackmount Firewall,36,0.00,340000.00,408000.00,8907200000242,ACTIVE
VAR-0242,PROD-0138,NET-FOR-FG200F-UTP-1YR,FortiGate 200F Appliance with 1-Year UTP Unified Threat Protection License,,,,,,,,White 1U,"4x 10GE SFP+, 16x GE RJ45, 2x GE SFP",FortiOS 7.4 + Enterprise UTP,1U Rackmount Firewall,36,125000.00,445000.00,533000.00,8907200000243,ACTIVE
VAR-0243,PROD-0139,STO-SYN-DS1821P-DISKLESS,Synology DS1821+ 8-Bay NAS (Diskless) / 4GB ECC RAM,AMD Ryzen V1500B,4GB DDR4 ECC,Diskless (8-Bay),"8x 3.5""/2.5"" SATA Hot-Swap",,,,Black,4x 1GbE LAN with Failover,Synology DSM 7.2,8-Bay Tower,36,0.00,86000.00,104000.00,8907200000244,ACTIVE
VAR-0244,PROD-0139,STO-SYN-DS1821P-64TB,Synology DS1821+ Populated with 64TB Storage (8x 8TB Enterprise HDDs),AMD Ryzen V1500B,4GB DDR4 ECC,64TB Raw (8x 8TB),8x 8TB Enterprise SATA RAID 6,,,,Black,4x 1GbE LAN with Failover,Synology DSM 7.2,8-Bay Tower,36,105000.00,172000.00,209000.00,8907200000245,ACTIVE
VAR-0245,PROD-0140,STO-SYN-SA3400-DISKLESS,Synology SA3400 12-Bay SAS/SATA Enterprise Storage (Diskless),Intel Xeon D-1541 (8C/16T),16GB DDR4 ECC RDIMM,Diskless (Up to 1.5PB),"12x 3.5""/2.5"" SAS/SATA Hot-Swap",,,,Silver/Black,"2x 10GbE SFP+, 4x 1GbE RJ45",Synology DSM 7.2,2U Heavy Rackmount,60,0.00,380000.00,456000.00,8907200000246,ACTIVE
VAR-0246,PROD-0141,STO-KNG-DC600M-1.92TB,"Kingston DC600M 1.92TB 2.5"" Enterprise SATA SSD",,,1.92TB,3D TLC NAND SATA 6Gbps,,"2.5""",560 MB/s Read / 530 MB/s Write,Grey Metal,SATA 3.0 (6Gb/s),,"2.5"" SSD",60,0.00,19500.00,24500.00,8907200000247,ACTIVE
VAR-0247,PROD-0141,STO-KNG-DC600M-3.84TB,"Kingston DC600M 3.84TB 2.5"" Enterprise SATA SSD",,,3.84TB,3D TLC NAND SATA 6Gbps,,"2.5""",560 MB/s Read / 530 MB/s Write,Grey Metal,SATA 3.0 (6Gb/s),,"2.5"" SSD",60,17500.00,33500.00,42000.00,8907200000248,ACTIVE
VAR-0248,PROD-0142,STO-DEL-ME5024-DUAL-FC,Dell PowerVault ME5024 Dual Controller 24-Bay 2U Array with 8x 16Gb FC Ports,,32GB (16GB per controller),Expandable to 2.4PB,"24x 2.5"" SAS/SSD Hot-Swap",,2U Array,"Up to 640,000 IOPS",Black/Silver,8x 16Gb Fibre Channel Ports,PowerVault ME5 OS,2U Storage Enclosure,36,0.00,65000.00,780000.00,8907200000249,ACTIVE
VAR-0249,PROD-0143,UPS-APC-BR1500-TWR,APC Back-UPS Pro 1500VA (865W) 230V India Sockets,,,,,,,,Black,6x India 3-pin outlets (AVR + Surge),,Tower Desktop UPS,24,0.00,16500.00,20500.00,8907200000250,ACTIVE
VAR-0250,PROD-0144,UPS-EAT-5P1500-1U,Eaton 5P 1500VA (1100W) 1U Rackmount UPS with Rail Kit,,,,,,,,Black,"4x IEC C13, USB, RS232, Slot",,1U Thin Rackmount,36,0.00,38000.00,46000.00,8907200000251,ACTIVE
VAR-0251,PROD-0145,UPS-VER-GXT5-6K-5U,Vertiv Liebert GXT5 6kVA 5U Rack/Tower Online UPS with Web Card,,,,,,,,Black,Hardwire terminal + 6x C13 + 4x C19,,5U Rack/Tower,36,0.00,155000.00,186000.00,8907200000252,ACTIVE
VAR-0252,PROD-0146,MON-DEL-U4025QW-BASE,"Dell UltraSharp 40"" 5K2K (5120x2160) 120Hz Curved Thunderbolt 4 Hub Display",,,,,,"39.7""",5120x2160 5K2K WUHD 120Hz IPS Black,Platinum Silver,"Thunderbolt 4 (140W), DP 2.1, HDMI 2.1, RJ45 2.5G",,Curved Flagship Display,36,0.00,165000.00,199900.00,8907200000253,ACTIVE
VAR-0253,PROD-0147,MON-HP-E27G4-BASE,"HP E27 G4 27"" FHD (1920x1080) 60Hz IPS Display",,,,,,"27.0""",1920x1080 FHD 60Hz,Black/Silver,"HDMI, DisplayPort, VGA, 4x USB 3.2",,Commercial Monitor,36,0.00,15500.00,18900.00,8907200000254,ACTIVE
VAR-0254,PROD-0148,MON-LG-27QN880-BASE,"LG 27"" QHD (2560x1440) IPS with Heavy-Duty Ergo Desk Arm",,,,,,"27.0""",2560x1440 QHD 75Hz IPS HDR10,Black,"USB-C 60W, 2x HDMI, DisplayPort, 2x USB 3.0",,Ergonomic Arm Display,36,0.00,26000.00,32000.00,8907200000255,ACTIVE
VAR-0255,PROD-0149,MON-BEN-PD2705U-BASE,"BenQ PD2705U 27"" 4K UHD Factory Color-Calibrated Designer Monitor",,,,,,"27.0""",3840x2160 4K UHD 60Hz 100% sRGB,Dark Grey,"USB-C 65W, HDMI 2.0, DP 1.4, 4x USB Hub, KVM",,Color Calibrated Display,36,0.00,41000.00,49900.00,8907200000256,ACTIVE
VAR-0256,PROD-0150,PRN-HP-4104FDW-BASE,HP LaserJet Pro MFP 4104fdw Print/Scan/Copy/Fax 42ppm,,,,,,,,White,"Wi-Fi 6, Gigabit LAN, USB, BLE",,Desktop Business MFP,12,0.00,36000.00,43900.00,8907200000257,ACTIVE
VAR-0257,PROD-0151,PRN-CAN-C3826I-BASE,Canon imageRUNNER ADVANCE DX C3826i A3 Color Multi-Function Copier,,,,,,,,White/Grey,"Gigabit Ethernet, Wi-Fi, USB 3.0",,A3 Floorstanding Copier,12,0.00,195000.00,235000.00,8907200000258,ACTIVE
VAR-0258,PROD-0152,VAR-ACC-LEN-TB4DOCK-01,ThinkPad Thunderbolt 4 Workstation Dock with 300W Adapter,,,,,,,,Black/Red,"2x TB4, 2x DP 1.4, 1x HDMI 2.1, 4x USB-A 3.2, 1x RJ45 GbE",,Heavy Workstation Dock,36,0.00,24000.00,29500.00,8907200000259,ACTIVE
VAR-0259,PROD-0153,VAR-ACC-HP-TB4G4-01,HP Thunderbolt Dock 120W G4 with Integrated 0.8m TB4 Cable,,,,,,,,Black,"2x DisplayPort 1.4, 1x HDMI 2.0, 1x TB4, 4x USB 3.2, RJ45",,Thunderbolt 4 Dock,12,0.00,18500.00,22900.00,8907200000260,ACTIVE
VAR-0260,PROD-0154,VAR-ACC-DEL-KM7321W-01,Dell Premier Multi-Device Wireless Combo KM7321W Titan Gray,,,,,,,,Titan Gray,2.4GHz Wireless USB Dongle + 2x Bluetooth 5.0,,Keyboard + Mouse Combo,36,0.00,5800.00,7499.00,8907200000261,ACTIVE
VAR-0261,PROD-0155,VAR-ACC-DEL-KM5221W-01,Dell Pro Wireless Keyboard & Mouse Combo KM5221W Black,,,,,,,,Black,2.4GHz RF Wireless USB Dongle,,Keyboard + Mouse Combo,36,0.00,2100.00,2799.00,8907200000262,ACTIVE
VAR-0262,PROD-0156,VAR-ACC-POL-VOYFOCUS2-01,Poly Voyager Focus 2 UC USB-C with Charging Stand,,,,,,,,Black,Bluetooth 5.1 + BT700 USB-C Bluetooth Adapter,,On-Ear Wireless ANC Headset,24,0.00,16500.00,21500.00,8907200000263,ACTIVE
VAR-0263,PROD-0157,VAR-ACC-LOG-C925E-01,Logitech C925e Business Webcam Full HD 1080p,,,,,,,1080p Full HD @ 30fps,Black,USB-A 2.0 Plug-and-Play,,Desktop Webcam,36,0.00,6800.00,8995.00,8907200000264,ACTIVE
VAR-0264,PROD-0158,VAR-ACC-APL-CHG140W-01,Apple 140W USB-C Power Adapter White,,,,,,,,White,USB-C Port (Requires USB-C to MagSafe 3 or USB-C Cable),,Wall Power Brick,12,0.00,6800.00,8900.00,8907200000265,ACTIVE
VAR-0265,PROD-0159,VAR-ACC-DEL-CHG65W-01,Dell 65W Type-C AC Power Adapter (India 3-Pin),,,,,,,,Black,USB-C Attached Cable + India 3-pin Mains Cord,,Laptop Power Adapter,12,0.00,2400.00,3200.00,8907200000266,ACTIVE
VAR-0266,PROD-0160,VAR-ACC-BEL-HUB7IN1-01,Belkin Connect 7-in-1 USB-C Multiport Hub Space Gray,,,,,,,,Space Gray Aluminium,"1x USB-C (100W PD), 1x 4K HDMI, 2x USB-A 3.0, SD, MicroSD, 3.5mm",,Multiport USB-C Dongle,24,0.00,3600.00,4999.00,8907200000267,ACTIVE
VAR-0267,PROD-0161,VAR-ACC-KNG-RAM32G-01,Kingston ValueRAM 32GB DDR5 5600MT/s Non-ECC CL46 2Rx8 1.1V SODIMM,,32GB DDR5-5600 SODIMM,,,,,,Green PCB,262-pin SODIMM Interface,,Memory RAM Module,60,0.00,7200.00,9400.00,8907200000268,ACTIVE
VAR-0268,PROD-0162,VAR-ACC-KNG-ECC64G-01,Kingston 64GB Kit (2x32GB) DDR5-4800 Registered ECC RDIMM 1Rx4,,64GB DDR5-4800 ECC RDIMM,,,,,,Green PCB,288-pin Registered DIMM,,Server ECC Memory Kit,60,0.00,21000.00,26500.00,8907200000269,ACTIVE
VAR-0269,PROD-0163,VAR-ACC-BEL-SURGE8-01,Belkin 8-Socket Commercial Surge Protector with 2m Cable (Grey),,,,,,,,Grey,8x Universal AC Sockets + 2x USB 2.4A,,8-Outlet Power Strip,60,0.00,1800.00,2499.00,8907200000270,ACTIVE
VAR-0270,PROD-0164,COL-LOG-RALLYMINI-GRAPHITE,Logitech Rally Bar Mini Video Bar Appliance Graphite,,,,,,,4K UHD @ 30fps Ultra-Wide FOV,Graphite,"HDMI In/Out, USB-C, Wi-Fi, GbE, Mic Pod port",CollabOS Appliance,Small Room Video Bar,24,0.00,185000.00,225000.00,8907200000271,ACTIVE
VAR-0271,PROD-0165,COL-LOG-TAPIP-GRAPHITE,Logitech Tap IP Touch Controller with PoE Graphite,,,,,,"10.1""",1280x800 Touch Anti-Glare,Graphite,"Power over Ethernet (PoE 802.3af), Wi-Fi",CollabOS Room Controller,Touch Panel,24,0.00,64000.00,77000.00,8907200000272,ACTIVE
VAR-0272,PROD-0166,COL-JAB-SPK510-MS,Jabra Speak 510 MS USB & Bluetooth Speakerphone with Travel Pouch,,,,,,,,Black,USB-A attached cord + Bluetooth,,Portable Puck Speakerphone,24,0.00,9800.00,12900.00,8907200000273,ACTIVE
VAR-0273,PROD-0167,COL-POL-X30-BASE,Poly Studio X30 Video Bar Appliance (Native Teams / Zoom),,,,,,,4K UHD with 4x Digital Zoom,White / Grey,"HDMI Out, HDMI In, USB-A, USB-C, Wi-Fi, GbE",Poly Video OS,Compact Video Bar,24,0.00,140000.00,168000.00,8907200000274,ACTIVE
VAR-0274,PROD-0168,COL-BAR-CX30-BASE,Barco ClickShare CX-30 Base Unit with 2x USB-C Conferencing Buttons,,,,,,,4K UHD Output @ 30Hz,Black,"HDMI Out, USB-A, USB-C, LAN GbE, Wi-Fi",ClickShare OS,Wireless Room System,36,0.00,185000.00,222000.00,8907200000275,ACTIVE
VAR-0275,PROD-0169,SEC-CIS-SFP-10G-LR-01,"Cisco 10GBASE-LR SFP+ Optical Transceiver (1310nm, SMF, LC Duplex)",,,,,,,,Silver Metal,LC Duplex Connector (1310nm),,SFP+ Single-Mode Transceiver,36,0.00,18500.00,23500.00,8907200000276,ACTIVE
VAR-0276,PROD-0170,SEC-ARU-DAC-1M-01,Aruba 10G SFP+ to SFP+ 1m Direct Attach Copper Cable,,,,,,,,Black/Copper,SFP+ to SFP+ Twinax 1m,,1-Meter DAC Cable,36,0.00,2800.00,3700.00,8907200000277,ACTIVE
VAR-0277,PROD-0171,SEC-UBI-SFP-MM-2P-01,Ubiquiti 10G Multi-Mode SFP+ Optical Module (2-Pack),,,,,,,,Silver Metal,2x LC Duplex 850nm SFP+,,2-Pack Optical Modules,24,0.00,4800.00,6200.00,8907200000278,ACTIVE
VAR-0278,PROD-0172,SEC-UBI-DAC-25G-2M-01,Ubiquiti 25G SFP28 Direct Attach Copper Cable 2m,,,,,,,,Black,SFP28 to SFP28 25Gbps Connectors,,2-Meter 25G DAC Cable,24,0.00,4200.00,5500.00,8907200000279,ACTIVE
VAR-0279,PROD-0173,SEC-APC-AR3107-48U,APC NetShelter SX 48U 600mm x 1070mm Deep Server Cabinet,,,,,,,,Black,"Casters, roof brush cable slots, lockable split doors",,48U Server Rack Enclosure,60,0.00,84000.00,102000.00,8907200000280,ACTIVE
VAR-0280,PROD-0174,SEC-ATEN-KH1516A-BASE,ATEN 16-Port Cat5 High-Density KVM Switch with Daisy-Chain Port,,,,,,,1600x1200 @ 60Hz,Dark Grey,"16x RJ45 Server Ports, Local Console, Daisy Chain",,1U Rackmount KVM Switch,36,0.00,48000.00,59000.00,8907200000281,ACTIVE
VAR-0281,PROD-0175,SEC-CBL-OM4-LC-5M-01,LC-to-LC Duplex OM4 50/125 Multimode Fiber Cable 5-Meter (Aqua),,,,,,,,Aqua,LC Duplex to LC Duplex OM4 Polish,,5-Meter Fiber Patch Cord,60,0.00,1400.00,1950.00,8907200000282,ACTIVE
VAR-0282,PROD-0176,SKU-BLR-EXT-001-STD,Enterprise Operational IT Hardware Component Tier-01 (SEC) - Standard Edition,,,,,,,,Black,Standard Enterprise Interface,,Component,36,0.00,2200.00,3200.00,8907200000283,ACTIVE
VAR-0283,PROD-0176,SKU-BLR-EXT-001-PRO,Enterprise Operational IT Hardware Component Tier-01 (SEC) - Professional High-End Edition,,,,,,,,Metallic,High-Speed Enterprise Interface,,Component,36,800.00,2750.00,4000.00,8907200000284,ACTIVE
VAR-0284,PROD-0177,SKU-BLR-EXT-002-STD,Enterprise Operational IT Hardware Component Tier-02 (MON) - Standard Edition,,,,,,,,Black,Standard Enterprise Interface,,Component,36,0.00,18000.00,23500.00,8907200000285,ACTIVE
VAR-0285,PROD-0177,SKU-BLR-EXT-002-PRO,Enterprise Operational IT Hardware Component Tier-02 (MON) - Professional High-End Edition,,,,,,,,Metallic,High-Speed Enterprise Interface,,Component,36,5875.00,22500.00,29375.00,8907200000286,ACTIVE
VAR-0286,PROD-0178,SKU-BLR-EXT-003-STD,Enterprise Operational IT Hardware Component Tier-03 (STO) - Standard Edition,,,,,,,,Black,Standard Enterprise Interface,,Component,36,0.00,14000.00,18500.00,8907200000287,ACTIVE
VAR-0287,PROD-0178,SKU-BLR-EXT-003-PRO,Enterprise Operational IT Hardware Component Tier-03 (STO) - Professional High-End Edition,,,,,,,,Metallic,High-Speed Enterprise Interface,,Component,36,4625.00,17500.00,23125.00,8907200000288,ACTIVE
VAR-0288,PROD-0179,SKU-BLR-EXT-004-STD,Enterprise Operational IT Hardware Component Tier-04 (UPS) - Standard Edition,,,,,,,,Black,Standard Enterprise Interface,,Component,36,0.00,16000.00,21000.00,8907200000289,ACTIVE
VAR-0289,PROD-0179,SKU-BLR-EXT-004-PRO,Enterprise Operational IT Hardware Component Tier-04 (UPS) - Professional High-End Edition,,,,,,,,Metallic,High-Speed Enterprise Interface,,Component,36,5250.00,20000.00,26250.00,8907200000290,ACTIVE
VAR-0290,PROD-0180,SKU-BLR-EXT-005-STD,Enterprise Operational IT Hardware Component Tier-05 (ACC) - Standard Edition,,,,,,,,Black,Standard Enterprise Interface,,Component,36,0.00,1200.00,1800.00,8907200000291,ACTIVE
VAR-0291,PROD-0180,SKU-BLR-EXT-005-PRO,Enterprise Operational IT Hardware Component Tier-05 (ACC) - Professional High-End Edition,,,,,,,,Metallic,High-Speed Enterprise Interface,,Component,36,450.00,1500.00,2250.00,8907200000292,ACTIVE
VAR-0292,PROD-0181,SKU-BLR-EXT-006-STD,Enterprise Operational IT Hardware Component Tier-06 (SEC) - Standard Edition,,,,,,,,Black,Standard Enterprise Interface,,Component,36,0.00,2200.00,3200.00,8907200000293,ACTIVE
VAR-0293,PROD-0181,SKU-BLR-EXT-006-PRO,Enterprise Operational IT Hardware Component Tier-06 (SEC) - Professional High-End Edition,,,,,,,,Metallic,High-Speed Enterprise Interface,,Component,36,800.00,2750.00,4000.00,8907200000294,ACTIVE
VAR-0294,PROD-0182,SKU-BLR-EXT-007-STD,Enterprise Operational IT Hardware Component Tier-07 (MON) - Standard Edition,,,,,,,,Black,Standard Enterprise Interface,,Component,36,0.00,18000.00,23500.00,8907200000295,ACTIVE
VAR-0295,PROD-0182,SKU-BLR-EXT-007-PRO,Enterprise Operational IT Hardware Component Tier-07 (MON) - Professional High-End Edition,,,,,,,,Metallic,High-Speed Enterprise Interface,,Component,36,5875.00,22500.00,29375.00,8907200000296,ACTIVE
VAR-0296,PROD-0183,SKU-BLR-EXT-008-STD,Enterprise Operational IT Hardware Component Tier-08 (STO) - Standard Edition,,,,,,,,Black,Standard Enterprise Interface,,Component,36,0.00,14000.00,18500.00,8907200000297,ACTIVE
VAR-0297,PROD-0183,SKU-BLR-EXT-008-PRO,Enterprise Operational IT Hardware Component Tier-08 (STO) - Professional High-End Edition,,,,,,,,Metallic,High-Speed Enterprise Interface,,Component,36,4625.00,17500.00,23125.00,8907200000298,ACTIVE
VAR-0298,PROD-0184,SKU-BLR-EXT-009-STD,Enterprise Operational IT Hardware Component Tier-09 (UPS) - Standard Edition,,,,,,,,Black,Standard Enterprise Interface,,Component,36,0.00,16000.00,21000.00,8907200000299,ACTIVE
VAR-0299,PROD-0184,SKU-BLR-EXT-009-PRO,Enterprise Operational IT Hardware Component Tier-09 (UPS) - Professional High-End Edition,,,,,,,,Metallic,High-Speed Enterprise Interface,,Component,36,5250.00,20000.00,26250.00,8907200000300,ACTIVE
VAR-0300,PROD-0185,SKU-BLR-EXT-010-STD,Enterprise Operational IT Hardware Component Tier-10 (ACC) - Standard Edition,,,,,,,,Black,Standard Enterprise Interface,,Component,36,0.00,1200.00,1800.00,8907200000301,ACTIVE
VAR-0301,PROD-0185,SKU-BLR-EXT-010-PRO,Enterprise Operational IT Hardware Component Tier-10 (ACC) - Professional High-End Edition,,,,,,,,Metallic,High-Speed Enterprise Interface,,Component,36,450.00,1500.00,2250.00,8907200000302,ACTIVE
VAR-0302,PROD-0186,SKU-BLR-EXT-011-STD,Enterprise Operational IT Hardware Component Tier-11 (SEC) - Standard Edition,,,,,,,,Black,Standard Enterprise Interface,,Component,36,0.00,2200.00,3200.00,8907200000303,ACTIVE
VAR-0303,PROD-0186,SKU-BLR-EXT-011-PRO,Enterprise Operational IT Hardware Component Tier-11 (SEC) - Professional High-End Edition,,,,,,,,Metallic,High-Speed Enterprise Interface,,Component,36,800.00,2750.00,4000.00,8907200000304,ACTIVE
VAR-0304,PROD-0187,SKU-BLR-EXT-012-STD,Enterprise Operational IT Hardware Component Tier-12 (MON) - Standard Edition,,,,,,,,Black,Standard Enterprise Interface,,Component,36,0.00,18000.00,23500.00,8907200000305,ACTIVE
VAR-0305,PROD-0187,SKU-BLR-EXT-012-PRO,Enterprise Operational IT Hardware Component Tier-12 (MON) - Professional High-End Edition,,,,,,,,Metallic,High-Speed Enterprise Interface,,Component,36,5875.00,22500.00,29375.00,8907200000306,ACTIVE
VAR-0306,PROD-0188,SKU-BLR-EXT-013-STD,Enterprise Operational IT Hardware Component Tier-13 (STO) - Standard Edition,,,,,,,,Black,Standard Enterprise Interface,,Component,36,0.00,14000.00,18500.00,8907200000307,ACTIVE
VAR-0307,PROD-0188,SKU-BLR-EXT-013-PRO,Enterprise Operational IT Hardware Component Tier-13 (STO) - Professional High-End Edition,,,,,,,,Metallic,High-Speed Enterprise Interface,,Component,36,4625.00,17500.00,23125.00,8907200000308,ACTIVE
VAR-0308,PROD-0189,SKU-BLR-EXT-014-STD,Enterprise Operational IT Hardware Component Tier-14 (UPS) - Standard Edition,,,,,,,,Black,Standard Enterprise Interface,,Component,36,0.00,16000.00,21000.00,8907200000309,ACTIVE
VAR-0309,PROD-0189,SKU-BLR-EXT-014-PRO,Enterprise Operational IT Hardware Component Tier-14 (UPS) - Professional High-End Edition,,,,,,,,Metallic,High-Speed Enterprise Interface,,Component,36,5250.00,20000.00,26250.00,8907200000310,ACTIVE
VAR-0310,PROD-0190,SKU-BLR-EXT-015-STD,Enterprise Operational IT Hardware Component Tier-15 (ACC) - Standard Edition,,,,,,,,Black,Standard Enterprise Interface,,Component,36,0.00,1200.00,1800.00,8907200000311,ACTIVE
VAR-0311,PROD-0190,SKU-BLR-EXT-015-PRO,Enterprise Operational IT Hardware Component Tier-15 (ACC) - Professional High-End Edition,,,,,,,,Metallic,High-Speed Enterprise Interface,,Component,36,450.00,1500.00,2250.00,8907200000312,ACTIVE
VAR-0312,PROD-0191,SKU-BLR-EXT-016-STD,Enterprise Operational IT Hardware Component Tier-16 (SEC) - Standard Edition,,,,,,,,Black,Standard Enterprise Interface,,Component,36,0.00,2200.00,3200.00,8907200000313,ACTIVE
VAR-0313,PROD-0191,SKU-BLR-EXT-016-PRO,Enterprise Operational IT Hardware Component Tier-16 (SEC) - Professional High-End Edition,,,,,,,,Metallic,High-Speed Enterprise Interface,,Component,36,800.00,2750.00,4000.00,8907200000314,ACTIVE
VAR-0314,PROD-0192,SKU-BLR-EXT-017-STD,Enterprise Operational IT Hardware Component Tier-17 (MON) - Standard Edition,,,,,,,,Black,Standard Enterprise Interface,,Component,36,0.00,18000.00,23500.00,8907200000315,ACTIVE
VAR-0315,PROD-0192,SKU-BLR-EXT-017-PRO,Enterprise Operational IT Hardware Component Tier-17 (MON) - Professional High-End Edition,,,,,,,,Metallic,High-Speed Enterprise Interface,,Component,36,5875.00,22500.00,29375.00,8907200000316,ACTIVE
VAR-0316,PROD-0193,SKU-BLR-EXT-018-STD,Enterprise Operational IT Hardware Component Tier-18 (STO) - Standard Edition,,,,,,,,Black,Standard Enterprise Interface,,Component,36,0.00,14000.00,18500.00,8907200000317,ACTIVE
VAR-0317,PROD-0193,SKU-BLR-EXT-018-PRO,Enterprise Operational IT Hardware Component Tier-18 (STO) - Professional High-End Edition,,,,,,,,Metallic,High-Speed Enterprise Interface,,Component,36,4625.00,17500.00,23125.00,8907200000318,ACTIVE
VAR-0318,PROD-0194,SKU-BLR-EXT-019-STD,Enterprise Operational IT Hardware Component Tier-19 (UPS) - Standard Edition,,,,,,,,Black,Standard Enterprise Interface,,Component,36,0.00,16000.00,21000.00,8907200000319,ACTIVE
VAR-0319,PROD-0194,SKU-BLR-EXT-019-PRO,Enterprise Operational IT Hardware Component Tier-19 (UPS) - Professional High-End Edition,,,,,,,,Metallic,High-Speed Enterprise Interface,,Component,36,5250.00,20000.00,26250.00,8907200000320,ACTIVE
VAR-0320,PROD-0195,SKU-BLR-EXT-020-STD,Enterprise Operational IT Hardware Component Tier-20 (ACC) - Standard Edition,,,,,,,,Black,Standard Enterprise Interface,,Component,36,0.00,1200.00,1800.00,8907200000321,ACTIVE
VAR-0321,PROD-0195,SKU-BLR-EXT-020-PRO,Enterprise Operational IT Hardware Component Tier-20 (ACC) - Professional High-End Edition,,,,,,,,Metallic,High-Speed Enterprise Interface,,Component,36,450.00,1500.00,2250.00,8907200000322,ACTIVE
VAR-0322,PROD-0196,SKU-BLR-EXT-021-STD,Enterprise Operational IT Hardware Component Tier-21 (SEC) - Standard Edition,,,,,,,,Black,Standard Enterprise Interface,,Component,36,0.00,2200.00,3200.00,8907200000323,ACTIVE
VAR-0323,PROD-0196,SKU-BLR-EXT-021-PRO,Enterprise Operational IT Hardware Component Tier-21 (SEC) - Professional High-End Edition,,,,,,,,Metallic,High-Speed Enterprise Interface,,Component,36,800.00,2750.00,4000.00,8907200000324,ACTIVE
VAR-0324,PROD-0197,SKU-BLR-EXT-022-STD,Enterprise Operational IT Hardware Component Tier-22 (MON) - Standard Edition,,,,,,,,Black,Standard Enterprise Interface,,Component,36,0.00,18000.00,23500.00,8907200000325,ACTIVE
VAR-0325,PROD-0197,SKU-BLR-EXT-022-PRO,Enterprise Operational IT Hardware Component Tier-22 (MON) - Professional High-End Edition,,,,,,,,Metallic,High-Speed Enterprise Interface,,Component,36,5875.00,22500.00,29375.00,8907200000326,ACTIVE
VAR-0326,PROD-0198,SKU-BLR-EXT-023-STD,Enterprise Operational IT Hardware Component Tier-23 (STO) - Standard Edition,,,,,,,,Black,Standard Enterprise Interface,,Component,36,0.00,14000.00,18500.00,8907200000327,ACTIVE
VAR-0327,PROD-0198,SKU-BLR-EXT-023-PRO,Enterprise Operational IT Hardware Component Tier-23 (STO) - Professional High-End Edition,,,,,,,,Metallic,High-Speed Enterprise Interface,,Component,36,4625.00,17500.00,23125.00,8907200000328,ACTIVE
VAR-0328,PROD-0199,SKU-BLR-EXT-024-STD,Enterprise Operational IT Hardware Component Tier-24 (UPS) - Standard Edition,,,,,,,,Black,Standard Enterprise Interface,,Component,36,0.00,16000.00,21000.00,8907200000329,ACTIVE
VAR-0329,PROD-0199,SKU-BLR-EXT-024-PRO,Enterprise Operational IT Hardware Component Tier-24 (UPS) - Professional High-End Edition,,,,,,,,Metallic,High-Speed Enterprise Interface,,Component,36,5250.00,20000.00,26250.00,8907200000330,ACTIVE
VAR-0330,PROD-0200,SKU-BLR-EXT-025-STD,Enterprise Operational IT Hardware Component Tier-25 (ACC) - Standard Edition,,,,,,,,Black,Standard Enterprise Interface,,Component,36,0.00,1200.00,1800.00,8907200000331,ACTIVE
VAR-0331,PROD-0200,SKU-BLR-EXT-025-PRO,Enterprise Operational IT Hardware Component Tier-25 (ACC) - Professional High-End Edition,,,,,,,,Metallic,High-Speed Enterprise Interface,,Component,36,450.00,1500.00,2250.00,8907200000332,ACTIVE
VAR-0332,PROD-0201,SKU-BLR-EXT-026-STD,Enterprise Operational IT Hardware Component Tier-26 (SEC) - Standard Edition,,,,,,,,Black,Standard Enterprise Interface,,Component,36,0.00,2200.00,3200.00,8907200000333,ACTIVE
VAR-0333,PROD-0201,SKU-BLR-EXT-026-PRO,Enterprise Operational IT Hardware Component Tier-26 (SEC) - Professional High-End Edition,,,,,,,,Metallic,High-Speed Enterprise Interface,,Component,36,800.00,2750.00,4000.00,8907200000334,ACTIVE
VAR-0334,PROD-0202,SKU-BLR-EXT-027-STD,Enterprise Operational IT Hardware Component Tier-27 (MON) - Standard Edition,,,,,,,,Black,Standard Enterprise Interface,,Component,36,0.00,18000.00,23500.00,8907200000335,ACTIVE
VAR-0335,PROD-0202,SKU-BLR-EXT-027-PRO,Enterprise Operational IT Hardware Component Tier-27 (MON) - Professional High-End Edition,,,,,,,,Metallic,High-Speed Enterprise Interface,,Component,36,5875.00,22500.00,29375.00,8907200000336,ACTIVE
VAR-0336,PROD-0203,SKU-BLR-EXT-028-STD,Enterprise Operational IT Hardware Component Tier-28 (STO) - Standard Edition,,,,,,,,Black,Standard Enterprise Interface,,Component,36,0.00,14000.00,18500.00,8907200000337,ACTIVE
VAR-0337,PROD-0203,SKU-BLR-EXT-028-PRO,Enterprise Operational IT Hardware Component Tier-28 (STO) - Professional High-End Edition,,,,,,,,Metallic,High-Speed Enterprise Interface,,Component,36,4625.00,17500.00,23125.00,8907200000338,ACTIVE
VAR-0338,PROD-0204,SKU-BLR-EXT-029-STD,Enterprise Operational IT Hardware Component Tier-29 (UPS) - Standard Edition,,,,,,,,Black,Standard Enterprise Interface,,Component,36,0.00,16000.00,21000.00,8907200000339,ACTIVE
VAR-0339,PROD-0204,SKU-BLR-EXT-029-PRO,Enterprise Operational IT Hardware Component Tier-29 (UPS) - Professional High-End Edition,,,,,,,,Metallic,High-Speed Enterprise Interface,,Component,36,5250.00,20000.00,26250.00,8907200000340,ACTIVE
VAR-0340,PROD-0205,SKU-BLR-EXT-030-STD,Enterprise Operational IT Hardware Component Tier-30 (ACC) - Standard Edition,,,,,,,,Black,Standard Enterprise Interface,,Component,36,0.00,1200.00,1800.00,8907200000341,ACTIVE
VAR-0341,PROD-0205,SKU-BLR-EXT-030-PRO,Enterprise Operational IT Hardware Component Tier-30 (ACC) - Professional High-End Edition,,,,,,,,Metallic,High-Speed Enterprise Interface,,Component,36,450.00,1500.00,2250.00,8907200000342,ACTIVE
VAR-0342,PROD-0206,SKU-BLR-EXT-031-STD,Enterprise Operational IT Hardware Component Tier-31 (SEC) - Standard Edition,,,,,,,,Black,Standard Enterprise Interface,,Component,36,0.00,2200.00,3200.00,8907200000343,ACTIVE
VAR-0343,PROD-0206,SKU-BLR-EXT-031-PRO,Enterprise Operational IT Hardware Component Tier-31 (SEC) - Professional High-End Edition,,,,,,,,Metallic,High-Speed Enterprise Interface,,Component,36,800.00,2750.00,4000.00,8907200000344,ACTIVE
VAR-0344,PROD-0207,SKU-BLR-EXT-032-STD,Enterprise Operational IT Hardware Component Tier-32 (MON) - Standard Edition,,,,,,,,Black,Standard Enterprise Interface,,Component,36,0.00,18000.00,23500.00,8907200000345,ACTIVE
VAR-0345,PROD-0207,SKU-BLR-EXT-032-PRO,Enterprise Operational IT Hardware Component Tier-32 (MON) - Professional High-End Edition,,,,,,,,Metallic,High-Speed Enterprise Interface,,Component,36,5875.00,22500.00,29375.00,8907200000346,ACTIVE
VAR-0346,PROD-0208,SKU-BLR-EXT-033-STD,Enterprise Operational IT Hardware Component Tier-33 (STO) - Standard Edition,,,,,,,,Black,Standard Enterprise Interface,,Component,36,0.00,14000.00,18500.00,8907200000347,ACTIVE
VAR-0347,PROD-0208,SKU-BLR-EXT-033-PRO,Enterprise Operational IT Hardware Component Tier-33 (STO) - Professional High-End Edition,,,,,,,,Metallic,High-Speed Enterprise Interface,,Component,36,4625.00,17500.00,23125.00,8907200000348,ACTIVE
VAR-0348,PROD-0209,SKU-BLR-EXT-034-STD,Enterprise Operational IT Hardware Component Tier-34 (UPS) - Standard Edition,,,,,,,,Black,Standard Enterprise Interface,,Component,36,0.00,16000.00,21000.00,8907200000349,ACTIVE
VAR-0349,PROD-0209,SKU-BLR-EXT-034-PRO,Enterprise Operational IT Hardware Component Tier-34 (UPS) - Professional High-End Edition,,,,,,,,Metallic,High-Speed Enterprise Interface,,Component,36,5250.00,20000.00,26250.00,8907200000350,ACTIVE
VAR-0350,PROD-0210,SKU-BLR-EXT-035-STD,Enterprise Operational IT Hardware Component Tier-35 (ACC) - Standard Edition,,,,,,,,Black,Standard Enterprise Interface,,Component,36,0.00,1200.00,1800.00,8907200000351,ACTIVE
VAR-0351,PROD-0210,SKU-BLR-EXT-035-PRO,Enterprise Operational IT Hardware Component Tier-35 (ACC) - Professional High-End Edition,,,,,,,,Metallic,High-Speed Enterprise Interface,,Component,36,450.00,1500.00,2250.00,8907200000352,ACTIVE
VAR-0352,PROD-0211,SKU-BLR-EXT-036-STD,Enterprise Operational IT Hardware Component Tier-36 (SEC) - Standard Edition,,,,,,,,Black,Standard Enterprise Interface,,Component,36,0.00,2200.00,3200.00,8907200000353,ACTIVE
VAR-0353,PROD-0211,SKU-BLR-EXT-036-PRO,Enterprise Operational IT Hardware Component Tier-36 (SEC) - Professional High-End Edition,,,,,,,,Metallic,High-Speed Enterprise Interface,,Component,36,800.00,2750.00,4000.00,8907200000354,ACTIVE
VAR-0354,PROD-0212,SKU-BLR-EXT-037-STD,Enterprise Operational IT Hardware Component Tier-37 (MON) - Standard Edition,,,,,,,,Black,Standard Enterprise Interface,,Component,36,0.00,18000.00,23500.00,8907200000355,ACTIVE
VAR-0355,PROD-0212,SKU-BLR-EXT-037-PRO,Enterprise Operational IT Hardware Component Tier-37 (MON) - Professional High-End Edition,,,,,,,,Metallic,High-Speed Enterprise Interface,,Component,36,5875.00,22500.00,29375.00,8907200000356,ACTIVE
VAR-0356,PROD-0213,SKU-BLR-EXT-038-STD,Enterprise Operational IT Hardware Component Tier-38 (STO) - Standard Edition,,,,,,,,Black,Standard Enterprise Interface,,Component,36,0.00,14000.00,18500.00,8907200000357,ACTIVE
VAR-0357,PROD-0213,SKU-BLR-EXT-038-PRO,Enterprise Operational IT Hardware Component Tier-38 (STO) - Professional High-End Edition,,,,,,,,Metallic,High-Speed Enterprise Interface,,Component,36,4625.00,17500.00,23125.00,8907200000358,ACTIVE
VAR-0358,PROD-0214,SKU-BLR-EXT-039-STD,Enterprise Operational IT Hardware Component Tier-39 (UPS) - Standard Edition,,,,,,,,Black,Standard Enterprise Interface,,Component,36,0.00,16000.00,21000.00,8907200000359,ACTIVE
VAR-0359,PROD-0214,SKU-BLR-EXT-039-PRO,Enterprise Operational IT Hardware Component Tier-39 (UPS) - Professional High-End Edition,,,,,,,,Metallic,High-Speed Enterprise Interface,,Component,36,5250.00,20000.00,26250.00,8907200000360,ACTIVE
VAR-0360,PROD-0215,SKU-BLR-EXT-040-STD,Enterprise Operational IT Hardware Component Tier-40 (ACC) - Standard Edition,,,,,,,,Black,Standard Enterprise Interface,,Component,36,0.00,1200.00,1800.00,8907200000361,ACTIVE
VAR-0361,PROD-0215,SKU-BLR-EXT-040-PRO,Enterprise Operational IT Hardware Component Tier-40 (ACC) - Professional High-End Edition,,,,,,,,Metallic,High-Speed Enterprise Interface,,Component,36,450.00,1500.00,2250.00,8907200000362,ACTIVE
VAR-0362,PROD-0216,SKU-BLR-EXT-041-STD,Enterprise Operational IT Hardware Component Tier-41 (SEC) - Standard Edition,,,,,,,,Black,Standard Enterprise Interface,,Component,36,0.00,2200.00,3200.00,8907200000363,ACTIVE
VAR-0363,PROD-0216,SKU-BLR-EXT-041-PRO,Enterprise Operational IT Hardware Component Tier-41 (SEC) - Professional High-End Edition,,,,,,,,Metallic,High-Speed Enterprise Interface,,Component,36,800.00,2750.00,4000.00,8907200000364,ACTIVE
VAR-0364,PROD-0217,SKU-BLR-EXT-042-STD,Enterprise Operational IT Hardware Component Tier-42 (MON) - Standard Edition,,,,,,,,Black,Standard Enterprise Interface,,Component,36,0.00,18000.00,23500.00,8907200000365,ACTIVE
VAR-0365,PROD-0217,SKU-BLR-EXT-042-PRO,Enterprise Operational IT Hardware Component Tier-42 (MON) - Professional High-End Edition,,,,,,,,Metallic,High-Speed Enterprise Interface,,Component,36,5875.00,22500.00,29375.00,8907200000366,ACTIVE
VAR-0366,PROD-0218,SKU-BLR-EXT-043-STD,Enterprise Operational IT Hardware Component Tier-43 (STO) - Standard Edition,,,,,,,,Black,Standard Enterprise Interface,,Component,36,0.00,14000.00,18500.00,8907200000367,ACTIVE
VAR-0367,PROD-0218,SKU-BLR-EXT-043-PRO,Enterprise Operational IT Hardware Component Tier-43 (STO) - Professional High-End Edition,,,,,,,,Metallic,High-Speed Enterprise Interface,,Component,36,4625.00,17500.00,23125.00,8907200000368,ACTIVE
VAR-0368,PROD-0219,SKU-BLR-EXT-044-STD,Enterprise Operational IT Hardware Component Tier-44 (UPS) - Standard Edition,,,,,,,,Black,Standard Enterprise Interface,,Component,36,0.00,16000.00,21000.00,8907200000369,ACTIVE
VAR-0369,PROD-0219,SKU-BLR-EXT-044-PRO,Enterprise Operational IT Hardware Component Tier-44 (UPS) - Professional High-End Edition,,,,,,,,Metallic,High-Speed Enterprise Interface,,Component,36,5250.00,20000.00,26250.00,8907200000370,ACTIVE
VAR-0370,PROD-0220,SKU-BLR-EXT-045-STD,Enterprise Operational IT Hardware Component Tier-45 (ACC) - Standard Edition,,,,,,,,Black,Standard Enterprise Interface,,Component,36,0.00,1200.00,1800.00,8907200000371,ACTIVE
VAR-0371,PROD-0220,SKU-BLR-EXT-045-PRO,Enterprise Operational IT Hardware Component Tier-45 (ACC) - Professional High-End Edition,,,,,,,,Metallic,High-Speed Enterprise Interface,,Component,36,450.00,1500.00,2250.00,8907200000372,ACTIVE
VAR-0372,PROD-0221,SKU-BLR-EXT-046-STD,Enterprise Operational IT Hardware Component Tier-46 (SEC) - Standard Edition,,,,,,,,Black,Standard Enterprise Interface,,Component,36,0.00,2200.00,3200.00,8907200000373,ACTIVE
VAR-0373,PROD-0221,SKU-BLR-EXT-046-PRO,Enterprise Operational IT Hardware Component Tier-46 (SEC) - Professional High-End Edition,,,,,,,,Metallic,High-Speed Enterprise Interface,,Component,36,800.00,2750.00,4000.00,8907200000374,ACTIVE
VAR-0374,PROD-0222,SKU-BLR-EXT-047-STD,Enterprise Operational IT Hardware Component Tier-47 (MON) - Standard Edition,,,,,,,,Black,Standard Enterprise Interface,,Component,36,0.00,18000.00,23500.00,8907200000375,ACTIVE
VAR-0375,PROD-0222,SKU-BLR-EXT-047-PRO,Enterprise Operational IT Hardware Component Tier-47 (MON) - Professional High-End Edition,,,,,,,,Metallic,High-Speed Enterprise Interface,,Component,36,5875.00,22500.00,29375.00,8907200000376,ACTIVE
VAR-0376,PROD-0223,SKU-BLR-EXT-048-STD,Enterprise Operational IT Hardware Component Tier-48 (STO) - Standard Edition,,,,,,,,Black,Standard Enterprise Interface,,Component,36,0.00,14000.00,18500.00,8907200000377,ACTIVE
VAR-0377,PROD-0223,SKU-BLR-EXT-048-PRO,Enterprise Operational IT Hardware Component Tier-48 (STO) - Professional High-End Edition,,,,,,,,Metallic,High-Speed Enterprise Interface,,Component,36,4625.00,17500.00,23125.00,8907200000378,ACTIVE
VAR-0378,PROD-0224,SKU-BLR-EXT-049-STD,Enterprise Operational IT Hardware Component Tier-49 (UPS) - Standard Edition,,,,,,,,Black,Standard Enterprise Interface,,Component,36,0.00,16000.00,21000.00,8907200000379,ACTIVE
VAR-0379,PROD-0224,SKU-BLR-EXT-049-PRO,Enterprise Operational IT Hardware Component Tier-49 (UPS) - Professional High-End Edition,,,,,,,,Metallic,High-Speed Enterprise Interface,,Component,36,5250.00,20000.00,26250.00,8907200000380,ACTIVE
VAR-0380,PROD-0225,SKU-BLR-EXT-050-STD,Enterprise Operational IT Hardware Component Tier-50 (ACC) - Standard Edition,,,,,,,,Black,Standard Enterprise Interface,,Component,36,0.00,1200.00,1800.00,8907200000381,ACTIVE
VAR-0381,PROD-0225,SKU-BLR-EXT-050-PRO,Enterprise Operational IT Hardware Component Tier-50 (ACC) - Professional High-End Edition,,,,,,,,Metallic,High-Speed Enterprise Interface,,Component,36,450.00,1500.00,2250.00,8907200000382,ACTIVE
VAR-0382,PROD-0226,SKU-BLR-EXT-051-STD,Enterprise Operational IT Hardware Component Tier-51 (SEC) - Standard Edition,,,,,,,,Black,Standard Enterprise Interface,,Component,36,0.00,2200.00,3200.00,8907200000383,ACTIVE
VAR-0383,PROD-0226,SKU-BLR-EXT-051-PRO,Enterprise Operational IT Hardware Component Tier-51 (SEC) - Professional High-End Edition,,,,,,,,Metallic,High-Speed Enterprise Interface,,Component,36,800.00,2750.00,4000.00,8907200000384,ACTIVE
VAR-0384,PROD-0227,SKU-BLR-EXT-052-STD,Enterprise Operational IT Hardware Component Tier-52 (MON) - Standard Edition,,,,,,,,Black,Standard Enterprise Interface,,Component,36,0.00,18000.00,23500.00,8907200000385,ACTIVE
VAR-0385,PROD-0227,SKU-BLR-EXT-052-PRO,Enterprise Operational IT Hardware Component Tier-52 (MON) - Professional High-End Edition,,,,,,,,Metallic,High-Speed Enterprise Interface,,Component,36,5875.00,22500.00,29375.00,8907200000386,ACTIVE
VAR-0386,PROD-0228,SKU-BLR-EXT-053-STD,Enterprise Operational IT Hardware Component Tier-53 (STO) - Standard Edition,,,,,,,,Black,Standard Enterprise Interface,,Component,36,0.00,14000.00,18500.00,8907200000387,ACTIVE
VAR-0387,PROD-0228,SKU-BLR-EXT-053-PRO,Enterprise Operational IT Hardware Component Tier-53 (STO) - Professional High-End Edition,,,,,,,,Metallic,High-Speed Enterprise Interface,,Component,36,4625.00,17500.00,23125.00,8907200000388,ACTIVE
VAR-0388,PROD-0229,SKU-BLR-EXT-054-STD,Enterprise Operational IT Hardware Component Tier-54 (UPS) - Standard Edition,,,,,,,,Black,Standard Enterprise Interface,,Component,36,0.00,16000.00,21000.00,8907200000389,ACTIVE
VAR-0389,PROD-0229,SKU-BLR-EXT-054-PRO,Enterprise Operational IT Hardware Component Tier-54 (UPS) - Professional High-End Edition,,,,,,,,Metallic,High-Speed Enterprise Interface,,Component,36,5250.00,20000.00,26250.00,8907200000390,ACTIVE
VAR-0390,PROD-0230,SKU-BLR-EXT-055-STD,Enterprise Operational IT Hardware Component Tier-55 (ACC) - Standard Edition,,,,,,,,Black,Standard Enterprise Interface,,Component,36,0.00,1200.00,1800.00,8907200000391,ACTIVE
VAR-0391,PROD-0230,SKU-BLR-EXT-055-PRO,Enterprise Operational IT Hardware Component Tier-55 (ACC) - Professional High-End Edition,,,,,,,,Metallic,High-Speed Enterprise Interface,,Component,36,450.00,1500.00,2250.00,8907200000392,ACTIVE
VAR-0392,PROD-0231,SKU-BLR-EXT-056-STD,Enterprise Operational IT Hardware Component Tier-56 (SEC) - Standard Edition,,,,,,,,Black,Standard Enterprise Interface,,Component,36,0.00,2200.00,3200.00,8907200000393,ACTIVE
VAR-0393,PROD-0231,SKU-BLR-EXT-056-PRO,Enterprise Operational IT Hardware Component Tier-56 (SEC) - Professional High-End Edition,,,,,,,,Metallic,High-Speed Enterprise Interface,,Component,36,800.00,2750.00,4000.00,8907200000394,ACTIVE
VAR-0394,PROD-0232,SKU-BLR-EXT-057-STD,Enterprise Operational IT Hardware Component Tier-57 (MON) - Standard Edition,,,,,,,,Black,Standard Enterprise Interface,,Component,36,0.00,18000.00,23500.00,8907200000395,ACTIVE
VAR-0395,PROD-0232,SKU-BLR-EXT-057-PRO,Enterprise Operational IT Hardware Component Tier-57 (MON) - Professional High-End Edition,,,,,,,,Metallic,High-Speed Enterprise Interface,,Component,36,5875.00,22500.00,29375.00,8907200000396,ACTIVE
VAR-0396,PROD-0233,SKU-BLR-EXT-058-STD,Enterprise Operational IT Hardware Component Tier-58 (STO) - Standard Edition,,,,,,,,Black,Standard Enterprise Interface,,Component,36,0.00,14000.00,18500.00,8907200000397,ACTIVE
VAR-0397,PROD-0233,SKU-BLR-EXT-058-PRO,Enterprise Operational IT Hardware Component Tier-58 (STO) - Professional High-End Edition,,,,,,,,Metallic,High-Speed Enterprise Interface,,Component,36,4625.00,17500.00,23125.00,8907200000398,ACTIVE
VAR-0398,PROD-0234,SKU-BLR-EXT-059-STD,Enterprise Operational IT Hardware Component Tier-59 (UPS) - Standard Edition,,,,,,,,Black,Standard Enterprise Interface,,Component,36,0.00,16000.00,21000.00,8907200000399,ACTIVE
VAR-0399,PROD-0234,SKU-BLR-EXT-059-PRO,Enterprise Operational IT Hardware Component Tier-59 (UPS) - Professional High-End Edition,,,,,,,,Metallic,High-Speed Enterprise Interface,,Component,36,5250.00,20000.00,26250.00,8907200000400,ACTIVE
VAR-0400,PROD-0235,SKU-BLR-EXT-060-STD,Enterprise Operational IT Hardware Component Tier-60 (ACC) - Standard Edition,,,,,,,,Black,Standard Enterprise Interface,,Component,36,0.00,1200.00,1800.00,8907200000401,ACTIVE
VAR-0401,PROD-0235,SKU-BLR-EXT-060-PRO,Enterprise Operational IT Hardware Component Tier-60 (ACC) - Professional High-End Edition,,,,,,,,Metallic,High-Speed Enterprise Interface,,Component,36,450.00,1500.00,2250.00,8907200000402,ACTIVE
VAR-0402,PROD-0236,SKU-BLR-EXT-061-STD,Enterprise Operational IT Hardware Component Tier-61 (SEC) - Standard Edition,,,,,,,,Black,Standard Enterprise Interface,,Component,36,0.00,2200.00,3200.00,8907200000403,ACTIVE
VAR-0403,PROD-0236,SKU-BLR-EXT-061-PRO,Enterprise Operational IT Hardware Component Tier-61 (SEC) - Professional High-End Edition,,,,,,,,Metallic,High-Speed Enterprise Interface,,Component,36,800.00,2750.00,4000.00,8907200000404,ACTIVE
VAR-0404,PROD-0237,SKU-BLR-EXT-062-STD,Enterprise Operational IT Hardware Component Tier-62 (MON) - Standard Edition,,,,,,,,Black,Standard Enterprise Interface,,Component,36,0.00,18000.00,23500.00,8907200000405,ACTIVE
VAR-0405,PROD-0237,SKU-BLR-EXT-062-PRO,Enterprise Operational IT Hardware Component Tier-62 (MON) - Professional High-End Edition,,,,,,,,Metallic,High-Speed Enterprise Interface,,Component,36,5875.00,22500.00,29375.00,8907200000406,ACTIVE
VAR-0406,PROD-0238,SKU-BLR-EXT-063-STD,Enterprise Operational IT Hardware Component Tier-63 (STO) - Standard Edition,,,,,,,,Black,Standard Enterprise Interface,,Component,36,0.00,14000.00,18500.00,8907200000407,ACTIVE
VAR-0407,PROD-0238,SKU-BLR-EXT-063-PRO,Enterprise Operational IT Hardware Component Tier-63 (STO) - Professional High-End Edition,,,,,,,,Metallic,High-Speed Enterprise Interface,,Component,36,4625.00,17500.00,23125.00,8907200000408,ACTIVE
VAR-0408,PROD-0239,SKU-BLR-EXT-064-STD,Enterprise Operational IT Hardware Component Tier-64 (UPS) - Standard Edition,,,,,,,,Black,Standard Enterprise Interface,,Component,36,0.00,16000.00,21000.00,8907200000409,ACTIVE
VAR-0409,PROD-0239,SKU-BLR-EXT-064-PRO,Enterprise Operational IT Hardware Component Tier-64 (UPS) - Professional High-End Edition,,,,,,,,Metallic,High-Speed Enterprise Interface,,Component,36,5250.00,20000.00,26250.00,8907200000410,ACTIVE
VAR-0410,PROD-0240,SKU-BLR-EXT-065-STD,Enterprise Operational IT Hardware Component Tier-65 (ACC) - Standard Edition,,,,,,,,Black,Standard Enterprise Interface,,Component,36,0.00,1200.00,1800.00,8907200000411,ACTIVE
VAR-0411,PROD-0240,SKU-BLR-EXT-065-PRO,Enterprise Operational IT Hardware Component Tier-65 (ACC) - Professional High-End Edition,,,,,,,,Metallic,High-Speed Enterprise Interface,,Component,36,450.00,1500.00,2250.00,8907200000412,ACTIVE
VAR-0412,PROD-0241,SKU-BLR-EXT-066-STD,Enterprise Operational IT Hardware Component Tier-66 (SEC) - Standard Edition,,,,,,,,Black,Standard Enterprise Interface,,Component,36,0.00,2200.00,3200.00,8907200000413,ACTIVE
VAR-0413,PROD-0241,SKU-BLR-EXT-066-PRO,Enterprise Operational IT Hardware Component Tier-66 (SEC) - Professional High-End Edition,,,,,,,,Metallic,High-Speed Enterprise Interface,,Component,36,800.00,2750.00,4000.00,8907200000414,ACTIVE
VAR-0414,PROD-0242,SKU-BLR-EXT-067-STD,Enterprise Operational IT Hardware Component Tier-67 (MON) - Standard Edition,,,,,,,,Black,Standard Enterprise Interface,,Component,36,0.00,18000.00,23500.00,8907200000415,ACTIVE
VAR-0415,PROD-0242,SKU-BLR-EXT-067-PRO,Enterprise Operational IT Hardware Component Tier-67 (MON) - Professional High-End Edition,,,,,,,,Metallic,High-Speed Enterprise Interface,,Component,36,5875.00,22500.00,29375.00,8907200000416,ACTIVE
VAR-0416,PROD-0243,SKU-BLR-EXT-068-STD,Enterprise Operational IT Hardware Component Tier-68 (STO) - Standard Edition,,,,,,,,Black,Standard Enterprise Interface,,Component,36,0.00,14000.00,18500.00,8907200000417,ACTIVE
VAR-0417,PROD-0243,SKU-BLR-EXT-068-PRO,Enterprise Operational IT Hardware Component Tier-68 (STO) - Professional High-End Edition,,,,,,,,Metallic,High-Speed Enterprise Interface,,Component,36,4625.00,17500.00,23125.00,8907200000418,ACTIVE
VAR-0418,PROD-0244,SKU-BLR-EXT-069-STD,Enterprise Operational IT Hardware Component Tier-69 (UPS) - Standard Edition,,,,,,,,Black,Standard Enterprise Interface,,Component,36,0.00,16000.00,21000.00,8907200000419,ACTIVE
VAR-0419,PROD-0244,SKU-BLR-EXT-069-PRO,Enterprise Operational IT Hardware Component Tier-69 (UPS) - Professional High-End Edition,,,,,,,,Metallic,High-Speed Enterprise Interface,,Component,36,5250.00,20000.00,26250.00,8907200000420,ACTIVE
VAR-0420,PROD-0245,SKU-BLR-EXT-070-STD,Enterprise Operational IT Hardware Component Tier-70 (ACC) - Standard Edition,,,,,,,,Black,Standard Enterprise Interface,,Component,36,0.00,1200.00,1800.00,8907200000421,ACTIVE
VAR-0421,PROD-0245,SKU-BLR-EXT-070-PRO,Enterprise Operational IT Hardware Component Tier-70 (ACC) - Professional High-End Edition,,,,,,,,Metallic,High-Speed Enterprise Interface,,Component,36,450.00,1500.00,2250.00,8907200000422,ACTIVE
VAR-0422,PROD-0246,SKU-BLR-EXT-071-STD,Enterprise Operational IT Hardware Component Tier-71 (SEC) - Standard Edition,,,,,,,,Black,Standard Enterprise Interface,,Component,36,0.00,2200.00,3200.00,8907200000423,ACTIVE
VAR-0423,PROD-0246,SKU-BLR-EXT-071-PRO,Enterprise Operational IT Hardware Component Tier-71 (SEC) - Professional High-End Edition,,,,,,,,Metallic,High-Speed Enterprise Interface,,Component,36,800.00,2750.00,4000.00,8907200000424,ACTIVE
VAR-0424,PROD-0247,SKU-BLR-EXT-072-STD,Enterprise Operational IT Hardware Component Tier-72 (MON) - Standard Edition,,,,,,,,Black,Standard Enterprise Interface,,Component,36,0.00,18000.00,23500.00,8907200000425,ACTIVE
VAR-0425,PROD-0247,SKU-BLR-EXT-072-PRO,Enterprise Operational IT Hardware Component Tier-72 (MON) - Professional High-End Edition,,,,,,,,Metallic,High-Speed Enterprise Interface,,Component,36,5875.00,22500.00,29375.00,8907200000426,ACTIVE
VAR-0426,PROD-0248,SKU-BLR-EXT-073-STD,Enterprise Operational IT Hardware Component Tier-73 (STO) - Standard Edition,,,,,,,,Black,Standard Enterprise Interface,,Component,36,0.00,14000.00,18500.00,8907200000427,ACTIVE
VAR-0427,PROD-0248,SKU-BLR-EXT-073-PRO,Enterprise Operational IT Hardware Component Tier-73 (STO) - Professional High-End Edition,,,,,,,,Metallic,High-Speed Enterprise Interface,,Component,36,4625.00,17500.00,23125.00,8907200000428,ACTIVE
VAR-0428,PROD-0249,SKU-BLR-EXT-074-STD,Enterprise Operational IT Hardware Component Tier-74 (UPS) - Standard Edition,,,,,,,,Black,Standard Enterprise Interface,,Component,36,0.00,16000.00,21000.00,8907200000429,ACTIVE
VAR-0429,PROD-0249,SKU-BLR-EXT-074-PRO,Enterprise Operational IT Hardware Component Tier-74 (UPS) - Professional High-End Edition,,,,,,,,Metallic,High-Speed Enterprise Interface,,Component,36,5250.00,20000.00,26250.00,8907200000430,ACTIVE
VAR-0430,PROD-0250,SKU-BLR-EXT-075-STD,Enterprise Operational IT Hardware Component Tier-75 (ACC) - Standard Edition,,,,,,,,Black,Standard Enterprise Interface,,Component,36,0.00,1200.00,1800.00,8907200000431,ACTIVE
VAR-0431,PROD-0250,SKU-BLR-EXT-075-PRO,Enterprise Operational IT Hardware Component Tier-75 (ACC) - Professional High-End Edition,,,,,,,,Metallic,High-Speed Enterprise Interface,,Component,36,450.00,1500.00,2250.00,8907200000432,ACTIVE
VAR-0432,PROD-0251,SKU-BLR-EXT-076-STD,Enterprise Operational IT Hardware Component Tier-76 (SEC) - Standard Edition,,,,,,,,Black,Standard Enterprise Interface,,Component,36,0.00,2200.00,3200.00,8907200000433,ACTIVE
VAR-0433,PROD-0251,SKU-BLR-EXT-076-PRO,Enterprise Operational IT Hardware Component Tier-76 (SEC) - Professional High-End Edition,,,,,,,,Metallic,High-Speed Enterprise Interface,,Component,36,800.00,2750.00,4000.00,8907200000434,ACTIVE
VAR-0434,PROD-0252,SKU-BLR-EXT-077-STD,Enterprise Operational IT Hardware Component Tier-77 (MON) - Standard Edition,,,,,,,,Black,Standard Enterprise Interface,,Component,36,0.00,18000.00,23500.00,8907200000435,ACTIVE
VAR-0435,PROD-0252,SKU-BLR-EXT-077-PRO,Enterprise Operational IT Hardware Component Tier-77 (MON) - Professional High-End Edition,,,,,,,,Metallic,High-Speed Enterprise Interface,,Component,36,5875.00,22500.00,29375.00,8907200000436,ACTIVE
VAR-0436,PROD-0253,SKU-BLR-EXT-078-STD,Enterprise Operational IT Hardware Component Tier-78 (STO) - Standard Edition,,,,,,,,Black,Standard Enterprise Interface,,Component,36,0.00,14000.00,18500.00,8907200000437,ACTIVE
VAR-0437,PROD-0253,SKU-BLR-EXT-078-PRO,Enterprise Operational IT Hardware Component Tier-78 (STO) - Professional High-End Edition,,,,,,,,Metallic,High-Speed Enterprise Interface,,Component,36,4625.00,17500.00,23125.00,8907200000438,ACTIVE
VAR-0438,PROD-0254,SKU-BLR-EXT-079-STD,Enterprise Operational IT Hardware Component Tier-79 (UPS) - Standard Edition,,,,,,,,Black,Standard Enterprise Interface,,Component,36,0.00,16000.00,21000.00,8907200000439,ACTIVE
VAR-0439,PROD-0254,SKU-BLR-EXT-079-PRO,Enterprise Operational IT Hardware Component Tier-79 (UPS) - Professional High-End Edition,,,,,,,,Metallic,High-Speed Enterprise Interface,,Component,36,5250.00,20000.00,26250.00,8907200000440,ACTIVE
VAR-0440,PROD-0255,SKU-BLR-EXT-080-STD,Enterprise Operational IT Hardware Component Tier-80 (ACC) - Standard Edition,,,,,,,,Black,Standard Enterprise Interface,,Component,36,0.00,1200.00,1800.00,8907200000441,ACTIVE
VAR-0441,PROD-0255,SKU-BLR-EXT-080-PRO,Enterprise Operational IT Hardware Component Tier-80 (ACC) - Professional High-End Edition,,,,,,,,Metallic,High-Speed Enterprise Interface,,Component,36,450.00,1500.00,2250.00,8907200000442,ACTIVE
VAR-0442,PROD-0256,SKU-BLR-EXT-081-STD,Enterprise Operational IT Hardware Component Tier-81 (SEC) - Standard Edition,,,,,,,,Black,Standard Enterprise Interface,,Component,36,0.00,2200.00,3200.00,8907200000443,ACTIVE
VAR-0443,PROD-0256,SKU-BLR-EXT-081-PRO,Enterprise Operational IT Hardware Component Tier-81 (SEC) - Professional High-End Edition,,,,,,,,Metallic,High-Speed Enterprise Interface,,Component,36,800.00,2750.00,4000.00,8907200000444,ACTIVE
VAR-0444,PROD-0257,SKU-BLR-EXT-082-STD,Enterprise Operational IT Hardware Component Tier-82 (MON) - Standard Edition,,,,,,,,Black,Standard Enterprise Interface,,Component,36,0.00,18000.00,23500.00,8907200000445,ACTIVE
VAR-0445,PROD-0257,SKU-BLR-EXT-082-PRO,Enterprise Operational IT Hardware Component Tier-82 (MON) - Professional High-End Edition,,,,,,,,Metallic,High-Speed Enterprise Interface,,Component,36,5875.00,22500.00,29375.00,8907200000446,ACTIVE
VAR-0446,PROD-0258,SKU-BLR-EXT-083-STD,Enterprise Operational IT Hardware Component Tier-83 (STO) - Standard Edition,,,,,,,,Black,Standard Enterprise Interface,,Component,36,0.00,14000.00,18500.00,8907200000447,ACTIVE
VAR-0447,PROD-0258,SKU-BLR-EXT-083-PRO,Enterprise Operational IT Hardware Component Tier-83 (STO) - Professional High-End Edition,,,,,,,,Metallic,High-Speed Enterprise Interface,,Component,36,4625.00,17500.00,23125.00,8907200000448,ACTIVE
VAR-0448,PROD-0259,SKU-BLR-EXT-084-STD,Enterprise Operational IT Hardware Component Tier-84 (UPS) - Standard Edition,,,,,,,,Black,Standard Enterprise Interface,,Component,36,0.00,16000.00,21000.00,8907200000449,ACTIVE
VAR-0449,PROD-0259,SKU-BLR-EXT-084-PRO,Enterprise Operational IT Hardware Component Tier-84 (UPS) - Professional High-End Edition,,,,,,,,Metallic,High-Speed Enterprise Interface,,Component,36,5250.00,20000.00,26250.00,8907200000450,ACTIVE
VAR-0450,PROD-0260,SKU-BLR-EXT-085-STD,Enterprise Operational IT Hardware Component Tier-85 (ACC) - Standard Edition,,,,,,,,Black,Standard Enterprise Interface,,Component,36,0.00,1200.00,1800.00,8907200000451,ACTIVE
VAR-0451,PROD-0260,SKU-BLR-EXT-085-PRO,Enterprise Operational IT Hardware Component Tier-85 (ACC) - Professional High-End Edition,,,,,,,,Metallic,High-Speed Enterprise Interface,,Component,36,450.00,1500.00,2250.00,8907200000452,ACTIVE
VAR-0452,PROD-0261,SKU-BLR-EXT-086-STD,Enterprise Operational IT Hardware Component Tier-86 (SEC) - Standard Edition,,,,,,,,Black,Standard Enterprise Interface,,Component,36,0.00,2200.00,3200.00,8907200000453,ACTIVE
VAR-0453,PROD-0261,SKU-BLR-EXT-086-PRO,Enterprise Operational IT Hardware Component Tier-86 (SEC) - Professional High-End Edition,,,,,,,,Metallic,High-Speed Enterprise Interface,,Component,36,800.00,2750.00,4000.00,8907200000454,ACTIVE
VAR-0454,PROD-0262,SKU-BLR-EXT-087-STD,Enterprise Operational IT Hardware Component Tier-87 (MON) - Standard Edition,,,,,,,,Black,Standard Enterprise Interface,,Component,36,0.00,18000.00,23500.00,8907200000455,ACTIVE
VAR-0455,PROD-0262,SKU-BLR-EXT-087-PRO,Enterprise Operational IT Hardware Component Tier-87 (MON) - Professional High-End Edition,,,,,,,,Metallic,High-Speed Enterprise Interface,,Component,36,5875.00,22500.00,29375.00,8907200000456,ACTIVE
VAR-0456,PROD-0263,SKU-BLR-EXT-088-STD,Enterprise Operational IT Hardware Component Tier-88 (STO) - Standard Edition,,,,,,,,Black,Standard Enterprise Interface,,Component,36,0.00,14000.00,18500.00,8907200000457,ACTIVE
VAR-0457,PROD-0263,SKU-BLR-EXT-088-PRO,Enterprise Operational IT Hardware Component Tier-88 (STO) - Professional High-End Edition,,,,,,,,Metallic,High-Speed Enterprise Interface,,Component,36,4625.00,17500.00,23125.00,8907200000458,ACTIVE
VAR-0458,PROD-0264,SKU-BLR-EXT-089-STD,Enterprise Operational IT Hardware Component Tier-89 (UPS) - Standard Edition,,,,,,,,Black,Standard Enterprise Interface,,Component,36,0.00,16000.00,21000.00,8907200000459,ACTIVE
VAR-0459,PROD-0264,SKU-BLR-EXT-089-PRO,Enterprise Operational IT Hardware Component Tier-89 (UPS) - Professional High-End Edition,,,,,,,,Metallic,High-Speed Enterprise Interface,,Component,36,5250.00,20000.00,26250.00,8907200000460,ACTIVE
VAR-0460,PROD-0265,SKU-BLR-EXT-090-STD,Enterprise Operational IT Hardware Component Tier-90 (ACC) - Standard Edition,,,,,,,,Black,Standard Enterprise Interface,,Component,36,0.00,1200.00,1800.00,8907200000461,ACTIVE
VAR-0461,PROD-0265,SKU-BLR-EXT-090-PRO,Enterprise Operational IT Hardware Component Tier-90 (ACC) - Professional High-End Edition,,,,,,,,Metallic,High-Speed Enterprise Interface,,Component,36,450.00,1500.00,2250.00,8907200000462,ACTIVE
VAR-0462,PROD-0040,PHN-SAM-XCOV6-128-BLK-512G-SIL,Samsung Galaxy XCover6 Pro 128GB Rugged Enterprise Edition 512GB Titanium Silver 5G Enterprise,Snapdragon 778G 5G,6GB RAM,512GB,UFS 2.2,Adreno 642L,"6.6""",2408x1080 FHD+ 120Hz Wet/Glove Touch,Silver Titanium,5G + Wi-Fi 6E + BT 5.2 + NFC,Android 14 Enterprise Edition,Ruggedized Field Device,24,9539.82,52108.85,62538.82,8907200000463,ACTIVE
VAR-0463,PROD-0069,MON-DEL-P2723DE-BASE-DUALARM,"Dell P2723DE 27"" QHD (2560x1440) USB-C 90W Hub Display with Premium Dual-Monitor Desk Arm Bundle",,,,,,"27.0""",2560x1440 QHD 60Hz IPS,Silver/Black,"USB-C (90W PD), DP In, DP Out, HDMI, RJ45, 4x USB",,Monitor + Heavy Ergo Arm,36,4500.00,31200.00,39000.00,8907200000464,ACTIVE
VAR-0464,PROD-0070,MON-DEL-U2724D-BASE-DUALARM,"Dell UltraSharp U2724D 27"" QHD 120Hz IPS Black Professional Monitor with Premium Dual-Monitor Desk Arm Bundle",,,,,,"27.0""",2560x1440 QHD 120Hz IPS Black,Platinum Silver,"DisplayPort 1.4, HDMI 2.1, USB-C Data, Audio Out",,Monitor + Heavy Ergo Arm,36,4500.00,37200.00,46000.00,8907200000465,ACTIVE
VAR-0465,PROD-0071,MON-DEL-U2723QE-BASE-DUALARM,"Dell U2723QE 27"" 4K UHD (3840x2160) IPS Black USB-C Hub Display with Premium Dual-Monitor Desk Arm Bundle",,,,,,"27.0""",3840x2160 4K UHD 60Hz IPS Black,Platinum Silver,"USB-C 90W, RJ45 1GbE, DP 1.4 In/Out, HDMI 2.0, 5x USB-A/C",,Monitor + Heavy Ergo Arm,36,4500.00,49200.00,60500.00,8907200000466,ACTIVE
VAR-0466,PROD-0072,MON-DEL-U3223QE-BASE-DUALARM,"Dell U3223QE 31.5"" 4K UHD IPS Black USB-C Hub Display with Premium Dual-Monitor Desk Arm Bundle",,,,,,"31.5""",3840x2160 4K UHD IPS Black,Platinum Silver,"USB-C 90W, DP 1.4, HDMI 2.0, RJ45 GbE, 6x USB Hub",,Monitor + Heavy Ergo Arm,36,4500.00,67200.00,82000.00,8907200000467,ACTIVE
VAR-0467,PROD-0073,MON-DEL-U3423WE-BASE-DUALARM,"Dell U3423WE 34"" Curved (3440x1440) 21:9 WQHD USB-C Display with Premium Dual-Monitor Desk Arm Bundle",,,,,,"34.14""",3440x1440 WQHD 60Hz Curved 1900R,Platinum Silver,"USB-C 90W, RJ45, 2x DP, 2x HDMI, Dual 5W Speakers",,Monitor + Heavy Ergo Arm,36,4500.00,75200.00,91500.00,8907200000468,ACTIVE
VAR-0468,PROD-0074,MON-HP-E24G4-BASE-DUALARM,"HP E24 G4 23.8"" 1080p IPS Anti-Glare Display with Premium Dual-Monitor Desk Arm Bundle",,,,,,"23.8""",1920x1080 FHD 60Hz,Black/Silver,"VGA, HDMI 1.4, DisplayPort 1.2, 4x USB 3.2",,Monitor + Heavy Ergo Arm,36,4500.00,15000.00,18900.00,8907200000469,ACTIVE
VAR-0469,PROD-0075,MON-LEN-T27H30-BASE-DUALARM,"ThinkVision T27h-30 27"" QHD USB-C Hub Monitor with Premium Dual-Monitor Desk Arm Bundle",,,,,,"27.0""",2560x1440 QHD 60Hz 99% sRGB,Raven Black,"USB-C 90W, HDMI, DP In/Out, RJ45, 4x USB Hub",,Monitor + Heavy Ergo Arm,36,4500.00,29700.00,37000.00,8907200000470,ACTIVE
VAR-0470,PROD-0076,MON-SAM-G9-49OLED-DUALARM,"Samsung 49"" Odyssey OLED G9 (5120x1440) 240Hz 0.03ms Curved 1800R with Premium Dual-Monitor Desk Arm Bundle",,,,,,"49.0""",5120x1440 Dual QHD 240Hz OLED,Silver Metal,"HDMI 2.1, DisplayPort 1.4, Micro HDMI, USB Hub",,Monitor + Heavy Ergo Arm,36,4500.00,118200.00,144499.00,8907200000471,ACTIVE
VAR-0471,PROD-0078,PRN-HP-M480F-BASE-TRAY2,HP Color LaserJet Enterprise MFP M480f Print/Copy/Scan/Fax with Additional 550-Sheet Paper Feeder Tray,,,,,,,,White,"Gigabit Ethernet, USB 2.0, Walk-up USB",,Printer with 2nd Feeder Cassette,12,12000.00,76500.00,94500.00,8907200000472,ACTIVE
VAR-0472,PROD-0079,PRN-CAN-IR2206N-BASE-TRAY2,Canon imageRUNNER 2206N A3 Network Mono Laser Copier/Printer with Additional 550-Sheet Paper Feeder Tray,,,,,,,,White/Dark Grey,"Ethernet 100Base-TX/10Base-T, Wi-Fi b/g/n, USB 2.0",,Printer with 2nd Feeder Cassette,12,12000.00,60500.00,75000.00,8907200000473,ACTIVE
VAR-0473,PROD-0080,PRN-BRO-L8900CDW-BASE-TRAY2,"Brother MFC-L8900CDW Wireless Color Laser MFP with 5"" Touchscreen with Additional 550-Sheet Paper Feeder Tray",,,,,,,,White,"Gigabit Ethernet, Dual-Band Wi-Fi, NFC, USB",,Printer with 2nd Feeder Cassette,12,12000.00,64500.00,80000.00,8907200000474,ACTIVE
VAR-0474,PROD-0081,VAR-ACC-DEL-WD19S-01-WHT,Dell WD19S 130W USB-C Dock with 90W Power Delivery - Arctic White / Silver Edition,,,,,,,,Arctic White,"2x DP 1.4, 1x HDMI 2.0b, 1x USB-C Multi-function, 3x USB-A 3.1, Gigabit RJ45",,Desktop Docking Station,36,500.00,11850.00,15000.00,8907200000475,ACTIVE
VAR-0475,PROD-0082,VAR-ACC-DEL-WD22TB4-01-WHT,Dell WD22TB4 Thunderbolt 4 Modular 180W Dock - Arctic White / Silver Edition,,,,,,,,Arctic White,"2x TB4 ports, 2x DP 1.4, 1x HDMI 2.0, 3x USB-A, Gigabit Ethernet",,Thunderbolt 4 Dock,36,500.00,21350.00,26500.00,8907200000476,ACTIVE
VAR-0476,PROD-0083,VAR-ACC-LEN-USBCDOCK-01-WHT,ThinkPad Universal USB-C Dock with 90W AC Adapter - Arctic White / Silver Edition,,,,,,,,Arctic White,"2x DP 1.4, 1x HDMI 2.0, 3x USB 3.2, 2x USB 2.0, 1x RJ45",,Universal Desktop Dock,36,500.00,11150.00,14300.00,8907200000477,ACTIVE
VAR-0477,PROD-0084,VAR-ACC-HP-USBCG5-01-WHT,HP USB-C Dock G5 with 120W Power Supply - Arctic White / Silver Edition,,,,,,,,Arctic White,"2x DisplayPort, 1x HDMI 2.0, 4x USB 3.0, 1x Gigabit RJ45",,Commercial Dock,12,500.00,11550.00,14700.00,8907200000478,ACTIVE
VAR-0478,PROD-0085,VAR-ACC-LOG-MXKEYS-01-WHT,Logitech MX Keys for Business Graphite (Logi Bolt + Bluetooth) - Arctic White / Silver Edition,,,,,,,,Arctic White,Logi Bolt USB Receiver + Bluetooth Low Energy,,Full Size Keyboard,24,500.00,7550.00,9995.00,8907200000479,ACTIVE
VAR-0479,PROD-0086,VAR-ACC-LOG-MXM3S-01-WHT,Logitech MX Master 3S for Business Graphite - Arctic White / Silver Edition,,,,,,,,Arctic White,Logi Bolt + Bluetooth,,Ergonomic Right-Handed Mouse,24,500.00,6750.00,8995.00,8907200000480,ACTIVE
VAR-0480,PROD-0087,VAR-ACC-LOG-MK370-01-WHT,Logitech MK370 Combo with Logi Bolt Wireless Security - Arctic White / Silver Edition,,,,,,,,Arctic White,Logi Bolt Wireless + Bluetooth,,Standard Keyboard + Mouse Combo,24,500.00,2550.00,3495.00,8907200000481,ACTIVE
VAR-0481,PROD-0088,VAR-ACC-JAB-EV65-01-WHT,Jabra Evolve2 65 Link380c MS Teams Stereo Black with Charging Stand - Arctic White / Silver Edition,,,,,,,,Arctic White,Jabra Link 380 USB-C Dongle + Bluetooth 5.0,,On-Ear Wireless Headset,24,500.00,14850.00,19400.00,8907200000482,ACTIVE
VAR-0482,PROD-0089,VAR-ACC-JAB-EV40-01-WHT,Jabra Evolve2 40 USB-C MS Teams Stereo Headset - Arctic White / Silver Edition,,,,,,,,Arctic White,USB-C Wired Connection,,On-Ear Corded Headset,24,500.00,7150.00,9400.00,8907200000483,ACTIVE
VAR-0483,PROD-0090,VAR-ACC-POL-BW5220-01-WHT,Poly Blackwire 5220 Stereo USB-C with 3.5mm Jack - Arctic White / Silver Edition,,,,,,,,Arctic White,USB-C + 3.5mm Audio Jack,,Wired Stereo Headset,24,500.00,5750.00,7700.00,8907200000484,ACTIVE
VAR-0484,PROD-0091,VAR-ACC-LOG-BRIO4K-01-WHT,Logitech Brio 4K Ultra HD Pro Webcam with Privacy Shutter - Arctic White / Silver Edition,,,,,,,,Arctic White,Detachable USB-C to USB-A/C Cable,,Webcam with Tripod Mount,36,500.00,13850.00,18000.00,8907200000485,ACTIVE
VAR-0485,PROD-0092,VAR-ACC-DEL-BAG15-01-WHT,"Dell Pro EcoLoop Backpack 15 (Up to 15.6"" Laptops) Black - Arctic White / Silver Edition",,,,,,,,Arctic White,"Padded Shoulder Straps, Luggage Pass-Through",,Protective Backpack,36,500.00,2550.00,3499.00,8907200000486,ACTIVE
VAR-0486,PROD-0093,VAR-ACC-KEN-LOCK-01-WHT,Kensington ClickSafe 2.0 Keyed Lock (1.8m Carbon Steel Cable) - Arctic White / Silver Edition,,,,,,,,Arctic White,Keyed Lock Mechanism with 2 Keys,,Anti-Theft Cable Lock,60,500.00,2150.00,3000.00,8907200000487,ACTIVE
VAR-0487,PROD-0094,VAR-ACC-ANK-GAN120-01-WHT,Anker 737 GaNPrime 120W (2x USB-C + 1x USB-A) Black - Arctic White / Silver Edition,,,,,,,,Arctic White,"2x USB-C (100W Max), 1x USB-A (22.5W Max)",,GaN Power Adapter,24,500.00,4850.00,6499.00,8907200000488,ACTIVE
VAR-0488,PROD-0096,COL-LOG-MEETUP-BASE-MICPOD,Logitech MeetUp All-in-One ConferenceCam with Remote bundled with Additional Table Microphone Pod,,,,,,,4K Ultra HD @ 30fps (120-deg FOV),Black,"USB 3.0 Type-C, Bluetooth",Plug-and-play USB,Video Bar + Expansion Mic Pod,24,28000.00,79000.00,97900.00,8907200000489,ACTIVE
VAR-0489,PROD-0097,COL-JAB-SPK75-MS-USB-WHT,Jabra Speak2 75 MS Teams USB-A/C + Bluetooth with Link 380c - Arctic White / Silver Edition,,,,,,,,Arctic White,USB-C/A integrated cable + Bluetooth 5.2,,Portable Puck Speakerphone,24,500.00,22350.00,28000.00,8907200000490,ACTIVE
VAR-0490,PROD-0098,COL-POL-X50-TC8-BUNDLE-MICPOD,Poly Studio X50 Video Bar + Poly TC8 Touch Room Controller bundled with Additional Table Microphone Pod,,,,,,,4K UHD with 5x Digital Zoom,Sand / Grey,"2x HDMI Out, 1x HDMI In, USB-A, USB-C, Wi-Fi, GbE",Native Zoom / Teams Rooms,Video Bar + Expansion Mic Pod,24,28000.00,236000.00,286000.00,8907200000491,ACTIVE
VAR-0491,PROD-0099,SEC-CIS-SFP-10G-SR-01-5M,"Cisco 10GBASE-SR SFP+ Optical Transceiver (850nm, MMF, LC Duplex) (5-Meter Extended Reach)",,,,,,,,Silver Metal,LC Duplex Connector (850nm),,SFP+ Optical Transceiver,36,1800.00,8600.00,11300.00,8907200000492,ACTIVE
VAR-0492,PROD-0100,SEC-CIS-DAC-3M-01-5M,Cisco 10G SFP+ Twinax Passive Copper Cable 3-Meter (5-Meter Extended Reach),,,,,,,,Black/Copper,SFP+ to SFP+ Fixed Twinax Connectors,,3-Meter Passive DAC Cable,36,1800.00,4300.00,6000.00,8907200000493,ACTIVE
VAR-0493,PROD-0133,NET-CIS-CBS350-24P-01-DUALPSU,Cisco CBS350 24-Port Gigabit PoE+ (195W) 4x SFP Switch with Dual Redundant Power Supplies (1+1 RPS),,,,,,,,Silver/Grey,"24x 1GbE PoE+ RJ45, 4x 1GbE SFP",Cisco Business OS,1U Dual PSU Rackmount,36,10200.00,49650.00,61200.00,8907200000494,ACTIVE
VAR-0494,PROD-0134,NET-CIS-CBS350-48P-01-DUALPSU,Cisco CBS350 48-Port Gigabit PoE+ (370W) 4x 10G SFP+ Switch with Dual Redundant Power Supplies (1+1 RPS),,,,,,,,Silver/Grey,"48x 1GbE PoE+ RJ45, 4x 10GbE SFP+",Cisco Business OS,1U Dual PSU Rackmount,36,22400.00,108800.00,134400.00,8907200000495,ACTIVE
VAR-0495,PROD-0135,NET-CIS-C9300-48U-A-01-DUALPSU,Cisco Catalyst 9300 48-Port UPOE (up to 90W/port) Network Advantage with Dual Redundant Power Supplies (1+1 RPS),,,,,,,,Cisco Grey,"48x 1GbE UPOE+, Modular Uplink Slot",Cisco IOS-XE,1U Dual PSU Rackmount,36,98400.00,483800.00,590400.00,8907200000496,ACTIVE
VAR-0496,PROD-0136,NET-UBI-UDM-SE-01-DUALPSU,"UniFi Dream Machine Special Edition (8x PoE GbE, 2.5G WAN, 10G SFP+) with Dual Redundant Power Supplies (1+1 RPS)",,,,,,,,Silver Aluminium,"8x GbE PoE/PoE+, 1x 2.5G RJ45, 2x 10G SFP+",UniFi OS,1U Dual PSU Rackmount,24,11200.00,54400.00,67200.00,8907200000497,ACTIVE
VAR-0497,PROD-0137,NET-UBI-U7PRO-SINGLE-DUALPSU,UniFi U7 Pro Tri-Band (2.4/5/6 GHz) Wi-Fi 7 AP with 2.5GbE Uplink with Dual Redundant Power Supplies (1+1 RPS),,,,,,,,White Disc,"1x 2.5 GbE RJ45 Port, PoE+ (802.3at)",UniFi Network,1U Dual PSU Rackmount,24,4580.00,21935.00,27480.00,8907200000498,ACTIVE
VAR-0498,PROD-0140,STO-SYN-SA3400-DISKLESS-64TB-RAID,Synology SA3400 12-Bay SAS/SATA Enterprise Storage (Diskless) Populated with 64TB Enterprise Storage (4x 16TB),Intel Xeon D-1541 (8C/16T),16GB DDR4 ECC RDIMM,64TB Raw,Enterprise SAS/SATA RAID6,,,,Silver/Black,10GbE SFP+ / 2.5GbE,Synology DSM 7.2,2U Heavy Rackmount,60,104000.00,462000.00,560000.00,8907200000499,ACTIVE
VAR-0499,PROD-0142,STO-DEL-ME5024-DUAL-FC-64TB-RAID,Dell PowerVault ME5024 Dual Controller 24-Bay 2U Array with 8x 16Gb FC Ports Populated with 64TB Enterprise Storage (4x 16TB),,32GB (16GB per controller),64TB Raw,Enterprise SAS/SATA RAID6,,,,Black/Silver,10GbE SFP+ / 2.5GbE,PowerVault ME5 OS,2U Storage Enclosure,36,104000.00,732000.00,884000.00,8907200000500,ACTIVE
VAR-0500,PROD-0143,UPS-APC-BR1500-TWR-EXTBATT,APC Back-UPS Pro 1500VA (865W) 230V India Sockets bundled with External Extended Run Battery Pack (EBM),,,,,,,,Black,6x India 3-pin outlets (AVR + Surge),,UPS + Extended Battery Module,24,10250.00,24187.50,30750.00,8907200000501,ACTIVE
VAR-0501,PROD-0144,UPS-EAT-5P1500-1U-EXTBATT,Eaton 5P 1500VA (1100W) 1U Rackmount UPS with Rail Kit bundled with External Extended Run Battery Pack (EBM),,,,,,,,Black,"4x IEC C13, USB, RS232, Slot",,UPS + Extended Battery Module,36,23000.00,55250.00,69000.00,8907200000502,ACTIVE
VAR-0502,PROD-0145,UPS-VER-GXT5-6K-5U-EXTBATT,Vertiv Liebert GXT5 6kVA 5U Rack/Tower Online UPS with Web Card bundled with External Extended Run Battery Pack (EBM),,,,,,,,Black,Hardwire terminal + 6x C13 + 4x C19,,UPS + Extended Battery Module,36,93000.00,224750.00,279000.00,8907200000503,ACTIVE
VAR-0503,PROD-0146,MON-DEL-U4025QW-BASE-DUALARM,"Dell UltraSharp 40"" 5K2K (5120x2160) 120Hz Curved Thunderbolt 4 Hub Display with Premium Dual-Monitor Desk Arm Bundle",,,,,,"39.7""",5120x2160 5K2K WUHD 120Hz IPS Black,Platinum Silver,"Thunderbolt 4 (140W), DP 2.1, HDMI 2.1, RJ45 2.5G",,Monitor + Heavy Ergo Arm,36,4500.00,168200.00,204400.00,8907200000504,ACTIVE
VAR-0504,PROD-0147,MON-HP-E27G4-BASE-DUALARM,"HP E27 G4 27"" FHD (1920x1080) 60Hz IPS Display with Premium Dual-Monitor Desk Arm Bundle",,,,,,"27.0""",1920x1080 FHD 60Hz,Black/Silver,"HDMI, DisplayPort, VGA, 4x USB 3.2",,Monitor + Heavy Ergo Arm,36,4500.00,18700.00,23400.00,8907200000505,ACTIVE
VAR-0505,PROD-0148,MON-LG-27QN880-BASE-DUALARM,"LG 27"" QHD (2560x1440) IPS with Heavy-Duty Ergo Desk Arm with Premium Dual-Monitor Desk Arm Bundle",,,,,,"27.0""",2560x1440 QHD 75Hz IPS HDR10,Black,"USB-C 60W, 2x HDMI, DisplayPort, 2x USB 3.0",,Monitor + Heavy Ergo Arm,36,4500.00,29200.00,36500.00,8907200000506,ACTIVE
VAR-0506,PROD-0149,MON-BEN-PD2705U-BASE-DUALARM,"BenQ PD2705U 27"" 4K UHD Factory Color-Calibrated Designer Monitor with Premium Dual-Monitor Desk Arm Bundle",,,,,,"27.0""",3840x2160 4K UHD 60Hz 100% sRGB,Dark Grey,"USB-C 65W, HDMI 2.0, DP 1.4, 4x USB Hub, KVM",,Monitor + Heavy Ergo Arm,36,4500.00,44200.00,54400.00,8907200000507,ACTIVE
VAR-0507,PROD-0150,PRN-HP-4104FDW-BASE-TRAY2,HP LaserJet Pro MFP 4104fdw Print/Scan/Copy/Fax 42ppm with Additional 550-Sheet Paper Feeder Tray,,,,,,,,White,"Wi-Fi 6, Gigabit LAN, USB, BLE",,Printer with 2nd Feeder Cassette,12,12000.00,44500.00,55900.00,8907200000508,ACTIVE
VAR-0508,PROD-0151,PRN-CAN-C3826I-BASE-TRAY2,Canon imageRUNNER ADVANCE DX C3826i A3 Color Multi-Function Copier with Additional 550-Sheet Paper Feeder Tray,,,,,,,,White/Grey,"Gigabit Ethernet, Wi-Fi, USB 3.0",,Printer with 2nd Feeder Cassette,12,12000.00,203500.00,247000.00,8907200000509,ACTIVE
VAR-0509,PROD-0152,VAR-ACC-LEN-TB4DOCK-01-WHT,ThinkPad Thunderbolt 4 Workstation Dock with 300W Adapter - Arctic White / Silver Edition,,,,,,,,Arctic White,"2x TB4, 2x DP 1.4, 1x HDMI 2.1, 4x USB-A 3.2, 1x RJ45 GbE",,Heavy Workstation Dock,36,500.00,24350.00,30000.00,8907200000510,ACTIVE
VAR-0510,PROD-0153,VAR-ACC-HP-TB4G4-01-WHT,HP Thunderbolt Dock 120W G4 with Integrated 0.8m TB4 Cable - Arctic White / Silver Edition,,,,,,,,Arctic White,"2x DisplayPort 1.4, 1x HDMI 2.0, 1x TB4, 4x USB 3.2, RJ45",,Thunderbolt 4 Dock,12,500.00,18850.00,23400.00,8907200000511,ACTIVE
VAR-0511,PROD-0154,VAR-ACC-DEL-KM7321W-01-WHT,Dell Premier Multi-Device Wireless Combo KM7321W Titan Gray - Arctic White / Silver Edition,,,,,,,,Arctic White,2.4GHz Wireless USB Dongle + 2x Bluetooth 5.0,,Keyboard + Mouse Combo,36,500.00,6150.00,7999.00,8907200000512,ACTIVE
VAR-0512,PROD-0155,VAR-ACC-DEL-KM5221W-01-WHT,Dell Pro Wireless Keyboard & Mouse Combo KM5221W Black - Arctic White / Silver Edition,,,,,,,,Arctic White,2.4GHz RF Wireless USB Dongle,,Keyboard + Mouse Combo,36,500.00,2450.00,3299.00,8907200000513,ACTIVE
VAR-0513,PROD-0156,VAR-ACC-POL-VOYFOCUS2-01-WHT,Poly Voyager Focus 2 UC USB-C with Charging Stand - Arctic White / Silver Edition,,,,,,,,Arctic White,Bluetooth 5.1 + BT700 USB-C Bluetooth Adapter,,On-Ear Wireless ANC Headset,24,500.00,16850.00,22000.00,8907200000514,ACTIVE
VAR-0514,PROD-0157,VAR-ACC-LOG-C925E-01-WHT,Logitech C925e Business Webcam Full HD 1080p - Arctic White / Silver Edition,,,,,,,,Arctic White,USB-A 2.0 Plug-and-Play,,Desktop Webcam,36,500.00,7150.00,9495.00,8907200000515,ACTIVE
VAR-0515,PROD-0158,VAR-ACC-APL-CHG140W-01-WHT,Apple 140W USB-C Power Adapter White - Arctic White / Silver Edition,,,,,,,,Arctic White,USB-C Port (Requires USB-C to MagSafe 3 or USB-C Cable),,Wall Power Brick,12,500.00,7150.00,9400.00,8907200000516,ACTIVE
VAR-0516,PROD-0159,VAR-ACC-DEL-CHG65W-01-WHT,Dell 65W Type-C AC Power Adapter (India 3-Pin) - Arctic White / Silver Edition,,,,,,,,Arctic White,USB-C Attached Cable + India 3-pin Mains Cord,,Laptop Power Adapter,12,500.00,2750.00,3700.00,8907200000517,ACTIVE
VAR-0517,PROD-0160,VAR-ACC-BEL-HUB7IN1-01-WHT,Belkin Connect 7-in-1 USB-C Multiport Hub Space Gray - Arctic White / Silver Edition,,,,,,,,Arctic White,"1x USB-C (100W PD), 1x 4K HDMI, 2x USB-A 3.0, SD, MicroSD, 3.5mm",,Multiport USB-C Dongle,24,500.00,3950.00,5499.00,8907200000518,ACTIVE
VAR-0518,PROD-0161,VAR-ACC-KNG-RAM32G-01-WHT,Kingston ValueRAM 32GB DDR5 5600MT/s Non-ECC CL46 2Rx8 1.1V SODIMM - Arctic White / Silver Edition,,,,,,,,Arctic White,262-pin SODIMM Interface,,Memory RAM Module,60,500.00,7550.00,9900.00,8907200000519,ACTIVE
VAR-0519,PROD-0162,VAR-ACC-KNG-ECC64G-01-WHT,Kingston 64GB Kit (2x32GB) DDR5-4800 Registered ECC RDIMM 1Rx4 - Arctic White / Silver Edition,,,,,,,,Arctic White,288-pin Registered DIMM,,Server ECC Memory Kit,60,500.00,21350.00,27000.00,8907200000520,ACTIVE
VAR-0520,PROD-0163,VAR-ACC-BEL-SURGE8-01-WHT,Belkin 8-Socket Commercial Surge Protector with 2m Cable (Grey) - Arctic White / Silver Edition,,,,,,,,Arctic White,8x Universal AC Sockets + 2x USB 2.4A,,8-Outlet Power Strip,60,500.00,2150.00,2999.00,8907200000521,ACTIVE
VAR-0521,PROD-0164,COL-LOG-RALLYMINI-GRAPHITE-MICPOD,Logitech Rally Bar Mini Video Bar Appliance Graphite bundled with Additional Table Microphone Pod,,,,,,,4K UHD @ 30fps Ultra-Wide FOV,Graphite,"HDMI In/Out, USB-C, Wi-Fi, GbE, Mic Pod port",CollabOS Appliance,Video Bar + Expansion Mic Pod,24,28000.00,206000.00,253000.00,8907200000522,ACTIVE
VAR-0522,PROD-0165,COL-LOG-TAPIP-GRAPHITE-MICPOD,Logitech Tap IP Touch Controller with PoE Graphite bundled with Additional Table Microphone Pod,,,,,,,1280x800 Touch Anti-Glare,Graphite,"Power over Ethernet (PoE 802.3af), Wi-Fi",CollabOS Room Controller,Video Bar + Expansion Mic Pod,24,28000.00,85000.00,105000.00,8907200000523,ACTIVE
VAR-0523,PROD-0166,COL-JAB-SPK510-MS-WHT,Jabra Speak 510 MS USB & Bluetooth Speakerphone with Travel Pouch - Arctic White / Silver Edition,,,,,,,,Arctic White,USB-A attached cord + Bluetooth,,Portable Puck Speakerphone,24,500.00,10150.00,13400.00,8907200000524,ACTIVE
VAR-0524,PROD-0167,COL-POL-X30-BASE-MICPOD,Poly Studio X30 Video Bar Appliance (Native Teams bundled with Additional Table Microphone Pod,,,,,,,4K UHD with 4x Digital Zoom,White / Grey,"HDMI Out, HDMI In, USB-A, USB-C, Wi-Fi, GbE",Poly Video OS,Video Bar + Expansion Mic Pod,24,28000.00,161000.00,196000.00,8907200000525,ACTIVE
VAR-0525,PROD-0168,COL-BAR-CX30-BASE-MICPOD,Barco ClickShare CX-30 Base Unit with 2x USB-C Conferencing Buttons bundled with Additional Table Microphone Pod,,,,,,,4K UHD Output @ 30Hz,Black,"HDMI Out, USB-A, USB-C, LAN GbE, Wi-Fi",ClickShare OS,Video Bar + Expansion Mic Pod,36,28000.00,206000.00,250000.00,8907200000526,ACTIVE
VAR-0526,PROD-0169,SEC-CIS-SFP-10G-LR-01-5M,"Cisco 10GBASE-LR SFP+ Optical Transceiver (1310nm, SMF, LC Duplex) (5-Meter Extended Reach)",,,,,,,,Silver Metal,LC Duplex Connector (1310nm),,SFP+ Single-Mode Transceiver,36,1800.00,19600.00,25300.00,8907200000527,ACTIVE
VAR-0527,PROD-0170,SEC-ARU-DAC-1M-01-5M,Aruba 10G SFP+ to SFP+ 1m Direct Attach Copper Cable (5-Meter Extended Reach),,,,,,,,Black/Copper,SFP+ to SFP+ Twinax 1m,,1-Meter DAC Cable,36,1800.00,3900.00,5500.00,8907200000528,ACTIVE
VAR-0528,PROD-0171,SEC-UBI-SFP-MM-2P-01-5M,Ubiquiti 10G Multi-Mode SFP+ Optical Module (2-Pack) (5-Meter Extended Reach),,,,,,,,Silver Metal,2x LC Duplex 850nm SFP+,,2-Pack Optical Modules,24,1800.00,5900.00,8000.00,8907200000529,ACTIVE
VAR-0529,PROD-0172,SEC-UBI-DAC-25G-2M-01-5M,Ubiquiti 25G SFP28 Direct Attach Copper Cable 2m (5-Meter Extended Reach),,,,,,,,Black,SFP28 to SFP28 25Gbps Connectors,,2-Meter 25G DAC Cable,24,1800.00,5300.00,7300.00,8907200000530,ACTIVE
VAR-0530,PROD-0173,SEC-APC-AR3107-48U-5M,APC NetShelter SX 48U 600mm x 1070mm Deep Server Cabinet (5-Meter Extended Reach),,,,,,,,Black,"Casters, roof brush cable slots, lockable split doors",,48U Server Rack Enclosure,60,1800.00,85100.00,103800.00,8907200000531,ACTIVE
VAR-0531,PROD-0174,SEC-ATEN-KH1516A-BASE-5M,ATEN 16-Port Cat5 High-Density KVM Switch with Daisy-Chain Port (5-Meter Extended Reach),,,,,,,,Dark Grey,"16x RJ45 Server Ports, Local Console, Daisy Chain",,1U Rackmount KVM Switch,36,1800.00,49100.00,60800.00,8907200000532,ACTIVE
VAR-0532,PROD-0175,SEC-CBL-OM4-LC-5M-01-5M,LC-to-LC Duplex OM4 50/125 Multimode Fiber Cable 5-Meter (Aqua) (5-Meter Extended Reach),,,,,,,,Aqua,LC Duplex to LC Duplex OM4 Polish,,5-Meter Fiber Patch Cord,60,1800.00,2500.00,3750.00,8907200000533,ACTIVE
