inventory_id,warehouse_id,variant_id,available_quantity,reserved_quantity,allocated_quantity,backorder_quantity,reorder_level,reorder_quantity,safety_stock,incoming_quantity,average_daily_demand,inventory_status,last_restocked_at,next_expected_restock
INV-00001,WH-001,VAR-0001,85,30,30,0,25,60,15,40,5.0,IN_STOCK,2026-02-15T10:00:00Z,2026-03-25T10:00:00Z
INV-00002,WH-001,VAR-0002,101,8,8,0,25,60,15,20,8.2,IN_STOCK,2026-02-15T10:00:00Z,2026-03-25T10:00:00Z
INV-00003,WH-001,VAR-0003,51,12,12,0,25,60,15,20,8.2,IN_STOCK,2026-02-15T10:00:00Z,2026-03-25T10:00:00Z
INV-00004,WH-001,VAR-0004,106,22,22,0,25,60,15,20,7.1,IN_STOCK,2026-02-15T10:00:00Z,2026-03-25T10:00:00Z
INV-00005,WH-001,VAR-0005,24,5,5,0,25,60,15,20,4.5,IN_STOCK,2026-02-15T10:00:00Z,2026-03-25T10:00:00Z
INV-00006,WH-001,VAR-0006,84,24,24,0,25,60,15,20,6.9,IN_STOCK,2026-02-15T10:00:00Z,2026-03-25T10:00:00Z
INV-00007,WH-001,VAR-0007,111,25,25,0,25,60,15,40,4.5,IN_STOCK,2026-02-15T10:00:00Z,2026-03-25T10:00:00Z
INV-00008,WH-001,VAR-0008,95,13,13,0,25,60,15,20,8.3,IN_STOCK,2026-02-15T10:00:00Z,2026-03-25T10:00:00Z
INV-00009,WH-001,VAR-0009,40,18,18,0,25,60,15,40,4.9,IN_STOCK,2026-02-15T10:00:00Z,2026-03-25T10:00:00Z
INV-00010,WH-001,VAR-0010,47,15,15,0,25,60,15,20,3.6,IN_STOCK,2026-02-15T10:00:00Z,2026-03-25T10:00:00Z
INV-00011,WH-001,VAR-0011,50,50,50,0,30,80,20,40,6.0,IN_STOCK,2026-02-15T10:00:00Z,2026-03-25T10:00:00Z
INV-00012,WH-001,VAR-0012,32,16,16,0,25,60,15,40,7.2,IN_STOCK,2026-02-15T10:00:00Z,2026-03-25T10:00:00Z
INV-00013,WH-001,VAR-0013,123,6,6,0,25,60,15,40,6.8,IN_STOCK,2026-02-15T10:00:00Z,2026-03-25T10:00:00Z
INV-00014,WH-001,VAR-0014,138,17,17,0,25,60,15,20,6.9,IN_STOCK,2026-02-15T10:00:00Z,2026-03-25T10:00:00Z
INV-00015,WH-001,VAR-0015,126,25,25,0,25,60,15,40,7.0,IN_STOCK,2026-02-15T10:00:00Z,2026-03-25T10:00:00Z
INV-00016,WH-001,VAR-0016,110,7,7,0,25,60,15,20,7.6,IN_STOCK,2026-02-15T10:00:00Z,2026-03-25T10:00:00Z
INV-00017,WH-001,VAR-0017,118,14,14,0,25,60,15,20,9.0,IN_STOCK,2026-02-15T10:00:00Z,2026-03-25T10:00:00Z
INV-00018,WH-001,VAR-0018,130,8,8,0,25,60,15,40,4.9,IN_STOCK,2026-02-15T10:00:00Z,2026-03-25T10:00:00Z
INV-00019,WH-001,VAR-0019,101,16,16,0,25,60,15,20,5.6,IN_STOCK,2026-02-15T10:00:00Z,2026-03-25T10:00:00Z
INV-00020,WH-001,VAR-0020,46,13,13,0,25,60,15,20,7.3,IN_STOCK,2026-02-15T10:00:00Z,2026-03-25T10:00:00Z
INV-00021,WH-001,VAR-0021,41,22,22,0,25,60,15,20,4.1,IN_STOCK,2026-02-15T10:00:00Z,2026-03-25T10:00:00Z
INV-00022,WH-001,VAR-0022,68,13,13,0,25,60,15,20,7.8,IN_STOCK,2026-02-15T10:00:00Z,2026-03-25T10:00:00Z
INV-00023,WH-001,VAR-0023,127,6,6,0,25,60,15,20,8.8,IN_STOCK,2026-02-15T10:00:00Z,2026-03-25T10:00:00Z
INV-00024,WH-001,VAR-0024,123,15,15,0,25,60,15,40,4.9,IN_STOCK,2026-02-15T10:00:00Z,2026-03-25T10:00:00Z
INV-00025,WH-001,VAR-0025,47,23,23,0,25,60,15,40,4.5,IN_STOCK,2026-02-15T10:00:00Z,2026-03-25T10:00:00Z
INV-00026,WH-001,VAR-0026,83,17,17,0,25,60,15,40,4.0,IN_STOCK,2026-02-15T10:00:00Z,2026-03-25T10:00:00Z
INV-00027,WH-001,VAR-0027,37,12,12,0,25,60,15,40,8.2,IN_STOCK,2026-02-15T10:00:00Z,2026-03-25T10:00:00Z
INV-00028,WH-001,VAR-0028,74,23,23,0,25,60,15,40,5.5,IN_STOCK,2026-02-15T10:00:00Z,2026-03-25T10:00:00Z
INV-00029,WH-001,VAR-0029,37,21,21,0,25,60,15,40,3.6,IN_STOCK,2026-02-15T10:00:00Z,2026-03-25T10:00:00Z
INV-00030,WH-001,VAR-0030,26,8,8,0,25,60,15,20,7.4,IN_STOCK,2026-02-15T10:00:00Z,2026-03-25T10:00:00Z
INV-00031,WH-001,VAR-0031,121,18,18,0,25,60,15,20,5.7,IN_STOCK,2026-02-15T10:00:00Z,2026-03-25T10:00:00Z
INV-00032,WH-001,VAR-0032,96,19,19,0,25,60,15,40,9.8,IN_STOCK,2026-02-15T10:00:00Z,2026-03-25T10:00:00Z
INV-00033,WH-001,VAR-0033,130,5,5,0,25,60,15,20,7.8,IN_STOCK,2026-02-15T10:00:00Z,2026-03-25T10:00:00Z
INV-00034,WH-001,VAR-0034,88,13,13,0,25,60,15,40,3.8,IN_STOCK,2026-02-15T10:00:00Z,2026-03-25T10:00:00Z
INV-00035,WH-001,VAR-0035,75,10,10,0,25,60,15,40,3.0,IN_STOCK,2026-02-15T10:00:00Z,2026-03-25T10:00:00Z
INV-00036,WH-001,VAR-0036,112,13,13,0,25,60,15,20,6.6,IN_STOCK,2026-02-15T10:00:00Z,2026-03-25T10:00:00Z
INV-00037,WH-001,VAR-0037,33,25,25,0,25,60,15,40,8.9,IN_STOCK,2026-02-15T10:00:00Z,2026-03-25T10:00:00Z
INV-00038,WH-001,VAR-0038,84,24,24,0,25,60,15,20,4.1,IN_STOCK,2026-02-15T10:00:00Z,2026-03-25T10:00:00Z
INV-00039,WH-001,VAR-0039,117,10,10,0,25,60,15,20,7.2,IN_STOCK,2026-02-15T10:00:00Z,2026-03-25T10:00:00Z
INV-00040,WH-001,VAR-0040,82,5,5,0,25,60,15,20,9.5,IN_STOCK,2026-02-15T10:00:00Z,2026-03-25T10:00:00Z
INV-00041,WH-001,VAR-0041,132,14,14,0,25,60,15,20,3.4,IN_STOCK,2026-02-15T10:00:00Z,2026-03-25T10:00:00Z
INV-00042,WH-001,VAR-0042,132,23,23,0,25,60,15,20,3.6,IN_STOCK,2026-02-15T10:00:00Z,2026-03-25T10:00:00Z
INV-00043,WH-001,VAR-0043,82,7,7,0,25,60,15,20,3.9,IN_STOCK,2026-02-15T10:00:00Z,2026-03-25T10:00:00Z
INV-00044,WH-001,VAR-0044,80,22,22,0,25,60,15,20,4.9,IN_STOCK,2026-02-15T10:00:00Z,2026-03-25T10:00:00Z
INV-00045,WH-001,VAR-0045,131,24,24,0,25,60,15,40,9.8,IN_STOCK,2026-02-15T10:00:00Z,2026-03-25T10:00:00Z
INV-00046,WH-001,VAR-0046,138,22,22,0,25,60,15,20,8.0,IN_STOCK,2026-02-15T10:00:00Z,2026-03-25T10:00:00Z
INV-00047,WH-001,VAR-0047,71,25,25,0,25,60,15,40,6.1,IN_STOCK,2026-02-15T10:00:00Z,2026-03-25T10:00:00Z
INV-00048,WH-001,VAR-0048,86,19,19,0,25,60,15,20,4.7,IN_STOCK,2026-02-15T10:00:00Z,2026-03-25T10:00:00Z
INV-00049,WH-001,VAR-0049,28,15,15,0,25,60,15,20,7.1,IN_STOCK,2026-02-15T10:00:00Z,2026-03-25T10:00:00Z
INV-00050,WH-001,VAR-0050,49,23,23,0,25,60,15,20,3.1,IN_STOCK,2026-02-15T10:00:00Z,2026-03-25T10:00:00Z
INV-00051,WH-001,VAR-0051,110,25,25,0,25,60,15,20,4.6,IN_STOCK,2026-02-15T10:00:00Z,2026-03-25T10:00:00Z
INV-00052,WH-001,VAR-0052,135,6,6,0,25,60,15,40,3.5,IN_STOCK,2026-02-15T10:00:00Z,2026-03-25T10:00:00Z
INV-00053,WH-001,VAR-0053,50,13,13,0,25,60,15,40,4.5,IN_STOCK,2026-02-15T10:00:00Z,2026-03-25T10:00:00Z
INV-00054,WH-001,VAR-0054,36,23,23,0,25,60,15,40,4.7,IN_STOCK,2026-02-15T10:00:00Z,2026-03-25T10:00:00Z
INV-00055,WH-001,VAR-0055,80,18,18,0,25,60,15,20,3.7,IN_STOCK,2026-02-15T10:00:00Z,2026-03-25T10:00:00Z
INV-00056,WH-001,VAR-0056,104,18,18,0,25,60,15,40,6.0,IN_STOCK,2026-02-15T10:00:00Z,2026-03-25T10:00:00Z
INV-00057,WH-001,VAR-0057,79,6,6,0,25,60,15,20,3.4,IN_STOCK,2026-02-15T10:00:00Z,2026-03-25T10:00:00Z
INV-00058,WH-001,VAR-0058,113,15,15,0,25,60,15,20,4.7,IN_STOCK,2026-02-15T10:00:00Z,2026-03-25T10:00:00Z
INV-00059,WH-001,VAR-0059,44,22,22,0,25,60,15,40,4.0,IN_STOCK,2026-02-15T10:00:00Z,2026-03-25T10:00:00Z
INV-00060,WH-001,VAR-0060,43,13,13,0,25,60,15,40,4.7,IN_STOCK,2026-02-15T10:00:00Z,2026-03-25T10:00:00Z
INV-00061,WH-001,VAR-0061,138,7,7,0,25,60,15,40,8.7,IN_STOCK,2026-02-15T10:00:00Z,2026-03-25T10:00:00Z
INV-00062,WH-001,VAR-0062,129,22,22,0,25,60,15,20,3.4,IN_STOCK,2026-02-15T10:00:00Z,2026-03-25T10:00:00Z
INV-00063,WH-001,VAR-0063,89,5,5,0,25,60,15,20,9.5,IN_STOCK,2026-02-15T10:00:00Z,2026-03-25T10:00:00Z
INV-00064,WH-001,VAR-0064,128,12,12,0,25,60,15,20,5.8,IN_STOCK,2026-02-15T10:00:00Z,2026-03-25T10:00:00Z
INV-00065,WH-001,VAR-0065,81,11,11,0,25,60,15,40,9.3,IN_STOCK,2026-02-15T10:00:00Z,2026-03-25T10:00:00Z
INV-00066,WH-001,VAR-0066,41,17,17,0,25,60,15,20,9.9,IN_STOCK,2026-02-15T10:00:00Z,2026-03-25T10:00:00Z
INV-00067,WH-001,VAR-0067,53,19,19,0,25,60,15,40,6.0,IN_STOCK,2026-02-15T10:00:00Z,2026-03-25T10:00:00Z
INV-00068,WH-001,VAR-0068,113,22,22,0,25,60,15,40,4.1,IN_STOCK,2026-02-15T10:00:00Z,2026-03-25T10:00:00Z
INV-00069,WH-001,VAR-0069,57,11,11,0,25,60,15,20,7.1,IN_STOCK,2026-02-15T10:00:00Z,2026-03-25T10:00:00Z
INV-00070,WH-001,VAR-0070,89,6,6,0,25,60,15,40,3.4,IN_STOCK,2026-02-15T10:00:00Z,2026-03-25T10:00:00Z
INV-00071,WH-001,VAR-0071,94,20,20,0,25,60,15,20,3.4,IN_STOCK,2026-02-15T10:00:00Z,2026-03-25T10:00:00Z
INV-00072,WH-001,VAR-0072,85,7,7,0,25,60,15,20,3.5,IN_STOCK,2026-02-15T10:00:00Z,2026-03-25T10:00:00Z
INV-00073,WH-001,VAR-0073,28,12,12,0,25,60,15,40,3.8,IN_STOCK,2026-02-15T10:00:00Z,2026-03-25T10:00:00Z
INV-00074,WH-001,VAR-0074,133,23,23,0,25,60,15,20,7.1,IN_STOCK,2026-02-15T10:00:00Z,2026-03-25T10:00:00Z
INV-00075,WH-001,VAR-0075,25,24,24,0,25,60,15,20,5.9,IN_STOCK,2026-02-15T10:00:00Z,2026-03-25T10:00:00Z
INV-00076,WH-001,VAR-0076,94,23,23,0,25,60,15,40,9.5,IN_STOCK,2026-02-15T10:00:00Z,2026-03-25T10:00:00Z
INV-00077,WH-001,VAR-0077,46,15,15,0,25,60,15,20,4.9,IN_STOCK,2026-02-15T10:00:00Z,2026-03-25T10:00:00Z
INV-00078,WH-001,VAR-0078,36,25,25,0,25,60,15,40,6.2,IN_STOCK,2026-02-15T10:00:00Z,2026-03-25T10:00:00Z
INV-00079,WH-001,VAR-0079,138,7,7,0,25,60,15,20,6.2,IN_STOCK,2026-02-15T10:00:00Z,2026-03-25T10:00:00Z
INV-00080,WH-001,VAR-0080,92,8,8,0,25,60,15,20,6.8,IN_STOCK,2026-02-15T10:00:00Z,2026-03-25T10:00:00Z
INV-00081,WH-001,VAR-0081,84,13,13,0,25,60,15,20,9.5,IN_STOCK,2026-02-15T10:00:00Z,2026-03-25T10:00:00Z
INV-00082,WH-001,VAR-0082,132,7,7,0,25,60,15,20,5.6,IN_STOCK,2026-02-15T10:00:00Z,2026-03-25T10:00:00Z
INV-00083,WH-001,VAR-0083,40,19,19,0,25,60,15,40,7.3,IN_STOCK,2026-02-15T10:00:00Z,2026-03-25T10:00:00Z
INV-00084,WH-001,VAR-0084,123,25,25,0,25,60,15,20,7.7,IN_STOCK,2026-02-15T10:00:00Z,2026-03-25T10:00:00Z
INV-00085,WH-001,VAR-0085,90,14,14,0,25,60,15,20,9.6,IN_STOCK,2026-02-15T10:00:00Z,2026-03-25T10:00:00Z
INV-00086,WH-001,VAR-0086,37,13,13,0,25,60,15,20,9.2,IN_STOCK,2026-02-15T10:00:00Z,2026-03-25T10:00:00Z
INV-00087,WH-001,VAR-0087,115,22,22,0,25,60,15,20,4.9,IN_STOCK,2026-02-15T10:00:00Z,2026-03-25T10:00:00Z
INV-00088,WH-001,VAR-0088,97,11,11,0,25,60,15,40,4.4,IN_STOCK,2026-02-15T10:00:00Z,2026-03-25T10:00:00Z
INV-00089,WH-001,VAR-0089,101,13,13,0,25,60,15,40,4.8,IN_STOCK,2026-02-15T10:00:00Z,2026-03-25T10:00:00Z
INV-00090,WH-001,VAR-0090,136,6,6,0,25,60,15,20,7.4,IN_STOCK,2026-02-15T10:00:00Z,2026-03-25T10:00:00Z
INV-00091,WH-001,VAR-0091,126,13,13,0,25,60,15,20,3.0,IN_STOCK,2026-02-15T10:00:00Z,2026-03-25T10:00:00Z
INV-00092,WH-001,VAR-0092,118,9,9,0,25,60,15,40,4.1,IN_STOCK,2026-02-15T10:00:00Z,2026-03-25T10:00:00Z
INV-00093,WH-001,VAR-0093,76,22,22,0,25,60,15,40,6.9,IN_STOCK,2026-02-15T10:00:00Z,2026-03-25T10:00:00Z
INV-00094,WH-001,VAR-0094,34,7,7,0,25,60,15,20,6.8,IN_STOCK,2026-02-15T10:00:00Z,2026-03-25T10:00:00Z
INV-00095,WH-001,VAR-0095,126,16,16,0,25,60,15,20,6.0,IN_STOCK,2026-02-15T10:00:00Z,2026-03-25T10:00:00Z
INV-00096,WH-001,VAR-0096,25,14,14,0,25,60,15,40,9.3,IN_STOCK,2026-02-15T10:00:00Z,2026-03-25T10:00:00Z
INV-00097,WH-001,VAR-0097,121,6,6,0,25,60,15,40,4.5,IN_STOCK,2026-02-15T10:00:00Z,2026-03-25T10:00:00Z
INV-00098,WH-001,VAR-0098,51,8,8,0,25,60,15,40,8.5,IN_STOCK,2026-02-15T10:00:00Z,2026-03-25T10:00:00Z
INV-00099,WH-001,VAR-0099,15,4,4,0,5,12,3,8,0.7,IN_STOCK,2026-02-15T10:00:00Z,2026-03-25T10:00:00Z
INV-00100,WH-001,VAR-0100,9,1,1,0,5,12,3,0,1.8,IN_STOCK,2026-02-15T10:00:00Z,2026-03-25T10:00:00Z
INV-00101,WH-001,VAR-0101,2,0,0,0,5,12,3,8,1.9,LOW_STOCK,2026-02-15T10:00:00Z,2026-03-25T10:00:00Z
INV-00102,WH-001,VAR-0102,15,1,1,0,5,12,3,4,0.7,IN_STOCK,2026-02-15T10:00:00Z,2026-03-25T10:00:00Z
INV-00103,WH-001,VAR-0103,5,3,3,0,5,12,3,0,1.8,IN_STOCK,2026-02-15T10:00:00Z,2026-03-25T10:00:00Z
INV-00104,WH-001,VAR-0104,9,1,1,0,5,12,3,4,1.0,IN_STOCK,2026-02-15T10:00:00Z,2026-03-25T10:00:00Z
INV-00105,WH-001,VAR-0105,9,1,1,0,5,12,3,0,1.5,IN_STOCK,2026-02-15T10:00:00Z,2026-03-25T10:00:00Z
INV-00106,WH-001,VAR-0106,14,2,2,0,5,12,3,4,1.8,IN_STOCK,2026-02-15T10:00:00Z,2026-03-25T10:00:00Z
INV-00107,WH-001,VAR-0107,10,2,2,0,5,12,3,8,1.3,IN_STOCK,2026-02-15T10:00:00Z,2026-03-25T10:00:00Z
INV-00108,WH-001,VAR-0108,19,2,2,0,5,12,3,0,0.7,IN_STOCK,2026-02-15T10:00:00Z,2026-03-25T10:00:00Z
INV-00109,WH-001,VAR-0109,10,1,1,0,5,12,3,8,1.9,IN_STOCK,2026-02-15T10:00:00Z,2026-03-25T10:00:00Z
INV-00110,WH-001,VAR-0110,10,0,0,0,5,12,3,0,1.4,IN_STOCK,2026-02-15T10:00:00Z,2026-03-25T10:00:00Z
INV-00111,WH-001,VAR-0111,13,2,2,0,5,12,3,4,1.4,IN_STOCK,2026-02-15T10:00:00Z,2026-03-25T10:00:00Z
INV-00112,WH-001,VAR-0112,18,0,0,0,5,12,3,4,1.8,IN_STOCK,2026-02-15T10:00:00Z,2026-03-25T10:00:00Z
INV-00113,WH-001,VAR-0113,8,2,2,0,5,12,3,0,1.6,IN_STOCK,2026-02-15T10:00:00Z,2026-03-25T10:00:00Z
INV-00114,WH-001,VAR-0114,2,2,2,0,5,12,3,8,1.5,LOW_STOCK,2026-02-15T10:00:00Z,2026-03-25T10:00:00Z
INV-00115,WH-001,VAR-0115,8,2,2,0,5,12,3,4,0.6,IN_STOCK,2026-02-15T10:00:00Z,2026-03-25T10:00:00Z
INV-00116,WH-001,VAR-0116,12,4,4,0,5,12,3,4,1.5,IN_STOCK,2026-02-15T10:00:00Z,2026-03-25T10:00:00Z
INV-00117,WH-001,VAR-0117,5,2,2,0,5,12,3,8,1.0,IN_STOCK,2026-02-15T10:00:00Z,2026-03-25T10:00:00Z
INV-00118,WH-001,VAR-0118,15,2,2,0,5,12,3,4,1.5,IN_STOCK,2026-02-15T10:00:00Z,2026-03-25T10:00:00Z
INV-00119,WH-001,VAR-0119,19,1,1,0,5,12,3,0,1.1,IN_STOCK,2026-02-15T10:00:00Z,2026-03-25T10:00:00Z
INV-00120,WH-001,VAR-0120,14,1,1,0,5,12,3,8,1.4,IN_STOCK,2026-02-15T10:00:00Z,2026-03-25T10:00:00Z
INV-00121,WH-001,VAR-0121,14,4,4,0,5,12,3,0,1.0,IN_STOCK,2026-02-15T10:00:00Z,2026-03-25T10:00:00Z
INV-00122,WH-001,VAR-0122,8,3,3,0,5,12,3,8,1.4,IN_STOCK,2026-02-15T10:00:00Z,2026-03-25T10:00:00Z
INV-00123,WH-001,VAR-0123,12,3,3,0,5,12,3,4,1.2,IN_STOCK,2026-02-15T10:00:00Z,2026-03-25T10:00:00Z
INV-00124,WH-001,VAR-0124,8,4,4,0,5,12,3,4,1.7,IN_STOCK,2026-02-15T10:00:00Z,2026-03-25T10:00:00Z
INV-00125,WH-001,VAR-0125,7,0,0,0,5,12,3,4,1.3,IN_STOCK,2026-02-15T10:00:00Z,2026-03-25T10:00:00Z
INV-00126,WH-001,VAR-0126,12,0,0,0,5,12,3,0,1.5,IN_STOCK,2026-02-15T10:00:00Z,2026-03-25T10:00:00Z
INV-00127,WH-001,VAR-0127,9,1,1,0,5,12,3,0,0.5,IN_STOCK,2026-02-15T10:00:00Z,2026-03-25T10:00:00Z
INV-00128,WH-001,VAR-0128,9,3,3,0,5,12,3,8,1.8,IN_STOCK,2026-02-15T10:00:00Z,2026-03-25T10:00:00Z
INV-00129,WH-001,VAR-0129,2,1,1,1,4,10,2,6,0.8,LOW_STOCK,2026-02-15T10:00:00Z,2026-03-25T10:00:00Z
INV-00130,WH-001,VAR-0130,12,3,3,1,4,10,2,4,0.4,IN_STOCK,2026-02-15T10:00:00Z,2026-03-25T10:00:00Z
INV-00131,WH-001,VAR-0131,11,0,0,0,4,10,2,4,0.4,IN_STOCK,2026-02-15T10:00:00Z,2026-03-25T10:00:00Z
INV-00132,WH-001,VAR-0132,13,3,3,0,4,10,2,6,0.4,IN_STOCK,2026-02-15T10:00:00Z,2026-03-25T10:00:00Z
INV-00133,WH-001,VAR-0133,14,0,0,1,4,10,2,0,1.0,IN_STOCK,2026-02-15T10:00:00Z,2026-03-25T10:00:00Z
INV-00134,WH-001,VAR-0134,12,12,12,8,6,20,4,8,1.5,BACKORDER,2026-02-15T10:00:00Z,2026-03-25T10:00:00Z
INV-00135,WH-001,VAR-0135,11,2,2,1,4,10,2,6,1.0,IN_STOCK,2026-02-15T10:00:00Z,2026-03-25T10:00:00Z
INV-00136,WH-001,VAR-0136,15,3,3,2,4,10,2,4,1.1,IN_STOCK,2026-02-15T10:00:00Z,2026-03-25T10:00:00Z
INV-00137,WH-001,VAR-0137,12,3,3,1,4,10,2,4,1.0,IN_STOCK,2026-02-15T10:00:00Z,2026-03-25T10:00:00Z
INV-00138,WH-001,VAR-0138,14,2,2,2,4,10,2,4,0.8,IN_STOCK,2026-02-15T10:00:00Z,2026-03-25T10:00:00Z
INV-00139,WH-001,VAR-0139,5,3,3,0,4,10,2,6,0.5,IN_STOCK,2026-02-15T10:00:00Z,2026-03-25T10:00:00Z
INV-00140,WH-001,VAR-0140,5,2,2,0,4,10,2,6,0.3,IN_STOCK,2026-02-15T10:00:00Z,2026-03-25T10:00:00Z
INV-00141,WH-001,VAR-0141,3,1,1,1,4,10,2,6,0.4,LOW_STOCK,2026-02-15T10:00:00Z,2026-03-25T10:00:00Z
INV-00142,WH-001,VAR-0142,4,0,0,1,4,10,2,4,0.5,IN_STOCK,2026-02-15T10:00:00Z,2026-03-25T10:00:00Z
INV-00143,WH-001,VAR-0143,8,3,3,0,4,10,2,0,1.0,IN_STOCK,2026-02-15T10:00:00Z,2026-03-25T10:00:00Z
INV-00144,WH-001,VAR-0144,7,0,0,2,4,10,2,4,0.7,IN_STOCK,2026-02-15T10:00:00Z,2026-03-25T10:00:00Z
INV-00145,WH-001,VAR-0145,6,2,2,1,4,10,2,4,0.7,IN_STOCK,2026-02-15T10:00:00Z,2026-03-25T10:00:00Z
INV-00146,WH-001,VAR-0146,12,1,1,1,4,10,2,0,0.5,IN_STOCK,2026-02-15T10:00:00Z,2026-03-25T10:00:00Z
INV-00147,WH-001,VAR-0147,8,0,0,1,4,10,2,4,0.9,IN_STOCK,2026-02-15T10:00:00Z,2026-03-25T10:00:00Z
INV-00148,WH-001,VAR-0148,13,3,3,0,4,10,2,4,1.1,IN_STOCK,2026-02-15T10:00:00Z,2026-03-25T10:00:00Z
INV-00149,WH-001,VAR-0149,10,0,0,1,4,10,2,6,0.8,IN_STOCK,2026-02-15T10:00:00Z,2026-03-25T10:00:00Z
INV-00150,WH-001,VAR-0150,1,0,0,1,4,10,2,0,1.1,LOW_STOCK,2026-02-15T10:00:00Z,2026-03-25T10:00:00Z
INV-00151,WH-001,VAR-0151,3,0,0,0,4,10,2,4,0.5,LOW_STOCK,2026-02-15T10:00:00Z,2026-03-25T10:00:00Z
INV-00152,WH-001,VAR-0152,8,2,2,0,4,10,2,4,0.5,IN_STOCK,2026-02-15T10:00:00Z,2026-03-25T10:00:00Z
INV-00153,WH-001,VAR-0153,14,3,3,0,4,10,2,0,0.7,IN_STOCK,2026-02-15T10:00:00Z,2026-03-25T10:00:00Z
INV-00154,WH-001,VAR-0154,12,0,0,0,4,10,2,0,0.9,IN_STOCK,2026-02-15T10:00:00Z,2026-03-25T10:00:00Z
INV-00155,WH-001,VAR-0155,13,0,0,0,4,10,2,0,0.4,IN_STOCK,2026-02-15T10:00:00Z,2026-03-25T10:00:00Z
INV-00156,WH-001,VAR-0156,1,0,0,0,4,10,2,0,0.7,LOW_STOCK,2026-02-15T10:00:00Z,2026-03-25T10:00:00Z
INV-00157,WH-001,VAR-0157,2,2,2,0,4,10,2,4,0.9,LOW_STOCK,2026-02-15T10:00:00Z,2026-03-25T10:00:00Z
INV-00158,WH-001,VAR-0158,13,2,2,0,4,10,2,6,0.8,IN_STOCK,2026-02-15T10:00:00Z,2026-03-25T10:00:00Z
INV-00159,WH-001,VAR-0159,12,0,0,0,4,10,2,4,0.3,IN_STOCK,2026-02-15T10:00:00Z,2026-03-25T10:00:00Z
INV-00160,WH-001,VAR-0160,1,1,1,2,4,10,2,6,1.1,LOW_STOCK,2026-02-15T10:00:00Z,2026-03-25T10:00:00Z
INV-00161,WH-001,VAR-0161,34,7,7,0,12,30,8,10,1.8,IN_STOCK,2026-02-15T10:00:00Z,2026-03-25T10:00:00Z
INV-00162,WH-001,VAR-0162,54,4,4,0,12,30,8,10,3.9,IN_STOCK,2026-02-15T10:00:00Z,2026-03-25T10:00:00Z
INV-00163,WH-001,VAR-0163,29,10,10,0,12,30,8,10,4.3,IN_STOCK,2026-02-15T10:00:00Z,2026-03-25T10:00:00Z
INV-00164,WH-001,VAR-0164,46,1,1,0,12,30,8,20,3.4,IN_STOCK,2026-02-15T10:00:00Z,2026-03-25T10:00:00Z
INV-00165,WH-001,VAR-0165,52,6,6,0,12,30,8,10,3.3,IN_STOCK,2026-02-15T10:00:00Z,2026-03-25T10:00:00Z
INV-00166,WH-001,VAR-0166,31,1,1,0,12,30,8,20,4.4,IN_STOCK,2026-02-15T10:00:00Z,2026-03-25T10:00:00Z
INV-00167,WH-001,VAR-0167,16,7,7,0,12,30,8,20,3.7,IN_STOCK,2026-02-15T10:00:00Z,2026-03-25T10:00:00Z
INV-00168,WH-001,VAR-0168,39,3,3,0,12,30,8,20,2.1,IN_STOCK,2026-02-15T10:00:00Z,2026-03-25T10:00:00Z
INV-00169,WH-001,VAR-0169,43,5,5,0,12,30,8,20,3.1,IN_STOCK,2026-02-15T10:00:00Z,2026-03-25T10:00:00Z
INV-00170,WH-001,VAR-0170,56,10,10,0,12,30,8,20,2.6,IN_STOCK,2026-02-15T10:00:00Z,2026-03-25T10:00:00Z
INV-00171,WH-001,VAR-0171,25,2,2,0,12,30,8,20,4.6,IN_STOCK,2026-02-15T10:00:00Z,2026-03-25T10:00:00Z
INV-00172,WH-001,VAR-0172,25,8,8,0,12,30,8,20,2.7,IN_STOCK,2026-02-15T10:00:00Z,2026-03-25T10:00:00Z
INV-00173,WH-001,VAR-0173,41,6,6,0,12,30,8,10,3.2,IN_STOCK,2026-02-15T10:00:00Z,2026-03-25T10:00:00Z
INV-00174,WH-001,VAR-0174,32,5,5,0,12,30,8,20,2.5,IN_STOCK,2026-02-15T10:00:00Z,2026-03-25T10:00:00Z
INV-00175,WH-001,VAR-0175,48,5,5,0,12,30,8,10,3.3,IN_STOCK,2026-02-15T10:00:00Z,2026-03-25T10:00:00Z
INV-00176,WH-001,VAR-0176,22,2,2,0,12,30,8,10,4.0,IN_STOCK,2026-02-15T10:00:00Z,2026-03-25T10:00:00Z
INV-00177,WH-001,VAR-0177,41,9,9,0,12,30,8,10,3.9,IN_STOCK,2026-02-15T10:00:00Z,2026-03-25T10:00:00Z
INV-00178,WH-001,VAR-0178,51,8,8,0,12,30,8,20,4.3,IN_STOCK,2026-02-15T10:00:00Z,2026-03-25T10:00:00Z
INV-00179,WH-001,VAR-0179,15,5,5,0,12,30,8,10,2.9,IN_STOCK,2026-02-15T10:00:00Z,2026-03-25T10:00:00Z
INV-00180,WH-001,VAR-0180,25,5,5,0,12,30,8,20,3.2,IN_STOCK,2026-02-15T10:00:00Z,2026-03-25T10:00:00Z
INV-00181,WH-001,VAR-0181,43,6,6,0,12,30,8,20,5.0,IN_STOCK,2026-02-15T10:00:00Z,2026-03-25T10:00:00Z
INV-00182,WH-001,VAR-0182,45,6,6,0,12,30,8,20,4.0,IN_STOCK,2026-02-15T10:00:00Z,2026-03-25T10:00:00Z
INV-00183,WH-001,VAR-0183,27,5,5,0,12,30,8,20,2.3,IN_STOCK,2026-02-15T10:00:00Z,2026-03-25T10:00:00Z
INV-00184,WH-001,VAR-0184,56,4,4,0,12,30,8,20,1.9,IN_STOCK,2026-02-15T10:00:00Z,2026-03-25T10:00:00Z
INV-00185,WH-001,VAR-0185,44,3,3,0,12,30,8,10,2.3,IN_STOCK,2026-02-15T10:00:00Z,2026-03-25T10:00:00Z
INV-00186,WH-001,VAR-0186,35,5,5,0,10,25,5,20,3.9,IN_STOCK,2026-02-15T10:00:00Z,2026-03-25T10:00:00Z
INV-00187,WH-001,VAR-0187,17,5,5,0,10,25,5,10,2.1,IN_STOCK,2026-02-15T10:00:00Z,2026-03-25T10:00:00Z
INV-00188,WH-001,VAR-0188,24,1,1,0,10,25,5,10,1.8,IN_STOCK,2026-02-15T10:00:00Z,2026-03-25T10:00:00Z
INV-00189,WH-001,VAR-0189,8,5,5,0,10,25,5,10,2.9,IN_STOCK,2026-02-15T10:00:00Z,2026-03-25T10:00:00Z
INV-00190,WH-001,VAR-0190,36,2,2,0,10,25,5,10,2.7,IN_STOCK,2026-02-15T10:00:00Z,2026-03-25T10:00:00Z
INV-00191,WH-001,VAR-0191,35,8,8,0,10,25,5,20,2.0,IN_STOCK,2026-02-15T10:00:00Z,2026-03-25T10:00:00Z
INV-00192,WH-001,VAR-0192,8,5,5,0,10,25,5,20,1.3,IN_STOCK,2026-02-15T10:00:00Z,2026-03-25T10:00:00Z
INV-00193,WH-001,VAR-0193,9,7,7,0,10,25,5,20,1.2,IN_STOCK,2026-02-15T10:00:00Z,2026-03-25T10:00:00Z
INV-00194,WH-001,VAR-0194,45,1,1,0,10,25,5,10,1.4,IN_STOCK,2026-02-15T10:00:00Z,2026-03-25T10:00:00Z
INV-00195,WH-001,VAR-0195,41,5,5,0,10,25,5,10,4.0,IN_STOCK,2026-02-15T10:00:00Z,2026-03-25T10:00:00Z
INV-00196,WH-001,VAR-0196,12,7,7,0,10,25,5,10,3.3,IN_STOCK,2026-02-15T10:00:00Z,2026-03-25T10:00:00Z
INV-00197,WH-001,VAR-0197,29,8,8,0,10,25,5,20,1.9,IN_STOCK,2026-02-15T10:00:00Z,2026-03-25T10:00:00Z
INV-00198,WH-001,VAR-0198,42,7,7,0,10,25,5,20,2.7,IN_STOCK,2026-02-15T10:00:00Z,2026-03-25T10:00:00Z
INV-00199,WH-001,VAR-0199,8,2,2,0,10,25,5,10,2.9,IN_STOCK,2026-02-15T10:00:00Z,2026-03-25T10:00:00Z
INV-00200,WH-001,VAR-0200,21,2,2,0,10,25,5,10,1.7,IN_STOCK,2026-02-15T10:00:00Z,2026-03-25T10:00:00Z
INV-00201,WH-001,VAR-0201,40,2,2,0,10,25,5,10,1.0,IN_STOCK,2026-02-15T10:00:00Z,2026-03-25T10:00:00Z
INV-00202,WH-001,VAR-0202,33,8,8,0,10,25,5,20,1.1,IN_STOCK,2026-02-15T10:00:00Z,2026-03-25T10:00:00Z
INV-00203,WH-001,VAR-0203,23,5,5,0,10,25,5,20,1.2,IN_STOCK,2026-02-15T10:00:00Z,2026-03-25T10:00:00Z
INV-00204,WH-001,VAR-0204,19,5,5,0,10,25,5,10,2.3,IN_STOCK,2026-02-15T10:00:00Z,2026-03-25T10:00:00Z
INV-00205,WH-001,VAR-0205,39,4,4,0,10,25,5,10,3.7,IN_STOCK,2026-02-15T10:00:00Z,2026-03-25T10:00:00Z
INV-00206,WH-001,VAR-0206,14,2,2,0,10,25,5,10,1.5,IN_STOCK,2026-02-15T10:00:00Z,2026-03-25T10:00:00Z
INV-00207,WH-001,VAR-0207,24,5,5,0,10,25,5,20,1.4,IN_STOCK,2026-02-15T10:00:00Z,2026-03-25T10:00:00Z
INV-00208,WH-001,VAR-0208,24,7,7,0,10,25,5,20,2.5,IN_STOCK,2026-02-15T10:00:00Z,2026-03-25T10:00:00Z
INV-00209,WH-001,VAR-0209,36,8,8,0,10,25,5,10,2.8,IN_STOCK,2026-02-15T10:00:00Z,2026-03-25T10:00:00Z
INV-00210,WH-001,VAR-0210,32,6,6,0,10,25,5,20,1.1,IN_STOCK,2026-02-15T10:00:00Z,2026-03-25T10:00:00Z
INV-00211,WH-001,VAR-0211,19,1,1,0,10,25,5,20,2.7,IN_STOCK,2026-02-15T10:00:00Z,2026-03-25T10:00:00Z
INV-00212,WH-001,VAR-0212,16,8,8,0,10,25,5,20,3.7,IN_STOCK,2026-02-15T10:00:00Z,2026-03-25T10:00:00Z
INV-00213,WH-001,VAR-0213,16,7,7,0,10,25,5,20,3.9,IN_STOCK,2026-02-15T10:00:00Z,2026-03-25T10:00:00Z
INV-00214,WH-001,VAR-0214,35,6,6,0,10,25,5,20,2.0,IN_STOCK,2026-02-15T10:00:00Z,2026-03-25T10:00:00Z
INV-00215,WH-001,VAR-0215,11,3,3,0,10,25,5,20,2.2,IN_STOCK,2026-02-15T10:00:00Z,2026-03-25T10:00:00Z
INV-00216,WH-001,VAR-0216,36,5,5,0,10,25,5,20,3.4,IN_STOCK,2026-02-15T10:00:00Z,2026-03-25T10:00:00Z
INV-00217,WH-001,VAR-0217,40,1,1,0,10,25,5,20,1.3,IN_STOCK,2026-02-15T10:00:00Z,2026-03-25T10:00:00Z
INV-00218,WH-001,VAR-0218,21,6,6,0,10,25,5,10,3.9,IN_STOCK,2026-02-15T10:00:00Z,2026-03-25T10:00:00Z
INV-00219,WH-001,VAR-0219,30,1,1,0,10,25,5,20,2.2,IN_STOCK,2026-02-15T10:00:00Z,2026-03-25T10:00:00Z
INV-00220,WH-001,VAR-0220,17,6,6,0,10,25,5,20,2.9,IN_STOCK,2026-02-15T10:00:00Z,2026-03-25T10:00:00Z
INV-00221,WH-001,VAR-0221,8,4,4,0,10,25,5,20,2.6,IN_STOCK,2026-02-15T10:00:00Z,2026-03-25T10:00:00Z
INV-00222,WH-001,VAR-0222,23,8,8,0,10,25,5,20,1.4,IN_STOCK,2026-02-15T10:00:00Z,2026-03-25T10:00:00Z
INV-00223,WH-001,VAR-0223,45,4,4,0,10,25,5,10,1.9,IN_STOCK,2026-02-15T10:00:00Z,2026-03-25T10:00:00Z
INV-00224,WH-001,VAR-0224,5,7,7,0,10,25,5,10,1.7,LOW_STOCK,2026-02-15T10:00:00Z,2026-03-25T10:00:00Z
INV-00225,WH-001,VAR-0225,12,8,8,0,10,25,5,10,2.9,IN_STOCK,2026-02-15T10:00:00Z,2026-03-25T10:00:00Z
INV-00226,WH-001,VAR-0226,14,8,8,0,10,25,5,20,2.5,IN_STOCK,2026-02-15T10:00:00Z,2026-03-25T10:00:00Z
INV-00227,WH-001,VAR-0227,22,7,7,0,10,25,5,20,3.9,IN_STOCK,2026-02-15T10:00:00Z,2026-03-25T10:00:00Z
INV-00228,WH-001,VAR-0228,20,8,8,0,10,25,5,10,2.2,IN_STOCK,2026-02-15T10:00:00Z,2026-03-25T10:00:00Z
INV-00229,WH-001,VAR-0229,43,3,3,0,10,25,5,10,1.8,IN_STOCK,2026-02-15T10:00:00Z,2026-03-25T10:00:00Z
INV-00230,WH-001,VAR-0230,31,6,6,0,10,25,5,20,3.5,IN_STOCK,2026-02-15T10:00:00Z,2026-03-25T10:00:00Z
INV-00231,WH-001,VAR-0231,23,5,5,0,10,25,5,20,3.6,IN_STOCK,2026-02-15T10:00:00Z,2026-03-25T10:00:00Z
INV-00232,WH-001,VAR-0232,33,8,8,0,10,25,5,20,2.0,IN_STOCK,2026-02-15T10:00:00Z,2026-03-25T10:00:00Z
INV-00233,WH-001,VAR-0233,39,7,7,0,10,25,5,20,3.8,IN_STOCK,2026-02-15T10:00:00Z,2026-03-25T10:00:00Z
INV-00234,WH-001,VAR-0234,17,4,4,0,10,25,5,20,1.7,IN_STOCK,2026-02-15T10:00:00Z,2026-03-25T10:00:00Z
INV-00235,WH-001,VAR-0235,31,1,1,0,10,25,5,20,3.2,IN_STOCK,2026-02-15T10:00:00Z,2026-03-25T10:00:00Z
INV-00236,WH-001,VAR-0236,29,7,7,0,10,25,5,10,2.5,IN_STOCK,2026-02-15T10:00:00Z,2026-03-25T10:00:00Z
INV-00237,WH-001,VAR-0237,7,3,3,0,10,25,5,20,3.6,IN_STOCK,2026-02-15T10:00:00Z,2026-03-25T10:00:00Z
INV-00238,WH-001,VAR-0238,33,2,2,0,10,25,5,20,1.0,IN_STOCK,2026-02-15T10:00:00Z,2026-03-25T10:00:00Z
INV-00239,WH-001,VAR-0239,14,7,7,0,10,25,5,10,1.2,IN_STOCK,2026-02-15T10:00:00Z,2026-03-25T10:00:00Z
INV-00240,WH-001,VAR-0240,21,6,6,0,10,25,5,20,2.9,IN_STOCK,2026-02-15T10:00:00Z,2026-03-25T10:00:00Z
INV-00241,WH-001,VAR-0241,26,7,7,0,10,25,5,20,2.9,IN_STOCK,2026-02-15T10:00:00Z,2026-03-25T10:00:00Z
INV-00242,WH-001,VAR-0242,36,1,1,0,10,25,5,10,1.7,IN_STOCK,2026-02-15T10:00:00Z,2026-03-25T10:00:00Z
INV-00243,WH-001,VAR-0243,23,4,4,0,10,25,5,10,2.3,IN_STOCK,2026-02-15T10:00:00Z,2026-03-25T10:00:00Z
INV-00244,WH-001,VAR-0244,11,2,2,0,10,25,5,20,1.5,IN_STOCK,2026-02-15T10:00:00Z,2026-03-25T10:00:00Z
INV-00245,WH-001,VAR-0245,24,1,1,0,10,25,5,10,2.0,IN_STOCK,2026-02-15T10:00:00Z,2026-03-25T10:00:00Z
INV-00246,WH-001,VAR-0246,13,5,5,0,12,30,8,20,2.8,IN_STOCK,2026-02-15T10:00:00Z,2026-03-25T10:00:00Z
INV-00247,WH-001,VAR-0247,19,4,4,0,12,30,8,20,3.5,IN_STOCK,2026-02-15T10:00:00Z,2026-03-25T10:00:00Z
INV-00248,WH-001,VAR-0248,60,3,3,0,12,30,8,10,2.1,IN_STOCK,2026-02-15T10:00:00Z,2026-03-25T10:00:00Z
INV-00249,WH-001,VAR-0249,110,30,30,0,25,80,18,40,7.0,IN_STOCK,2026-02-15T10:00:00Z,2026-03-25T10:00:00Z
INV-00250,WH-001,VAR-0250,49,7,7,0,12,30,8,10,3.2,IN_STOCK,2026-02-15T10:00:00Z,2026-03-25T10:00:00Z
INV-00251,WH-001,VAR-0251,47,3,3,0,12,30,8,10,3.1,IN_STOCK,2026-02-15T10:00:00Z,2026-03-25T10:00:00Z
INV-00252,WH-001,VAR-0252,26,8,8,0,12,30,8,20,3.8,IN_STOCK,2026-02-15T10:00:00Z,2026-03-25T10:00:00Z
INV-00253,WH-001,VAR-0253,39,5,5,0,12,30,8,10,1.8,IN_STOCK,2026-02-15T10:00:00Z,2026-03-25T10:00:00Z
INV-00254,WH-001,VAR-0254,32,10,10,0,12,30,8,20,3.7,IN_STOCK,2026-02-15T10:00:00Z,2026-03-25T10:00:00Z
INV-00255,WH-001,VAR-0255,37,5,5,0,12,30,8,20,4.5,IN_STOCK,2026-02-15T10:00:00Z,2026-03-25T10:00:00Z
INV-00256,WH-001,VAR-0256,22,7,7,0,12,30,8,20,1.9,IN_STOCK,2026-02-15T10:00:00Z,2026-03-25T10:00:00Z
INV-00257,WH-001,VAR-0257,34,10,10,0,12,30,8,20,3.5,IN_STOCK,2026-02-15T10:00:00Z,2026-03-25T10:00:00Z
INV-00258,WH-001,VAR-0258,54,5,5,0,12,30,8,10,4.9,IN_STOCK,2026-02-15T10:00:00Z,2026-03-25T10:00:00Z
INV-00259,WH-001,VAR-0259,52,7,7,0,12,30,8,20,1.5,IN_STOCK,2026-02-15T10:00:00Z,2026-03-25T10:00:00Z
INV-00260,WH-001,VAR-0260,53,1,1,0,12,30,8,20,4.4,IN_STOCK,2026-02-15T10:00:00Z,2026-03-25T10:00:00Z
INV-00261,WH-001,VAR-0261,28,4,4,0,12,30,8,20,2.3,IN_STOCK,2026-02-15T10:00:00Z,2026-03-25T10:00:00Z
INV-00262,WH-001,VAR-0262,22,10,10,0,12,30,8,20,3.9,IN_STOCK,2026-02-15T10:00:00Z,2026-03-25T10:00:00Z
INV-00263,WH-001,VAR-0263,56,3,3,0,12,30,8,10,4.7,IN_STOCK,2026-02-15T10:00:00Z,2026-03-25T10:00:00Z
INV-00264,WH-001,VAR-0264,51,1,1,0,12,30,8,20,4.3,IN_STOCK,2026-02-15T10:00:00Z,2026-03-25T10:00:00Z
INV-00265,WH-001,VAR-0265,12,10,10,0,12,30,8,20,4.1,IN_STOCK,2026-02-15T10:00:00Z,2026-03-25T10:00:00Z
INV-00266,WH-001,VAR-0266,15,5,5,0,12,30,8,20,4.1,IN_STOCK,2026-02-15T10:00:00Z,2026-03-25T10:00:00Z
INV-00267,WH-001,VAR-0267,21,4,4,0,12,30,8,10,4.3,IN_STOCK,2026-02-15T10:00:00Z,2026-03-25T10:00:00Z
INV-00268,WH-001,VAR-0268,33,9,9,0,12,30,8,20,4.4,IN_STOCK,2026-02-15T10:00:00Z,2026-03-25T10:00:00Z
INV-00269,WH-001,VAR-0269,26,8,8,0,12,30,8,20,4.1,IN_STOCK,2026-02-15T10:00:00Z,2026-03-25T10:00:00Z
INV-00270,WH-001,VAR-0270,31,2,2,0,12,30,8,20,4.9,IN_STOCK,2026-02-15T10:00:00Z,2026-03-25T10:00:00Z
INV-00271,WH-001,VAR-0271,19,4,4,0,12,30,8,20,4.9,IN_STOCK,2026-02-15T10:00:00Z,2026-03-25T10:00:00Z
INV-00272,WH-001,VAR-0272,45,6,6,0,12,30,8,10,4.3,IN_STOCK,2026-02-15T10:00:00Z,2026-03-25T10:00:00Z
INV-00273,WH-001,VAR-0273,10,5,5,0,12,30,8,10,3.1,IN_STOCK,2026-02-15T10:00:00Z,2026-03-25T10:00:00Z
INV-00274,WH-001,VAR-0274,53,5,5,0,12,30,8,20,4.4,IN_STOCK,2026-02-15T10:00:00Z,2026-03-25T10:00:00Z
INV-00275,WH-001,VAR-0275,33,2,2,0,12,30,8,10,3.2,IN_STOCK,2026-02-15T10:00:00Z,2026-03-25T10:00:00Z
INV-00276,WH-001,VAR-0276,49,9,9,0,12,30,8,20,4.7,IN_STOCK,2026-02-15T10:00:00Z,2026-03-25T10:00:00Z
INV-00277,WH-001,VAR-0277,24,2,2,0,12,30,8,20,4.7,IN_STOCK,2026-02-15T10:00:00Z,2026-03-25T10:00:00Z
INV-00278,WH-001,VAR-0278,29,7,7,0,12,30,8,10,2.0,IN_STOCK,2026-02-15T10:00:00Z,2026-03-25T10:00:00Z
INV-00279,WH-001,VAR-0279,12,5,5,0,12,30,8,20,1.9,IN_STOCK,2026-02-15T10:00:00Z,2026-03-25T10:00:00Z
INV-00280,WH-001,VAR-0280,25,9,9,0,12,30,8,10,2.9,IN_STOCK,2026-02-15T10:00:00Z,2026-03-25T10:00:00Z
INV-00281,WH-001,VAR-0281,33,9,9,0,12,30,8,20,3.6,IN_STOCK,2026-02-15T10:00:00Z,2026-03-25T10:00:00Z
INV-00282,WH-001,VAR-0282,56,3,3,0,12,30,8,20,3.8,IN_STOCK,2026-02-15T10:00:00Z,2026-03-25T10:00:00Z
INV-00283,WH-001,VAR-0283,41,10,10,0,12,30,8,20,4.8,IN_STOCK,2026-02-15T10:00:00Z,2026-03-25T10:00:00Z
INV-00284,WH-001,VAR-0284,27,1,1,0,12,30,8,20,2.3,IN_STOCK,2026-02-15T10:00:00Z,2026-03-25T10:00:00Z
INV-00285,WH-001,VAR-0285,38,4,4,0,12,30,8,20,1.8,IN_STOCK,2026-02-15T10:00:00Z,2026-03-25T10:00:00Z
INV-00286,WH-001,VAR-0286,53,6,6,0,12,30,8,20,1.7,IN_STOCK,2026-02-15T10:00:00Z,2026-03-25T10:00:00Z
INV-00287,WH-001,VAR-0287,27,4,4,0,12,30,8,10,4.8,IN_STOCK,2026-02-15T10:00:00Z,2026-03-25T10:00:00Z
INV-00288,WH-001,VAR-0288,39,2,2,0,12,30,8,10,3.7,IN_STOCK,2026-02-15T10:00:00Z,2026-03-25T10:00:00Z
INV-00289,WH-001,VAR-0289,48,1,1,0,12,30,8,10,4.3,IN_STOCK,2026-02-15T10:00:00Z,2026-03-25T10:00:00Z
INV-00290,WH-001,VAR-0290,25,3,3,0,12,30,8,10,1.7,IN_STOCK,2026-02-15T10:00:00Z,2026-03-25T10:00:00Z
INV-00291,WH-001,VAR-0291,58,9,9,0,12,30,8,10,3.6,IN_STOCK,2026-02-15T10:00:00Z,2026-03-25T10:00:00Z
INV-00292,WH-001,VAR-0292,24,6,6,0,12,30,8,10,4.3,IN_STOCK,2026-02-15T10:00:00Z,2026-03-25T10:00:00Z
INV-00293,WH-001,VAR-0293,48,1,1,0,12,30,8,20,4.5,IN_STOCK,2026-02-15T10:00:00Z,2026-03-25T10:00:00Z
INV-00294,WH-001,VAR-0294,19,3,3,0,12,30,8,20,4.3,IN_STOCK,2026-02-15T10:00:00Z,2026-03-25T10:00:00Z
INV-00295,WH-001,VAR-0295,17,1,1,0,12,30,8,10,1.6,IN_STOCK,2026-02-15T10:00:00Z,2026-03-25T10:00:00Z
INV-00296,WH-001,VAR-0296,60,4,4,0,12,30,8,20,1.6,IN_STOCK,2026-02-15T10:00:00Z,2026-03-25T10:00:00Z
INV-00297,WH-001,VAR-0297,26,1,1,0,12,30,8,10,4.1,IN_STOCK,2026-02-15T10:00:00Z,2026-03-25T10:00:00Z
INV-00298,WH-001,VAR-0298,12,12,12,0,15,30,10,15,3.0,IN_STOCK,2026-02-15T10:00:00Z,2026-03-25T10:00:00Z
INV-00299,WH-001,VAR-0299,77,3,3,0,15,40,10,15,3.9,IN_STOCK,2026-02-15T10:00:00Z,2026-03-25T10:00:00Z
INV-00300,WH-001,VAR-0300,56,10,10,0,15,40,10,15,3.8,IN_STOCK,2026-02-15T10:00:00Z,2026-03-25T10:00:00Z
INV-00301,WH-001,VAR-0301,38,11,11,0,15,40,10,15,4.9,IN_STOCK,2026-02-15T10:00:00Z,2026-03-25T10:00:00Z
INV-00302,WH-001,VAR-0302,76,6,6,0,15,40,10,30,4.6,IN_STOCK,2026-02-15T10:00:00Z,2026-03-25T10:00:00Z
INV-00303,WH-001,VAR-0303,13,2,2,0,15,40,10,30,5.4,IN_STOCK,2026-02-15T10:00:00Z,2026-03-25T10:00:00Z
INV-00304,WH-001,VAR-0304,64,12,12,0,15,40,10,15,4.0,IN_STOCK,2026-02-15T10:00:00Z,2026-03-25T10:00:00Z
INV-00305,WH-001,VAR-0305,66,3,3,0,15,40,10,15,3.3,IN_STOCK,2026-02-15T10:00:00Z,2026-03-25T10:00:00Z
INV-00306,WH-001,VAR-0306,28,3,3,0,15,40,10,15,3.1,IN_STOCK,2026-02-15T10:00:00Z,2026-03-25T10:00:00Z
INV-00307,WH-001,VAR-0307,84,10,10,0,15,40,10,30,3.5,IN_STOCK,2026-02-15T10:00:00Z,2026-03-25T10:00:00Z
INV-00308,WH-001,VAR-0308,77,6,6,0,15,40,10,30,4.0,IN_STOCK,2026-02-15T10:00:00Z,2026-03-25T10:00:00Z
INV-00309,WH-001,VAR-0309,65,3,3,0,15,40,10,15,5.4,IN_STOCK,2026-02-15T10:00:00Z,2026-03-25T10:00:00Z
INV-00310,WH-001,VAR-0310,80,13,13,0,15,40,10,15,3.7,IN_STOCK,2026-02-15T10:00:00Z,2026-03-25T10:00:00Z
INV-00311,WH-001,VAR-0311,39,8,8,0,15,40,10,30,5.3,IN_STOCK,2026-02-15T10:00:00Z,2026-03-25T10:00:00Z
INV-00312,WH-001,VAR-0312,61,8,8,0,15,40,10,15,3.3,IN_STOCK,2026-02-15T10:00:00Z,2026-03-25T10:00:00Z
INV-00313,WH-001,VAR-0313,50,12,12,0,15,40,10,30,3.5,IN_STOCK,2026-02-15T10:00:00Z,2026-03-25T10:00:00Z
INV-00314,WH-001,VAR-0314,29,12,12,0,15,40,10,30,2.3,IN_STOCK,2026-02-15T10:00:00Z,2026-03-25T10:00:00Z
INV-00315,WH-001,VAR-0315,20,3,3,0,15,40,10,30,2.4,IN_STOCK,2026-02-15T10:00:00Z,2026-03-25T10:00:00Z
INV-00316,WH-001,VAR-0316,57,14,14,0,15,40,10,15,4.2,IN_STOCK,2026-02-15T10:00:00Z,2026-03-25T10:00:00Z
INV-00317,WH-001,VAR-0317,85,10,10,0,15,40,10,30,4.7,IN_STOCK,2026-02-15T10:00:00Z,2026-03-25T10:00:00Z
INV-00318,WH-001,VAR-0318,62,7,7,0,15,40,10,30,5.5,IN_STOCK,2026-02-15T10:00:00Z,2026-03-25T10:00:00Z
INV-00319,WH-001,VAR-0319,16,6,6,0,15,40,10,30,3.4,IN_STOCK,2026-02-15T10:00:00Z,2026-03-25T10:00:00Z
INV-00320,WH-001,VAR-0320,83,10,10,0,15,40,10,15,2.6,IN_STOCK,2026-02-15T10:00:00Z,2026-03-25T10:00:00Z
INV-00321,WH-001,VAR-0321,71,5,5,0,15,40,10,15,3.4,IN_STOCK,2026-02-15T10:00:00Z,2026-03-25T10:00:00Z
INV-00322,WH-001,VAR-0322,81,7,7,0,15,40,10,15,5.1,IN_STOCK,2026-02-15T10:00:00Z,2026-03-25T10:00:00Z
INV-00323,WH-001,VAR-0323,83,5,5,0,15,40,10,30,5.4,IN_STOCK,2026-02-15T10:00:00Z,2026-03-25T10:00:00Z
INV-00324,WH-001,VAR-0324,81,2,2,0,15,40,10,30,2.1,IN_STOCK,2026-02-15T10:00:00Z,2026-03-25T10:00:00Z
INV-00325,WH-001,VAR-0325,44,13,13,0,15,40,10,30,5.7,IN_STOCK,2026-02-15T10:00:00Z,2026-03-25T10:00:00Z
INV-00326,WH-001,VAR-0326,54,2,2,0,15,40,10,15,5.5,IN_STOCK,2026-02-15T10:00:00Z,2026-03-25T10:00:00Z
INV-00327,WH-001,VAR-0327,82,12,12,0,15,40,10,30,2.3,IN_STOCK,2026-02-15T10:00:00Z,2026-03-25T10:00:00Z
INV-00328,WH-001,VAR-0328,13,3,3,0,15,40,10,15,3.5,IN_STOCK,2026-02-15T10:00:00Z,2026-03-25T10:00:00Z
INV-00329,WH-001,VAR-0329,68,7,7,0,15,40,10,15,3.5,IN_STOCK,2026-02-15T10:00:00Z,2026-03-25T10:00:00Z
INV-00330,WH-001,VAR-0330,51,14,14,0,15,40,10,15,5.5,IN_STOCK,2026-02-15T10:00:00Z,2026-03-25T10:00:00Z
INV-00331,WH-001,VAR-0331,29,4,4,0,15,40,10,15,4.7,IN_STOCK,2026-02-15T10:00:00Z,2026-03-25T10:00:00Z
INV-00332,WH-001,VAR-0332,27,8,8,0,12,30,8,20,3.2,IN_STOCK,2026-02-15T10:00:00Z,2026-03-25T10:00:00Z
INV-00333,WH-001,VAR-0333,38,7,7,0,12,30,8,20,2.3,IN_STOCK,2026-02-15T10:00:00Z,2026-03-25T10:00:00Z
INV-00334,WH-001,VAR-0334,42,2,2,0,12,30,8,20,3.0,IN_STOCK,2026-02-15T10:00:00Z,2026-03-25T10:00:00Z
INV-00335,WH-001,VAR-0335,28,10,10,0,12,30,8,20,3.3,IN_STOCK,2026-02-15T10:00:00Z,2026-03-25T10:00:00Z
INV-00336,WH-001,VAR-0336,29,1,1,0,12,30,8,10,2.9,IN_STOCK,2026-02-15T10:00:00Z,2026-03-25T10:00:00Z
INV-00337,WH-001,VAR-0337,48,1,1,0,12,30,8,10,2.2,IN_STOCK,2026-02-15T10:00:00Z,2026-03-25T10:00:00Z
INV-00338,WH-001,VAR-0338,23,3,3,0,12,30,8,20,2.5,IN_STOCK,2026-02-15T10:00:00Z,2026-03-25T10:00:00Z
INV-00339,WH-001,VAR-0339,17,1,1,0,12,30,8,20,4.1,IN_STOCK,2026-02-15T10:00:00Z,2026-03-25T10:00:00Z
INV-00340,WH-001,VAR-0340,21,3,3,0,12,30,8,20,3.4,IN_STOCK,2026-02-15T10:00:00Z,2026-03-25T10:00:00Z
INV-00341,WH-001,VAR-0341,24,9,9,0,12,30,8,20,1.8,IN_STOCK,2026-02-15T10:00:00Z,2026-03-25T10:00:00Z
INV-00342,WH-001,VAR-0342,57,1,1,0,12,30,8,20,1.6,IN_STOCK,2026-02-15T10:00:00Z,2026-03-25T10:00:00Z
INV-00343,WH-001,VAR-0343,14,6,6,0,12,30,8,20,3.5,IN_STOCK,2026-02-15T10:00:00Z,2026-03-25T10:00:00Z
INV-00344,WH-001,VAR-0344,55,7,7,0,12,30,8,20,1.9,IN_STOCK,2026-02-15T10:00:00Z,2026-03-25T10:00:00Z
INV-00345,WH-001,VAR-0345,11,6,6,0,12,30,8,10,4.3,IN_STOCK,2026-02-15T10:00:00Z,2026-03-25T10:00:00Z
INV-00346,WH-001,VAR-0346,49,8,8,0,12,30,8,20,1.8,IN_STOCK,2026-02-15T10:00:00Z,2026-03-25T10:00:00Z
INV-00347,WH-001,VAR-0347,16,4,4,0,12,30,8,20,3.6,IN_STOCK,2026-02-15T10:00:00Z,2026-03-25T10:00:00Z
INV-00348,WH-001,VAR-0348,43,2,2,0,12,30,8,20,4.5,IN_STOCK,2026-02-15T10:00:00Z,2026-03-25T10:00:00Z
INV-00349,WH-001,VAR-0349,57,6,6,0,12,30,8,10,2.7,IN_STOCK,2026-02-15T10:00:00Z,2026-03-25T10:00:00Z
INV-00350,WH-001,VAR-0350,20,2,2,0,12,30,8,10,3.4,IN_STOCK,2026-02-15T10:00:00Z,2026-03-25T10:00:00Z
INV-00351,WH-001,VAR-0351,22,6,6,0,12,30,8,20,4.0,IN_STOCK,2026-02-15T10:00:00Z,2026-03-25T10:00:00Z
INV-00352,WH-001,VAR-0352,140,30,30,0,30,100,20,50,8.0,IN_STOCK,2026-02-15T10:00:00Z,2026-03-25T10:00:00Z
INV-00353,WH-001,VAR-0353,390,19,19,0,50,150,30,50,10.3,IN_STOCK,2026-02-15T10:00:00Z,2026-03-25T10:00:00Z
INV-00354,WH-001,VAR-0354,191,22,22,0,50,150,30,50,21.3,IN_STOCK,2026-02-15T10:00:00Z,2026-03-25T10:00:00Z
INV-00355,WH-001,VAR-0355,449,14,14,0,50,150,30,50,28.9,IN_STOCK,2026-02-15T10:00:00Z,2026-03-25T10:00:00Z
INV-00356,WH-001,VAR-0356,381,41,41,0,50,150,30,100,24.6,IN_STOCK,2026-02-15T10:00:00Z,2026-03-25T10:00:00Z
INV-00357,WH-001,VAR-0357,449,47,47,0,50,150,30,100,23.0,IN_STOCK,2026-02-15T10:00:00Z,2026-03-25T10:00:00Z
INV-00358,WH-001,VAR-0358,349,50,50,0,50,150,30,100,27.0,IN_STOCK,2026-02-15T10:00:00Z,2026-03-25T10:00:00Z
INV-00359,WH-001,VAR-0359,381,30,30,0,50,150,30,50,17.7,IN_STOCK,2026-02-15T10:00:00Z,2026-03-25T10:00:00Z
INV-00360,WH-001,VAR-0360,300,38,38,0,50,150,30,100,25.5,IN_STOCK,2026-02-15T10:00:00Z,2026-03-25T10:00:00Z
INV-00361,WH-001,VAR-0361,362,13,13,0,50,150,30,100,19.2,IN_STOCK,2026-02-15T10:00:00Z,2026-03-25T10:00:00Z
INV-00362,WH-001,VAR-0362,218,39,39,0,50,150,30,100,8.8,IN_STOCK,2026-02-15T10:00:00Z,2026-03-25T10:00:00Z
INV-00363,WH-001,VAR-0363,248,28,28,0,50,150,30,50,22.2,IN_STOCK,2026-02-15T10:00:00Z,2026-03-25T10:00:00Z
INV-00364,WH-001,VAR-0364,106,49,49,0,50,150,30,100,18.2,IN_STOCK,2026-02-15T10:00:00Z,2026-03-25T10:00:00Z
INV-00365,WH-001,VAR-0365,343,12,12,0,50,150,30,100,28.0,IN_STOCK,2026-02-15T10:00:00Z,2026-03-25T10:00:00Z
INV-00366,WH-001,VAR-0366,352,22,22,0,50,150,30,100,21.3,IN_STOCK,2026-02-15T10:00:00Z,2026-03-25T10:00:00Z
INV-00367,WH-001,VAR-0367,316,19,19,0,50,150,30,50,17.9,IN_STOCK,2026-02-15T10:00:00Z,2026-03-25T10:00:00Z
INV-00368,WH-001,VAR-0368,235,15,15,0,50,150,30,50,8.9,IN_STOCK,2026-02-15T10:00:00Z,2026-03-25T10:00:00Z
INV-00369,WH-001,VAR-0369,422,38,38,0,50,150,30,100,19.5,IN_STOCK,2026-02-15T10:00:00Z,2026-03-25T10:00:00Z
INV-00370,WH-001,VAR-0370,372,20,20,0,50,150,30,100,16.2,IN_STOCK,2026-02-15T10:00:00Z,2026-03-25T10:00:00Z
INV-00371,WH-001,VAR-0371,204,34,34,0,50,150,30,100,25.0,IN_STOCK,2026-02-15T10:00:00Z,2026-03-25T10:00:00Z
INV-00372,WH-001,VAR-0372,106,24,24,0,25,60,15,20,8.5,IN_STOCK,2026-02-15T10:00:00Z,2026-03-25T10:00:00Z
INV-00373,WH-001,VAR-0373,102,15,15,0,25,60,15,20,5.3,IN_STOCK,2026-02-15T10:00:00Z,2026-03-25T10:00:00Z
INV-00374,WH-001,VAR-0374,91,17,17,0,25,60,15,40,4.8,IN_STOCK,2026-02-15T10:00:00Z,2026-03-25T10:00:00Z
INV-00375,WH-001,VAR-0375,129,24,24,0,25,60,15,20,5.3,IN_STOCK,2026-02-15T10:00:00Z,2026-03-25T10:00:00Z
INV-00376,WH-001,VAR-0376,94,9,9,0,25,60,15,40,5.2,IN_STOCK,2026-02-15T10:00:00Z,2026-03-25T10:00:00Z
INV-00377,WH-001,VAR-0377,103,17,17,0,25,60,15,20,7.2,IN_STOCK,2026-02-15T10:00:00Z,2026-03-25T10:00:00Z
INV-00378,WH-001,VAR-0378,140,7,7,0,25,60,15,40,6.9,IN_STOCK,2026-02-15T10:00:00Z,2026-03-25T10:00:00Z
INV-00379,WH-001,VAR-0379,102,15,15,0,25,60,15,20,7.7,IN_STOCK,2026-02-15T10:00:00Z,2026-03-25T10:00:00Z
INV-00380,WH-001,VAR-0380,126,21,21,0,25,60,15,20,7.5,IN_STOCK,2026-02-15T10:00:00Z,2026-03-25T10:00:00Z
INV-00381,WH-001,VAR-0381,74,21,21,0,25,60,15,40,3.1,IN_STOCK,2026-02-15T10:00:00Z,2026-03-25T10:00:00Z
INV-00382,WH-001,VAR-0382,59,10,10,0,25,60,15,20,5.4,IN_STOCK,2026-02-15T10:00:00Z,2026-03-25T10:00:00Z
INV-00383,WH-001,VAR-0383,118,20,20,0,25,60,15,20,4.6,IN_STOCK,2026-02-15T10:00:00Z,2026-03-25T10:00:00Z
INV-00384,WH-001,VAR-0384,37,9,9,0,25,60,15,20,5.1,IN_STOCK,2026-02-15T10:00:00Z,2026-03-25T10:00:00Z
INV-00385,WH-001,VAR-0385,120,8,8,0,25,60,15,20,7.6,IN_STOCK,2026-02-15T10:00:00Z,2026-03-25T10:00:00Z
INV-00386,WH-001,VAR-0386,132,24,24,0,25,60,15,20,7.2,IN_STOCK,2026-02-15T10:00:00Z,2026-03-25T10:00:00Z
INV-00387,WH-001,VAR-0387,39,10,10,0,25,60,15,20,8.8,IN_STOCK,2026-02-15T10:00:00Z,2026-03-25T10:00:00Z
INV-00388,WH-001,VAR-0388,118,24,24,0,25,60,15,20,8.0,IN_STOCK,2026-02-15T10:00:00Z,2026-03-25T10:00:00Z
INV-00389,WH-001,VAR-0389,25,18,18,0,25,60,15,40,7.7,IN_STOCK,2026-02-15T10:00:00Z,2026-03-25T10:00:00Z
INV-00390,WH-001,VAR-0390,50,19,19,0,25,60,15,40,8.3,IN_STOCK,2026-02-15T10:00:00Z,2026-03-25T10:00:00Z
INV-00391,WH-001,VAR-0391,120,19,19,0,25,60,15,20,6.7,IN_STOCK,2026-02-15T10:00:00Z,2026-03-25T10:00:00Z
INV-00392,WH-001,VAR-0392,59,20,20,0,25,60,15,20,5.6,IN_STOCK,2026-02-15T10:00:00Z,2026-03-25T10:00:00Z
INV-00393,WH-001,VAR-0393,93,19,19,0,25,60,15,40,8.4,IN_STOCK,2026-02-15T10:00:00Z,2026-03-25T10:00:00Z
INV-00394,WH-001,VAR-0394,119,17,17,0,25,60,15,40,9.8,IN_STOCK,2026-02-15T10:00:00Z,2026-03-25T10:00:00Z
INV-00395,WH-001,VAR-0395,124,11,11,0,25,60,15,20,9.1,IN_STOCK,2026-02-15T10:00:00Z,2026-03-25T10:00:00Z
INV-00396,WH-001,VAR-0396,26,25,25,0,25,60,15,40,9.1,IN_STOCK,2026-02-15T10:00:00Z,2026-03-25T10:00:00Z
INV-00397,WH-001,VAR-0397,90,8,8,0,25,60,15,20,5.0,IN_STOCK,2026-02-15T10:00:00Z,2026-03-25T10:00:00Z
INV-00398,WH-001,VAR-0398,117,10,10,0,25,60,15,40,6.1,IN_STOCK,2026-02-15T10:00:00Z,2026-03-25T10:00:00Z
INV-00399,WH-001,VAR-0399,85,9,9,0,25,60,15,40,3.6,IN_STOCK,2026-02-15T10:00:00Z,2026-03-25T10:00:00Z
INV-00400,WH-001,VAR-0400,136,12,12,0,25,60,15,40,9.2,IN_STOCK,2026-02-15T10:00:00Z,2026-03-25T10:00:00Z
INV-00401,WH-001,VAR-0401,139,5,5,0,25,60,15,40,3.4,IN_STOCK,2026-02-15T10:00:00Z,2026-03-25T10:00:00Z
INV-00402,WH-001,VAR-0402,84,16,16,0,25,60,15,20,5.7,IN_STOCK,2026-02-15T10:00:00Z,2026-03-25T10:00:00Z
INV-00403,WH-001,VAR-0403,30,16,16,0,25,60,15,20,3.2,IN_STOCK,2026-02-15T10:00:00Z,2026-03-25T10:00:00Z
INV-00404,WH-001,VAR-0404,139,8,8,0,25,60,15,40,8.5,IN_STOCK,2026-02-15T10:00:00Z,2026-03-25T10:00:00Z
INV-00405,WH-001,VAR-0405,37,6,6,0,25,60,15,40,9.4,IN_STOCK,2026-02-15T10:00:00Z,2026-03-25T10:00:00Z
INV-00406,WH-001,VAR-0406,80,9,9,0,25,60,15,40,6.1,IN_STOCK,2026-02-15T10:00:00Z,2026-03-25T10:00:00Z
INV-00407,WH-001,VAR-0407,20,7,7,0,25,60,15,20,4.8,IN_STOCK,2026-02-15T10:00:00Z,2026-03-25T10:00:00Z
INV-00408,WH-001,VAR-0408,126,9,9,0,25,60,15,40,3.8,IN_STOCK,2026-02-15T10:00:00Z,2026-03-25T10:00:00Z
INV-00409,WH-001,VAR-0409,56,12,12,0,25,60,15,40,3.9,IN_STOCK,2026-02-15T10:00:00Z,2026-03-25T10:00:00Z
INV-00410,WH-001,VAR-0410,50,18,18,0,25,60,15,40,3.4,IN_STOCK,2026-02-15T10:00:00Z,2026-03-25T10:00:00Z
INV-00411,WH-001,VAR-0411,127,20,20,0,25,60,15,20,7.4,IN_STOCK,2026-02-15T10:00:00Z,2026-03-25T10:00:00Z
INV-00412,WH-001,VAR-0412,93,12,12,0,25,60,15,20,5.0,IN_STOCK,2026-02-15T10:00:00Z,2026-03-25T10:00:00Z
INV-00413,WH-001,VAR-0413,20,24,24,0,25,60,15,40,4.7,IN_STOCK,2026-02-15T10:00:00Z,2026-03-25T10:00:00Z
INV-00414,WH-001,VAR-0414,73,10,10,0,25,60,15,20,6.7,IN_STOCK,2026-02-15T10:00:00Z,2026-03-25T10:00:00Z
INV-00415,WH-001,VAR-0415,66,7,7,0,25,60,15,20,5.7,IN_STOCK,2026-02-15T10:00:00Z,2026-03-25T10:00:00Z
INV-00416,WH-001,VAR-0416,80,6,6,0,25,60,15,40,9.9,IN_STOCK,2026-02-15T10:00:00Z,2026-03-25T10:00:00Z
INV-00417,WH-001,VAR-0417,52,5,5,0,25,60,15,40,8.5,IN_STOCK,2026-02-15T10:00:00Z,2026-03-25T10:00:00Z
INV-00418,WH-001,VAR-0418,64,12,12,0,25,60,15,20,8.4,IN_STOCK,2026-02-15T10:00:00Z,2026-03-25T10:00:00Z
INV-00419,WH-001,VAR-0419,114,15,15,0,25,60,15,20,3.3,IN_STOCK,2026-02-15T10:00:00Z,2026-03-25T10:00:00Z
INV-00420,WH-001,VAR-0420,89,15,15,0,25,60,15,20,8.8,IN_STOCK,2026-02-15T10:00:00Z,2026-03-25T10:00:00Z
INV-00421,WH-001,VAR-0421,107,19,19,0,25,60,15,40,7.4,IN_STOCK,2026-02-15T10:00:00Z,2026-03-25T10:00:00Z
INV-00422,WH-001,VAR-0422,123,9,9,0,25,60,15,20,8.0,IN_STOCK,2026-02-15T10:00:00Z,2026-03-25T10:00:00Z
INV-00423,WH-001,VAR-0423,140,19,19,0,25,60,15,20,5.1,IN_STOCK,2026-02-15T10:00:00Z,2026-03-25T10:00:00Z
INV-00424,WH-001,VAR-0424,25,11,11,0,25,60,15,20,5.2,IN_STOCK,2026-02-15T10:00:00Z,2026-03-25T10:00:00Z
INV-00425,WH-001,VAR-0425,59,21,21,0,25,60,15,40,9.9,IN_STOCK,2026-02-15T10:00:00Z,2026-03-25T10:00:00Z
INV-00426,WH-001,VAR-0426,89,20,20,0,25,60,15,40,3.3,IN_STOCK,2026-02-15T10:00:00Z,2026-03-25T10:00:00Z
INV-00427,WH-001,VAR-0427,102,11,11,0,25,60,15,40,5.5,IN_STOCK,2026-02-15T10:00:00Z,2026-03-25T10:00:00Z
INV-00428,WH-001,VAR-0428,119,6,6,0,25,60,15,40,4.9,IN_STOCK,2026-02-15T10:00:00Z,2026-03-25T10:00:00Z
INV-00429,WH-001,VAR-0429,122,16,16,0,25,60,15,40,9.2,IN_STOCK,2026-02-15T10:00:00Z,2026-03-25T10:00:00Z
INV-00430,WH-001,VAR-0430,115,19,19,0,25,60,15,40,5.4,IN_STOCK,2026-02-15T10:00:00Z,2026-03-25T10:00:00Z
INV-00431,WH-001,VAR-0431,43,20,20,0,25,60,15,40,5.6,IN_STOCK,2026-02-15T10:00:00Z,2026-03-25T10:00:00Z
INV-00432,WH-001,VAR-0432,122,21,21,0,25,60,15,40,8.6,IN_STOCK,2026-02-15T10:00:00Z,2026-03-25T10:00:00Z
INV-00433,WH-001,VAR-0433,113,18,18,0,25,60,15,20,6.0,IN_STOCK,2026-02-15T10:00:00Z,2026-03-25T10:00:00Z
INV-00434,WH-001,VAR-0434,125,10,10,0,25,60,15,40,5.2,IN_STOCK,2026-02-15T10:00:00Z,2026-03-25T10:00:00Z
INV-00435,WH-001,VAR-0435,30,15,15,0,25,60,15,40,5.1,IN_STOCK,2026-02-15T10:00:00Z,2026-03-25T10:00:00Z
INV-00436,WH-001,VAR-0436,97,18,18,0,25,60,15,20,7.8,IN_STOCK,2026-02-15T10:00:00Z,2026-03-25T10:00:00Z
INV-00437,WH-001,VAR-0437,64,19,19,0,25,60,15,20,8.1,IN_STOCK,2026-02-15T10:00:00Z,2026-03-25T10:00:00Z
INV-00438,WH-001,VAR-0438,136,16,16,0,25,60,15,40,4.9,IN_STOCK,2026-02-15T10:00:00Z,2026-03-25T10:00:00Z
INV-00439,WH-001,VAR-0439,121,6,6,0,25,60,15,20,7.7,IN_STOCK,2026-02-15T10:00:00Z,2026-03-25T10:00:00Z
INV-00440,WH-001,VAR-0440,71,16,16,0,25,60,15,20,9.7,IN_STOCK,2026-02-15T10:00:00Z,2026-03-25T10:00:00Z
INV-00441,WH-001,VAR-0441,38,24,24,0,25,60,15,40,3.2,IN_STOCK,2026-02-15T10:00:00Z,2026-03-25T10:00:00Z
INV-00442,WH-001,VAR-0442,28,12,12,0,25,60,15,40,5.5,IN_STOCK,2026-02-15T10:00:00Z,2026-03-25T10:00:00Z
INV-00443,WH-001,VAR-0443,92,6,6,0,25,60,15,20,7.8,IN_STOCK,2026-02-15T10:00:00Z,2026-03-25T10:00:00Z
INV-00444,WH-001,VAR-0444,67,16,16,0,25,60,15,40,8.3,IN_STOCK,2026-02-15T10:00:00Z,2026-03-25T10:00:00Z
INV-00445,WH-001,VAR-0445,93,9,9,0,25,60,15,40,5.8,IN_STOCK,2026-02-15T10:00:00Z,2026-03-25T10:00:00Z
INV-00446,WH-001,VAR-0446,103,13,13,0,25,60,15,20,9.7,IN_STOCK,2026-02-15T10:00:00Z,2026-03-25T10:00:00Z
INV-00447,WH-001,VAR-0447,23,10,10,0,25,60,15,40,6.6,IN_STOCK,2026-02-15T10:00:00Z,2026-03-25T10:00:00Z
INV-00448,WH-001,VAR-0448,136,22,22,0,25,60,15,20,4.8,IN_STOCK,2026-02-15T10:00:00Z,2026-03-25T10:00:00Z
INV-00449,WH-001,VAR-0449,53,19,19,0,25,60,15,20,10.0,IN_STOCK,2026-02-15T10:00:00Z,2026-03-25T10:00:00Z
INV-00450,WH-001,VAR-0450,56,20,20,0,25,60,15,20,3.9,IN_STOCK,2026-02-15T10:00:00Z,2026-03-25T10:00:00Z
INV-00451,WH-001,VAR-0451,129,7,7,0,25,60,15,40,4.2,IN_STOCK,2026-02-15T10:00:00Z,2026-03-25T10:00:00Z
INV-00452,WH-001,VAR-0452,111,19,19,0,25,60,15,20,8.7,IN_STOCK,2026-02-15T10:00:00Z,2026-03-25T10:00:00Z
INV-00453,WH-001,VAR-0453,128,15,15,0,25,60,15,40,8.0,IN_STOCK,2026-02-15T10:00:00Z,2026-03-25T10:00:00Z
INV-00454,WH-001,VAR-0454,19,4,4,0,5,12,3,4,1.8,IN_STOCK,2026-02-15T10:00:00Z,2026-03-25T10:00:00Z
INV-00455,WH-001,VAR-0455,7,1,1,0,5,12,3,4,1.3,IN_STOCK,2026-02-15T10:00:00Z,2026-03-25T10:00:00Z
INV-00456,WH-001,VAR-0456,5,1,1,0,5,12,3,0,0.9,IN_STOCK,2026-02-15T10:00:00Z,2026-03-25T10:00:00Z
INV-00457,WH-001,VAR-0457,17,0,0,0,5,12,3,4,1.3,IN_STOCK,2026-02-15T10:00:00Z,2026-03-25T10:00:00Z
INV-00458,WH-001,VAR-0458,13,3,3,0,5,12,3,8,0.7,IN_STOCK,2026-02-15T10:00:00Z,2026-03-25T10:00:00Z
INV-00459,WH-001,VAR-0459,4,0,0,0,5,12,3,4,1.1,LOW_STOCK,2026-02-15T10:00:00Z,2026-03-25T10:00:00Z
INV-00460,WH-001,VAR-0460,17,4,4,0,5,12,3,4,1.7,IN_STOCK,2026-02-15T10:00:00Z,2026-03-25T10:00:00Z
INV-00461,WH-001,VAR-0461,20,0,0,0,5,12,3,0,2.0,IN_STOCK,2026-02-15T10:00:00Z,2026-03-25T10:00:00Z
INV-00462,WH-001,VAR-0462,4,3,3,0,5,12,3,4,1.5,LOW_STOCK,2026-02-15T10:00:00Z,2026-03-25T10:00:00Z
INV-00463,WH-001,VAR-0463,13,1,1,0,5,12,3,8,1.5,IN_STOCK,2026-02-15T10:00:00Z,2026-03-25T10:00:00Z
INV-00464,WH-001,VAR-0464,7,1,1,0,5,12,3,4,1.3,IN_STOCK,2026-02-15T10:00:00Z,2026-03-25T10:00:00Z
INV-00465,WH-001,VAR-0465,3,0,0,0,5,12,3,8,0.7,LOW_STOCK,2026-02-15T10:00:00Z,2026-03-25T10:00:00Z
INV-00466,WH-001,VAR-0466,7,1,1,0,5,12,3,4,1.9,IN_STOCK,2026-02-15T10:00:00Z,2026-03-25T10:00:00Z
INV-00467,WH-001,VAR-0467,9,2,2,0,5,12,3,8,1.8,IN_STOCK,2026-02-15T10:00:00Z,2026-03-25T10:00:00Z
INV-00468,WH-001,VAR-0468,4,2,2,0,5,12,3,0,1.5,LOW_STOCK,2026-02-15T10:00:00Z,2026-03-25T10:00:00Z
INV-00469,WH-001,VAR-0469,19,2,2,0,5,12,3,0,1.4,IN_STOCK,2026-02-15T10:00:00Z,2026-03-25T10:00:00Z
INV-00470,WH-001,VAR-0470,19,0,0,0,5,12,3,8,1.5,IN_STOCK,2026-02-15T10:00:00Z,2026-03-25T10:00:00Z
INV-00471,WH-001,VAR-0471,20,4,4,0,5,12,3,0,0.8,IN_STOCK,2026-02-15T10:00:00Z,2026-03-25T10:00:00Z
INV-00472,WH-001,VAR-0472,12,4,4,0,5,12,3,0,1.7,IN_STOCK,2026-02-15T10:00:00Z,2026-03-25T10:00:00Z
INV-00473,WH-001,VAR-0473,2,0,0,0,5,12,3,0,1.9,LOW_STOCK,2026-02-15T10:00:00Z,2026-03-25T10:00:00Z
INV-00474,WH-001,VAR-0474,20,2,2,0,5,12,3,8,0.8,IN_STOCK,2026-02-15T10:00:00Z,2026-03-25T10:00:00Z
INV-00475,WH-001,VAR-0475,20,3,3,0,5,12,3,8,1.5,IN_STOCK,2026-02-15T10:00:00Z,2026-03-25T10:00:00Z
INV-00476,WH-001,VAR-0476,17,4,4,0,5,12,3,4,1.5,IN_STOCK,2026-02-15T10:00:00Z,2026-03-25T10:00:00Z
INV-00477,WH-001,VAR-0477,11,3,3,0,5,12,3,0,1.7,IN_STOCK,2026-02-15T10:00:00Z,2026-03-25T10:00:00Z
INV-00478,WH-001,VAR-0478,14,2,2,0,5,12,3,4,0.6,IN_STOCK,2026-02-15T10:00:00Z,2026-03-25T10:00:00Z
INV-00479,WH-001,VAR-0479,3,1,1,0,5,12,3,4,1.1,LOW_STOCK,2026-02-15T10:00:00Z,2026-03-25T10:00:00Z
INV-00480,WH-001,VAR-0480,16,1,1,0,5,12,3,4,1.4,IN_STOCK,2026-02-15T10:00:00Z,2026-03-25T10:00:00Z
INV-00481,WH-001,VAR-0481,12,2,2,0,5,12,3,8,2.0,IN_STOCK,2026-02-15T10:00:00Z,2026-03-25T10:00:00Z
INV-00482,WH-001,VAR-0482,13,3,3,0,5,12,3,0,1.6,IN_STOCK,2026-02-15T10:00:00Z,2026-03-25T10:00:00Z
INV-00483,WH-001,VAR-0483,18,4,4,0,5,12,3,0,1.0,IN_STOCK,2026-02-15T10:00:00Z,2026-03-25T10:00:00Z
INV-00484,WH-001,VAR-0484,8,0,0,0,4,10,2,4,0.4,IN_STOCK,2026-02-15T10:00:00Z,2026-03-25T10:00:00Z
INV-00485,WH-001,VAR-0485,2,0,0,0,4,10,2,4,1.1,LOW_STOCK,2026-02-15T10:00:00Z,2026-03-25T10:00:00Z
INV-00486,WH-001,VAR-0486,7,1,1,0,4,10,2,4,1.1,IN_STOCK,2026-02-15T10:00:00Z,2026-03-25T10:00:00Z
INV-00487,WH-001,VAR-0487,12,2,2,0,4,10,2,0,0.7,IN_STOCK,2026-02-15T10:00:00Z,2026-03-25T10:00:00Z
INV-00488,WH-001,VAR-0488,9,3,3,1,4,10,2,4,0.7,IN_STOCK,2026-02-15T10:00:00Z,2026-03-25T10:00:00Z
INV-00489,WH-001,VAR-0489,2,1,1,2,4,10,2,4,1.2,LOW_STOCK,2026-02-15T10:00:00Z,2026-03-25T10:00:00Z
INV-00490,WH-001,VAR-0490,4,2,2,0,4,10,2,0,0.5,IN_STOCK,2026-02-15T10:00:00Z,2026-03-25T10:00:00Z
INV-00491,WH-001,VAR-0491,10,3,3,0,4,10,2,6,0.2,IN_STOCK,2026-02-15T10:00:00Z,2026-03-25T10:00:00Z
INV-00492,WH-001,VAR-0492,2,1,1,0,4,10,2,4,0.9,LOW_STOCK,2026-02-15T10:00:00Z,2026-03-25T10:00:00Z
INV-00493,WH-001,VAR-0493,13,3,3,0,4,10,2,0,0.6,IN_STOCK,2026-02-15T10:00:00Z,2026-03-25T10:00:00Z
INV-00494,WH-001,VAR-0494,10,1,1,0,4,10,2,6,0.5,IN_STOCK,2026-02-15T10:00:00Z,2026-03-25T10:00:00Z
INV-00495,WH-001,VAR-0495,7,3,3,2,4,10,2,4,1.0,IN_STOCK,2026-02-15T10:00:00Z,2026-03-25T10:00:00Z
INV-00496,WH-001,VAR-0496,10,0,0,0,4,10,2,0,0.6,IN_STOCK,2026-02-15T10:00:00Z,2026-03-25T10:00:00Z
INV-00497,WH-001,VAR-0497,13,2,2,2,4,10,2,4,1.0,IN_STOCK,2026-02-15T10:00:00Z,2026-03-25T10:00:00Z
INV-00498,WH-001,VAR-0498,4,3,3,2,4,10,2,0,0.2,IN_STOCK,2026-02-15T10:00:00Z,2026-03-25T10:00:00Z
INV-00499,WH-001,VAR-0499,3,2,2,1,4,10,2,6,0.7,LOW_STOCK,2026-02-15T10:00:00Z,2026-03-25T10:00:00Z
INV-00500,WH-001,VAR-0500,10,1,1,0,4,10,2,6,0.5,IN_STOCK,2026-02-15T10:00:00Z,2026-03-25T10:00:00Z
INV-00501,WH-001,VAR-0501,7,2,2,2,4,10,2,4,0.7,IN_STOCK,2026-02-15T10:00:00Z,2026-03-25T10:00:00Z
INV-00502,WH-001,VAR-0502,9,3,3,2,4,10,2,4,0.7,IN_STOCK,2026-02-15T10:00:00Z,2026-03-25T10:00:00Z
INV-00503,WH-001,VAR-0503,1,1,1,0,4,10,2,6,0.3,LOW_STOCK,2026-02-15T10:00:00Z,2026-03-25T10:00:00Z
INV-00504,WH-001,VAR-0504,7,2,2,0,4,10,2,6,0.7,IN_STOCK,2026-02-15T10:00:00Z,2026-03-25T10:00:00Z
INV-00505,WH-001,VAR-0505,11,1,1,0,4,10,2,6,0.7,IN_STOCK,2026-02-15T10:00:00Z,2026-03-25T10:00:00Z
INV-00506,WH-001,VAR-0506,9,3,3,0,4,10,2,6,0.4,IN_STOCK,2026-02-15T10:00:00Z,2026-03-25T10:00:00Z
INV-00507,WH-001,VAR-0507,10,0,0,0,4,10,2,0,0.6,IN_STOCK,2026-02-15T10:00:00Z,2026-03-25T10:00:00Z
INV-00508,WH-001,VAR-0508,7,1,1,1,4,10,2,6,0.4,IN_STOCK,2026-02-15T10:00:00Z,2026-03-25T10:00:00Z
INV-00509,WH-001,VAR-0509,9,3,3,0,4,10,2,6,0.3,IN_STOCK,2026-02-15T10:00:00Z,2026-03-25T10:00:00Z
INV-00510,WH-001,VAR-0510,4,2,2,1,4,10,2,6,0.6,IN_STOCK,2026-02-15T10:00:00Z,2026-03-25T10:00:00Z
INV-00511,WH-001,VAR-0511,3,3,3,2,4,10,2,4,0.7,LOW_STOCK,2026-02-15T10:00:00Z,2026-03-25T10:00:00Z
INV-00512,WH-001,VAR-0512,11,2,2,2,4,10,2,4,0.4,IN_STOCK,2026-02-15T10:00:00Z,2026-03-25T10:00:00Z
INV-00513,WH-001,VAR-0513,4,2,2,2,4,10,2,4,0.4,IN_STOCK,2026-02-15T10:00:00Z,2026-03-25T10:00:00Z
INV-00514,WH-001,VAR-0514,5,2,2,0,4,10,2,6,0.9,IN_STOCK,2026-02-15T10:00:00Z,2026-03-25T10:00:00Z
INV-00515,WH-001,VAR-0515,6,3,3,0,4,10,2,6,1.1,IN_STOCK,2026-02-15T10:00:00Z,2026-03-25T10:00:00Z
INV-00516,WH-001,VAR-0516,60,5,5,0,12,30,8,20,1.9,IN_STOCK,2026-02-15T10:00:00Z,2026-03-25T10:00:00Z
INV-00517,WH-001,VAR-0517,53,9,9,0,12,30,8,20,4.6,IN_STOCK,2026-02-15T10:00:00Z,2026-03-25T10:00:00Z
INV-00518,WH-001,VAR-0518,35,6,6,0,12,30,8,10,2.5,IN_STOCK,2026-02-15T10:00:00Z,2026-03-25T10:00:00Z
INV-00519,WH-001,VAR-0519,28,2,2,0,12,30,8,20,4.7,IN_STOCK,2026-02-15T10:00:00Z,2026-03-25T10:00:00Z
INV-00520,WH-001,VAR-0520,51,5,5,0,12,30,8,20,2.2,IN_STOCK,2026-02-15T10:00:00Z,2026-03-25T10:00:00Z
INV-00521,WH-001,VAR-0521,44,5,5,0,12,30,8,20,2.0,IN_STOCK,2026-02-15T10:00:00Z,2026-03-25T10:00:00Z
INV-00522,WH-001,VAR-0522,49,10,10,0,12,30,8,10,2.3,IN_STOCK,2026-02-15T10:00:00Z,2026-03-25T10:00:00Z
INV-00523,WH-001,VAR-0523,52,9,9,0,12,30,8,10,3.7,IN_STOCK,2026-02-15T10:00:00Z,2026-03-25T10:00:00Z
INV-00524,WH-001,VAR-0524,13,2,2,0,12,30,8,20,2.7,IN_STOCK,2026-02-15T10:00:00Z,2026-03-25T10:00:00Z
INV-00525,WH-001,VAR-0525,40,2,2,0,12,30,8,10,1.5,IN_STOCK,2026-02-15T10:00:00Z,2026-03-25T10:00:00Z
INV-00526,WH-001,VAR-0526,45,3,3,0,12,30,8,20,3.8,IN_STOCK,2026-02-15T10:00:00Z,2026-03-25T10:00:00Z
INV-00527,WH-001,VAR-0527,40,8,8,0,12,30,8,10,4.1,IN_STOCK,2026-02-15T10:00:00Z,2026-03-25T10:00:00Z
INV-00528,WH-001,VAR-0528,28,6,6,0,12,30,8,20,3.8,IN_STOCK,2026-02-15T10:00:00Z,2026-03-25T10:00:00Z
INV-00529,WH-001,VAR-0529,59,2,2,0,12,30,8,10,3.4,IN_STOCK,2026-02-15T10:00:00Z,2026-03-25T10:00:00Z
INV-00530,WH-001,VAR-0530,56,1,1,0,12,30,8,10,3.0,IN_STOCK,2026-02-15T10:00:00Z,2026-03-25T10:00:00Z
INV-00531,WH-001,VAR-0531,21,1,1,0,12,30,8,20,4.3,IN_STOCK,2026-02-15T10:00:00Z,2026-03-25T10:00:00Z
INV-00532,WH-001,VAR-0532,21,5,5,0,12,30,8,10,1.5,IN_STOCK,2026-02-15T10:00:00Z,2026-03-25T10:00:00Z
INV-00533,WH-001,VAR-0533,46,10,10,0,12,30,8,10,4.7,IN_STOCK,2026-02-15T10:00:00Z,2026-03-25T10:00:00Z
INV-00534,WH-001,VAR-0534,31,5,5,0,12,30,8,20,5.0,IN_STOCK,2026-02-15T10:00:00Z,2026-03-25T10:00:00Z
INV-00535,WH-001,VAR-0535,44,9,9,0,12,30,8,20,4.6,IN_STOCK,2026-02-15T10:00:00Z,2026-03-25T10:00:00Z
INV-00536,WH-001,VAR-0536,18,9,9,0,12,30,8,20,2.5,IN_STOCK,2026-02-15T10:00:00Z,2026-03-25T10:00:00Z
INV-00537,WH-001,VAR-0537,17,6,6,0,12,30,8,10,4.1,IN_STOCK,2026-02-15T10:00:00Z,2026-03-25T10:00:00Z
INV-00538,WH-001,VAR-0538,51,5,5,0,12,30,8,10,1.5,IN_STOCK,2026-02-15T10:00:00Z,2026-03-25T10:00:00Z
INV-00539,WH-001,VAR-0539,31,5,5,0,12,30,8,10,2.1,IN_STOCK,2026-02-15T10:00:00Z,2026-03-25T10:00:00Z
INV-00540,WH-001,VAR-0540,50,7,7,0,12,30,8,20,3.3,IN_STOCK,2026-02-15T10:00:00Z,2026-03-25T10:00:00Z
INV-00541,WH-001,VAR-0541,10,7,7,0,10,25,5,10,1.6,IN_STOCK,2026-02-15T10:00:00Z,2026-03-25T10:00:00Z
INV-00542,WH-001,VAR-0542,13,8,8,0,10,25,5,20,3.8,IN_STOCK,2026-02-15T10:00:00Z,2026-03-25T10:00:00Z
INV-00543,WH-001,VAR-0543,5,5,5,0,10,25,5,20,1.7,LOW_STOCK,2026-02-15T10:00:00Z,2026-03-25T10:00:00Z
INV-00544,WH-001,VAR-0544,22,6,6,0,10,25,5,20,2.7,IN_STOCK,2026-02-15T10:00:00Z,2026-03-25T10:00:00Z
INV-00545,WH-001,VAR-0545,41,1,1,0,10,25,5,20,3.0,IN_STOCK,2026-02-15T10:00:00Z,2026-03-25T10:00:00Z
INV-00546,WH-001,VAR-0546,20,1,1,0,10,25,5,10,2.4,IN_STOCK,2026-02-15T10:00:00Z,2026-03-25T10:00:00Z
INV-00547,WH-001,VAR-0547,15,7,7,0,10,25,5,20,3.1,IN_STOCK,2026-02-15T10:00:00Z,2026-03-25T10:00:00Z
INV-00548,WH-001,VAR-0548,45,5,5,0,10,25,5,20,2.8,IN_STOCK,2026-02-15T10:00:00Z,2026-03-25T10:00:00Z
INV-00549,WH-001,VAR-0549,19,3,3,0,10,25,5,20,1.5,IN_STOCK,2026-02-15T10:00:00Z,2026-03-25T10:00:00Z
INV-00550,WH-001,VAR-0550,43,6,6,0,10,25,5,20,3.1,IN_STOCK,2026-02-15T10:00:00Z,2026-03-25T10:00:00Z
INV-00551,WH-001,VAR-0551,35,4,4,0,10,25,5,10,3.0,IN_STOCK,2026-02-15T10:00:00Z,2026-03-25T10:00:00Z
INV-00552,WH-001,VAR-0552,43,2,2,0,10,25,5,20,2.6,IN_STOCK,2026-02-15T10:00:00Z,2026-03-25T10:00:00Z
INV-00553,WH-001,VAR-0553,28,2,2,0,10,25,5,10,1.2,IN_STOCK,2026-02-15T10:00:00Z,2026-03-25T10:00:00Z
INV-00554,WH-001,VAR-0554,40,4,4,0,10,25,5,10,1.5,IN_STOCK,2026-02-15T10:00:00Z,2026-03-25T10:00:00Z
INV-00555,WH-001,VAR-0555,38,8,8,0,10,25,5,10,3.0,IN_STOCK,2026-02-15T10:00:00Z,2026-03-25T10:00:00Z
INV-00556,WH-001,VAR-0556,42,8,8,0,10,25,5,10,3.7,IN_STOCK,2026-02-15T10:00:00Z,2026-03-25T10:00:00Z
INV-00557,WH-001,VAR-0557,33,1,1,0,10,25,5,20,1.4,IN_STOCK,2026-02-15T10:00:00Z,2026-03-25T10:00:00Z
INV-00558,WH-001,VAR-0558,31,8,8,0,10,25,5,10,2.7,IN_STOCK,2026-02-15T10:00:00Z,2026-03-25T10:00:00Z
INV-00559,WH-001,VAR-0559,24,1,1,0,10,25,5,20,1.8,IN_STOCK,2026-02-15T10:00:00Z,2026-03-25T10:00:00Z
INV-00560,WH-001,VAR-0560,5,4,4,0,10,25,5,10,1.1,LOW_STOCK,2026-02-15T10:00:00Z,2026-03-25T10:00:00Z
INV-00561,WH-001,VAR-0561,27,2,2,0,10,25,5,10,3.8,IN_STOCK,2026-02-15T10:00:00Z,2026-03-25T10:00:00Z
INV-00562,WH-001,VAR-0562,9,8,8,0,10,25,5,10,1.9,IN_STOCK,2026-02-15T10:00:00Z,2026-03-25T10:00:00Z
INV-00563,WH-001,VAR-0563,16,3,3,0,10,25,5,20,2.1,IN_STOCK,2026-02-15T10:00:00Z,2026-03-25T10:00:00Z
INV-00564,WH-001,VAR-0564,29,8,8,0,10,25,5,20,2.1,IN_STOCK,2026-02-15T10:00:00Z,2026-03-25T10:00:00Z
INV-00565,WH-001,VAR-0565,39,3,3,0,10,25,5,20,1.4,IN_STOCK,2026-02-15T10:00:00Z,2026-03-25T10:00:00Z
INV-00566,WH-001,VAR-0566,39,7,7,0,10,25,5,10,3.2,IN_STOCK,2026-02-15T10:00:00Z,2026-03-25T10:00:00Z
INV-00567,WH-001,VAR-0567,19,1,1,0,10,25,5,10,3.9,IN_STOCK,2026-02-15T10:00:00Z,2026-03-25T10:00:00Z
INV-00568,WH-001,VAR-0568,34,7,7,0,10,25,5,20,3.5,IN_STOCK,2026-02-15T10:00:00Z,2026-03-25T10:00:00Z
INV-00569,WH-001,VAR-0569,20,8,8,0,10,25,5,20,1.5,IN_STOCK,2026-02-15T10:00:00Z,2026-03-25T10:00:00Z
INV-00570,WH-001,VAR-0570,17,2,2,0,10,25,5,10,3.4,IN_STOCK,2026-02-15T10:00:00Z,2026-03-25T10:00:00Z
INV-00571,WH-001,VAR-0571,31,1,1,0,10,25,5,10,1.6,IN_STOCK,2026-02-15T10:00:00Z,2026-03-25T10:00:00Z
INV-00572,WH-001,VAR-0572,11,1,1,0,10,25,5,20,2.8,IN_STOCK,2026-02-15T10:00:00Z,2026-03-25T10:00:00Z
INV-00573,WH-001,VAR-0573,8,4,4,0,10,25,5,10,2.2,IN_STOCK,2026-02-15T10:00:00Z,2026-03-25T10:00:00Z
INV-00574,WH-001,VAR-0574,19,4,4,0,10,25,5,10,1.4,IN_STOCK,2026-02-15T10:00:00Z,2026-03-25T10:00:00Z
INV-00575,WH-001,VAR-0575,23,4,4,0,10,25,5,20,2.7,IN_STOCK,2026-02-15T10:00:00Z,2026-03-25T10:00:00Z
INV-00576,WH-001,VAR-0576,25,4,4,0,10,25,5,20,3.6,IN_STOCK,2026-02-15T10:00:00Z,2026-03-25T10:00:00Z
INV-00577,WH-001,VAR-0577,38,4,4,0,10,25,5,20,1.9,IN_STOCK,2026-02-15T10:00:00Z,2026-03-25T10:00:00Z
INV-00578,WH-001,VAR-0578,8,3,3,0,10,25,5,20,2.7,IN_STOCK,2026-02-15T10:00:00Z,2026-03-25T10:00:00Z
INV-00579,WH-001,VAR-0579,8,6,6,0,10,25,5,20,3.4,IN_STOCK,2026-02-15T10:00:00Z,2026-03-25T10:00:00Z
INV-00580,WH-001,VAR-0580,25,7,7,0,10,25,5,20,1.4,IN_STOCK,2026-02-15T10:00:00Z,2026-03-25T10:00:00Z
INV-00581,WH-001,VAR-0581,29,3,3,0,10,25,5,20,1.7,IN_STOCK,2026-02-15T10:00:00Z,2026-03-25T10:00:00Z
INV-00582,WH-001,VAR-0582,19,5,5,0,10,25,5,10,3.4,IN_STOCK,2026-02-15T10:00:00Z,2026-03-25T10:00:00Z
INV-00583,WH-001,VAR-0583,8,7,7,0,10,25,5,20,2.7,IN_STOCK,2026-02-15T10:00:00Z,2026-03-25T10:00:00Z
INV-00584,WH-001,VAR-0584,13,7,7,0,10,25,5,10,1.8,IN_STOCK,2026-02-15T10:00:00Z,2026-03-25T10:00:00Z
INV-00585,WH-001,VAR-0585,26,2,2,0,10,25,5,20,3.5,IN_STOCK,2026-02-15T10:00:00Z,2026-03-25T10:00:00Z
INV-00586,WH-001,VAR-0586,10,4,4,0,10,25,5,10,1.8,IN_STOCK,2026-02-15T10:00:00Z,2026-03-25T10:00:00Z
INV-00587,WH-001,VAR-0587,43,1,1,0,10,25,5,10,1.6,IN_STOCK,2026-02-15T10:00:00Z,2026-03-25T10:00:00Z
INV-00588,WH-001,VAR-0588,42,4,4,0,10,25,5,20,1.6,IN_STOCK,2026-02-15T10:00:00Z,2026-03-25T10:00:00Z
INV-00589,WH-001,VAR-0589,26,5,5,0,10,25,5,10,1.6,IN_STOCK,2026-02-15T10:00:00Z,2026-03-25T10:00:00Z
INV-00590,WH-001,VAR-0590,17,2,2,0,10,25,5,20,3.7,IN_STOCK,2026-02-15T10:00:00Z,2026-03-25T10:00:00Z
INV-00591,WH-001,VAR-0591,43,4,4,0,10,25,5,20,3.7,IN_STOCK,2026-02-15T10:00:00Z,2026-03-25T10:00:00Z
INV-00592,WH-001,VAR-0592,40,6,6,0,10,25,5,20,2.1,IN_STOCK,2026-02-15T10:00:00Z,2026-03-25T10:00:00Z
INV-00593,WH-001,VAR-0593,39,6,6,0,10,25,5,20,1.8,IN_STOCK,2026-02-15T10:00:00Z,2026-03-25T10:00:00Z
INV-00594,WH-001,VAR-0594,37,8,8,0,10,25,5,20,1.3,IN_STOCK,2026-02-15T10:00:00Z,2026-03-25T10:00:00Z
INV-00595,WH-001,VAR-0595,35,6,6,0,10,25,5,10,2.1,IN_STOCK,2026-02-15T10:00:00Z,2026-03-25T10:00:00Z
INV-00596,WH-001,VAR-0596,31,1,1,0,10,25,5,10,3.2,IN_STOCK,2026-02-15T10:00:00Z,2026-03-25T10:00:00Z
INV-00597,WH-001,VAR-0597,6,5,5,0,10,25,5,20,1.9,LOW_STOCK,2026-02-15T10:00:00Z,2026-03-25T10:00:00Z
INV-00598,WH-001,VAR-0598,17,6,6,0,10,25,5,10,2.1,IN_STOCK,2026-02-15T10:00:00Z,2026-03-25T10:00:00Z
INV-00599,WH-001,VAR-0599,20,8,8,0,10,25,5,20,1.8,IN_STOCK,2026-02-15T10:00:00Z,2026-03-25T10:00:00Z
INV-00600,WH-001,VAR-0600,36,8,8,0,10,25,5,20,1.5,IN_STOCK,2026-02-15T10:00:00Z,2026-03-25T10:00:00Z
INV-00601,WH-001,VAR-0601,60,6,6,0,12,30,8,10,2.0,IN_STOCK,2026-02-15T10:00:00Z,2026-03-25T10:00:00Z
INV-00602,WH-001,VAR-0602,44,8,8,0,12,30,8,10,4.7,IN_STOCK,2026-02-15T10:00:00Z,2026-03-25T10:00:00Z
INV-00603,WH-001,VAR-0603,44,1,1,0,12,30,8,10,4.4,IN_STOCK,2026-02-15T10:00:00Z,2026-03-25T10:00:00Z
INV-00604,WH-001,VAR-0604,14,1,1,0,12,30,8,10,2.9,IN_STOCK,2026-02-15T10:00:00Z,2026-03-25T10:00:00Z
INV-00605,WH-001,VAR-0605,50,4,4,0,12,30,8,10,4.0,IN_STOCK,2026-02-15T10:00:00Z,2026-03-25T10:00:00Z
INV-00606,WH-001,VAR-0606,10,4,4,0,12,30,8,20,2.8,IN_STOCK,2026-02-15T10:00:00Z,2026-03-25T10:00:00Z
INV-00607,WH-001,VAR-0607,49,10,10,0,12,30,8,20,3.8,IN_STOCK,2026-02-15T10:00:00Z,2026-03-25T10:00:00Z
INV-00608,WH-001,VAR-0608,11,1,1,0,12,30,8,20,1.5,IN_STOCK,2026-02-15T10:00:00Z,2026-03-25T10:00:00Z
INV-00609,WH-001,VAR-0609,43,5,5,0,12,30,8,20,1.6,IN_STOCK,2026-02-15T10:00:00Z,2026-03-25T10:00:00Z
INV-00610,WH-001,VAR-0610,54,7,7,0,12,30,8,10,1.9,IN_STOCK,2026-02-15T10:00:00Z,2026-03-25T10:00:00Z
INV-00611,WH-001,VAR-0611,16,9,9,0,12,30,8,10,2.3,IN_STOCK,2026-02-15T10:00:00Z,2026-03-25T10:00:00Z
INV-00612,WH-001,VAR-0612,49,9,9,0,12,30,8,20,4.4,IN_STOCK,2026-02-15T10:00:00Z,2026-03-25T10:00:00Z
INV-00613,WH-001,VAR-0613,27,7,7,0,12,30,8,10,2.8,IN_STOCK,2026-02-15T10:00:00Z,2026-03-25T10:00:00Z
INV-00614,WH-001,VAR-0614,35,8,8,0,12,30,8,10,5.0,IN_STOCK,2026-02-15T10:00:00Z,2026-03-25T10:00:00Z
INV-00615,WH-001,VAR-0615,24,5,5,0,12,30,8,10,3.8,IN_STOCK,2026-02-15T10:00:00Z,2026-03-25T10:00:00Z
INV-00616,WH-001,VAR-0616,51,1,1,0,12,30,8,10,2.9,IN_STOCK,2026-02-15T10:00:00Z,2026-03-25T10:00:00Z
INV-00617,WH-001,VAR-0617,34,9,9,0,12,30,8,20,1.7,IN_STOCK,2026-02-15T10:00:00Z,2026-03-25T10:00:00Z
INV-00618,WH-001,VAR-0618,10,3,3,0,12,30,8,10,3.2,IN_STOCK,2026-02-15T10:00:00Z,2026-03-25T10:00:00Z
INV-00619,WH-001,VAR-0619,37,6,6,0,12,30,8,10,4.6,IN_STOCK,2026-02-15T10:00:00Z,2026-03-25T10:00:00Z
INV-00620,WH-001,VAR-0620,12,4,4,0,12,30,8,10,4.7,IN_STOCK,2026-02-15T10:00:00Z,2026-03-25T10:00:00Z
INV-00621,WH-001,VAR-0621,54,10,10,0,12,30,8,20,2.4,IN_STOCK,2026-02-15T10:00:00Z,2026-03-25T10:00:00Z
INV-00622,WH-001,VAR-0622,14,5,5,0,12,30,8,10,2.1,IN_STOCK,2026-02-15T10:00:00Z,2026-03-25T10:00:00Z
INV-00623,WH-001,VAR-0623,30,1,1,0,12,30,8,10,3.6,IN_STOCK,2026-02-15T10:00:00Z,2026-03-25T10:00:00Z
INV-00624,WH-001,VAR-0624,58,7,7,0,12,30,8,10,2.5,IN_STOCK,2026-02-15T10:00:00Z,2026-03-25T10:00:00Z
INV-00625,WH-001,VAR-0625,46,4,4,0,12,30,8,20,3.9,IN_STOCK,2026-02-15T10:00:00Z,2026-03-25T10:00:00Z
INV-00626,WH-001,VAR-0626,44,6,6,0,12,30,8,20,4.1,IN_STOCK,2026-02-15T10:00:00Z,2026-03-25T10:00:00Z
INV-00627,WH-001,VAR-0627,18,2,2,0,12,30,8,20,1.7,IN_STOCK,2026-02-15T10:00:00Z,2026-03-25T10:00:00Z
INV-00628,WH-001,VAR-0628,37,4,4,0,12,30,8,10,2.7,IN_STOCK,2026-02-15T10:00:00Z,2026-03-25T10:00:00Z
INV-00629,WH-001,VAR-0629,59,10,10,0,12,30,8,20,4.9,IN_STOCK,2026-02-15T10:00:00Z,2026-03-25T10:00:00Z
INV-00630,WH-001,VAR-0630,30,1,1,0,12,30,8,20,4.2,IN_STOCK,2026-02-15T10:00:00Z,2026-03-25T10:00:00Z
INV-00631,WH-001,VAR-0631,38,8,8,0,12,30,8,10,2.7,IN_STOCK,2026-02-15T10:00:00Z,2026-03-25T10:00:00Z
INV-00632,WH-001,VAR-0632,34,7,7,0,12,30,8,10,3.9,IN_STOCK,2026-02-15T10:00:00Z,2026-03-25T10:00:00Z
INV-00633,WH-001,VAR-0633,52,7,7,0,12,30,8,10,4.2,IN_STOCK,2026-02-15T10:00:00Z,2026-03-25T10:00:00Z
INV-00634,WH-001,VAR-0634,28,4,4,0,12,30,8,10,1.8,IN_STOCK,2026-02-15T10:00:00Z,2026-03-25T10:00:00Z
INV-00635,WH-001,VAR-0635,19,7,7,0,12,30,8,10,4.1,IN_STOCK,2026-02-15T10:00:00Z,2026-03-25T10:00:00Z
INV-00636,WH-001,VAR-0636,30,6,6,0,12,30,8,10,1.8,IN_STOCK,2026-02-15T10:00:00Z,2026-03-25T10:00:00Z
INV-00637,WH-001,VAR-0637,29,8,8,0,12,30,8,20,4.2,IN_STOCK,2026-02-15T10:00:00Z,2026-03-25T10:00:00Z
INV-00638,WH-001,VAR-0638,16,3,3,0,12,30,8,10,2.2,IN_STOCK,2026-02-15T10:00:00Z,2026-03-25T10:00:00Z
INV-00639,WH-001,VAR-0639,38,9,9,0,12,30,8,20,1.9,IN_STOCK,2026-02-15T10:00:00Z,2026-03-25T10:00:00Z
INV-00640,WH-001,VAR-0640,15,6,6,0,12,30,8,10,3.6,IN_STOCK,2026-02-15T10:00:00Z,2026-03-25T10:00:00Z
INV-00641,WH-001,VAR-0641,60,6,6,0,12,30,8,20,1.5,IN_STOCK,2026-02-15T10:00:00Z,2026-03-25T10:00:00Z
INV-00642,WH-001,VAR-0642,36,7,7,0,12,30,8,10,4.0,IN_STOCK,2026-02-15T10:00:00Z,2026-03-25T10:00:00Z
INV-00643,WH-001,VAR-0643,45,4,4,0,12,30,8,10,3.9,IN_STOCK,2026-02-15T10:00:00Z,2026-03-25T10:00:00Z
INV-00644,WH-001,VAR-0644,20,3,3,0,12,30,8,20,2.6,IN_STOCK,2026-02-15T10:00:00Z,2026-03-25T10:00:00Z
INV-00645,WH-001,VAR-0645,41,3,3,0,12,30,8,10,2.1,IN_STOCK,2026-02-15T10:00:00Z,2026-03-25T10:00:00Z
INV-00646,WH-001,VAR-0646,27,7,7,0,12,30,8,20,3.2,IN_STOCK,2026-02-15T10:00:00Z,2026-03-25T10:00:00Z
INV-00647,WH-001,VAR-0647,14,6,6,0,12,30,8,20,4.8,IN_STOCK,2026-02-15T10:00:00Z,2026-03-25T10:00:00Z
INV-00648,WH-001,VAR-0648,56,8,8,0,12,30,8,10,3.1,IN_STOCK,2026-02-15T10:00:00Z,2026-03-25T10:00:00Z
INV-00649,WH-001,VAR-0649,18,5,5,0,12,30,8,10,4.8,IN_STOCK,2026-02-15T10:00:00Z,2026-03-25T10:00:00Z
INV-00650,WH-001,VAR-0650,31,10,10,0,12,30,8,20,4.3,IN_STOCK,2026-02-15T10:00:00Z,2026-03-25T10:00:00Z
INV-00651,WH-001,VAR-0651,31,8,8,0,12,30,8,20,3.0,IN_STOCK,2026-02-15T10:00:00Z,2026-03-25T10:00:00Z
INV-00652,WH-001,VAR-0652,51,10,10,0,12,30,8,10,2.6,IN_STOCK,2026-02-15T10:00:00Z,2026-03-25T10:00:00Z
INV-00653,WH-002,VAR-0001,48,5,5,0,15,40,10,20,2.9,IN_STOCK,2026-02-18T11:00:00Z,2026-03-28T11:00:00Z
INV-00654,WH-002,VAR-0002,21,8,8,0,15,40,10,20,4.9,IN_STOCK,2026-02-18T11:00:00Z,2026-03-28T11:00:00Z
INV-00655,WH-002,VAR-0003,28,9,9,0,15,40,10,20,4.9,IN_STOCK,2026-02-18T11:00:00Z,2026-03-28T11:00:00Z
INV-00656,WH-002,VAR-0004,60,5,5,0,15,40,10,20,2.3,IN_STOCK,2026-02-18T11:00:00Z,2026-03-28T11:00:00Z
INV-00657,WH-002,VAR-0005,27,8,8,0,15,40,10,20,2.5,IN_STOCK,2026-02-18T11:00:00Z,2026-03-28T11:00:00Z
INV-00658,WH-002,VAR-0006,46,5,5,0,15,40,10,20,3.4,IN_STOCK,2026-02-18T11:00:00Z,2026-03-28T11:00:00Z
INV-00659,WH-002,VAR-0007,44,4,4,0,15,40,10,20,3.7,IN_STOCK,2026-02-18T11:00:00Z,2026-03-28T11:00:00Z
INV-00660,WH-002,VAR-0008,45,2,2,0,15,40,10,20,4.8,IN_STOCK,2026-02-18T11:00:00Z,2026-03-28T11:00:00Z
INV-00661,WH-002,VAR-0009,39,5,5,0,15,40,10,20,2.8,IN_STOCK,2026-02-18T11:00:00Z,2026-03-28T11:00:00Z
INV-00662,WH-002,VAR-0010,28,3,3,0,15,40,10,20,4.3,IN_STOCK,2026-02-18T11:00:00Z,2026-03-28T11:00:00Z
INV-00663,WH-002,VAR-0011,60,8,8,0,15,40,10,20,3.7,IN_STOCK,2026-02-18T11:00:00Z,2026-03-28T11:00:00Z
INV-00664,WH-002,VAR-0012,18,6,6,0,15,40,10,20,2.0,IN_STOCK,2026-02-18T11:00:00Z,2026-03-28T11:00:00Z
INV-00665,WH-002,VAR-0013,52,4,4,0,15,40,10,20,3.9,IN_STOCK,2026-02-18T11:00:00Z,2026-03-28T11:00:00Z
INV-00666,WH-002,VAR-0014,60,8,8,0,15,40,10,20,1.3,IN_STOCK,2026-02-18T11:00:00Z,2026-03-28T11:00:00Z
INV-00667,WH-002,VAR-0015,48,9,9,0,15,40,10,20,3.3,IN_STOCK,2026-02-18T11:00:00Z,2026-03-28T11:00:00Z
INV-00668,WH-002,VAR-0016,44,10,10,0,15,40,10,20,4.7,IN_STOCK,2026-02-18T11:00:00Z,2026-03-28T11:00:00Z
INV-00669,WH-002,VAR-0017,54,8,8,0,15,40,10,20,3.2,IN_STOCK,2026-02-18T11:00:00Z,2026-03-28T11:00:00Z
INV-00670,WH-002,VAR-0018,60,7,7,0,15,40,10,20,3.8,IN_STOCK,2026-02-18T11:00:00Z,2026-03-28T11:00:00Z
INV-00671,WH-002,VAR-0019,44,3,3,0,15,40,10,20,1.4,IN_STOCK,2026-02-18T11:00:00Z,2026-03-28T11:00:00Z
INV-00672,WH-002,VAR-0020,25,7,7,0,15,40,10,20,1.7,IN_STOCK,2026-02-18T11:00:00Z,2026-03-28T11:00:00Z
INV-00673,WH-002,VAR-0021,49,2,2,0,15,40,10,20,3.3,IN_STOCK,2026-02-18T11:00:00Z,2026-03-28T11:00:00Z
INV-00674,WH-002,VAR-0022,51,8,8,0,15,40,10,20,4.9,IN_STOCK,2026-02-18T11:00:00Z,2026-03-28T11:00:00Z
INV-00675,WH-002,VAR-0023,31,8,8,0,15,40,10,20,1.4,IN_STOCK,2026-02-18T11:00:00Z,2026-03-28T11:00:00Z
INV-00676,WH-002,VAR-0024,16,6,6,0,15,40,10,20,1.9,IN_STOCK,2026-02-18T11:00:00Z,2026-03-28T11:00:00Z
INV-00677,WH-002,VAR-0025,57,10,10,0,15,40,10,20,3.2,IN_STOCK,2026-02-18T11:00:00Z,2026-03-28T11:00:00Z
INV-00678,WH-002,VAR-0026,54,5,5,0,15,40,10,20,2.8,IN_STOCK,2026-02-18T11:00:00Z,2026-03-28T11:00:00Z
INV-00679,WH-002,VAR-0027,35,9,9,0,15,40,10,20,4.1,IN_STOCK,2026-02-18T11:00:00Z,2026-03-28T11:00:00Z
INV-00680,WH-002,VAR-0028,47,10,10,0,15,40,10,20,1.6,IN_STOCK,2026-02-18T11:00:00Z,2026-03-28T11:00:00Z
INV-00681,WH-002,VAR-0029,11,9,9,0,15,40,10,20,1.4,IN_STOCK,2026-02-18T11:00:00Z,2026-03-28T11:00:00Z
INV-00682,WH-002,VAR-0030,36,3,3,0,15,40,10,20,1.5,IN_STOCK,2026-02-18T11:00:00Z,2026-03-28T11:00:00Z
INV-00683,WH-002,VAR-0031,56,4,4,0,15,40,10,20,2.4,IN_STOCK,2026-02-18T11:00:00Z,2026-03-28T11:00:00Z
INV-00684,WH-002,VAR-0032,31,9,9,0,15,40,10,20,4.1,IN_STOCK,2026-02-18T11:00:00Z,2026-03-28T11:00:00Z
INV-00685,WH-002,VAR-0033,43,9,9,0,15,40,10,20,2.4,IN_STOCK,2026-02-18T11:00:00Z,2026-03-28T11:00:00Z
INV-00686,WH-002,VAR-0034,16,9,9,0,15,40,10,20,3.9,IN_STOCK,2026-02-18T11:00:00Z,2026-03-28T11:00:00Z
INV-00687,WH-002,VAR-0035,38,7,7,0,15,40,10,20,1.3,IN_STOCK,2026-02-18T11:00:00Z,2026-03-28T11:00:00Z
INV-00688,WH-002,VAR-0036,12,3,3,0,15,40,10,20,1.1,IN_STOCK,2026-02-18T11:00:00Z,2026-03-28T11:00:00Z
INV-00689,WH-002,VAR-0037,31,3,3,0,15,40,10,20,3.7,IN_STOCK,2026-02-18T11:00:00Z,2026-03-28T11:00:00Z
INV-00690,WH-002,VAR-0038,20,5,5,0,15,40,10,20,3.1,IN_STOCK,2026-02-18T11:00:00Z,2026-03-28T11:00:00Z
INV-00691,WH-002,VAR-0039,45,4,4,0,15,40,10,20,2.3,IN_STOCK,2026-02-18T11:00:00Z,2026-03-28T11:00:00Z
INV-00692,WH-002,VAR-0040,37,9,9,0,15,40,10,20,1.9,IN_STOCK,2026-02-18T11:00:00Z,2026-03-28T11:00:00Z
INV-00693,WH-002,VAR-0041,35,4,4,0,15,40,10,20,1.7,IN_STOCK,2026-02-18T11:00:00Z,2026-03-28T11:00:00Z
INV-00694,WH-002,VAR-0042,52,8,8,0,15,40,10,20,2.6,IN_STOCK,2026-02-18T11:00:00Z,2026-03-28T11:00:00Z
INV-00695,WH-002,VAR-0043,57,5,5,0,15,40,10,20,2.8,IN_STOCK,2026-02-18T11:00:00Z,2026-03-28T11:00:00Z
INV-00696,WH-002,VAR-0044,37,8,8,0,15,40,10,20,1.0,IN_STOCK,2026-02-18T11:00:00Z,2026-03-28T11:00:00Z
INV-00697,WH-002,VAR-0045,23,5,5,0,15,40,10,20,2.1,IN_STOCK,2026-02-18T11:00:00Z,2026-03-28T11:00:00Z
INV-00698,WH-002,VAR-0046,55,3,3,0,15,40,10,20,3.3,IN_STOCK,2026-02-18T11:00:00Z,2026-03-28T11:00:00Z
INV-00699,WH-002,VAR-0047,44,4,4,0,15,40,10,20,2.5,IN_STOCK,2026-02-18T11:00:00Z,2026-03-28T11:00:00Z
INV-00700,WH-002,VAR-0048,22,9,9,0,15,40,10,20,1.5,IN_STOCK,2026-02-18T11:00:00Z,2026-03-28T11:00:00Z
INV-00701,WH-002,VAR-0049,52,9,9,0,15,40,10,20,3.1,IN_STOCK,2026-02-18T11:00:00Z,2026-03-28T11:00:00Z
INV-00702,WH-002,VAR-0050,50,7,7,0,15,40,10,20,3.4,IN_STOCK,2026-02-18T11:00:00Z,2026-03-28T11:00:00Z
INV-00703,WH-002,VAR-0051,49,8,8,0,15,40,10,20,3.3,IN_STOCK,2026-02-18T11:00:00Z,2026-03-28T11:00:00Z
INV-00704,WH-002,VAR-0052,32,7,7,0,15,40,10,20,4.4,IN_STOCK,2026-02-18T11:00:00Z,2026-03-28T11:00:00Z
INV-00705,WH-002,VAR-0053,49,4,4,0,15,40,10,20,4.3,IN_STOCK,2026-02-18T11:00:00Z,2026-03-28T11:00:00Z
INV-00706,WH-002,VAR-0054,55,6,6,0,15,40,10,20,4.7,IN_STOCK,2026-02-18T11:00:00Z,2026-03-28T11:00:00Z
INV-00707,WH-002,VAR-0055,47,3,3,0,15,40,10,20,3.7,IN_STOCK,2026-02-18T11:00:00Z,2026-03-28T11:00:00Z
INV-00708,WH-002,VAR-0056,30,3,3,0,15,40,10,20,2.0,IN_STOCK,2026-02-18T11:00:00Z,2026-03-28T11:00:00Z
INV-00709,WH-002,VAR-0057,17,4,4,0,15,40,10,20,2.5,IN_STOCK,2026-02-18T11:00:00Z,2026-03-28T11:00:00Z
INV-00710,WH-002,VAR-0058,19,10,10,0,15,40,10,20,2.6,IN_STOCK,2026-02-18T11:00:00Z,2026-03-28T11:00:00Z
INV-00711,WH-002,VAR-0059,48,4,4,0,15,40,10,20,3.3,IN_STOCK,2026-02-18T11:00:00Z,2026-03-28T11:00:00Z
INV-00712,WH-002,VAR-0060,37,4,4,0,15,40,10,20,2.9,IN_STOCK,2026-02-18T11:00:00Z,2026-03-28T11:00:00Z
INV-00713,WH-002,VAR-0061,44,4,4,0,15,40,10,20,3.2,IN_STOCK,2026-02-18T11:00:00Z,2026-03-28T11:00:00Z
INV-00714,WH-002,VAR-0062,41,6,6,0,15,40,10,20,1.6,IN_STOCK,2026-02-18T11:00:00Z,2026-03-28T11:00:00Z
INV-00715,WH-002,VAR-0063,30,9,9,0,15,40,10,20,3.5,IN_STOCK,2026-02-18T11:00:00Z,2026-03-28T11:00:00Z
INV-00716,WH-002,VAR-0064,32,2,2,0,15,40,10,20,2.9,IN_STOCK,2026-02-18T11:00:00Z,2026-03-28T11:00:00Z
INV-00717,WH-002,VAR-0065,22,8,8,0,15,40,10,20,4.9,IN_STOCK,2026-02-18T11:00:00Z,2026-03-28T11:00:00Z
INV-00718,WH-002,VAR-0066,42,9,9,0,15,40,10,20,2.6,IN_STOCK,2026-02-18T11:00:00Z,2026-03-28T11:00:00Z
INV-00719,WH-002,VAR-0067,41,8,8,0,15,40,10,20,3.8,IN_STOCK,2026-02-18T11:00:00Z,2026-03-28T11:00:00Z
INV-00720,WH-002,VAR-0068,38,9,9,0,15,40,10,20,1.7,IN_STOCK,2026-02-18T11:00:00Z,2026-03-28T11:00:00Z
INV-00721,WH-002,VAR-0069,46,2,2,0,15,40,10,20,4.2,IN_STOCK,2026-02-18T11:00:00Z,2026-03-28T11:00:00Z
INV-00722,WH-002,VAR-0070,24,6,6,0,15,40,10,20,1.1,IN_STOCK,2026-02-18T11:00:00Z,2026-03-28T11:00:00Z
INV-00723,WH-002,VAR-0071,24,10,10,0,15,40,10,20,2.2,IN_STOCK,2026-02-18T11:00:00Z,2026-03-28T11:00:00Z
INV-00724,WH-002,VAR-0072,59,9,9,0,15,40,10,20,3.3,IN_STOCK,2026-02-18T11:00:00Z,2026-03-28T11:00:00Z
INV-00725,WH-002,VAR-0073,59,9,9,0,15,40,10,20,3.2,IN_STOCK,2026-02-18T11:00:00Z,2026-03-28T11:00:00Z
INV-00726,WH-002,VAR-0074,17,3,3,0,15,40,10,20,2.1,IN_STOCK,2026-02-18T11:00:00Z,2026-03-28T11:00:00Z
INV-00727,WH-002,VAR-0075,44,7,7,0,15,40,10,20,3.2,IN_STOCK,2026-02-18T11:00:00Z,2026-03-28T11:00:00Z
INV-00728,WH-002,VAR-0076,58,2,2,0,15,40,10,20,4.0,IN_STOCK,2026-02-18T11:00:00Z,2026-03-28T11:00:00Z
INV-00729,WH-002,VAR-0077,38,10,10,0,15,40,10,20,1.9,IN_STOCK,2026-02-18T11:00:00Z,2026-03-28T11:00:00Z
INV-00730,WH-002,VAR-0078,37,3,3,0,15,40,10,20,3.9,IN_STOCK,2026-02-18T11:00:00Z,2026-03-28T11:00:00Z
INV-00731,WH-002,VAR-0079,51,5,5,0,15,40,10,20,2.2,IN_STOCK,2026-02-18T11:00:00Z,2026-03-28T11:00:00Z
INV-00732,WH-002,VAR-0080,12,9,9,0,15,40,10,20,2.1,IN_STOCK,2026-02-18T11:00:00Z,2026-03-28T11:00:00Z
INV-00733,WH-002,VAR-0081,15,9,9,0,15,40,10,20,4.5,IN_STOCK,2026-02-18T11:00:00Z,2026-03-28T11:00:00Z
INV-00734,WH-002,VAR-0082,17,5,5,0,15,40,10,20,1.8,IN_STOCK,2026-02-18T11:00:00Z,2026-03-28T11:00:00Z
INV-00735,WH-002,VAR-0083,57,7,7,0,15,40,10,20,4.4,IN_STOCK,2026-02-18T11:00:00Z,2026-03-28T11:00:00Z
INV-00736,WH-002,VAR-0084,49,8,8,0,15,40,10,20,1.7,IN_STOCK,2026-02-18T11:00:00Z,2026-03-28T11:00:00Z
INV-00737,WH-002,VAR-0085,18,5,5,0,15,40,10,20,4.3,IN_STOCK,2026-02-18T11:00:00Z,2026-03-28T11:00:00Z
INV-00738,WH-002,VAR-0086,13,7,7,0,15,40,10,20,3.1,IN_STOCK,2026-02-18T11:00:00Z,2026-03-28T11:00:00Z
INV-00739,WH-002,VAR-0087,48,10,10,0,15,40,10,20,1.7,IN_STOCK,2026-02-18T11:00:00Z,2026-03-28T11:00:00Z
INV-00740,WH-002,VAR-0088,55,6,6,0,15,40,10,20,2.2,IN_STOCK,2026-02-18T11:00:00Z,2026-03-28T11:00:00Z
INV-00741,WH-002,VAR-0089,27,10,10,0,15,40,10,20,4.9,IN_STOCK,2026-02-18T11:00:00Z,2026-03-28T11:00:00Z
INV-00742,WH-002,VAR-0090,53,3,3,0,15,40,10,20,1.5,IN_STOCK,2026-02-18T11:00:00Z,2026-03-28T11:00:00Z
INV-00743,WH-002,VAR-0091,58,8,8,0,15,40,10,20,4.7,IN_STOCK,2026-02-18T11:00:00Z,2026-03-28T11:00:00Z
INV-00744,WH-002,VAR-0092,27,4,4,0,15,40,10,20,3.8,IN_STOCK,2026-02-18T11:00:00Z,2026-03-28T11:00:00Z
INV-00745,WH-002,VAR-0093,18,5,5,0,15,40,10,20,1.6,IN_STOCK,2026-02-18T11:00:00Z,2026-03-28T11:00:00Z
INV-00746,WH-002,VAR-0094,30,5,5,0,15,40,10,20,4.0,IN_STOCK,2026-02-18T11:00:00Z,2026-03-28T11:00:00Z
INV-00747,WH-002,VAR-0095,53,8,8,0,15,40,10,20,3.0,IN_STOCK,2026-02-18T11:00:00Z,2026-03-28T11:00:00Z
INV-00748,WH-002,VAR-0096,46,6,6,0,15,40,10,20,3.5,IN_STOCK,2026-02-18T11:00:00Z,2026-03-28T11:00:00Z
INV-00749,WH-002,VAR-0097,34,9,9,0,15,40,10,20,1.3,IN_STOCK,2026-02-18T11:00:00Z,2026-03-28T11:00:00Z
INV-00750,WH-002,VAR-0098,60,3,3,0,15,40,10,20,2.6,IN_STOCK,2026-02-18T11:00:00Z,2026-03-28T11:00:00Z
INV-00751,WH-002,VAR-0099,57,6,6,0,15,40,10,20,3.8,IN_STOCK,2026-02-18T11:00:00Z,2026-03-28T11:00:00Z
INV-00752,WH-002,VAR-0100,33,9,9,0,15,40,10,20,4.8,IN_STOCK,2026-02-18T11:00:00Z,2026-03-28T11:00:00Z
INV-00753,WH-002,VAR-0101,30,2,2,0,15,40,10,20,4.5,IN_STOCK,2026-02-18T11:00:00Z,2026-03-28T11:00:00Z
INV-00754,WH-002,VAR-0102,56,3,3,0,15,40,10,20,3.9,IN_STOCK,2026-02-18T11:00:00Z,2026-03-28T11:00:00Z
INV-00755,WH-002,VAR-0103,39,7,7,0,15,40,10,20,4.4,IN_STOCK,2026-02-18T11:00:00Z,2026-03-28T11:00:00Z
INV-00756,WH-002,VAR-0104,60,10,10,0,15,40,10,20,2.6,IN_STOCK,2026-02-18T11:00:00Z,2026-03-28T11:00:00Z
INV-00757,WH-002,VAR-0105,37,5,5,0,15,40,10,20,3.0,IN_STOCK,2026-02-18T11:00:00Z,2026-03-28T11:00:00Z
INV-00758,WH-002,VAR-0106,30,6,6,0,15,40,10,20,2.4,IN_STOCK,2026-02-18T11:00:00Z,2026-03-28T11:00:00Z
INV-00759,WH-002,VAR-0107,46,4,4,0,15,40,10,20,3.3,IN_STOCK,2026-02-18T11:00:00Z,2026-03-28T11:00:00Z
INV-00760,WH-002,VAR-0108,41,7,7,0,15,40,10,20,4.6,IN_STOCK,2026-02-18T11:00:00Z,2026-03-28T11:00:00Z
INV-00761,WH-002,VAR-0109,58,2,2,0,15,40,10,20,1.2,IN_STOCK,2026-02-18T11:00:00Z,2026-03-28T11:00:00Z
INV-00762,WH-002,VAR-0110,50,9,9,0,15,40,10,20,1.1,IN_STOCK,2026-02-18T11:00:00Z,2026-03-28T11:00:00Z
INV-00763,WH-002,VAR-0111,20,9,9,0,15,40,10,20,2.8,IN_STOCK,2026-02-18T11:00:00Z,2026-03-28T11:00:00Z
INV-00764,WH-002,VAR-0112,37,5,5,0,15,40,10,20,5.0,IN_STOCK,2026-02-18T11:00:00Z,2026-03-28T11:00:00Z
INV-00765,WH-002,VAR-0113,18,6,6,0,15,40,10,20,1.6,IN_STOCK,2026-02-18T11:00:00Z,2026-03-28T11:00:00Z
INV-00766,WH-002,VAR-0114,27,3,3,0,15,40,10,20,3.6,IN_STOCK,2026-02-18T11:00:00Z,2026-03-28T11:00:00Z
INV-00767,WH-002,VAR-0115,26,3,3,0,15,40,10,20,2.5,IN_STOCK,2026-02-18T11:00:00Z,2026-03-28T11:00:00Z
INV-00768,WH-002,VAR-0116,51,4,4,0,15,40,10,20,1.2,IN_STOCK,2026-02-18T11:00:00Z,2026-03-28T11:00:00Z
INV-00769,WH-002,VAR-0117,50,6,6,0,15,40,10,20,3.9,IN_STOCK,2026-02-18T11:00:00Z,2026-03-28T11:00:00Z
INV-00770,WH-002,VAR-0118,58,5,5,0,15,40,10,20,2.7,IN_STOCK,2026-02-18T11:00:00Z,2026-03-28T11:00:00Z
INV-00771,WH-002,VAR-0119,15,3,3,0,15,40,10,20,1.0,IN_STOCK,2026-02-18T11:00:00Z,2026-03-28T11:00:00Z
INV-00772,WH-002,VAR-0120,40,3,3,0,15,40,10,20,1.5,IN_STOCK,2026-02-18T11:00:00Z,2026-03-28T11:00:00Z
INV-00773,WH-002,VAR-0121,24,10,10,0,15,40,10,20,3.7,IN_STOCK,2026-02-18T11:00:00Z,2026-03-28T11:00:00Z
INV-00774,WH-002,VAR-0122,10,2,2,0,15,40,10,20,3.8,IN_STOCK,2026-02-18T11:00:00Z,2026-03-28T11:00:00Z
INV-00775,WH-002,VAR-0123,17,8,8,0,15,40,10,20,3.8,IN_STOCK,2026-02-18T11:00:00Z,2026-03-28T11:00:00Z
INV-00776,WH-002,VAR-0124,40,3,3,0,15,40,10,20,1.9,IN_STOCK,2026-02-18T11:00:00Z,2026-03-28T11:00:00Z
INV-00777,WH-002,VAR-0125,15,3,3,0,15,40,10,20,1.4,IN_STOCK,2026-02-18T11:00:00Z,2026-03-28T11:00:00Z
INV-00778,WH-002,VAR-0126,33,6,6,0,15,40,10,20,1.5,IN_STOCK,2026-02-18T11:00:00Z,2026-03-28T11:00:00Z
INV-00779,WH-002,VAR-0127,59,4,4,0,15,40,10,20,3.6,IN_STOCK,2026-02-18T11:00:00Z,2026-03-28T11:00:00Z
INV-00780,WH-002,VAR-0128,53,4,4,0,15,40,10,20,1.3,IN_STOCK,2026-02-18T11:00:00Z,2026-03-28T11:00:00Z
INV-00781,WH-002,VAR-0129,46,2,2,0,15,40,10,20,3.4,IN_STOCK,2026-02-18T11:00:00Z,2026-03-28T11:00:00Z
INV-00782,WH-002,VAR-0130,20,9,9,0,15,40,10,20,2.4,IN_STOCK,2026-02-18T11:00:00Z,2026-03-28T11:00:00Z
INV-00783,WH-002,VAR-0131,23,4,4,0,15,40,10,20,4.7,IN_STOCK,2026-02-18T11:00:00Z,2026-03-28T11:00:00Z
INV-00784,WH-002,VAR-0132,49,9,9,0,15,40,10,20,4.4,IN_STOCK,2026-02-18T11:00:00Z,2026-03-28T11:00:00Z
INV-00785,WH-002,VAR-0133,15,3,3,0,15,40,10,20,1.6,IN_STOCK,2026-02-18T11:00:00Z,2026-03-28T11:00:00Z
INV-00786,WH-002,VAR-0134,17,8,8,0,15,40,10,20,2.4,IN_STOCK,2026-02-18T11:00:00Z,2026-03-28T11:00:00Z
INV-00787,WH-002,VAR-0135,37,7,7,0,15,40,10,20,4.2,IN_STOCK,2026-02-18T11:00:00Z,2026-03-28T11:00:00Z
INV-00788,WH-002,VAR-0136,25,6,6,0,15,40,10,20,3.6,IN_STOCK,2026-02-18T11:00:00Z,2026-03-28T11:00:00Z
INV-00789,WH-002,VAR-0137,25,10,10,0,15,40,10,20,3.4,IN_STOCK,2026-02-18T11:00:00Z,2026-03-28T11:00:00Z
INV-00790,WH-002,VAR-0138,56,6,6,0,15,40,10,20,4.1,IN_STOCK,2026-02-18T11:00:00Z,2026-03-28T11:00:00Z
INV-00791,WH-002,VAR-0139,54,2,2,0,15,40,10,20,4.4,IN_STOCK,2026-02-18T11:00:00Z,2026-03-28T11:00:00Z
INV-00792,WH-002,VAR-0140,52,6,6,0,15,40,10,20,1.8,IN_STOCK,2026-02-18T11:00:00Z,2026-03-28T11:00:00Z
INV-00793,WH-002,VAR-0141,48,10,10,0,15,40,10,20,1.8,IN_STOCK,2026-02-18T11:00:00Z,2026-03-28T11:00:00Z
INV-00794,WH-002,VAR-0142,35,6,6,0,15,40,10,20,3.6,IN_STOCK,2026-02-18T11:00:00Z,2026-03-28T11:00:00Z
INV-00795,WH-002,VAR-0143,60,5,5,0,15,40,10,20,3.0,IN_STOCK,2026-02-18T11:00:00Z,2026-03-28T11:00:00Z
INV-00796,WH-002,VAR-0144,17,5,5,0,15,40,10,20,3.0,IN_STOCK,2026-02-18T11:00:00Z,2026-03-28T11:00:00Z
INV-00797,WH-002,VAR-0145,48,3,3,0,15,40,10,20,3.1,IN_STOCK,2026-02-18T11:00:00Z,2026-03-28T11:00:00Z
INV-00798,WH-002,VAR-0146,10,7,7,0,15,40,10,20,4.7,IN_STOCK,2026-02-18T11:00:00Z,2026-03-28T11:00:00Z
INV-00799,WH-002,VAR-0147,18,8,8,0,15,40,10,20,4.4,IN_STOCK,2026-02-18T11:00:00Z,2026-03-28T11:00:00Z
INV-00800,WH-002,VAR-0148,46,8,8,0,15,40,10,20,2.5,IN_STOCK,2026-02-18T11:00:00Z,2026-03-28T11:00:00Z
INV-00801,WH-002,VAR-0149,53,4,4,0,15,40,10,20,4.1,IN_STOCK,2026-02-18T11:00:00Z,2026-03-28T11:00:00Z
INV-00802,WH-002,VAR-0150,59,3,3,0,15,40,10,20,1.1,IN_STOCK,2026-02-18T11:00:00Z,2026-03-28T11:00:00Z
INV-00803,WH-002,VAR-0151,14,2,2,0,15,40,10,20,2.0,IN_STOCK,2026-02-18T11:00:00Z,2026-03-28T11:00:00Z
INV-00804,WH-002,VAR-0152,12,2,2,0,15,40,10,20,4.8,IN_STOCK,2026-02-18T11:00:00Z,2026-03-28T11:00:00Z
INV-00805,WH-002,VAR-0153,35,10,10,0,15,40,10,20,2.1,IN_STOCK,2026-02-18T11:00:00Z,2026-03-28T11:00:00Z
INV-00806,WH-002,VAR-0154,55,10,10,0,15,40,10,20,4.1,IN_STOCK,2026-02-18T11:00:00Z,2026-03-28T11:00:00Z
INV-00807,WH-002,VAR-0155,37,8,8,0,15,40,10,20,1.3,IN_STOCK,2026-02-18T11:00:00Z,2026-03-28T11:00:00Z
INV-00808,WH-002,VAR-0156,44,10,10,0,15,40,10,20,3.5,IN_STOCK,2026-02-18T11:00:00Z,2026-03-28T11:00:00Z
INV-00809,WH-002,VAR-0157,27,3,3,0,15,40,10,20,2.2,IN_STOCK,2026-02-18T11:00:00Z,2026-03-28T11:00:00Z
INV-00810,WH-002,VAR-0158,42,5,5,0,15,40,10,20,4.9,IN_STOCK,2026-02-18T11:00:00Z,2026-03-28T11:00:00Z
INV-00811,WH-002,VAR-0159,19,10,10,0,15,40,10,20,2.3,IN_STOCK,2026-02-18T11:00:00Z,2026-03-28T11:00:00Z
INV-00812,WH-002,VAR-0160,47,3,3,0,15,40,10,20,2.2,IN_STOCK,2026-02-18T11:00:00Z,2026-03-28T11:00:00Z
INV-00813,WH-002,VAR-0161,37,5,5,0,15,40,10,20,1.2,IN_STOCK,2026-02-18T11:00:00Z,2026-03-28T11:00:00Z
INV-00814,WH-002,VAR-0162,15,8,8,0,15,40,10,20,1.5,IN_STOCK,2026-02-18T11:00:00Z,2026-03-28T11:00:00Z
INV-00815,WH-002,VAR-0163,49,2,2,0,15,40,10,20,2.2,IN_STOCK,2026-02-18T11:00:00Z,2026-03-28T11:00:00Z
INV-00816,WH-002,VAR-0164,57,4,4,0,15,40,10,20,1.5,IN_STOCK,2026-02-18T11:00:00Z,2026-03-28T11:00:00Z
INV-00817,WH-002,VAR-0165,55,4,4,0,15,40,10,20,3.8,IN_STOCK,2026-02-18T11:00:00Z,2026-03-28T11:00:00Z
INV-00818,WH-002,VAR-0166,20,9,9,0,15,40,10,20,4.8,IN_STOCK,2026-02-18T11:00:00Z,2026-03-28T11:00:00Z
INV-00819,WH-002,VAR-0167,43,10,10,0,15,40,10,20,4.1,IN_STOCK,2026-02-18T11:00:00Z,2026-03-28T11:00:00Z
INV-00820,WH-002,VAR-0168,56,6,6,0,15,40,10,20,1.7,IN_STOCK,2026-02-18T11:00:00Z,2026-03-28T11:00:00Z
INV-00821,WH-002,VAR-0169,18,6,6,0,15,40,10,20,3.9,IN_STOCK,2026-02-18T11:00:00Z,2026-03-28T11:00:00Z
INV-00822,WH-002,VAR-0170,17,2,2,0,15,40,10,20,2.3,IN_STOCK,2026-02-18T11:00:00Z,2026-03-28T11:00:00Z
INV-00823,WH-002,VAR-0171,37,6,6,0,15,40,10,20,3.1,IN_STOCK,2026-02-18T11:00:00Z,2026-03-28T11:00:00Z
INV-00824,WH-002,VAR-0172,26,3,3,0,15,40,10,20,3.0,IN_STOCK,2026-02-18T11:00:00Z,2026-03-28T11:00:00Z
INV-00825,WH-002,VAR-0173,42,7,7,0,15,40,10,20,1.2,IN_STOCK,2026-02-18T11:00:00Z,2026-03-28T11:00:00Z
INV-00826,WH-002,VAR-0174,46,4,4,0,15,40,10,20,2.5,IN_STOCK,2026-02-18T11:00:00Z,2026-03-28T11:00:00Z
INV-00827,WH-002,VAR-0175,26,3,3,0,15,40,10,20,4.6,IN_STOCK,2026-02-18T11:00:00Z,2026-03-28T11:00:00Z
INV-00828,WH-002,VAR-0176,53,3,3,0,15,40,10,20,1.9,IN_STOCK,2026-02-18T11:00:00Z,2026-03-28T11:00:00Z
INV-00829,WH-002,VAR-0177,42,2,2,0,15,40,10,20,1.2,IN_STOCK,2026-02-18T11:00:00Z,2026-03-28T11:00:00Z
INV-00830,WH-002,VAR-0178,10,5,5,0,15,40,10,20,1.2,IN_STOCK,2026-02-18T11:00:00Z,2026-03-28T11:00:00Z
INV-00831,WH-002,VAR-0179,33,8,8,0,15,40,10,20,4.7,IN_STOCK,2026-02-18T11:00:00Z,2026-03-28T11:00:00Z
INV-00832,WH-002,VAR-0180,21,2,2,0,15,40,10,20,3.2,IN_STOCK,2026-02-18T11:00:00Z,2026-03-28T11:00:00Z
INV-00833,WH-002,VAR-0181,55,8,8,0,15,40,10,20,1.9,IN_STOCK,2026-02-18T11:00:00Z,2026-03-28T11:00:00Z
INV-00834,WH-002,VAR-0182,25,8,8,0,15,40,10,20,4.7,IN_STOCK,2026-02-18T11:00:00Z,2026-03-28T11:00:00Z
INV-00835,WH-002,VAR-0183,30,6,6,0,15,40,10,20,4.3,IN_STOCK,2026-02-18T11:00:00Z,2026-03-28T11:00:00Z
INV-00836,WH-002,VAR-0184,46,7,7,0,15,40,10,20,1.5,IN_STOCK,2026-02-18T11:00:00Z,2026-03-28T11:00:00Z
INV-00837,WH-002,VAR-0185,53,2,2,0,15,40,10,20,1.7,IN_STOCK,2026-02-18T11:00:00Z,2026-03-28T11:00:00Z
INV-00838,WH-002,VAR-0186,43,2,2,0,15,40,10,20,4.8,IN_STOCK,2026-02-18T11:00:00Z,2026-03-28T11:00:00Z
INV-00839,WH-002,VAR-0187,14,9,9,0,15,40,10,20,4.5,IN_STOCK,2026-02-18T11:00:00Z,2026-03-28T11:00:00Z
INV-00840,WH-002,VAR-0188,59,6,6,0,15,40,10,20,2.3,IN_STOCK,2026-02-18T11:00:00Z,2026-03-28T11:00:00Z
INV-00841,WH-002,VAR-0189,45,9,9,0,15,40,10,20,1.0,IN_STOCK,2026-02-18T11:00:00Z,2026-03-28T11:00:00Z
INV-00842,WH-002,VAR-0190,22,6,6,0,15,40,10,20,3.3,IN_STOCK,2026-02-18T11:00:00Z,2026-03-28T11:00:00Z
INV-00843,WH-002,VAR-0191,29,5,5,0,15,40,10,20,2.9,IN_STOCK,2026-02-18T11:00:00Z,2026-03-28T11:00:00Z
INV-00844,WH-002,VAR-0192,47,9,9,0,15,40,10,20,5.0,IN_STOCK,2026-02-18T11:00:00Z,2026-03-28T11:00:00Z
INV-00845,WH-002,VAR-0193,59,5,5,0,15,40,10,20,3.9,IN_STOCK,2026-02-18T11:00:00Z,2026-03-28T11:00:00Z
INV-00846,WH-002,VAR-0194,44,5,5,0,15,40,10,20,1.6,IN_STOCK,2026-02-18T11:00:00Z,2026-03-28T11:00:00Z
INV-00847,WH-002,VAR-0195,36,2,2,0,15,40,10,20,1.9,IN_STOCK,2026-02-18T11:00:00Z,2026-03-28T11:00:00Z
INV-00848,WH-002,VAR-0196,32,2,2,0,15,40,10,20,4.8,IN_STOCK,2026-02-18T11:00:00Z,2026-03-28T11:00:00Z
INV-00849,WH-002,VAR-0197,10,8,8,0,15,40,10,20,4.4,IN_STOCK,2026-02-18T11:00:00Z,2026-03-28T11:00:00Z
INV-00850,WH-002,VAR-0198,56,6,6,0,15,40,10,20,1.4,IN_STOCK,2026-02-18T11:00:00Z,2026-03-28T11:00:00Z
INV-00851,WH-002,VAR-0199,43,5,5,0,15,40,10,20,2.7,IN_STOCK,2026-02-18T11:00:00Z,2026-03-28T11:00:00Z
INV-00852,WH-002,VAR-0200,13,4,4,0,15,40,10,20,3.8,IN_STOCK,2026-02-18T11:00:00Z,2026-03-28T11:00:00Z
INV-00853,WH-002,VAR-0201,15,2,2,0,15,40,10,20,4.7,IN_STOCK,2026-02-18T11:00:00Z,2026-03-28T11:00:00Z
INV-00854,WH-002,VAR-0202,43,8,8,0,15,40,10,20,3.8,IN_STOCK,2026-02-18T11:00:00Z,2026-03-28T11:00:00Z
INV-00855,WH-002,VAR-0203,33,9,9,0,15,40,10,20,4.9,IN_STOCK,2026-02-18T11:00:00Z,2026-03-28T11:00:00Z
INV-00856,WH-002,VAR-0204,15,3,3,0,15,40,10,20,3.0,IN_STOCK,2026-02-18T11:00:00Z,2026-03-28T11:00:00Z
INV-00857,WH-002,VAR-0205,50,8,8,0,15,40,10,20,1.3,IN_STOCK,2026-02-18T11:00:00Z,2026-03-28T11:00:00Z
INV-00858,WH-002,VAR-0206,46,2,2,0,15,40,10,20,2.7,IN_STOCK,2026-02-18T11:00:00Z,2026-03-28T11:00:00Z
INV-00859,WH-002,VAR-0207,18,5,5,0,15,40,10,20,2.2,IN_STOCK,2026-02-18T11:00:00Z,2026-03-28T11:00:00Z
INV-00860,WH-002,VAR-0208,30,8,8,0,15,40,10,20,3.8,IN_STOCK,2026-02-18T11:00:00Z,2026-03-28T11:00:00Z
INV-00861,WH-002,VAR-0209,57,7,7,0,15,40,10,20,2.3,IN_STOCK,2026-02-18T11:00:00Z,2026-03-28T11:00:00Z
INV-00862,WH-002,VAR-0210,27,5,5,0,15,40,10,20,1.3,IN_STOCK,2026-02-18T11:00:00Z,2026-03-28T11:00:00Z
INV-00863,WH-002,VAR-0211,22,4,4,0,15,40,10,20,4.1,IN_STOCK,2026-02-18T11:00:00Z,2026-03-28T11:00:00Z
INV-00864,WH-002,VAR-0212,47,3,3,0,15,40,10,20,1.6,IN_STOCK,2026-02-18T11:00:00Z,2026-03-28T11:00:00Z
INV-00865,WH-002,VAR-0213,20,9,9,0,15,40,10,20,2.9,IN_STOCK,2026-02-18T11:00:00Z,2026-03-28T11:00:00Z
INV-00866,WH-002,VAR-0214,36,3,3,0,15,40,10,20,3.1,IN_STOCK,2026-02-18T11:00:00Z,2026-03-28T11:00:00Z
INV-00867,WH-002,VAR-0215,59,5,5,0,15,40,10,20,2.8,IN_STOCK,2026-02-18T11:00:00Z,2026-03-28T11:00:00Z
INV-00868,WH-002,VAR-0216,39,6,6,0,15,40,10,20,4.4,IN_STOCK,2026-02-18T11:00:00Z,2026-03-28T11:00:00Z
INV-00869,WH-002,VAR-0217,15,4,4,0,15,40,10,20,4.2,IN_STOCK,2026-02-18T11:00:00Z,2026-03-28T11:00:00Z
INV-00870,WH-002,VAR-0218,29,2,2,0,15,40,10,20,1.9,IN_STOCK,2026-02-18T11:00:00Z,2026-03-28T11:00:00Z
INV-00871,WH-002,VAR-0219,30,4,4,0,15,40,10,20,1.4,IN_STOCK,2026-02-18T11:00:00Z,2026-03-28T11:00:00Z
INV-00872,WH-002,VAR-0220,25,7,7,0,15,40,10,20,2.6,IN_STOCK,2026-02-18T11:00:00Z,2026-03-28T11:00:00Z
INV-00873,WH-003,VAR-0011,30,30,30,0,20,60,15,30,4.0,IN_STOCK,2026-02-20T10:00:00Z,2026-03-30T10:00:00Z
INV-00874,WH-003,VAR-0134,3,3,3,0,4,10,2,5,0.8,IN_STOCK,2026-02-20T10:00:00Z,2026-03-30T10:00:00Z
INV-00875,WH-004,VAR-0134,3,3,3,0,4,10,2,5,0.8,IN_STOCK,2026-02-20T10:00:00Z,2026-03-30T10:00:00Z
INV-00876,WH-003,VAR-0021,18,5,5,0,12,35,8,15,1.8,IN_STOCK,2026-02-12T10:00:00Z,2026-03-22T10:00:00Z
INV-00877,WH-003,VAR-0022,26,1,1,0,12,35,8,15,3.9,IN_STOCK,2026-02-12T10:00:00Z,2026-03-22T10:00:00Z
INV-00878,WH-003,VAR-0023,43,4,4,0,12,35,8,15,1.3,IN_STOCK,2026-02-12T10:00:00Z,2026-03-22T10:00:00Z
INV-00879,WH-003,VAR-0024,21,3,3,0,12,35,8,15,1.4,IN_STOCK,2026-02-12T10:00:00Z,2026-03-22T10:00:00Z
INV-00880,WH-003,VAR-0025,18,4,4,0,12,35,8,15,1.4,IN_STOCK,2026-02-12T10:00:00Z,2026-03-22T10:00:00Z
INV-00881,WH-003,VAR-0026,40,6,6,0,12,35,8,15,3.1,IN_STOCK,2026-02-12T10:00:00Z,2026-03-22T10:00:00Z
INV-00882,WH-003,VAR-0027,20,5,5,0,12,35,8,15,3.8,IN_STOCK,2026-02-12T10:00:00Z,2026-03-22T10:00:00Z
INV-00883,WH-003,VAR-0028,19,1,1,0,12,35,8,15,4.0,IN_STOCK,2026-02-12T10:00:00Z,2026-03-22T10:00:00Z
INV-00884,WH-003,VAR-0029,27,8,8,0,12,35,8,15,3.4,IN_STOCK,2026-02-12T10:00:00Z,2026-03-22T10:00:00Z
INV-00885,WH-003,VAR-0030,20,6,6,0,12,35,8,15,1.4,IN_STOCK,2026-02-12T10:00:00Z,2026-03-22T10:00:00Z
INV-00886,WH-003,VAR-0031,44,1,1,0,12,35,8,15,1.5,IN_STOCK,2026-02-12T10:00:00Z,2026-03-22T10:00:00Z
INV-00887,WH-003,VAR-0032,42,7,7,0,12,35,8,15,2.5,IN_STOCK,2026-02-12T10:00:00Z,2026-03-22T10:00:00Z
INV-00888,WH-003,VAR-0033,39,7,7,0,12,35,8,15,1.5,IN_STOCK,2026-02-12T10:00:00Z,2026-03-22T10:00:00Z
INV-00889,WH-003,VAR-0034,28,3,3,0,12,35,8,15,1.8,IN_STOCK,2026-02-12T10:00:00Z,2026-03-22T10:00:00Z
INV-00890,WH-003,VAR-0035,43,3,3,0,12,35,8,15,1.1,IN_STOCK,2026-02-12T10:00:00Z,2026-03-22T10:00:00Z
INV-00891,WH-003,VAR-0036,30,5,5,0,12,35,8,15,2.5,IN_STOCK,2026-02-12T10:00:00Z,2026-03-22T10:00:00Z
INV-00892,WH-003,VAR-0037,50,8,8,0,12,35,8,15,1.2,IN_STOCK,2026-02-12T10:00:00Z,2026-03-22T10:00:00Z
INV-00893,WH-003,VAR-0038,32,7,7,0,12,35,8,15,1.4,IN_STOCK,2026-02-12T10:00:00Z,2026-03-22T10:00:00Z
INV-00894,WH-003,VAR-0039,27,4,4,0,12,35,8,15,2.9,IN_STOCK,2026-02-12T10:00:00Z,2026-03-22T10:00:00Z
INV-00895,WH-003,VAR-0040,49,1,1,0,12,35,8,15,4.0,IN_STOCK,2026-02-12T10:00:00Z,2026-03-22T10:00:00Z
INV-00896,WH-003,VAR-0041,37,8,8,0,12,35,8,15,2.6,IN_STOCK,2026-02-12T10:00:00Z,2026-03-22T10:00:00Z
INV-00897,WH-003,VAR-0042,46,6,6,0,12,35,8,15,3.7,IN_STOCK,2026-02-12T10:00:00Z,2026-03-22T10:00:00Z
INV-00898,WH-003,VAR-0043,47,6,6,0,12,35,8,15,2.2,IN_STOCK,2026-02-12T10:00:00Z,2026-03-22T10:00:00Z
INV-00899,WH-003,VAR-0044,26,1,1,0,12,35,8,15,2.0,IN_STOCK,2026-02-12T10:00:00Z,2026-03-22T10:00:00Z
INV-00900,WH-003,VAR-0045,29,1,1,0,12,35,8,15,3.7,IN_STOCK,2026-02-12T10:00:00Z,2026-03-22T10:00:00Z
INV-00901,WH-003,VAR-0046,32,1,1,0,12,35,8,15,3.4,IN_STOCK,2026-02-12T10:00:00Z,2026-03-22T10:00:00Z
INV-00902,WH-003,VAR-0047,45,6,6,0,12,35,8,15,3.3,IN_STOCK,2026-02-12T10:00:00Z,2026-03-22T10:00:00Z
INV-00903,WH-003,VAR-0048,29,3,3,0,12,35,8,15,1.3,IN_STOCK,2026-02-12T10:00:00Z,2026-03-22T10:00:00Z
INV-00904,WH-003,VAR-0049,30,5,5,0,12,35,8,15,2.6,IN_STOCK,2026-02-12T10:00:00Z,2026-03-22T10:00:00Z
INV-00905,WH-003,VAR-0050,18,4,4,0,12,35,8,15,2.7,IN_STOCK,2026-02-12T10:00:00Z,2026-03-22T10:00:00Z
INV-00906,WH-003,VAR-0051,39,6,6,0,12,35,8,15,3.8,IN_STOCK,2026-02-12T10:00:00Z,2026-03-22T10:00:00Z
INV-00907,WH-003,VAR-0052,26,3,3,0,12,35,8,15,1.7,IN_STOCK,2026-02-12T10:00:00Z,2026-03-22T10:00:00Z
INV-00908,WH-003,VAR-0053,35,6,6,0,12,35,8,15,3.7,IN_STOCK,2026-02-12T10:00:00Z,2026-03-22T10:00:00Z
INV-00909,WH-003,VAR-0054,16,6,6,0,12,35,8,15,3.8,IN_STOCK,2026-02-12T10:00:00Z,2026-03-22T10:00:00Z
INV-00910,WH-003,VAR-0055,24,4,4,0,12,35,8,15,3.5,IN_STOCK,2026-02-12T10:00:00Z,2026-03-22T10:00:00Z
INV-00911,WH-003,VAR-0056,46,5,5,0,12,35,8,15,1.5,IN_STOCK,2026-02-12T10:00:00Z,2026-03-22T10:00:00Z
INV-00912,WH-003,VAR-0057,17,2,2,0,12,35,8,15,1.2,IN_STOCK,2026-02-12T10:00:00Z,2026-03-22T10:00:00Z
INV-00913,WH-003,VAR-0058,29,1,1,0,12,35,8,15,2.6,IN_STOCK,2026-02-12T10:00:00Z,2026-03-22T10:00:00Z
INV-00914,WH-003,VAR-0059,15,6,6,0,12,35,8,15,3.8,IN_STOCK,2026-02-12T10:00:00Z,2026-03-22T10:00:00Z
INV-00915,WH-003,VAR-0060,27,3,3,0,12,35,8,15,2.0,IN_STOCK,2026-02-12T10:00:00Z,2026-03-22T10:00:00Z
INV-00916,WH-004,VAR-0021,26,6,6,0,12,35,8,15,1.2,IN_STOCK,2026-02-12T10:00:00Z,2026-03-22T10:00:00Z
INV-00917,WH-004,VAR-0022,24,3,3,0,12,35,8,15,3.3,IN_STOCK,2026-02-12T10:00:00Z,2026-03-22T10:00:00Z
INV-00918,WH-004,VAR-0023,48,6,6,0,12,35,8,15,3.9,IN_STOCK,2026-02-12T10:00:00Z,2026-03-22T10:00:00Z
INV-00919,WH-004,VAR-0024,38,7,7,0,12,35,8,15,2.8,IN_STOCK,2026-02-12T10:00:00Z,2026-03-22T10:00:00Z
INV-00920,WH-004,VAR-0025,36,5,5,0,12,35,8,15,2.0,IN_STOCK,2026-02-12T10:00:00Z,2026-03-22T10:00:00Z
INV-00921,WH-004,VAR-0026,25,7,7,0,12,35,8,15,3.4,IN_STOCK,2026-02-12T10:00:00Z,2026-03-22T10:00:00Z
INV-00922,WH-004,VAR-0027,46,6,6,0,12,35,8,15,1.5,IN_STOCK,2026-02-12T10:00:00Z,2026-03-22T10:00:00Z
INV-00923,WH-004,VAR-0028,50,6,6,0,12,35,8,15,1.7,IN_STOCK,2026-02-12T10:00:00Z,2026-03-22T10:00:00Z
INV-00924,WH-004,VAR-0029,26,7,7,0,12,35,8,15,1.9,IN_STOCK,2026-02-12T10:00:00Z,2026-03-22T10:00:00Z
INV-00925,WH-004,VAR-0030,33,3,3,0,12,35,8,15,1.5,IN_STOCK,2026-02-12T10:00:00Z,2026-03-22T10:00:00Z
INV-00926,WH-004,VAR-0031,15,7,7,0,12,35,8,15,3.6,IN_STOCK,2026-02-12T10:00:00Z,2026-03-22T10:00:00Z
INV-00927,WH-004,VAR-0032,17,3,3,0,12,35,8,15,2.8,IN_STOCK,2026-02-12T10:00:00Z,2026-03-22T10:00:00Z
INV-00928,WH-004,VAR-0033,29,2,2,0,12,35,8,15,3.8,IN_STOCK,2026-02-12T10:00:00Z,2026-03-22T10:00:00Z
INV-00929,WH-004,VAR-0034,24,6,6,0,12,35,8,15,3.2,IN_STOCK,2026-02-12T10:00:00Z,2026-03-22T10:00:00Z
INV-00930,WH-004,VAR-0035,30,6,6,0,12,35,8,15,3.9,IN_STOCK,2026-02-12T10:00:00Z,2026-03-22T10:00:00Z
INV-00931,WH-004,VAR-0036,25,2,2,0,12,35,8,15,3.5,IN_STOCK,2026-02-12T10:00:00Z,2026-03-22T10:00:00Z
INV-00932,WH-004,VAR-0037,36,8,8,0,12,35,8,15,1.0,IN_STOCK,2026-02-12T10:00:00Z,2026-03-22T10:00:00Z
INV-00933,WH-004,VAR-0038,28,4,4,0,12,35,8,15,3.1,IN_STOCK,2026-02-12T10:00:00Z,2026-03-22T10:00:00Z
INV-00934,WH-004,VAR-0039,37,5,5,0,12,35,8,15,3.4,IN_STOCK,2026-02-12T10:00:00Z,2026-03-22T10:00:00Z
INV-00935,WH-004,VAR-0040,15,1,1,0,12,35,8,15,2.2,IN_STOCK,2026-02-12T10:00:00Z,2026-03-22T10:00:00Z
INV-00936,WH-004,VAR-0041,41,3,3,0,12,35,8,15,3.7,IN_STOCK,2026-02-12T10:00:00Z,2026-03-22T10:00:00Z
INV-00937,WH-004,VAR-0042,46,7,7,0,12,35,8,15,2.1,IN_STOCK,2026-02-12T10:00:00Z,2026-03-22T10:00:00Z
INV-00938,WH-004,VAR-0043,39,2,2,0,12,35,8,15,3.5,IN_STOCK,2026-02-12T10:00:00Z,2026-03-22T10:00:00Z
INV-00939,WH-004,VAR-0044,29,3,3,0,12,35,8,15,2.4,IN_STOCK,2026-02-12T10:00:00Z,2026-03-22T10:00:00Z
INV-00940,WH-004,VAR-0045,17,5,5,0,12,35,8,15,1.1,IN_STOCK,2026-02-12T10:00:00Z,2026-03-22T10:00:00Z
INV-00941,WH-004,VAR-0046,31,2,2,0,12,35,8,15,1.2,IN_STOCK,2026-02-12T10:00:00Z,2026-03-22T10:00:00Z
INV-00942,WH-004,VAR-0047,25,7,7,0,12,35,8,15,1.5,IN_STOCK,2026-02-12T10:00:00Z,2026-03-22T10:00:00Z
INV-00943,WH-004,VAR-0048,19,2,2,0,12,35,8,15,2.0,IN_STOCK,2026-02-12T10:00:00Z,2026-03-22T10:00:00Z
INV-00944,WH-004,VAR-0049,45,1,1,0,12,35,8,15,2.3,IN_STOCK,2026-02-12T10:00:00Z,2026-03-22T10:00:00Z
INV-00945,WH-004,VAR-0050,25,7,7,0,12,35,8,15,1.5,IN_STOCK,2026-02-12T10:00:00Z,2026-03-22T10:00:00Z
INV-00946,WH-004,VAR-0051,21,6,6,0,12,35,8,15,1.6,IN_STOCK,2026-02-12T10:00:00Z,2026-03-22T10:00:00Z
INV-00947,WH-004,VAR-0052,27,7,7,0,12,35,8,15,3.1,IN_STOCK,2026-02-12T10:00:00Z,2026-03-22T10:00:00Z
INV-00948,WH-004,VAR-0053,49,5,5,0,12,35,8,15,3.0,IN_STOCK,2026-02-12T10:00:00Z,2026-03-22T10:00:00Z
INV-00949,WH-004,VAR-0054,34,4,4,0,12,35,8,15,1.3,IN_STOCK,2026-02-12T10:00:00Z,2026-03-22T10:00:00Z
INV-00950,WH-004,VAR-0055,40,8,8,0,12,35,8,15,1.5,IN_STOCK,2026-02-12T10:00:00Z,2026-03-22T10:00:00Z
INV-00951,WH-004,VAR-0056,38,1,1,0,12,35,8,15,2.3,IN_STOCK,2026-02-12T10:00:00Z,2026-03-22T10:00:00Z
INV-00952,WH-004,VAR-0057,33,8,8,0,12,35,8,15,1.6,IN_STOCK,2026-02-12T10:00:00Z,2026-03-22T10:00:00Z
INV-00953,WH-004,VAR-0058,16,4,4,0,12,35,8,15,1.5,IN_STOCK,2026-02-12T10:00:00Z,2026-03-22T10:00:00Z
INV-00954,WH-004,VAR-0059,33,2,2,0,12,35,8,15,2.4,IN_STOCK,2026-02-12T10:00:00Z,2026-03-22T10:00:00Z
INV-00955,WH-004,VAR-0060,22,5,5,0,12,35,8,15,3.4,IN_STOCK,2026-02-12T10:00:00Z,2026-03-22T10:00:00Z
INV-00956,WH-005,VAR-0021,45,8,8,0,12,35,8,15,3.7,IN_STOCK,2026-02-12T10:00:00Z,2026-03-22T10:00:00Z
INV-00957,WH-005,VAR-0022,31,2,2,0,12,35,8,15,2.9,IN_STOCK,2026-02-12T10:00:00Z,2026-03-22T10:00:00Z
INV-00958,WH-005,VAR-0023,39,3,3,0,12,35,8,15,2.1,IN_STOCK,2026-02-12T10:00:00Z,2026-03-22T10:00:00Z
INV-00959,WH-005,VAR-0024,39,6,6,0,12,35,8,15,1.6,IN_STOCK,2026-02-12T10:00:00Z,2026-03-22T10:00:00Z
INV-00960,WH-005,VAR-0025,17,5,5,0,12,35,8,15,2.3,IN_STOCK,2026-02-12T10:00:00Z,2026-03-22T10:00:00Z
INV-00961,WH-005,VAR-0026,31,4,4,0,12,35,8,15,3.5,IN_STOCK,2026-02-12T10:00:00Z,2026-03-22T10:00:00Z
INV-00962,WH-005,VAR-0027,18,3,3,0,12,35,8,15,3.3,IN_STOCK,2026-02-12T10:00:00Z,2026-03-22T10:00:00Z
INV-00963,WH-005,VAR-0028,21,2,2,0,12,35,8,15,3.0,IN_STOCK,2026-02-12T10:00:00Z,2026-03-22T10:00:00Z
INV-00964,WH-005,VAR-0029,49,7,7,0,12,35,8,15,3.9,IN_STOCK,2026-02-12T10:00:00Z,2026-03-22T10:00:00Z
INV-00965,WH-005,VAR-0030,29,1,1,0,12,35,8,15,3.5,IN_STOCK,2026-02-12T10:00:00Z,2026-03-22T10:00:00Z
INV-00966,WH-005,VAR-0031,48,7,7,0,12,35,8,15,3.9,IN_STOCK,2026-02-12T10:00:00Z,2026-03-22T10:00:00Z
INV-00967,WH-005,VAR-0032,45,4,4,0,12,35,8,15,2.4,IN_STOCK,2026-02-12T10:00:00Z,2026-03-22T10:00:00Z
INV-00968,WH-005,VAR-0033,20,7,7,0,12,35,8,15,3.7,IN_STOCK,2026-02-12T10:00:00Z,2026-03-22T10:00:00Z
INV-00969,WH-005,VAR-0034,17,3,3,0,12,35,8,15,1.4,IN_STOCK,2026-02-12T10:00:00Z,2026-03-22T10:00:00Z
INV-00970,WH-005,VAR-0035,43,3,3,0,12,35,8,15,3.8,IN_STOCK,2026-02-12T10:00:00Z,2026-03-22T10:00:00Z
INV-00971,WH-005,VAR-0036,25,4,4,0,12,35,8,15,3.4,IN_STOCK,2026-02-12T10:00:00Z,2026-03-22T10:00:00Z
INV-00972,WH-005,VAR-0037,23,1,1,0,12,35,8,15,2.3,IN_STOCK,2026-02-12T10:00:00Z,2026-03-22T10:00:00Z
INV-00973,WH-005,VAR-0038,42,4,4,0,12,35,8,15,4.0,IN_STOCK,2026-02-12T10:00:00Z,2026-03-22T10:00:00Z
INV-00974,WH-005,VAR-0039,24,5,5,0,12,35,8,15,2.0,IN_STOCK,2026-02-12T10:00:00Z,2026-03-22T10:00:00Z
INV-00975,WH-005,VAR-0040,19,2,2,0,12,35,8,15,2.2,IN_STOCK,2026-02-12T10:00:00Z,2026-03-22T10:00:00Z
INV-00976,WH-005,VAR-0041,40,6,6,0,12,35,8,15,3.6,IN_STOCK,2026-02-12T10:00:00Z,2026-03-22T10:00:00Z
INV-00977,WH-005,VAR-0042,48,8,8,0,12,35,8,15,3.8,IN_STOCK,2026-02-12T10:00:00Z,2026-03-22T10:00:00Z
INV-00978,WH-005,VAR-0043,15,7,7,0,12,35,8,15,1.3,IN_STOCK,2026-02-12T10:00:00Z,2026-03-22T10:00:00Z
INV-00979,WH-005,VAR-0044,24,3,3,0,12,35,8,15,2.7,IN_STOCK,2026-02-12T10:00:00Z,2026-03-22T10:00:00Z
INV-00980,WH-005,VAR-0045,21,2,2,0,12,35,8,15,2.7,IN_STOCK,2026-02-12T10:00:00Z,2026-03-22T10:00:00Z
INV-00981,WH-005,VAR-0046,21,5,5,0,12,35,8,15,3.6,IN_STOCK,2026-02-12T10:00:00Z,2026-03-22T10:00:00Z
INV-00982,WH-005,VAR-0047,37,7,7,0,12,35,8,15,1.8,IN_STOCK,2026-02-12T10:00:00Z,2026-03-22T10:00:00Z
INV-00983,WH-005,VAR-0048,46,8,8,0,12,35,8,15,1.1,IN_STOCK,2026-02-12T10:00:00Z,2026-03-22T10:00:00Z
INV-00984,WH-005,VAR-0049,32,7,7,0,12,35,8,15,1.4,IN_STOCK,2026-02-12T10:00:00Z,2026-03-22T10:00:00Z
INV-00985,WH-005,VAR-0050,40,1,1,0,12,35,8,15,2.2,IN_STOCK,2026-02-12T10:00:00Z,2026-03-22T10:00:00Z
INV-00986,WH-005,VAR-0051,36,4,4,0,12,35,8,15,1.1,IN_STOCK,2026-02-12T10:00:00Z,2026-03-22T10:00:00Z
INV-00987,WH-005,VAR-0052,45,5,5,0,12,35,8,15,3.7,IN_STOCK,2026-02-12T10:00:00Z,2026-03-22T10:00:00Z
INV-00988,WH-005,VAR-0053,16,6,6,0,12,35,8,15,3.5,IN_STOCK,2026-02-12T10:00:00Z,2026-03-22T10:00:00Z
INV-00989,WH-005,VAR-0054,34,5,5,0,12,35,8,15,1.8,IN_STOCK,2026-02-12T10:00:00Z,2026-03-22T10:00:00Z
INV-00990,WH-005,VAR-0055,46,2,2,0,12,35,8,15,3.9,IN_STOCK,2026-02-12T10:00:00Z,2026-03-22T10:00:00Z
INV-00991,WH-005,VAR-0056,29,3,3,0,12,35,8,15,1.9,IN_STOCK,2026-02-12T10:00:00Z,2026-03-22T10:00:00Z
INV-00992,WH-005,VAR-0057,43,6,6,0,12,35,8,15,1.8,IN_STOCK,2026-02-12T10:00:00Z,2026-03-22T10:00:00Z
INV-00993,WH-005,VAR-0058,41,2,2,0,12,35,8,15,1.6,IN_STOCK,2026-02-12T10:00:00Z,2026-03-22T10:00:00Z
INV-00994,WH-005,VAR-0059,28,7,7,0,12,35,8,15,3.2,IN_STOCK,2026-02-12T10:00:00Z,2026-03-22T10:00:00Z
INV-00995,WH-005,VAR-0060,48,6,6,0,12,35,8,15,3.5,IN_STOCK,2026-02-12T10:00:00Z,2026-03-22T10:00:00Z
