price_list_id,price_list_name,customer_tier,currency,product_variant_id,unit_price,minimum_quantity,effective_from,effective_to,status
PL-STD,Standard Commercial Price List,Standard,INR,VAR-0001,82000.00,1,2026-01-01,2026-12-31,ACTIVE
PL-STD,Standard Commercial Price List,Standard,INR,VAR-0002,100000.00,1,2026-01-01,2026-12-31,ACTIVE
PL-STD,Standard Commercial Price List,Standard,INR,VAR-0003,89000.00,1,2026-01-01,2026-12-31,ACTIVE
PL-STD,Standard Commercial Price List,Standard,INR,VAR-0004,118000.00,1,2026-01-01,2026-12-31,ACTIVE
PL-STD,Standard Commercial Price List,Standard,INR,VAR-0005,140000.00,1,2026-01-01,2026-12-31,ACTIVE
PL-STD,Standard Commercial Price List,Standard,INR,VAR-0006,138000.00,1,2026-01-01,2026-12-31,ACTIVE
PL-STD,Standard Commercial Price List,Standard,INR,VAR-0007,163000.00,1,2026-01-01,2026-12-31,ACTIVE
PL-STD,Standard Commercial Price List,Standard,INR,VAR-0008,185000.00,1,2026-01-01,2026-12-31,ACTIVE
PL-STD,Standard Commercial Price List,Standard,INR,VAR-0009,210000.00,1,2026-01-01,2026-12-31,ACTIVE
PL-STD,Standard Commercial Price List,Standard,INR,VAR-0010,270000.00,1,2026-01-01,2026-12-31,ACTIVE
PL-STD,Standard Commercial Price List,Standard,INR,VAR-0011,86000.00,1,2026-01-01,2026-12-31,ACTIVE
PL-STD,Standard Commercial Price List,Standard,INR,VAR-0012,106000.00,1,2026-01-01,2026-12-31,ACTIVE
PL-STD,Standard Commercial Price List,Standard,INR,VAR-0013,110000.00,1,2026-01-01,2026-12-31,ACTIVE
PL-STD,Standard Commercial Price List,Standard,INR,VAR-0014,131000.00,1,2026-01-01,2026-12-31,ACTIVE
PL-STD,Standard Commercial Price List,Standard,INR,VAR-0015,175000.00,1,2026-01-01,2026-12-31,ACTIVE
PL-STD,Standard Commercial Price List,Standard,INR,VAR-0016,202000.00,1,2026-01-01,2026-12-31,ACTIVE
PL-STD,Standard Commercial Price List,Standard,INR,VAR-0017,182000.00,1,2026-01-01,2026-12-31,ACTIVE
PL-STD,Standard Commercial Price List,Standard,INR,VAR-0018,126000.00,1,2026-01-01,2026-12-31,ACTIVE
PL-STD,Standard Commercial Price List,Standard,INR,VAR-0019,288000.00,1,2026-01-01,2026-12-31,ACTIVE
PL-STD,Standard Commercial Price List,Standard,INR,VAR-0020,85000.00,1,2026-01-01,2026-12-31,ACTIVE
PL-STD,Standard Commercial Price List,Standard,INR,VAR-0021,142000.00,1,2026-01-01,2026-12-31,ACTIVE
PL-STD,Standard Commercial Price List,Standard,INR,VAR-0022,150000.00,1,2026-01-01,2026-12-31,ACTIVE
PL-STD,Standard Commercial Price List,Standard,INR,VAR-0023,192000.00,1,2026-01-01,2026-12-31,ACTIVE
PL-STD,Standard Commercial Price List,Standard,INR,VAR-0024,198000.00,1,2026-01-01,2026-12-31,ACTIVE
PL-STD,Standard Commercial Price List,Standard,INR,VAR-0025,124900.00,1,2026-01-01,2026-12-31,ACTIVE
PL-STD,Standard Commercial Price List,Standard,INR,VAR-0026,142900.00,1,2026-01-01,2026-12-31,ACTIVE
PL-STD,Standard Commercial Price List,Standard,INR,VAR-0027,144900.00,1,2026-01-01,2026-12-31,ACTIVE
PL-STD,Standard Commercial Price List,Standard,INR,VAR-0028,199900.00,1,2026-01-01,2026-12-31,ACTIVE
PL-STD,Standard Commercial Price List,Standard,INR,VAR-0029,234900.00,1,2026-01-01,2026-12-31,ACTIVE
PL-STD,Standard Commercial Price List,Standard,INR,VAR-0030,349900.00,1,2026-01-01,2026-12-31,ACTIVE
PL-STD,Standard Commercial Price List,Standard,INR,VAR-0031,414900.00,1,2026-01-01,2026-12-31,ACTIVE
PL-STD,Standard Commercial Price List,Standard,INR,VAR-0032,158000.00,1,2026-01-01,2026-12-31,ACTIVE
PL-STD,Standard Commercial Price List,Standard,INR,VAR-0033,114000.00,1,2026-01-01,2026-12-31,ACTIVE
PL-STD,Standard Commercial Price List,Standard,INR,VAR-0034,78000.00,1,2026-01-01,2026-12-31,ACTIVE
PL-STD,Standard Commercial Price List,Standard,INR,VAR-0035,91000.00,1,2026-01-01,2026-12-31,ACTIVE
PL-STD,Standard Commercial Price List,Standard,INR,VAR-0036,113000.00,1,2026-01-01,2026-12-31,ACTIVE
PL-STD,Standard Commercial Price List,Standard,INR,VAR-0037,130000.00,1,2026-01-01,2026-12-31,ACTIVE
PL-STD,Standard Commercial Price List,Standard,INR,VAR-0038,62000.00,1,2026-01-01,2026-12-31,ACTIVE
PL-STD,Standard Commercial Price List,Standard,INR,VAR-0039,67000.00,1,2026-01-01,2026-12-31,ACTIVE
PL-STD,Standard Commercial Price List,Standard,INR,VAR-0040,74000.00,1,2026-01-01,2026-12-31,ACTIVE
PL-STD,Standard Commercial Price List,Standard,INR,VAR-0041,98000.00,1,2026-01-01,2026-12-31,ACTIVE
PL-STD,Standard Commercial Price List,Standard,INR,VAR-0042,134000.00,1,2026-01-01,2026-12-31,ACTIVE
PL-STD,Standard Commercial Price List,Standard,INR,VAR-0043,150000.00,1,2026-01-01,2026-12-31,ACTIVE
PL-STD,Standard Commercial Price List,Standard,INR,VAR-0044,94000.00,1,2026-01-01,2026-12-31,ACTIVE
PL-STD,Standard Commercial Price List,Standard,INR,VAR-0045,65000.00,1,2026-01-01,2026-12-31,ACTIVE
PL-STD,Standard Commercial Price List,Standard,INR,VAR-0046,70000.00,1,2026-01-01,2026-12-31,ACTIVE
PL-STD,Standard Commercial Price List,Standard,INR,VAR-0047,235000.00,1,2026-01-01,2026-12-31,ACTIVE
PL-STD,Standard Commercial Price List,Standard,INR,VAR-0048,312000.00,1,2026-01-01,2026-12-31,ACTIVE
PL-STD,Standard Commercial Price List,Standard,INR,VAR-0049,169900.00,1,2026-01-01,2026-12-31,ACTIVE
PL-STD,Standard Commercial Price List,Standard,INR,VAR-0050,105000.00,1,2026-01-01,2026-12-31,ACTIVE
PL-STD,Standard Commercial Price List,Standard,INR,VAR-0051,138000.00,1,2026-01-01,2026-12-31,ACTIVE
PL-STD,Standard Commercial Price List,Standard,INR,VAR-0052,69000.00,1,2026-01-01,2026-12-31,ACTIVE
PL-STD,Standard Commercial Price List,Standard,INR,VAR-0053,129999.00,1,2026-01-01,2026-12-31,ACTIVE
PL-STD,Standard Commercial Price List,Standard,INR,VAR-0054,162999.00,1,2026-01-01,2026-12-31,ACTIVE
PL-STD,Standard Commercial Price List,Standard,INR,VAR-0055,222999.00,1,2026-01-01,2026-12-31,ACTIVE
PL-STD,Standard Commercial Price List,Standard,INR,VAR-0056,58000.00,1,2026-01-01,2026-12-31,ACTIVE
PL-STD,Standard Commercial Price List,Standard,INR,VAR-0057,61000.00,1,2026-01-01,2026-12-31,ACTIVE
PL-STD,Standard Commercial Price List,Standard,INR,VAR-0058,46000.00,1,2026-01-01,2026-12-31,ACTIVE
PL-STD,Standard Commercial Price List,Standard,INR,VAR-0059,47000.00,1,2026-01-01,2026-12-31,ACTIVE
PL-STD,Standard Commercial Price List,Standard,INR,VAR-0060,118000.00,1,2026-01-01,2026-12-31,ACTIVE
PL-STD,Standard Commercial Price List,Standard,INR,VAR-0061,252000.00,1,2026-01-01,2026-12-31,ACTIVE
PL-STD,Standard Commercial Price List,Standard,INR,VAR-0062,83000.00,1,2026-01-01,2026-12-31,ACTIVE
PL-STD,Standard Commercial Price List,Standard,INR,VAR-0063,98000.00,1,2026-01-01,2026-12-31,ACTIVE
PL-STD,Standard Commercial Price List,Standard,INR,VAR-0064,58000.00,1,2026-01-01,2026-12-31,ACTIVE
PL-STD,Standard Commercial Price List,Standard,INR,VAR-0065,62000.00,1,2026-01-01,2026-12-31,ACTIVE
PL-STD,Standard Commercial Price List,Standard,INR,VAR-0066,67000.00,1,2026-01-01,2026-12-31,ACTIVE
PL-STD,Standard Commercial Price List,Standard,INR,VAR-0067,82000.00,1,2026-01-01,2026-12-31,ACTIVE
PL-STD,Standard Commercial Price List,Standard,INR,VAR-0068,75000.00,1,2026-01-01,2026-12-31,ACTIVE
PL-STD,Standard Commercial Price List,Standard,INR,VAR-0069,55000.00,1,2026-01-01,2026-12-31,ACTIVE
PL-STD,Standard Commercial Price List,Standard,INR,VAR-0070,65000.00,1,2026-01-01,2026-12-31,ACTIVE
PL-STD,Standard Commercial Price List,Standard,INR,VAR-0071,78000.00,1,2026-01-01,2026-12-31,ACTIVE
PL-STD,Standard Commercial Price List,Standard,INR,VAR-0072,50000.00,1,2026-01-01,2026-12-31,ACTIVE
PL-STD,Standard Commercial Price List,Standard,INR,VAR-0073,77000.00,1,2026-01-01,2026-12-31,ACTIVE
PL-STD,Standard Commercial Price List,Standard,INR,VAR-0074,54000.00,1,2026-01-01,2026-12-31,ACTIVE
PL-STD,Standard Commercial Price List,Standard,INR,VAR-0075,70000.00,1,2026-01-01,2026-12-31,ACTIVE
PL-STD,Standard Commercial Price List,Standard,INR,VAR-0076,75000.00,1,2026-01-01,2026-12-31,ACTIVE
PL-STD,Standard Commercial Price List,Standard,INR,VAR-0077,79000.00,1,2026-01-01,2026-12-31,ACTIVE
PL-STD,Standard Commercial Price List,Standard,INR,VAR-0078,118000.00,1,2026-01-01,2026-12-31,ACTIVE
PL-STD,Standard Commercial Price List,Standard,INR,VAR-0079,59900.00,1,2026-01-01,2026-12-31,ACTIVE
PL-STD,Standard Commercial Price List,Standard,INR,VAR-0080,129900.00,1,2026-01-01,2026-12-31,ACTIVE
PL-STD,Standard Commercial Price List,Standard,INR,VAR-0081,209900.00,1,2026-01-01,2026-12-31,ACTIVE
PL-STD,Standard Commercial Price List,Standard,INR,VAR-0082,414900.00,1,2026-01-01,2026-12-31,ACTIVE
PL-STD,Standard Commercial Price List,Standard,INR,VAR-0083,134900.00,1,2026-01-01,2026-12-31,ACTIVE
PL-STD,Standard Commercial Price List,Standard,INR,VAR-0084,53000.00,1,2026-01-01,2026-12-31,ACTIVE
PL-STD,Standard Commercial Price List,Standard,INR,VAR-0085,71000.00,1,2026-01-01,2026-12-31,ACTIVE
PL-STD,Standard Commercial Price List,Standard,INR,VAR-0086,49000.00,1,2026-01-01,2026-12-31,ACTIVE
PL-STD,Standard Commercial Price List,Standard,INR,VAR-0087,47000.00,1,2026-01-01,2026-12-31,ACTIVE
PL-STD,Standard Commercial Price List,Standard,INR,VAR-0088,39000.00,1,2026-01-01,2026-12-31,ACTIVE
PL-STD,Standard Commercial Price List,Standard,INR,VAR-0089,41000.00,1,2026-01-01,2026-12-31,ACTIVE
PL-STD,Standard Commercial Price List,Standard,INR,VAR-0090,58000.00,1,2026-01-01,2026-12-31,ACTIVE
PL-STD,Standard Commercial Price List,Standard,INR,VAR-0091,56000.00,1,2026-01-01,2026-12-31,ACTIVE
PL-STD,Standard Commercial Price List,Standard,INR,VAR-0092,82000.00,1,2026-01-01,2026-12-31,ACTIVE
PL-STD,Standard Commercial Price List,Standard,INR,VAR-0093,68000.00,1,2026-01-01,2026-12-31,ACTIVE
PL-STD,Standard Commercial Price List,Standard,INR,VAR-0094,62000.00,1,2026-01-01,2026-12-31,ACTIVE
PL-STD,Standard Commercial Price List,Standard,INR,VAR-0095,73000.00,1,2026-01-01,2026-12-31,ACTIVE
PL-STD,Standard Commercial Price List,Standard,INR,VAR-0096,55000.00,1,2026-01-01,2026-12-31,ACTIVE
PL-STD,Standard Commercial Price List,Standard,INR,VAR-0097,105000.00,1,2026-01-01,2026-12-31,ACTIVE
PL-STD,Standard Commercial Price List,Standard,INR,VAR-0098,51000.00,1,2026-01-01,2026-12-31,ACTIVE
PL-STD,Standard Commercial Price List,Standard,INR,VAR-0099,118000.00,1,2026-01-01,2026-12-31,ACTIVE
PL-STD,Standard Commercial Price List,Standard,INR,VAR-0100,198000.00,1,2026-01-01,2026-12-31,ACTIVE
PL-STD,Standard Commercial Price List,Standard,INR,VAR-0101,336000.00,1,2026-01-01,2026-12-31,ACTIVE
PL-STD,Standard Commercial Price List,Standard,INR,VAR-0102,106000.00,1,2026-01-01,2026-12-31,ACTIVE
PL-STD,Standard Commercial Price List,Standard,INR,VAR-0103,408000.00,1,2026-01-01,2026-12-31,ACTIVE
PL-STD,Standard Commercial Price List,Standard,INR,VAR-0104,99000.00,1,2026-01-01,2026-12-31,ACTIVE
PL-STD,Standard Commercial Price List,Standard,INR,VAR-0105,126000.00,1,2026-01-01,2026-12-31,ACTIVE
PL-STD,Standard Commercial Price List,Standard,INR,VAR-0106,234000.00,1,2026-01-01,2026-12-31,ACTIVE
PL-STD,Standard Commercial Price List,Standard,INR,VAR-0107,348000.00,1,2026-01-01,2026-12-31,ACTIVE
PL-STD,Standard Commercial Price List,Standard,INR,VAR-0108,576000.00,1,2026-01-01,2026-12-31,ACTIVE
PL-STD,Standard Commercial Price List,Standard,INR,VAR-0109,103000.00,1,2026-01-01,2026-12-31,ACTIVE
PL-STD,Standard Commercial Price List,Standard,INR,VAR-0110,110000.00,1,2026-01-01,2026-12-31,ACTIVE
PL-STD,Standard Commercial Price List,Standard,INR,VAR-0111,132000.00,1,2026-01-01,2026-12-31,ACTIVE
PL-STD,Standard Commercial Price List,Standard,INR,VAR-0112,222000.00,1,2026-01-01,2026-12-31,ACTIVE
PL-STD,Standard Commercial Price List,Standard,INR,VAR-0113,384000.00,1,2026-01-01,2026-12-31,ACTIVE
PL-STD,Standard Commercial Price List,Standard,INR,VAR-0114,552000.00,1,2026-01-01,2026-12-31,ACTIVE
PL-STD,Standard Commercial Price List,Standard,INR,VAR-0115,729900.00,1,2026-01-01,2026-12-31,ACTIVE
PL-STD,Standard Commercial Price List,Standard,INR,VAR-0116,779900.00,1,2026-01-01,2026-12-31,ACTIVE
PL-STD,Standard Commercial Price List,Standard,INR,VAR-0117,252000.00,1,2026-01-01,2026-12-31,ACTIVE
PL-STD,Standard Commercial Price List,Standard,INR,VAR-0118,174000.00,1,2026-01-01,2026-12-31,ACTIVE
PL-STD,Standard Commercial Price List,Standard,INR,VAR-0119,94000.00,1,2026-01-01,2026-12-31,ACTIVE
PL-STD,Standard Commercial Price List,Standard,INR,VAR-0120,89000.00,1,2026-01-01,2026-12-31,ACTIVE
PL-STD,Standard Commercial Price List,Standard,INR,VAR-0121,95000.00,1,2026-01-01,2026-12-31,ACTIVE
PL-STD,Standard Commercial Price List,Standard,INR,VAR-0122,270000.00,1,2026-01-01,2026-12-31,ACTIVE
PL-STD,Standard Commercial Price List,Standard,INR,VAR-0123,238000.00,1,2026-01-01,2026-12-31,ACTIVE
PL-STD,Standard Commercial Price List,Standard,INR,VAR-0124,162000.00,1,2026-01-01,2026-12-31,ACTIVE
PL-STD,Standard Commercial Price List,Standard,INR,VAR-0125,154000.00,1,2026-01-01,2026-12-31,ACTIVE
PL-STD,Standard Commercial Price List,Standard,INR,VAR-0126,115000.00,1,2026-01-01,2026-12-31,ACTIVE
PL-STD,Standard Commercial Price List,Standard,INR,VAR-0127,324000.00,1,2026-01-01,2026-12-31,ACTIVE
PL-STD,Standard Commercial Price List,Standard,INR,VAR-0128,138000.00,1,2026-01-01,2026-12-31,ACTIVE
PL-STD,Standard Commercial Price List,Standard,INR,VAR-0129,132000.00,1,2026-01-01,2026-12-31,ACTIVE
PL-STD,Standard Commercial Price List,Standard,INR,VAR-0130,174000.00,1,2026-01-01,2026-12-31,ACTIVE
PL-STD,Standard Commercial Price List,Standard,INR,VAR-0131,234000.00,1,2026-01-01,2026-12-31,ACTIVE
PL-STD,Standard Commercial Price List,Standard,INR,VAR-0132,288000.00,1,2026-01-01,2026-12-31,ACTIVE
PL-STD,Standard Commercial Price List,Standard,INR,VAR-0133,384000.00,1,2026-01-01,2026-12-31,ACTIVE
PL-STD,Standard Commercial Price List,Standard,INR,VAR-0134,504000.00,1,2026-01-01,2026-12-31,ACTIVE
PL-STD,Standard Commercial Price List,Standard,INR,VAR-0135,432000.00,1,2026-01-01,2026-12-31,ACTIVE
PL-STD,Standard Commercial Price List,Standard,INR,VAR-0136,864000.00,1,2026-01-01,2026-12-31,ACTIVE
PL-STD,Standard Commercial Price List,Standard,INR,VAR-0137,1176000.00,1,2026-01-01,2026-12-31,ACTIVE
PL-STD,Standard Commercial Price List,Standard,INR,VAR-0138,142000.00,1,2026-01-01,2026-12-31,ACTIVE
PL-STD,Standard Commercial Price List,Standard,INR,VAR-0139,216000.00,1,2026-01-01,2026-12-31,ACTIVE
PL-STD,Standard Commercial Price List,Standard,INR,VAR-0140,396000.00,1,2026-01-01,2026-12-31,ACTIVE
PL-STD,Standard Commercial Price List,Standard,INR,VAR-0141,522000.00,1,2026-01-01,2026-12-31,ACTIVE
PL-STD,Standard Commercial Price List,Standard,INR,VAR-0142,540000.00,1,2026-01-01,2026-12-31,ACTIVE
PL-STD,Standard Commercial Price List,Standard,INR,VAR-0143,348000.00,1,2026-01-01,2026-12-31,ACTIVE
PL-STD,Standard Commercial Price List,Standard,INR,VAR-0144,936000.00,1,2026-01-01,2026-12-31,ACTIVE
PL-STD,Standard Commercial Price List,Standard,INR,VAR-0145,135000.00,1,2026-01-01,2026-12-31,ACTIVE
PL-STD,Standard Commercial Price List,Standard,INR,VAR-0146,378000.00,1,2026-01-01,2026-12-31,ACTIVE
PL-STD,Standard Commercial Price List,Standard,INR,VAR-0147,492000.00,1,2026-01-01,2026-12-31,ACTIVE
PL-STD,Standard Commercial Price List,Standard,INR,VAR-0148,408000.00,1,2026-01-01,2026-12-31,ACTIVE
PL-STD,Standard Commercial Price List,Standard,INR,VAR-0149,888000.00,1,2026-01-01,2026-12-31,ACTIVE
PL-STD,Standard Commercial Price List,Standard,INR,VAR-0150,276000.00,1,2026-01-01,2026-12-31,ACTIVE
PL-STD,Standard Commercial Price List,Standard,INR,VAR-0151,414000.00,1,2026-01-01,2026-12-31,ACTIVE
PL-STD,Standard Commercial Price List,Standard,INR,VAR-0152,534000.00,1,2026-01-01,2026-12-31,ACTIVE
PL-STD,Standard Commercial Price List,Standard,INR,VAR-0153,99000.00,1,2026-01-01,2026-12-31,ACTIVE
PL-STD,Standard Commercial Price List,Standard,INR,VAR-0154,150000.00,1,2026-01-01,2026-12-31,ACTIVE
PL-STD,Standard Commercial Price List,Standard,INR,VAR-0155,312000.00,1,2026-01-01,2026-12-31,ACTIVE
PL-STD,Standard Commercial Price List,Standard,INR,VAR-0156,162000.00,1,2026-01-01,2026-12-31,ACTIVE
PL-STD,Standard Commercial Price List,Standard,INR,VAR-0157,420000.00,1,2026-01-01,2026-12-31,ACTIVE
PL-STD,Standard Commercial Price List,Standard,INR,VAR-0158,552000.00,1,2026-01-01,2026-12-31,ACTIVE
PL-STD,Standard Commercial Price List,Standard,INR,VAR-0159,336000.00,1,2026-01-01,2026-12-31,ACTIVE
PL-STD,Standard Commercial Price List,Standard,INR,VAR-0160,564000.00,1,2026-01-01,2026-12-31,ACTIVE
PL-STD,Standard Commercial Price List,Standard,INR,VAR-0161,1176000.00,1,2026-01-01,2026-12-31,ACTIVE
PL-STD,Standard Commercial Price List,Standard,INR,VAR-0162,1980000.00,1,2026-01-01,2026-12-31,ACTIVE
PL-STD,Standard Commercial Price List,Standard,INR,VAR-0163,2940000.00,1,2026-01-01,2026-12-31,ACTIVE
PL-STD,Standard Commercial Price List,Standard,INR,VAR-0164,624000.00,1,2026-01-01,2026-12-31,ACTIVE
PL-STD,Standard Commercial Price List,Standard,INR,VAR-0165,1128000.00,1,2026-01-01,2026-12-31,ACTIVE
PL-STD,Standard Commercial Price List,Standard,INR,VAR-0166,576000.00,1,2026-01-01,2026-12-31,ACTIVE
PL-STD,Standard Commercial Price List,Standard,INR,VAR-0167,2220000.00,1,2026-01-01,2026-12-31,ACTIVE
PL-STD,Standard Commercial Price List,Standard,INR,VAR-0168,1740000.00,1,2026-01-01,2026-12-31,ACTIVE
PL-STD,Standard Commercial Price List,Standard,INR,VAR-0169,2640000.00,1,2026-01-01,2026-12-31,ACTIVE
PL-STD,Standard Commercial Price List,Standard,INR,VAR-0170,1068000.00,1,2026-01-01,2026-12-31,ACTIVE
PL-STD,Standard Commercial Price List,Standard,INR,VAR-0171,504000.00,1,2026-01-01,2026-12-31,ACTIVE
PL-STD,Standard Commercial Price List,Standard,INR,VAR-0172,198000.00,1,2026-01-01,2026-12-31,ACTIVE
PL-STD,Standard Commercial Price List,Standard,INR,VAR-0173,354000.00,1,2026-01-01,2026-12-31,ACTIVE
PL-STD,Standard Commercial Price List,Standard,INR,VAR-0174,528000.00,1,2026-01-01,2026-12-31,ACTIVE
PL-STD,Standard Commercial Price List,Standard,INR,VAR-0175,106000.00,1,2026-01-01,2026-12-31,ACTIVE
PL-STD,Standard Commercial Price List,Standard,INR,VAR-0176,282000.00,1,2026-01-01,2026-12-31,ACTIVE
PL-STD,Standard Commercial Price List,Standard,INR,VAR-0177,456000.00,1,2026-01-01,2026-12-31,ACTIVE
PL-STD,Standard Commercial Price List,Standard,INR,VAR-0178,348000.00,1,2026-01-01,2026-12-31,ACTIVE
PL-STD,Standard Commercial Price List,Standard,INR,VAR-0179,113000.00,1,2026-01-01,2026-12-31,ACTIVE
PL-STD,Standard Commercial Price List,Standard,INR,VAR-0180,864000.00,1,2026-01-01,2026-12-31,ACTIVE
PL-STD,Standard Commercial Price List,Standard,INR,VAR-0181,1380000.00,1,2026-01-01,2026-12-31,ACTIVE
PL-STD,Standard Commercial Price List,Standard,INR,VAR-0182,234000.00,1,2026-01-01,2026-12-31,ACTIVE
PL-STD,Standard Commercial Price List,Standard,INR,VAR-0183,110000.00,1,2026-01-01,2026-12-31,ACTIVE
PL-STD,Standard Commercial Price List,Standard,INR,VAR-0184,174000.00,1,2026-01-01,2026-12-31,ACTIVE
PL-STD,Standard Commercial Price List,Standard,INR,VAR-0185,134000.00,1,2026-01-01,2026-12-31,ACTIVE
PL-STD,Standard Commercial Price List,Standard,INR,VAR-0186,150000.00,1,2026-01-01,2026-12-31,ACTIVE
PL-STD,Standard Commercial Price List,Standard,INR,VAR-0187,222000.00,1,2026-01-01,2026-12-31,ACTIVE
PL-STD,Standard Commercial Price List,Standard,INR,VAR-0188,288000.00,1,2026-01-01,2026-12-31,ACTIVE
PL-STD,Standard Commercial Price List,Standard,INR,VAR-0189,384000.00,1,2026-01-01,2026-12-31,ACTIVE
PL-STD,Standard Commercial Price List,Standard,INR,VAR-0190,816000.00,1,2026-01-01,2026-12-31,ACTIVE
PL-STD,Standard Commercial Price List,Standard,INR,VAR-0191,1140000.00,1,2026-01-01,2026-12-31,ACTIVE
PL-STD,Standard Commercial Price List,Standard,INR,VAR-0192,132000.00,1,2026-01-01,2026-12-31,ACTIVE
PL-STD,Standard Commercial Price List,Standard,INR,VAR-0193,210000.00,1,2026-01-01,2026-12-31,ACTIVE
PL-STD,Standard Commercial Price List,Standard,INR,VAR-0194,354000.00,1,2026-01-01,2026-12-31,ACTIVE
PL-STD,Standard Commercial Price List,Standard,INR,VAR-0195,94000.00,1,2026-01-01,2026-12-31,ACTIVE
PL-STD,Standard Commercial Price List,Standard,INR,VAR-0196,138000.00,1,2026-01-01,2026-12-31,ACTIVE
PL-STD,Standard Commercial Price List,Standard,INR,VAR-0197,214000.00,1,2026-01-01,2026-12-31,ACTIVE
PL-STD,Standard Commercial Price List,Standard,INR,VAR-0198,342000.00,1,2026-01-01,2026-12-31,ACTIVE
PL-STD,Standard Commercial Price List,Standard,INR,VAR-0199,468000.00,1,2026-01-01,2026-12-31,ACTIVE
PL-STD,Standard Commercial Price List,Standard,INR,VAR-0200,45600.00,1,2026-01-01,2026-12-31,ACTIVE
PL-STD,Standard Commercial Price List,Standard,INR,VAR-0201,69600.00,1,2026-01-01,2026-12-31,ACTIVE
PL-STD,Standard Commercial Price List,Standard,INR,VAR-0202,74400.00,1,2026-01-01,2026-12-31,ACTIVE
PL-STD,Standard Commercial Price List,Standard,INR,VAR-0203,50400.00,1,2026-01-01,2026-12-31,ACTIVE
PL-STD,Standard Commercial Price List,Standard,INR,VAR-0204,88800.00,1,2026-01-01,2026-12-31,ACTIVE
PL-STD,Standard Commercial Price List,Standard,INR,VAR-0205,74400.00,1,2026-01-01,2026-12-31,ACTIVE
PL-STD,Standard Commercial Price List,Standard,INR,VAR-0206,16800.00,1,2026-01-01,2026-12-31,ACTIVE
PL-STD,Standard Commercial Price List,Standard,INR,VAR-0207,31200.00,1,2026-01-01,2026-12-31,ACTIVE
PL-STD,Standard Commercial Price List,Standard,INR,VAR-0208,98400.00,1,2026-01-01,2026-12-31,ACTIVE
PL-STD,Standard Commercial Price List,Standard,INR,VAR-0209,198000.00,1,2026-01-01,2026-12-31,ACTIVE
PL-STD,Standard Commercial Price List,Standard,INR,VAR-0210,306000.00,1,2026-01-01,2026-12-31,ACTIVE
PL-STD,Standard Commercial Price List,Standard,INR,VAR-0211,69600.00,1,2026-01-01,2026-12-31,ACTIVE
PL-STD,Standard Commercial Price List,Standard,INR,VAR-0212,117600.00,1,2026-01-01,2026-12-31,ACTIVE
PL-STD,Standard Commercial Price List,Standard,INR,VAR-0213,234000.00,1,2026-01-01,2026-12-31,ACTIVE
PL-STD,Standard Commercial Price List,Standard,INR,VAR-0214,38400.00,1,2026-01-01,2026-12-31,ACTIVE
PL-STD,Standard Commercial Price List,Standard,INR,VAR-0215,52800.00,1,2026-01-01,2026-12-31,ACTIVE
PL-STD,Standard Commercial Price List,Standard,INR,VAR-0216,33600.00,1,2026-01-01,2026-12-31,ACTIVE
PL-STD,Standard Commercial Price List,Standard,INR,VAR-0217,19200.00,1,2026-01-01,2026-12-31,ACTIVE
PL-STD,Standard Commercial Price List,Standard,INR,VAR-0218,30000.00,1,2026-01-01,2026-12-31,ACTIVE
PL-STD,Standard Commercial Price List,Standard,INR,VAR-0219,114000.00,1,2026-01-01,2026-12-31,ACTIVE
PL-STD,Standard Commercial Price List,Standard,INR,VAR-0220,86400.00,1,2026-01-01,2026-12-31,ACTIVE
PL-STD,Standard Commercial Price List,Standard,INR,VAR-0221,45600.00,1,2026-01-01,2026-12-31,ACTIVE
PL-STD,Standard Commercial Price List,Standard,INR,VAR-0222,69600.00,1,2026-01-01,2026-12-31,ACTIVE
PL-STD,Standard Commercial Price List,Standard,INR,VAR-0223,93600.00,1,2026-01-01,2026-12-31,ACTIVE
PL-STD,Standard Commercial Price List,Standard,INR,VAR-0224,132000.00,1,2026-01-01,2026-12-31,ACTIVE
PL-STD,Standard Commercial Price List,Standard,INR,VAR-0225,234000.00,1,2026-01-01,2026-12-31,ACTIVE
PL-STD,Standard Commercial Price List,Standard,INR,VAR-0226,408000.00,1,2026-01-01,2026-12-31,ACTIVE
PL-STD,Standard Commercial Price List,Standard,INR,VAR-0227,780000.00,1,2026-01-01,2026-12-31,ACTIVE
PL-STD,Standard Commercial Price List,Standard,INR,VAR-0228,105600.00,1,2026-01-01,2026-12-31,ACTIVE
PL-STD,Standard Commercial Price List,Standard,INR,VAR-0229,174000.00,1,2026-01-01,2026-12-31,ACTIVE
PL-STD,Standard Commercial Price List,Standard,INR,VAR-0230,252000.00,1,2026-01-01,2026-12-31,ACTIVE
PL-STD,Standard Commercial Price List,Standard,INR,VAR-0231,336000.00,1,2026-01-01,2026-12-31,ACTIVE
PL-STD,Standard Commercial Price List,Standard,INR,VAR-0232,696000.00,1,2026-01-01,2026-12-31,ACTIVE
PL-STD,Standard Commercial Price List,Standard,INR,VAR-0233,1176000.00,1,2026-01-01,2026-12-31,ACTIVE
PL-STD,Standard Commercial Price List,Standard,INR,VAR-0234,57600.00,1,2026-01-01,2026-12-31,ACTIVE
PL-STD,Standard Commercial Price List,Standard,INR,VAR-0235,88800.00,1,2026-01-01,2026-12-31,ACTIVE
PL-STD,Standard Commercial Price List,Standard,INR,VAR-0236,192000.00,1,2026-01-01,2026-12-31,ACTIVE
PL-STD,Standard Commercial Price List,Standard,INR,VAR-0237,288000.00,1,2026-01-01,2026-12-31,ACTIVE
PL-STD,Standard Commercial Price List,Standard,INR,VAR-0238,456000.00,1,2026-01-01,2026-12-31,ACTIVE
PL-STD,Standard Commercial Price List,Standard,INR,VAR-0239,86400.00,1,2026-01-01,2026-12-31,ACTIVE
PL-STD,Standard Commercial Price List,Standard,INR,VAR-0240,150000.00,1,2026-01-01,2026-12-31,ACTIVE
PL-STD,Standard Commercial Price List,Standard,INR,VAR-0241,252000.00,1,2026-01-01,2026-12-31,ACTIVE
PL-STD,Standard Commercial Price List,Standard,INR,VAR-0242,81600.00,1,2026-01-01,2026-12-31,ACTIVE
PL-STD,Standard Commercial Price List,Standard,INR,VAR-0243,186000.00,1,2026-01-01,2026-12-31,ACTIVE
PL-STD,Standard Commercial Price List,Standard,INR,VAR-0244,384000.00,1,2026-01-01,2026-12-31,ACTIVE
PL-STD,Standard Commercial Price List,Standard,INR,VAR-0245,1104000.00,1,2026-01-01,2026-12-31,ACTIVE
PL-STD,Standard Commercial Price List,Standard,INR,VAR-0246,13800.00,1,2026-01-01,2026-12-31,ACTIVE
PL-STD,Standard Commercial Price List,Standard,INR,VAR-0247,19200.00,1,2026-01-01,2026-12-31,ACTIVE
PL-STD,Standard Commercial Price List,Standard,INR,VAR-0248,22200.00,1,2026-01-01,2026-12-31,ACTIVE
PL-STD,Standard Commercial Price List,Standard,INR,VAR-0249,37200.00,1,2026-01-01,2026-12-31,ACTIVE
PL-STD,Standard Commercial Price List,Standard,INR,VAR-0250,57600.00,1,2026-01-01,2026-12-31,ACTIVE
PL-STD,Standard Commercial Price List,Standard,INR,VAR-0251,74400.00,1,2026-01-01,2026-12-31,ACTIVE
PL-STD,Standard Commercial Price List,Standard,INR,VAR-0252,81600.00,1,2026-01-01,2026-12-31,ACTIVE
PL-STD,Standard Commercial Price List,Standard,INR,VAR-0253,117600.00,1,2026-01-01,2026-12-31,ACTIVE
PL-STD,Standard Commercial Price List,Standard,INR,VAR-0254,150000.00,1,2026-01-01,2026-12-31,ACTIVE
PL-STD,Standard Commercial Price List,Standard,INR,VAR-0255,34800.00,1,2026-01-01,2026-12-31,ACTIVE
PL-STD,Standard Commercial Price List,Standard,INR,VAR-0256,55200.00,1,2026-01-01,2026-12-31,ACTIVE
PL-STD,Standard Commercial Price List,Standard,INR,VAR-0257,50400.00,1,2026-01-01,2026-12-31,ACTIVE
PL-STD,Standard Commercial Price List,Standard,INR,VAR-0258,110400.00,1,2026-01-01,2026-12-31,ACTIVE
PL-STD,Standard Commercial Price List,Standard,INR,VAR-0259,141600.00,1,2026-01-01,2026-12-31,ACTIVE
PL-STD,Standard Commercial Price List,Standard,INR,VAR-0260,14400.00,1,2026-01-01,2026-12-31,ACTIVE
PL-STD,Standard Commercial Price List,Standard,INR,VAR-0261,26400.00,1,2026-01-01,2026-12-31,ACTIVE
PL-STD,Standard Commercial Price List,Standard,INR,VAR-0262,52800.00,1,2026-01-01,2026-12-31,ACTIVE
PL-STD,Standard Commercial Price List,Standard,INR,VAR-0263,76800.00,1,2026-01-01,2026-12-31,ACTIVE
PL-STD,Standard Commercial Price List,Standard,INR,VAR-0264,12960.00,1,2026-01-01,2026-12-31,ACTIVE
PL-STD,Standard Commercial Price List,Standard,INR,VAR-0265,31200.00,1,2026-01-01,2026-12-31,ACTIVE
PL-STD,Standard Commercial Price List,Standard,INR,VAR-0266,58800.00,1,2026-01-01,2026-12-31,ACTIVE
PL-STD,Standard Commercial Price List,Standard,INR,VAR-0267,69600.00,1,2026-01-01,2026-12-31,ACTIVE
PL-STD,Standard Commercial Price List,Standard,INR,VAR-0268,40800.00,1,2026-01-01,2026-12-31,ACTIVE
PL-STD,Standard Commercial Price List,Standard,INR,VAR-0269,81600.00,1,2026-01-01,2026-12-31,ACTIVE
PL-STD,Standard Commercial Price List,Standard,INR,VAR-0270,43200.00,1,2026-01-01,2026-12-31,ACTIVE
PL-STD,Standard Commercial Price List,Standard,INR,VAR-0271,134400.00,1,2026-01-01,2026-12-31,ACTIVE
PL-STD,Standard Commercial Price List,Standard,INR,VAR-0272,46800.00,1,2026-01-01,2026-12-31,ACTIVE
PL-STD,Standard Commercial Price List,Standard,INR,VAR-0273,67200.00,1,2026-01-01,2026-12-31,ACTIVE
PL-STD,Standard Commercial Price List,Standard,INR,VAR-0274,23400.00,1,2026-01-01,2026-12-31,ACTIVE
PL-STD,Standard Commercial Price List,Standard,INR,VAR-0275,25200.00,1,2026-01-01,2026-12-31,ACTIVE
PL-STD,Standard Commercial Price List,Standard,INR,VAR-0276,91200.00,1,2026-01-01,2026-12-31,ACTIVE
PL-STD,Standard Commercial Price List,Standard,INR,VAR-0277,19800.00,1,2026-01-01,2026-12-31,ACTIVE
PL-STD,Standard Commercial Price List,Standard,INR,VAR-0278,50400.00,1,2026-01-01,2026-12-31,ACTIVE
PL-STD,Standard Commercial Price List,Standard,INR,VAR-0279,86400.00,1,2026-01-01,2026-12-31,ACTIVE
PL-STD,Standard Commercial Price List,Standard,INR,VAR-0280,117600.00,1,2026-01-01,2026-12-31,ACTIVE
PL-STD,Standard Commercial Price List,Standard,INR,VAR-0281,210000.00,1,2026-01-01,2026-12-31,ACTIVE
PL-STD,Standard Commercial Price List,Standard,INR,VAR-0282,258000.00,1,2026-01-01,2026-12-31,ACTIVE
PL-STD,Standard Commercial Price List,Standard,INR,VAR-0283,432000.00,1,2026-01-01,2026-12-31,ACTIVE
PL-STD,Standard Commercial Price List,Standard,INR,VAR-0284,57600.00,1,2026-01-01,2026-12-31,ACTIVE
PL-STD,Standard Commercial Price List,Standard,INR,VAR-0285,112800.00,1,2026-01-01,2026-12-31,ACTIVE
PL-STD,Standard Commercial Price List,Standard,INR,VAR-0286,222000.00,1,2026-01-01,2026-12-31,ACTIVE
PL-STD,Standard Commercial Price List,Standard,INR,VAR-0287,456000.00,1,2026-01-01,2026-12-31,ACTIVE
PL-STD,Standard Commercial Price List,Standard,INR,VAR-0288,46800.00,1,2026-01-01,2026-12-31,ACTIVE
PL-STD,Standard Commercial Price List,Standard,INR,VAR-0289,81600.00,1,2026-01-01,2026-12-31,ACTIVE
PL-STD,Standard Commercial Price List,Standard,INR,VAR-0290,110400.00,1,2026-01-01,2026-12-31,ACTIVE
PL-STD,Standard Commercial Price List,Standard,INR,VAR-0291,201600.00,1,2026-01-01,2026-12-31,ACTIVE
PL-STD,Standard Commercial Price List,Standard,INR,VAR-0292,414000.00,1,2026-01-01,2026-12-31,ACTIVE
PL-STD,Standard Commercial Price List,Standard,INR,VAR-0293,31200.00,1,2026-01-01,2026-12-31,ACTIVE
PL-STD,Standard Commercial Price List,Standard,INR,VAR-0294,57600.00,1,2026-01-01,2026-12-31,ACTIVE
PL-STD,Standard Commercial Price List,Standard,INR,VAR-0295,38400.00,1,2026-01-01,2026-12-31,ACTIVE
PL-STD,Standard Commercial Price List,Standard,INR,VAR-0296,34800.00,1,2026-01-01,2026-12-31,ACTIVE
PL-STD,Standard Commercial Price List,Standard,INR,VAR-0297,16800.00,1,2026-01-01,2026-12-31,ACTIVE
PL-STD,Standard Commercial Price List,Standard,INR,VAR-0298,129900.00,1,2026-01-01,2026-12-31,ACTIVE
PL-STD,Standard Commercial Price List,Standard,INR,VAR-0299,129900.00,1,2026-01-01,2026-12-31,ACTIVE
PL-STD,Standard Commercial Price List,Standard,INR,VAR-0300,164900.00,1,2026-01-01,2026-12-31,ACTIVE
PL-STD,Standard Commercial Price List,Standard,INR,VAR-0301,79900.00,1,2026-01-01,2026-12-31,ACTIVE
PL-STD,Standard Commercial Price List,Standard,INR,VAR-0302,69900.00,1,2026-01-01,2026-12-31,ACTIVE
PL-STD,Standard Commercial Price List,Standard,INR,VAR-0303,129999.00,1,2026-01-01,2026-12-31,ACTIVE
PL-STD,Standard Commercial Price List,Standard,INR,VAR-0304,143999.00,1,2026-01-01,2026-12-31,ACTIVE
PL-STD,Standard Commercial Price List,Standard,INR,VAR-0305,79999.00,1,2026-01-01,2026-12-31,ACTIVE
PL-STD,Standard Commercial Price List,Standard,INR,VAR-0306,164999.00,1,2026-01-01,2026-12-31,ACTIVE
PL-STD,Standard Commercial Price List,Standard,INR,VAR-0307,39999.00,1,2026-01-01,2026-12-31,ACTIVE
PL-STD,Standard Commercial Price List,Standard,INR,VAR-0308,106999.00,1,2026-01-01,2026-12-31,ACTIVE
PL-STD,Standard Commercial Price List,Standard,INR,VAR-0309,75999.00,1,2026-01-01,2026-12-31,ACTIVE
PL-STD,Standard Commercial Price List,Standard,INR,VAR-0310,64999.00,1,2026-01-01,2026-12-31,ACTIVE
PL-STD,Standard Commercial Price List,Standard,INR,VAR-0311,45999.00,1,2026-01-01,2026-12-31,ACTIVE
PL-STD,Standard Commercial Price List,Standard,INR,VAR-0312,53999.00,1,2026-01-01,2026-12-31,ACTIVE
PL-STD,Standard Commercial Price List,Standard,INR,VAR-0313,37999.00,1,2026-01-01,2026-12-31,ACTIVE
PL-STD,Standard Commercial Price List,Standard,INR,VAR-0314,119900.00,1,2026-01-01,2026-12-31,ACTIVE
PL-STD,Standard Commercial Price List,Standard,INR,VAR-0315,58999.00,1,2026-01-01,2026-12-31,ACTIVE
PL-STD,Standard Commercial Price List,Standard,INR,VAR-0316,99999.00,1,2026-01-01,2026-12-31,ACTIVE
PL-STD,Standard Commercial Price List,Standard,INR,VAR-0317,99999.00,1,2026-01-01,2026-12-31,ACTIVE
PL-STD,Standard Commercial Price List,Standard,INR,VAR-0318,51999.00,1,2026-01-01,2026-12-31,ACTIVE
PL-STD,Standard Commercial Price List,Standard,INR,VAR-0319,169900.00,1,2026-01-01,2026-12-31,ACTIVE
PL-STD,Standard Commercial Price List,Standard,INR,VAR-0320,39900.00,1,2026-01-01,2026-12-31,ACTIVE
PL-STD,Standard Commercial Price List,Standard,INR,VAR-0321,59900.00,1,2026-01-01,2026-12-31,ACTIVE
PL-STD,Standard Commercial Price List,Standard,INR,VAR-0322,79900.00,1,2026-01-01,2026-12-31,ACTIVE
PL-STD,Standard Commercial Price List,Standard,INR,VAR-0323,99900.00,1,2026-01-01,2026-12-31,ACTIVE
PL-STD,Standard Commercial Price List,Standard,INR,VAR-0324,129900.00,1,2026-01-01,2026-12-31,ACTIVE
PL-STD,Standard Commercial Price List,Standard,INR,VAR-0325,72999.00,1,2026-01-01,2026-12-31,ACTIVE
PL-STD,Standard Commercial Price List,Standard,INR,VAR-0326,90999.00,1,2026-01-01,2026-12-31,ACTIVE
PL-STD,Standard Commercial Price List,Standard,INR,VAR-0327,108999.00,1,2026-01-01,2026-12-31,ACTIVE
PL-STD,Standard Commercial Price List,Standard,INR,VAR-0328,44999.00,1,2026-01-01,2026-12-31,ACTIVE
PL-STD,Standard Commercial Price List,Standard,INR,VAR-0329,62999.00,1,2026-01-01,2026-12-31,ACTIVE
PL-STD,Standard Commercial Price List,Standard,INR,VAR-0330,105999.00,1,2026-01-01,2026-12-31,ACTIVE
PL-STD,Standard Commercial Price List,Standard,INR,VAR-0331,149999.00,1,2026-01-01,2026-12-31,ACTIVE
PL-STD,Standard Commercial Price List,Standard,INR,VAR-0332,57600.00,1,2026-01-01,2026-12-31,ACTIVE
PL-STD,Standard Commercial Price List,Standard,INR,VAR-0333,105600.00,1,2026-01-01,2026-12-31,ACTIVE
PL-STD,Standard Commercial Price List,Standard,INR,VAR-0334,86400.00,1,2026-01-01,2026-12-31,ACTIVE
PL-STD,Standard Commercial Price List,Standard,INR,VAR-0335,150000.00,1,2026-01-01,2026-12-31,ACTIVE
PL-STD,Standard Commercial Price List,Standard,INR,VAR-0336,162000.00,1,2026-01-01,2026-12-31,ACTIVE
PL-STD,Standard Commercial Price List,Standard,INR,VAR-0337,234000.00,1,2026-01-01,2026-12-31,ACTIVE
PL-STD,Standard Commercial Price List,Standard,INR,VAR-0338,50400.00,1,2026-01-01,2026-12-31,ACTIVE
PL-STD,Standard Commercial Price List,Standard,INR,VAR-0339,81600.00,1,2026-01-01,2026-12-31,ACTIVE
PL-STD,Standard Commercial Price List,Standard,INR,VAR-0340,64800.00,1,2026-01-01,2026-12-31,ACTIVE
PL-STD,Standard Commercial Price List,Standard,INR,VAR-0341,28800.00,1,2026-01-01,2026-12-31,ACTIVE
PL-STD,Standard Commercial Price List,Standard,INR,VAR-0342,288000.00,1,2026-01-01,2026-12-31,ACTIVE
PL-STD,Standard Commercial Price List,Standard,INR,VAR-0343,336000.00,1,2026-01-01,2026-12-31,ACTIVE
PL-STD,Standard Commercial Price List,Standard,INR,VAR-0344,234000.00,1,2026-01-01,2026-12-31,ACTIVE
PL-STD,Standard Commercial Price List,Standard,INR,VAR-0345,74400.00,1,2026-01-01,2026-12-31,ACTIVE
PL-STD,Standard Commercial Price List,Standard,INR,VAR-0346,86400.00,1,2026-01-01,2026-12-31,ACTIVE
PL-STD,Standard Commercial Price List,Standard,INR,VAR-0347,300000.00,1,2026-01-01,2026-12-31,ACTIVE
PL-STD,Standard Commercial Price List,Standard,INR,VAR-0348,456000.00,1,2026-01-01,2026-12-31,ACTIVE
PL-STD,Standard Commercial Price List,Standard,INR,VAR-0349,69600.00,1,2026-01-01,2026-12-31,ACTIVE
PL-STD,Standard Commercial Price List,Standard,INR,VAR-0350,354000.00,1,2026-01-01,2026-12-31,ACTIVE
PL-STD,Standard Commercial Price List,Standard,INR,VAR-0351,816000.00,1,2026-01-01,2026-12-31,ACTIVE
PL-STD,Standard Commercial Price List,Standard,INR,VAR-0352,17400.00,1,2026-01-01,2026-12-31,ACTIVE
PL-STD,Standard Commercial Price List,Standard,INR,VAR-0353,27000.00,1,2026-01-01,2026-12-31,ACTIVE
PL-STD,Standard Commercial Price List,Standard,INR,VAR-0354,22200.00,1,2026-01-01,2026-12-31,ACTIVE
PL-STD,Standard Commercial Price List,Standard,INR,VAR-0355,25200.00,1,2026-01-01,2026-12-31,ACTIVE
PL-STD,Standard Commercial Price List,Standard,INR,VAR-0356,16200.00,1,2026-01-01,2026-12-31,ACTIVE
PL-STD,Standard Commercial Price List,Standard,INR,VAR-0357,23400.00,1,2026-01-01,2026-12-31,ACTIVE
PL-STD,Standard Commercial Price List,Standard,INR,VAR-0358,7800.00,1,2026-01-01,2026-12-31,ACTIVE
PL-STD,Standard Commercial Price List,Standard,INR,VAR-0359,13200.00,1,2026-01-01,2026-12-31,ACTIVE
PL-STD,Standard Commercial Price List,Standard,INR,VAR-0360,9000.00,1,2026-01-01,2026-12-31,ACTIVE
PL-STD,Standard Commercial Price List,Standard,INR,VAR-0361,10560.00,1,2026-01-01,2026-12-31,ACTIVE
PL-STD,Standard Commercial Price List,Standard,INR,VAR-0362,3360.00,1,2026-01-01,2026-12-31,ACTIVE
PL-STD,Standard Commercial Price List,Standard,INR,VAR-0363,18600.00,1,2026-01-01,2026-12-31,ACTIVE
PL-STD,Standard Commercial Price List,Standard,INR,VAR-0364,28800.00,1,2026-01-01,2026-12-31,ACTIVE
PL-STD,Standard Commercial Price List,Standard,INR,VAR-0365,40800.00,1,2026-01-01,2026-12-31,ACTIVE
PL-STD,Standard Commercial Price List,Standard,INR,VAR-0366,21600.00,1,2026-01-01,2026-12-31,ACTIVE
PL-STD,Standard Commercial Price List,Standard,INR,VAR-0367,19800.00,1,2026-01-01,2026-12-31,ACTIVE
PL-STD,Standard Commercial Price List,Standard,INR,VAR-0368,3840.00,1,2026-01-01,2026-12-31,ACTIVE
PL-STD,Standard Commercial Price List,Standard,INR,VAR-0369,3480.00,1,2026-01-01,2026-12-31,ACTIVE
PL-STD,Standard Commercial Price List,Standard,INR,VAR-0370,4320.00,1,2026-01-01,2026-12-31,ACTIVE
PL-STD,Standard Commercial Price List,Standard,INR,VAR-0371,2880.00,1,2026-01-01,2026-12-31,ACTIVE
PL-STD,Standard Commercial Price List,Standard,INR,VAR-0372,108580.00,1,2026-01-01,2026-12-31,ACTIVE
PL-STD,Standard Commercial Price List,Standard,INR,VAR-0373,225700.00,1,2026-01-01,2026-12-31,ACTIVE
PL-STD,Standard Commercial Price List,Standard,INR,VAR-0374,256200.00,1,2026-01-01,2026-12-31,ACTIVE
PL-STD,Standard Commercial Price List,Standard,INR,VAR-0375,329400.00,1,2026-01-01,2026-12-31,ACTIVE
PL-STD,Standard Commercial Price List,Standard,INR,VAR-0376,213500.00,1,2026-01-01,2026-12-31,ACTIVE
PL-STD,Standard Commercial Price List,Standard,INR,VAR-0377,246440.00,1,2026-01-01,2026-12-31,ACTIVE
PL-STD,Standard Commercial Price List,Standard,INR,VAR-0378,222040.00,1,2026-01-01,2026-12-31,ACTIVE
PL-STD,Standard Commercial Price List,Standard,INR,VAR-0379,153720.00,1,2026-01-01,2026-12-31,ACTIVE
PL-STD,Standard Commercial Price List,Standard,INR,VAR-0380,351360.00,1,2026-01-01,2026-12-31,ACTIVE
PL-STD,Standard Commercial Price List,Standard,INR,VAR-0381,103700.00,1,2026-01-01,2026-12-31,ACTIVE
PL-STD,Standard Commercial Price List,Standard,INR,VAR-0382,173240.00,1,2026-01-01,2026-12-31,ACTIVE
PL-STD,Standard Commercial Price List,Standard,INR,VAR-0383,183000.00,1,2026-01-01,2026-12-31,ACTIVE
PL-STD,Standard Commercial Price List,Standard,INR,VAR-0384,234240.00,1,2026-01-01,2026-12-31,ACTIVE
PL-STD,Standard Commercial Price List,Standard,INR,VAR-0385,241560.00,1,2026-01-01,2026-12-31,ACTIVE
PL-STD,Standard Commercial Price List,Standard,INR,VAR-0386,176778.00,1,2026-01-01,2026-12-31,ACTIVE
PL-STD,Standard Commercial Price List,Standard,INR,VAR-0387,192760.00,1,2026-01-01,2026-12-31,ACTIVE
PL-STD,Standard Commercial Price List,Standard,INR,VAR-0388,139080.00,1,2026-01-01,2026-12-31,ACTIVE
PL-STD,Standard Commercial Price List,Standard,INR,VAR-0389,95160.00,1,2026-01-01,2026-12-31,ACTIVE
PL-STD,Standard Commercial Price List,Standard,INR,VAR-0390,111020.00,1,2026-01-01,2026-12-31,ACTIVE
PL-STD,Standard Commercial Price List,Standard,INR,VAR-0391,137860.00,1,2026-01-01,2026-12-31,ACTIVE
PL-STD,Standard Commercial Price List,Standard,INR,VAR-0392,158600.00,1,2026-01-01,2026-12-31,ACTIVE
PL-STD,Standard Commercial Price List,Standard,INR,VAR-0393,75640.00,1,2026-01-01,2026-12-31,ACTIVE
PL-STD,Standard Commercial Price List,Standard,INR,VAR-0394,81740.00,1,2026-01-01,2026-12-31,ACTIVE
PL-STD,Standard Commercial Price List,Standard,INR,VAR-0395,90280.00,1,2026-01-01,2026-12-31,ACTIVE
PL-STD,Standard Commercial Price List,Standard,INR,VAR-0396,119560.00,1,2026-01-01,2026-12-31,ACTIVE
PL-STD,Standard Commercial Price List,Standard,INR,VAR-0397,163480.00,1,2026-01-01,2026-12-31,ACTIVE
PL-STD,Standard Commercial Price List,Standard,INR,VAR-0398,183000.00,1,2026-01-01,2026-12-31,ACTIVE
PL-STD,Standard Commercial Price List,Standard,INR,VAR-0399,114680.00,1,2026-01-01,2026-12-31,ACTIVE
PL-STD,Standard Commercial Price List,Standard,INR,VAR-0400,79300.00,1,2026-01-01,2026-12-31,ACTIVE
PL-STD,Standard Commercial Price List,Standard,INR,VAR-0401,85400.00,1,2026-01-01,2026-12-31,ACTIVE
PL-STD,Standard Commercial Price List,Standard,INR,VAR-0402,286700.00,1,2026-01-01,2026-12-31,ACTIVE
PL-STD,Standard Commercial Price List,Standard,INR,VAR-0403,380640.00,1,2026-01-01,2026-12-31,ACTIVE
PL-STD,Standard Commercial Price List,Standard,INR,VAR-0404,207278.00,1,2026-01-01,2026-12-31,ACTIVE
PL-STD,Standard Commercial Price List,Standard,INR,VAR-0405,128100.00,1,2026-01-01,2026-12-31,ACTIVE
PL-STD,Standard Commercial Price List,Standard,INR,VAR-0406,168360.00,1,2026-01-01,2026-12-31,ACTIVE
PL-STD,Standard Commercial Price List,Standard,INR,VAR-0407,84180.00,1,2026-01-01,2026-12-31,ACTIVE
PL-STD,Standard Commercial Price List,Standard,INR,VAR-0408,158598.78,1,2026-01-01,2026-12-31,ACTIVE
PL-STD,Standard Commercial Price List,Standard,INR,VAR-0409,198858.78,1,2026-01-01,2026-12-31,ACTIVE
PL-STD,Standard Commercial Price List,Standard,INR,VAR-0410,272058.78,1,2026-01-01,2026-12-31,ACTIVE
PL-STD,Standard Commercial Price List,Standard,INR,VAR-0411,70760.00,1,2026-01-01,2026-12-31,ACTIVE
PL-STD,Standard Commercial Price List,Standard,INR,VAR-0412,74420.00,1,2026-01-01,2026-12-31,ACTIVE
PL-STD,Standard Commercial Price List,Standard,INR,VAR-0413,56120.00,1,2026-01-01,2026-12-31,ACTIVE
PL-STD,Standard Commercial Price List,Standard,INR,VAR-0414,57340.00,1,2026-01-01,2026-12-31,ACTIVE
PL-STD,Standard Commercial Price List,Standard,INR,VAR-0415,143960.00,1,2026-01-01,2026-12-31,ACTIVE
PL-STD,Standard Commercial Price List,Standard,INR,VAR-0416,307440.00,1,2026-01-01,2026-12-31,ACTIVE
PL-STD,Standard Commercial Price List,Standard,INR,VAR-0417,101260.00,1,2026-01-01,2026-12-31,ACTIVE
PL-STD,Standard Commercial Price List,Standard,INR,VAR-0418,119560.00,1,2026-01-01,2026-12-31,ACTIVE
PL-STD,Standard Commercial Price List,Standard,INR,VAR-0419,70760.00,1,2026-01-01,2026-12-31,ACTIVE
PL-STD,Standard Commercial Price List,Standard,INR,VAR-0420,75640.00,1,2026-01-01,2026-12-31,ACTIVE
PL-STD,Standard Commercial Price List,Standard,INR,VAR-0421,81740.00,1,2026-01-01,2026-12-31,ACTIVE
PL-STD,Standard Commercial Price List,Standard,INR,VAR-0422,100040.00,1,2026-01-01,2026-12-31,ACTIVE
PL-STD,Standard Commercial Price List,Standard,INR,VAR-0423,91500.00,1,2026-01-01,2026-12-31,ACTIVE
PL-STD,Standard Commercial Price List,Standard,INR,VAR-0424,67100.00,1,2026-01-01,2026-12-31,ACTIVE
PL-STD,Standard Commercial Price List,Standard,INR,VAR-0425,79300.00,1,2026-01-01,2026-12-31,ACTIVE
PL-STD,Standard Commercial Price List,Standard,INR,VAR-0426,95160.00,1,2026-01-01,2026-12-31,ACTIVE
PL-STD,Standard Commercial Price List,Standard,INR,VAR-0427,61000.00,1,2026-01-01,2026-12-31,ACTIVE
PL-STD,Standard Commercial Price List,Standard,INR,VAR-0428,93940.00,1,2026-01-01,2026-12-31,ACTIVE
PL-STD,Standard Commercial Price List,Standard,INR,VAR-0429,65880.00,1,2026-01-01,2026-12-31,ACTIVE
PL-STD,Standard Commercial Price List,Standard,INR,VAR-0430,85400.00,1,2026-01-01,2026-12-31,ACTIVE
PL-STD,Standard Commercial Price List,Standard,INR,VAR-0431,91500.00,1,2026-01-01,2026-12-31,ACTIVE
PL-STD,Standard Commercial Price List,Standard,INR,VAR-0432,96380.00,1,2026-01-01,2026-12-31,ACTIVE
PL-STD,Standard Commercial Price List,Standard,INR,VAR-0433,143960.00,1,2026-01-01,2026-12-31,ACTIVE
PL-STD,Standard Commercial Price List,Standard,INR,VAR-0434,73078.00,1,2026-01-01,2026-12-31,ACTIVE
PL-STD,Standard Commercial Price List,Standard,INR,VAR-0435,158478.00,1,2026-01-01,2026-12-31,ACTIVE
PL-STD,Standard Commercial Price List,Standard,INR,VAR-0436,256078.00,1,2026-01-01,2026-12-31,ACTIVE
PL-STD,Standard Commercial Price List,Standard,INR,VAR-0437,506178.00,1,2026-01-01,2026-12-31,ACTIVE
PL-STD,Standard Commercial Price List,Standard,INR,VAR-0438,164578.00,1,2026-01-01,2026-12-31,ACTIVE
PL-STD,Standard Commercial Price List,Standard,INR,VAR-0439,64660.00,1,2026-01-01,2026-12-31,ACTIVE
PL-STD,Standard Commercial Price List,Standard,INR,VAR-0440,86620.00,1,2026-01-01,2026-12-31,ACTIVE
PL-STD,Standard Commercial Price List,Standard,INR,VAR-0441,59780.00,1,2026-01-01,2026-12-31,ACTIVE
PL-STD,Standard Commercial Price List,Standard,INR,VAR-0442,57340.00,1,2026-01-01,2026-12-31,ACTIVE
PL-STD,Standard Commercial Price List,Standard,INR,VAR-0443,47580.00,1,2026-01-01,2026-12-31,ACTIVE
PL-STD,Standard Commercial Price List,Standard,INR,VAR-0444,50020.00,1,2026-01-01,2026-12-31,ACTIVE
PL-STD,Standard Commercial Price List,Standard,INR,VAR-0445,70760.00,1,2026-01-01,2026-12-31,ACTIVE
PL-STD,Standard Commercial Price List,Standard,INR,VAR-0446,68320.00,1,2026-01-01,2026-12-31,ACTIVE
PL-STD,Standard Commercial Price List,Standard,INR,VAR-0447,100040.00,1,2026-01-01,2026-12-31,ACTIVE
PL-STD,Standard Commercial Price List,Standard,INR,VAR-0448,82960.00,1,2026-01-01,2026-12-31,ACTIVE
PL-STD,Standard Commercial Price List,Standard,INR,VAR-0449,75640.00,1,2026-01-01,2026-12-31,ACTIVE
PL-STD,Standard Commercial Price List,Standard,INR,VAR-0450,89060.00,1,2026-01-01,2026-12-31,ACTIVE
PL-STD,Standard Commercial Price List,Standard,INR,VAR-0451,67100.00,1,2026-01-01,2026-12-31,ACTIVE
PL-STD,Standard Commercial Price List,Standard,INR,VAR-0452,128100.00,1,2026-01-01,2026-12-31,ACTIVE
PL-STD,Standard Commercial Price List,Standard,INR,VAR-0453,62220.00,1,2026-01-01,2026-12-31,ACTIVE
PL-STD,Standard Commercial Price List,Standard,INR,VAR-0454,159300.00,1,2026-01-01,2026-12-31,ACTIVE
PL-STD,Standard Commercial Price List,Standard,INR,VAR-0455,267300.00,1,2026-01-01,2026-12-31,ACTIVE
PL-STD,Standard Commercial Price List,Standard,INR,VAR-0456,453600.00,1,2026-01-01,2026-12-31,ACTIVE
PL-STD,Standard Commercial Price List,Standard,INR,VAR-0457,143100.00,1,2026-01-01,2026-12-31,ACTIVE
PL-STD,Standard Commercial Price List,Standard,INR,VAR-0458,550800.00,1,2026-01-01,2026-12-31,ACTIVE
PL-STD,Standard Commercial Price List,Standard,INR,VAR-0459,133650.00,1,2026-01-01,2026-12-31,ACTIVE
PL-STD,Standard Commercial Price List,Standard,INR,VAR-0460,170100.00,1,2026-01-01,2026-12-31,ACTIVE
PL-STD,Standard Commercial Price List,Standard,INR,VAR-0461,315900.00,1,2026-01-01,2026-12-31,ACTIVE
PL-STD,Standard Commercial Price List,Standard,INR,VAR-0462,469800.00,1,2026-01-01,2026-12-31,ACTIVE
PL-STD,Standard Commercial Price List,Standard,INR,VAR-0463,777600.00,1,2026-01-01,2026-12-31,ACTIVE
PL-STD,Standard Commercial Price List,Standard,INR,VAR-0464,139050.00,1,2026-01-01,2026-12-31,ACTIVE
PL-STD,Standard Commercial Price List,Standard,INR,VAR-0465,148500.00,1,2026-01-01,2026-12-31,ACTIVE
PL-STD,Standard Commercial Price List,Standard,INR,VAR-0466,178200.00,1,2026-01-01,2026-12-31,ACTIVE
PL-STD,Standard Commercial Price List,Standard,INR,VAR-0467,299700.00,1,2026-01-01,2026-12-31,ACTIVE
PL-STD,Standard Commercial Price List,Standard,INR,VAR-0468,518400.00,1,2026-01-01,2026-12-31,ACTIVE
PL-STD,Standard Commercial Price List,Standard,INR,VAR-0469,745200.00,1,2026-01-01,2026-12-31,ACTIVE
PL-STD,Standard Commercial Price List,Standard,INR,VAR-0470,985365.00,1,2026-01-01,2026-12-31,ACTIVE
PL-STD,Standard Commercial Price List,Standard,INR,VAR-0471,1052865.00,1,2026-01-01,2026-12-31,ACTIVE
PL-STD,Standard Commercial Price List,Standard,INR,VAR-0472,340200.00,1,2026-01-01,2026-12-31,ACTIVE
PL-STD,Standard Commercial Price List,Standard,INR,VAR-0473,234900.00,1,2026-01-01,2026-12-31,ACTIVE
PL-STD,Standard Commercial Price List,Standard,INR,VAR-0474,126900.00,1,2026-01-01,2026-12-31,ACTIVE
PL-STD,Standard Commercial Price List,Standard,INR,VAR-0475,120150.00,1,2026-01-01,2026-12-31,ACTIVE
PL-STD,Standard Commercial Price List,Standard,INR,VAR-0476,128250.00,1,2026-01-01,2026-12-31,ACTIVE
PL-STD,Standard Commercial Price List,Standard,INR,VAR-0477,364500.00,1,2026-01-01,2026-12-31,ACTIVE
PL-STD,Standard Commercial Price List,Standard,INR,VAR-0478,321300.00,1,2026-01-01,2026-12-31,ACTIVE
PL-STD,Standard Commercial Price List,Standard,INR,VAR-0479,218700.00,1,2026-01-01,2026-12-31,ACTIVE
PL-STD,Standard Commercial Price List,Standard,INR,VAR-0480,207900.00,1,2026-01-01,2026-12-31,ACTIVE
PL-STD,Standard Commercial Price List,Standard,INR,VAR-0481,155250.00,1,2026-01-01,2026-12-31,ACTIVE
PL-STD,Standard Commercial Price List,Standard,INR,VAR-0482,437400.00,1,2026-01-01,2026-12-31,ACTIVE
PL-STD,Standard Commercial Price List,Standard,INR,VAR-0483,186300.00,1,2026-01-01,2026-12-31,ACTIVE
PL-STD,Standard Commercial Price List,Standard,INR,VAR-0484,191400.00,1,2026-01-01,2026-12-31,ACTIVE
PL-STD,Standard Commercial Price List,Standard,INR,VAR-0485,252300.00,1,2026-01-01,2026-12-31,ACTIVE
PL-STD,Standard Commercial Price List,Standard,INR,VAR-0486,339300.00,1,2026-01-01,2026-12-31,ACTIVE
PL-STD,Standard Commercial Price List,Standard,INR,VAR-0487,417600.00,1,2026-01-01,2026-12-31,ACTIVE
PL-STD,Standard Commercial Price List,Standard,INR,VAR-0488,556800.00,1,2026-01-01,2026-12-31,ACTIVE
PL-STD,Standard Commercial Price List,Standard,INR,VAR-0489,730800.00,1,2026-01-01,2026-12-31,ACTIVE
PL-STD,Standard Commercial Price List,Standard,INR,VAR-0490,626400.00,1,2026-01-01,2026-12-31,ACTIVE
PL-STD,Standard Commercial Price List,Standard,INR,VAR-0491,1252800.00,1,2026-01-01,2026-12-31,ACTIVE
PL-STD,Standard Commercial Price List,Standard,INR,VAR-0492,1705200.00,1,2026-01-01,2026-12-31,ACTIVE
PL-STD,Standard Commercial Price List,Standard,INR,VAR-0493,205900.00,1,2026-01-01,2026-12-31,ACTIVE
PL-STD,Standard Commercial Price List,Standard,INR,VAR-0494,313200.00,1,2026-01-01,2026-12-31,ACTIVE
PL-STD,Standard Commercial Price List,Standard,INR,VAR-0495,574200.00,1,2026-01-01,2026-12-31,ACTIVE
PL-STD,Standard Commercial Price List,Standard,INR,VAR-0496,756900.00,1,2026-01-01,2026-12-31,ACTIVE
PL-STD,Standard Commercial Price List,Standard,INR,VAR-0497,783000.00,1,2026-01-01,2026-12-31,ACTIVE
PL-STD,Standard Commercial Price List,Standard,INR,VAR-0498,504600.00,1,2026-01-01,2026-12-31,ACTIVE
PL-STD,Standard Commercial Price List,Standard,INR,VAR-0499,1357200.00,1,2026-01-01,2026-12-31,ACTIVE
PL-STD,Standard Commercial Price List,Standard,INR,VAR-0500,195750.00,1,2026-01-01,2026-12-31,ACTIVE
PL-STD,Standard Commercial Price List,Standard,INR,VAR-0501,548100.00,1,2026-01-01,2026-12-31,ACTIVE
PL-STD,Standard Commercial Price List,Standard,INR,VAR-0502,713400.00,1,2026-01-01,2026-12-31,ACTIVE
PL-STD,Standard Commercial Price List,Standard,INR,VAR-0503,591600.00,1,2026-01-01,2026-12-31,ACTIVE
PL-STD,Standard Commercial Price List,Standard,INR,VAR-0504,1287600.00,1,2026-01-01,2026-12-31,ACTIVE
PL-STD,Standard Commercial Price List,Standard,INR,VAR-0505,400200.00,1,2026-01-01,2026-12-31,ACTIVE
PL-STD,Standard Commercial Price List,Standard,INR,VAR-0506,600300.00,1,2026-01-01,2026-12-31,ACTIVE
PL-STD,Standard Commercial Price List,Standard,INR,VAR-0507,774300.00,1,2026-01-01,2026-12-31,ACTIVE
PL-STD,Standard Commercial Price List,Standard,INR,VAR-0508,143550.00,1,2026-01-01,2026-12-31,ACTIVE
PL-STD,Standard Commercial Price List,Standard,INR,VAR-0509,217500.00,1,2026-01-01,2026-12-31,ACTIVE
PL-STD,Standard Commercial Price List,Standard,INR,VAR-0510,452400.00,1,2026-01-01,2026-12-31,ACTIVE
PL-STD,Standard Commercial Price List,Standard,INR,VAR-0511,234900.00,1,2026-01-01,2026-12-31,ACTIVE
PL-STD,Standard Commercial Price List,Standard,INR,VAR-0512,609000.00,1,2026-01-01,2026-12-31,ACTIVE
PL-STD,Standard Commercial Price List,Standard,INR,VAR-0513,800400.00,1,2026-01-01,2026-12-31,ACTIVE
PL-STD,Standard Commercial Price List,Standard,INR,VAR-0514,487200.00,1,2026-01-01,2026-12-31,ACTIVE
PL-STD,Standard Commercial Price List,Standard,INR,VAR-0515,817800.00,1,2026-01-01,2026-12-31,ACTIVE
PL-STD,Standard Commercial Price List,Standard,INR,VAR-0516,1646400.00,1,2026-01-01,2026-12-31,ACTIVE
PL-STD,Standard Commercial Price List,Standard,INR,VAR-0517,2772000.00,1,2026-01-01,2026-12-31,ACTIVE
PL-STD,Standard Commercial Price List,Standard,INR,VAR-0518,4116000.00,1,2026-01-01,2026-12-31,ACTIVE
PL-STD,Standard Commercial Price List,Standard,INR,VAR-0519,873600.00,1,2026-01-01,2026-12-31,ACTIVE
PL-STD,Standard Commercial Price List,Standard,INR,VAR-0520,1579200.00,1,2026-01-01,2026-12-31,ACTIVE
PL-STD,Standard Commercial Price List,Standard,INR,VAR-0521,806400.00,1,2026-01-01,2026-12-31,ACTIVE
PL-STD,Standard Commercial Price List,Standard,INR,VAR-0522,3108000.00,1,2026-01-01,2026-12-31,ACTIVE
PL-STD,Standard Commercial Price List,Standard,INR,VAR-0523,2436000.00,1,2026-01-01,2026-12-31,ACTIVE
PL-STD,Standard Commercial Price List,Standard,INR,VAR-0524,3696000.00,1,2026-01-01,2026-12-31,ACTIVE
PL-STD,Standard Commercial Price List,Standard,INR,VAR-0525,1495200.00,1,2026-01-01,2026-12-31,ACTIVE
PL-STD,Standard Commercial Price List,Standard,INR,VAR-0526,705600.00,1,2026-01-01,2026-12-31,ACTIVE
PL-STD,Standard Commercial Price List,Standard,INR,VAR-0527,277200.00,1,2026-01-01,2026-12-31,ACTIVE
PL-STD,Standard Commercial Price List,Standard,INR,VAR-0528,495600.00,1,2026-01-01,2026-12-31,ACTIVE
PL-STD,Standard Commercial Price List,Standard,INR,VAR-0529,739200.00,1,2026-01-01,2026-12-31,ACTIVE
PL-STD,Standard Commercial Price List,Standard,INR,VAR-0530,148400.00,1,2026-01-01,2026-12-31,ACTIVE
PL-STD,Standard Commercial Price List,Standard,INR,VAR-0531,394800.00,1,2026-01-01,2026-12-31,ACTIVE
PL-STD,Standard Commercial Price List,Standard,INR,VAR-0532,638400.00,1,2026-01-01,2026-12-31,ACTIVE
PL-STD,Standard Commercial Price List,Standard,INR,VAR-0533,487200.00,1,2026-01-01,2026-12-31,ACTIVE
PL-STD,Standard Commercial Price List,Standard,INR,VAR-0534,158200.00,1,2026-01-01,2026-12-31,ACTIVE
PL-STD,Standard Commercial Price List,Standard,INR,VAR-0535,1209600.00,1,2026-01-01,2026-12-31,ACTIVE
PL-STD,Standard Commercial Price List,Standard,INR,VAR-0536,1932000.00,1,2026-01-01,2026-12-31,ACTIVE
PL-STD,Standard Commercial Price List,Standard,INR,VAR-0537,327600.00,1,2026-01-01,2026-12-31,ACTIVE
PL-STD,Standard Commercial Price List,Standard,INR,VAR-0538,154000.00,1,2026-01-01,2026-12-31,ACTIVE
PL-STD,Standard Commercial Price List,Standard,INR,VAR-0539,243600.00,1,2026-01-01,2026-12-31,ACTIVE
PL-STD,Standard Commercial Price List,Standard,INR,VAR-0540,187600.00,1,2026-01-01,2026-12-31,ACTIVE
PL-STD,Standard Commercial Price List,Standard,INR,VAR-0541,180000.00,1,2026-01-01,2026-12-31,ACTIVE
PL-STD,Standard Commercial Price List,Standard,INR,VAR-0542,266400.00,1,2026-01-01,2026-12-31,ACTIVE
PL-STD,Standard Commercial Price List,Standard,INR,VAR-0543,345600.00,1,2026-01-01,2026-12-31,ACTIVE
PL-STD,Standard Commercial Price List,Standard,INR,VAR-0544,460800.00,1,2026-01-01,2026-12-31,ACTIVE
PL-STD,Standard Commercial Price List,Standard,INR,VAR-0545,979200.00,1,2026-01-01,2026-12-31,ACTIVE
PL-STD,Standard Commercial Price List,Standard,INR,VAR-0546,1368000.00,1,2026-01-01,2026-12-31,ACTIVE
PL-STD,Standard Commercial Price List,Standard,INR,VAR-0547,158400.00,1,2026-01-01,2026-12-31,ACTIVE
PL-STD,Standard Commercial Price List,Standard,INR,VAR-0548,252000.00,1,2026-01-01,2026-12-31,ACTIVE
PL-STD,Standard Commercial Price List,Standard,INR,VAR-0549,424800.00,1,2026-01-01,2026-12-31,ACTIVE
PL-STD,Standard Commercial Price List,Standard,INR,VAR-0550,112800.00,1,2026-01-01,2026-12-31,ACTIVE
PL-STD,Standard Commercial Price List,Standard,INR,VAR-0551,165600.00,1,2026-01-01,2026-12-31,ACTIVE
PL-STD,Standard Commercial Price List,Standard,INR,VAR-0552,256800.00,1,2026-01-01,2026-12-31,ACTIVE
PL-STD,Standard Commercial Price List,Standard,INR,VAR-0553,410400.00,1,2026-01-01,2026-12-31,ACTIVE
PL-STD,Standard Commercial Price List,Standard,INR,VAR-0554,561600.00,1,2026-01-01,2026-12-31,ACTIVE
PL-STD,Standard Commercial Price List,Standard,INR,VAR-0555,54720.00,1,2026-01-01,2026-12-31,ACTIVE
PL-STD,Standard Commercial Price List,Standard,INR,VAR-0556,83520.00,1,2026-01-01,2026-12-31,ACTIVE
PL-STD,Standard Commercial Price List,Standard,INR,VAR-0557,89280.00,1,2026-01-01,2026-12-31,ACTIVE
PL-STD,Standard Commercial Price List,Standard,INR,VAR-0558,60480.00,1,2026-01-01,2026-12-31,ACTIVE
PL-STD,Standard Commercial Price List,Standard,INR,VAR-0559,106560.00,1,2026-01-01,2026-12-31,ACTIVE
PL-STD,Standard Commercial Price List,Standard,INR,VAR-0560,89280.00,1,2026-01-01,2026-12-31,ACTIVE
PL-STD,Standard Commercial Price List,Standard,INR,VAR-0561,20160.00,1,2026-01-01,2026-12-31,ACTIVE
PL-STD,Standard Commercial Price List,Standard,INR,VAR-0562,37440.00,1,2026-01-01,2026-12-31,ACTIVE
PL-STD,Standard Commercial Price List,Standard,INR,VAR-0563,118080.00,1,2026-01-01,2026-12-31,ACTIVE
PL-STD,Standard Commercial Price List,Standard,INR,VAR-0564,237600.00,1,2026-01-01,2026-12-31,ACTIVE
PL-STD,Standard Commercial Price List,Standard,INR,VAR-0565,367200.00,1,2026-01-01,2026-12-31,ACTIVE
PL-STD,Standard Commercial Price List,Standard,INR,VAR-0566,83520.00,1,2026-01-01,2026-12-31,ACTIVE
PL-STD,Standard Commercial Price List,Standard,INR,VAR-0567,141120.00,1,2026-01-01,2026-12-31,ACTIVE
PL-STD,Standard Commercial Price List,Standard,INR,VAR-0568,280800.00,1,2026-01-01,2026-12-31,ACTIVE
PL-STD,Standard Commercial Price List,Standard,INR,VAR-0569,46080.00,1,2026-01-01,2026-12-31,ACTIVE
PL-STD,Standard Commercial Price List,Standard,INR,VAR-0570,63360.00,1,2026-01-01,2026-12-31,ACTIVE
PL-STD,Standard Commercial Price List,Standard,INR,VAR-0571,40320.00,1,2026-01-01,2026-12-31,ACTIVE
PL-STD,Standard Commercial Price List,Standard,INR,VAR-0572,23040.00,1,2026-01-01,2026-12-31,ACTIVE
PL-STD,Standard Commercial Price List,Standard,INR,VAR-0573,36000.00,1,2026-01-01,2026-12-31,ACTIVE
PL-STD,Standard Commercial Price List,Standard,INR,VAR-0574,136800.00,1,2026-01-01,2026-12-31,ACTIVE
PL-STD,Standard Commercial Price List,Standard,INR,VAR-0575,103680.00,1,2026-01-01,2026-12-31,ACTIVE
PL-STD,Standard Commercial Price List,Standard,INR,VAR-0576,70600.00,1,2026-01-01,2026-12-31,ACTIVE
PL-STD,Standard Commercial Price List,Standard,INR,VAR-0577,94600.00,1,2026-01-01,2026-12-31,ACTIVE
PL-STD,Standard Commercial Price List,Standard,INR,VAR-0578,118600.00,1,2026-01-01,2026-12-31,ACTIVE
PL-STD,Standard Commercial Price List,Standard,INR,VAR-0579,157000.00,1,2026-01-01,2026-12-31,ACTIVE
PL-STD,Standard Commercial Price List,Standard,INR,VAR-0580,259000.00,1,2026-01-01,2026-12-31,ACTIVE
PL-STD,Standard Commercial Price List,Standard,INR,VAR-0581,433000.00,1,2026-01-01,2026-12-31,ACTIVE
PL-STD,Standard Commercial Price List,Standard,INR,VAR-0582,805000.00,1,2026-01-01,2026-12-31,ACTIVE
PL-STD,Standard Commercial Price List,Standard,INR,VAR-0583,130600.00,1,2026-01-01,2026-12-31,ACTIVE
PL-STD,Standard Commercial Price List,Standard,INR,VAR-0584,199000.00,1,2026-01-01,2026-12-31,ACTIVE
PL-STD,Standard Commercial Price List,Standard,INR,VAR-0585,277000.00,1,2026-01-01,2026-12-31,ACTIVE
PL-STD,Standard Commercial Price List,Standard,INR,VAR-0586,361000.00,1,2026-01-01,2026-12-31,ACTIVE
PL-STD,Standard Commercial Price List,Standard,INR,VAR-0587,721000.00,1,2026-01-01,2026-12-31,ACTIVE
PL-STD,Standard Commercial Price List,Standard,INR,VAR-0588,1201000.00,1,2026-01-01,2026-12-31,ACTIVE
PL-STD,Standard Commercial Price List,Standard,INR,VAR-0589,82600.00,1,2026-01-01,2026-12-31,ACTIVE
PL-STD,Standard Commercial Price List,Standard,INR,VAR-0590,113800.00,1,2026-01-01,2026-12-31,ACTIVE
PL-STD,Standard Commercial Price List,Standard,INR,VAR-0591,217000.00,1,2026-01-01,2026-12-31,ACTIVE
PL-STD,Standard Commercial Price List,Standard,INR,VAR-0592,313000.00,1,2026-01-01,2026-12-31,ACTIVE
PL-STD,Standard Commercial Price List,Standard,INR,VAR-0593,481000.00,1,2026-01-01,2026-12-31,ACTIVE
PL-STD,Standard Commercial Price List,Standard,INR,VAR-0594,111400.00,1,2026-01-01,2026-12-31,ACTIVE
PL-STD,Standard Commercial Price List,Standard,INR,VAR-0595,175000.00,1,2026-01-01,2026-12-31,ACTIVE
PL-STD,Standard Commercial Price List,Standard,INR,VAR-0596,277000.00,1,2026-01-01,2026-12-31,ACTIVE
PL-STD,Standard Commercial Price List,Standard,INR,VAR-0597,106600.00,1,2026-01-01,2026-12-31,ACTIVE
PL-STD,Standard Commercial Price List,Standard,INR,VAR-0598,211000.00,1,2026-01-01,2026-12-31,ACTIVE
PL-STD,Standard Commercial Price List,Standard,INR,VAR-0599,409000.00,1,2026-01-01,2026-12-31,ACTIVE
PL-STD,Standard Commercial Price List,Standard,INR,VAR-0600,1129000.00,1,2026-01-01,2026-12-31,ACTIVE
PL-STD,Standard Commercial Price List,Standard,INR,VAR-0601,18300.00,1,2026-01-01,2026-12-31,ACTIVE
PL-STD,Standard Commercial Price List,Standard,INR,VAR-0602,23700.00,1,2026-01-01,2026-12-31,ACTIVE
PL-STD,Standard Commercial Price List,Standard,INR,VAR-0603,26700.00,1,2026-01-01,2026-12-31,ACTIVE
PL-STD,Standard Commercial Price List,Standard,INR,VAR-0604,41700.00,1,2026-01-01,2026-12-31,ACTIVE
PL-STD,Standard Commercial Price List,Standard,INR,VAR-0605,62100.00,1,2026-01-01,2026-12-31,ACTIVE
PL-STD,Standard Commercial Price List,Standard,INR,VAR-0606,78900.00,1,2026-01-01,2026-12-31,ACTIVE
PL-STD,Standard Commercial Price List,Standard,INR,VAR-0607,86100.00,1,2026-01-01,2026-12-31,ACTIVE
PL-STD,Standard Commercial Price List,Standard,INR,VAR-0608,122100.00,1,2026-01-01,2026-12-31,ACTIVE
PL-STD,Standard Commercial Price List,Standard,INR,VAR-0609,154500.00,1,2026-01-01,2026-12-31,ACTIVE
PL-STD,Standard Commercial Price List,Standard,INR,VAR-0610,39300.00,1,2026-01-01,2026-12-31,ACTIVE
PL-STD,Standard Commercial Price List,Standard,INR,VAR-0611,59700.00,1,2026-01-01,2026-12-31,ACTIVE
PL-STD,Standard Commercial Price List,Standard,INR,VAR-0612,54900.00,1,2026-01-01,2026-12-31,ACTIVE
PL-STD,Standard Commercial Price List,Standard,INR,VAR-0613,114900.00,1,2026-01-01,2026-12-31,ACTIVE
PL-STD,Standard Commercial Price List,Standard,INR,VAR-0614,146100.00,1,2026-01-01,2026-12-31,ACTIVE
PL-STD,Standard Commercial Price List,Standard,INR,VAR-0615,18900.00,1,2026-01-01,2026-12-31,ACTIVE
PL-STD,Standard Commercial Price List,Standard,INR,VAR-0616,30900.00,1,2026-01-01,2026-12-31,ACTIVE
PL-STD,Standard Commercial Price List,Standard,INR,VAR-0617,57300.00,1,2026-01-01,2026-12-31,ACTIVE
PL-STD,Standard Commercial Price List,Standard,INR,VAR-0618,81300.00,1,2026-01-01,2026-12-31,ACTIVE
PL-STD,Standard Commercial Price List,Standard,INR,VAR-0619,17460.00,1,2026-01-01,2026-12-31,ACTIVE
PL-STD,Standard Commercial Price List,Standard,INR,VAR-0620,35700.00,1,2026-01-01,2026-12-31,ACTIVE
PL-STD,Standard Commercial Price List,Standard,INR,VAR-0621,63300.00,1,2026-01-01,2026-12-31,ACTIVE
PL-STD,Standard Commercial Price List,Standard,INR,VAR-0622,74100.00,1,2026-01-01,2026-12-31,ACTIVE
PL-STD,Standard Commercial Price List,Standard,INR,VAR-0623,45300.00,1,2026-01-01,2026-12-31,ACTIVE
PL-STD,Standard Commercial Price List,Standard,INR,VAR-0624,86100.00,1,2026-01-01,2026-12-31,ACTIVE
PL-STD,Standard Commercial Price List,Standard,INR,VAR-0625,47700.00,1,2026-01-01,2026-12-31,ACTIVE
PL-STD,Standard Commercial Price List,Standard,INR,VAR-0626,138900.00,1,2026-01-01,2026-12-31,ACTIVE
PL-STD,Standard Commercial Price List,Standard,INR,VAR-0627,51300.00,1,2026-01-01,2026-12-31,ACTIVE
PL-STD,Standard Commercial Price List,Standard,INR,VAR-0628,71700.00,1,2026-01-01,2026-12-31,ACTIVE
PL-STD,Standard Commercial Price List,Standard,INR,VAR-0629,27900.00,1,2026-01-01,2026-12-31,ACTIVE
PL-STD,Standard Commercial Price List,Standard,INR,VAR-0630,29700.00,1,2026-01-01,2026-12-31,ACTIVE
PL-STD,Standard Commercial Price List,Standard,INR,VAR-0631,95700.00,1,2026-01-01,2026-12-31,ACTIVE
PL-STD,Standard Commercial Price List,Standard,INR,VAR-0632,24300.00,1,2026-01-01,2026-12-31,ACTIVE
PL-STD,Standard Commercial Price List,Standard,INR,VAR-0633,78400.00,1,2026-01-01,2026-12-31,ACTIVE
PL-STD,Standard Commercial Price List,Standard,INR,VAR-0634,114400.00,1,2026-01-01,2026-12-31,ACTIVE
PL-STD,Standard Commercial Price List,Standard,INR,VAR-0635,145600.00,1,2026-01-01,2026-12-31,ACTIVE
PL-STD,Standard Commercial Price List,Standard,INR,VAR-0636,238000.00,1,2026-01-01,2026-12-31,ACTIVE
PL-STD,Standard Commercial Price List,Standard,INR,VAR-0637,286000.00,1,2026-01-01,2026-12-31,ACTIVE
PL-STD,Standard Commercial Price List,Standard,INR,VAR-0638,460000.00,1,2026-01-01,2026-12-31,ACTIVE
PL-STD,Standard Commercial Price List,Standard,INR,VAR-0639,85600.00,1,2026-01-01,2026-12-31,ACTIVE
PL-STD,Standard Commercial Price List,Standard,INR,VAR-0640,140800.00,1,2026-01-01,2026-12-31,ACTIVE
PL-STD,Standard Commercial Price List,Standard,INR,VAR-0641,250000.00,1,2026-01-01,2026-12-31,ACTIVE
PL-STD,Standard Commercial Price List,Standard,INR,VAR-0642,484000.00,1,2026-01-01,2026-12-31,ACTIVE
PL-STD,Standard Commercial Price List,Standard,INR,VAR-0643,74800.00,1,2026-01-01,2026-12-31,ACTIVE
PL-STD,Standard Commercial Price List,Standard,INR,VAR-0644,109600.00,1,2026-01-01,2026-12-31,ACTIVE
PL-STD,Standard Commercial Price List,Standard,INR,VAR-0645,138400.00,1,2026-01-01,2026-12-31,ACTIVE
PL-STD,Standard Commercial Price List,Standard,INR,VAR-0646,229600.00,1,2026-01-01,2026-12-31,ACTIVE
PL-STD,Standard Commercial Price List,Standard,INR,VAR-0647,442000.00,1,2026-01-01,2026-12-31,ACTIVE
PL-STD,Standard Commercial Price List,Standard,INR,VAR-0648,59200.00,1,2026-01-01,2026-12-31,ACTIVE
PL-STD,Standard Commercial Price List,Standard,INR,VAR-0649,85600.00,1,2026-01-01,2026-12-31,ACTIVE
PL-STD,Standard Commercial Price List,Standard,INR,VAR-0650,66400.00,1,2026-01-01,2026-12-31,ACTIVE
PL-STD,Standard Commercial Price List,Standard,INR,VAR-0651,62800.00,1,2026-01-01,2026-12-31,ACTIVE
PL-STD,Standard Commercial Price List,Standard,INR,VAR-0652,44800.00,1,2026-01-01,2026-12-31,ACTIVE
PL-SMB,SMB Advantage Price List,SMB,INR,VAR-0001,77900.00,5,2026-01-01,2026-12-31,ACTIVE
PL-SMB,SMB Advantage Price List,SMB,INR,VAR-0002,95000.00,5,2026-01-01,2026-12-31,ACTIVE
PL-SMB,SMB Advantage Price List,SMB,INR,VAR-0003,84550.00,5,2026-01-01,2026-12-31,ACTIVE
PL-SMB,SMB Advantage Price List,SMB,INR,VAR-0004,112100.00,5,2026-01-01,2026-12-31,ACTIVE
PL-SMB,SMB Advantage Price List,SMB,INR,VAR-0005,133000.00,5,2026-01-01,2026-12-31,ACTIVE
PL-SMB,SMB Advantage Price List,SMB,INR,VAR-0006,131100.00,5,2026-01-01,2026-12-31,ACTIVE
PL-SMB,SMB Advantage Price List,SMB,INR,VAR-0007,154850.00,5,2026-01-01,2026-12-31,ACTIVE
PL-SMB,SMB Advantage Price List,SMB,INR,VAR-0008,175750.00,5,2026-01-01,2026-12-31,ACTIVE
PL-SMB,SMB Advantage Price List,SMB,INR,VAR-0009,199500.00,5,2026-01-01,2026-12-31,ACTIVE
PL-SMB,SMB Advantage Price List,SMB,INR,VAR-0010,256500.00,5,2026-01-01,2026-12-31,ACTIVE
PL-SMB,SMB Advantage Price List,SMB,INR,VAR-0011,81700.00,5,2026-01-01,2026-12-31,ACTIVE
PL-SMB,SMB Advantage Price List,SMB,INR,VAR-0012,100700.00,5,2026-01-01,2026-12-31,ACTIVE
PL-SMB,SMB Advantage Price List,SMB,INR,VAR-0013,104500.00,5,2026-01-01,2026-12-31,ACTIVE
PL-SMB,SMB Advantage Price List,SMB,INR,VAR-0014,124450.00,5,2026-01-01,2026-12-31,ACTIVE
PL-SMB,SMB Advantage Price List,SMB,INR,VAR-0015,166250.00,5,2026-01-01,2026-12-31,ACTIVE
PL-SMB,SMB Advantage Price List,SMB,INR,VAR-0016,191900.00,5,2026-01-01,2026-12-31,ACTIVE
PL-SMB,SMB Advantage Price List,SMB,INR,VAR-0017,172900.00,5,2026-01-01,2026-12-31,ACTIVE
PL-SMB,SMB Advantage Price List,SMB,INR,VAR-0018,119700.00,5,2026-01-01,2026-12-31,ACTIVE
PL-SMB,SMB Advantage Price List,SMB,INR,VAR-0019,273600.00,5,2026-01-01,2026-12-31,ACTIVE
PL-SMB,SMB Advantage Price List,SMB,INR,VAR-0020,80750.00,5,2026-01-01,2026-12-31,ACTIVE
PL-SMB,SMB Advantage Price List,SMB,INR,VAR-0021,134900.00,5,2026-01-01,2026-12-31,ACTIVE
PL-SMB,SMB Advantage Price List,SMB,INR,VAR-0022,142500.00,5,2026-01-01,2026-12-31,ACTIVE
PL-SMB,SMB Advantage Price List,SMB,INR,VAR-0023,182400.00,5,2026-01-01,2026-12-31,ACTIVE
PL-SMB,SMB Advantage Price List,SMB,INR,VAR-0024,188100.00,5,2026-01-01,2026-12-31,ACTIVE
PL-SMB,SMB Advantage Price List,SMB,INR,VAR-0025,118655.00,5,2026-01-01,2026-12-31,ACTIVE
PL-SMB,SMB Advantage Price List,SMB,INR,VAR-0026,135755.00,5,2026-01-01,2026-12-31,ACTIVE
PL-SMB,SMB Advantage Price List,SMB,INR,VAR-0027,137655.00,5,2026-01-01,2026-12-31,ACTIVE
PL-SMB,SMB Advantage Price List,SMB,INR,VAR-0028,189905.00,5,2026-01-01,2026-12-31,ACTIVE
PL-SMB,SMB Advantage Price List,SMB,INR,VAR-0029,223155.00,5,2026-01-01,2026-12-31,ACTIVE
PL-SMB,SMB Advantage Price List,SMB,INR,VAR-0030,332405.00,5,2026-01-01,2026-12-31,ACTIVE
PL-SMB,SMB Advantage Price List,SMB,INR,VAR-0031,394155.00,5,2026-01-01,2026-12-31,ACTIVE
PL-SMB,SMB Advantage Price List,SMB,INR,VAR-0032,150100.00,5,2026-01-01,2026-12-31,ACTIVE
PL-SMB,SMB Advantage Price List,SMB,INR,VAR-0033,108300.00,5,2026-01-01,2026-12-31,ACTIVE
PL-SMB,SMB Advantage Price List,SMB,INR,VAR-0034,74100.00,5,2026-01-01,2026-12-31,ACTIVE
PL-SMB,SMB Advantage Price List,SMB,INR,VAR-0035,86450.00,5,2026-01-01,2026-12-31,ACTIVE
PL-SMB,SMB Advantage Price List,SMB,INR,VAR-0036,107350.00,5,2026-01-01,2026-12-31,ACTIVE
PL-SMB,SMB Advantage Price List,SMB,INR,VAR-0037,123500.00,5,2026-01-01,2026-12-31,ACTIVE
PL-SMB,SMB Advantage Price List,SMB,INR,VAR-0038,58900.00,5,2026-01-01,2026-12-31,ACTIVE
PL-SMB,SMB Advantage Price List,SMB,INR,VAR-0039,63650.00,5,2026-01-01,2026-12-31,ACTIVE
PL-SMB,SMB Advantage Price List,SMB,INR,VAR-0040,70300.00,5,2026-01-01,2026-12-31,ACTIVE
PL-SMB,SMB Advantage Price List,SMB,INR,VAR-0041,93100.00,5,2026-01-01,2026-12-31,ACTIVE
PL-SMB,SMB Advantage Price List,SMB,INR,VAR-0042,127300.00,5,2026-01-01,2026-12-31,ACTIVE
PL-SMB,SMB Advantage Price List,SMB,INR,VAR-0043,142500.00,5,2026-01-01,2026-12-31,ACTIVE
PL-SMB,SMB Advantage Price List,SMB,INR,VAR-0044,89300.00,5,2026-01-01,2026-12-31,ACTIVE
PL-SMB,SMB Advantage Price List,SMB,INR,VAR-0045,61750.00,5,2026-01-01,2026-12-31,ACTIVE
PL-SMB,SMB Advantage Price List,SMB,INR,VAR-0046,66500.00,5,2026-01-01,2026-12-31,ACTIVE
PL-SMB,SMB Advantage Price List,SMB,INR,VAR-0047,223250.00,5,2026-01-01,2026-12-31,ACTIVE
PL-SMB,SMB Advantage Price List,SMB,INR,VAR-0048,296400.00,5,2026-01-01,2026-12-31,ACTIVE
PL-SMB,SMB Advantage Price List,SMB,INR,VAR-0049,161405.00,5,2026-01-01,2026-12-31,ACTIVE
PL-SMB,SMB Advantage Price List,SMB,INR,VAR-0050,99750.00,5,2026-01-01,2026-12-31,ACTIVE
PL-SMB,SMB Advantage Price List,SMB,INR,VAR-0051,131100.00,5,2026-01-01,2026-12-31,ACTIVE
PL-SMB,SMB Advantage Price List,SMB,INR,VAR-0052,65550.00,5,2026-01-01,2026-12-31,ACTIVE
PL-SMB,SMB Advantage Price List,SMB,INR,VAR-0053,123499.05,5,2026-01-01,2026-12-31,ACTIVE
PL-SMB,SMB Advantage Price List,SMB,INR,VAR-0054,154849.05,5,2026-01-01,2026-12-31,ACTIVE
PL-SMB,SMB Advantage Price List,SMB,INR,VAR-0055,211849.05,5,2026-01-01,2026-12-31,ACTIVE
PL-SMB,SMB Advantage Price List,SMB,INR,VAR-0056,55100.00,5,2026-01-01,2026-12-31,ACTIVE
PL-SMB,SMB Advantage Price List,SMB,INR,VAR-0057,57950.00,5,2026-01-01,2026-12-31,ACTIVE
PL-SMB,SMB Advantage Price List,SMB,INR,VAR-0058,43700.00,5,2026-01-01,2026-12-31,ACTIVE
PL-SMB,SMB Advantage Price List,SMB,INR,VAR-0059,44650.00,5,2026-01-01,2026-12-31,ACTIVE
PL-SMB,SMB Advantage Price List,SMB,INR,VAR-0060,112100.00,5,2026-01-01,2026-12-31,ACTIVE
PL-SMB,SMB Advantage Price List,SMB,INR,VAR-0061,239400.00,5,2026-01-01,2026-12-31,ACTIVE
PL-SMB,SMB Advantage Price List,SMB,INR,VAR-0062,78850.00,5,2026-01-01,2026-12-31,ACTIVE
PL-SMB,SMB Advantage Price List,SMB,INR,VAR-0063,93100.00,5,2026-01-01,2026-12-31,ACTIVE
PL-SMB,SMB Advantage Price List,SMB,INR,VAR-0064,55100.00,5,2026-01-01,2026-12-31,ACTIVE
PL-SMB,SMB Advantage Price List,SMB,INR,VAR-0065,58900.00,5,2026-01-01,2026-12-31,ACTIVE
PL-SMB,SMB Advantage Price List,SMB,INR,VAR-0066,63650.00,5,2026-01-01,2026-12-31,ACTIVE
PL-SMB,SMB Advantage Price List,SMB,INR,VAR-0067,77900.00,5,2026-01-01,2026-12-31,ACTIVE
PL-SMB,SMB Advantage Price List,SMB,INR,VAR-0068,71250.00,5,2026-01-01,2026-12-31,ACTIVE
PL-SMB,SMB Advantage Price List,SMB,INR,VAR-0069,52250.00,5,2026-01-01,2026-12-31,ACTIVE
PL-SMB,SMB Advantage Price List,SMB,INR,VAR-0070,61750.00,5,2026-01-01,2026-12-31,ACTIVE
PL-SMB,SMB Advantage Price List,SMB,INR,VAR-0071,74100.00,5,2026-01-01,2026-12-31,ACTIVE
PL-SMB,SMB Advantage Price List,SMB,INR,VAR-0072,47500.00,5,2026-01-01,2026-12-31,ACTIVE
PL-SMB,SMB Advantage Price List,SMB,INR,VAR-0073,73150.00,5,2026-01-01,2026-12-31,ACTIVE
PL-SMB,SMB Advantage Price List,SMB,INR,VAR-0074,51300.00,5,2026-01-01,2026-12-31,ACTIVE
PL-SMB,SMB Advantage Price List,SMB,INR,VAR-0075,66500.00,5,2026-01-01,2026-12-31,ACTIVE
PL-SMB,SMB Advantage Price List,SMB,INR,VAR-0076,71250.00,5,2026-01-01,2026-12-31,ACTIVE
PL-SMB,SMB Advantage Price List,SMB,INR,VAR-0077,75050.00,5,2026-01-01,2026-12-31,ACTIVE
PL-SMB,SMB Advantage Price List,SMB,INR,VAR-0078,112100.00,5,2026-01-01,2026-12-31,ACTIVE
PL-SMB,SMB Advantage Price List,SMB,INR,VAR-0079,56905.00,5,2026-01-01,2026-12-31,ACTIVE
PL-SMB,SMB Advantage Price List,SMB,INR,VAR-0080,123405.00,5,2026-01-01,2026-12-31,ACTIVE
PL-SMB,SMB Advantage Price List,SMB,INR,VAR-0081,199405.00,5,2026-01-01,2026-12-31,ACTIVE
PL-SMB,SMB Advantage Price List,SMB,INR,VAR-0082,394155.00,5,2026-01-01,2026-12-31,ACTIVE
PL-SMB,SMB Advantage Price List,SMB,INR,VAR-0083,128155.00,5,2026-01-01,2026-12-31,ACTIVE
PL-SMB,SMB Advantage Price List,SMB,INR,VAR-0084,50350.00,5,2026-01-01,2026-12-31,ACTIVE
PL-SMB,SMB Advantage Price List,SMB,INR,VAR-0085,67450.00,5,2026-01-01,2026-12-31,ACTIVE
PL-SMB,SMB Advantage Price List,SMB,INR,VAR-0086,46550.00,5,2026-01-01,2026-12-31,ACTIVE
PL-SMB,SMB Advantage Price List,SMB,INR,VAR-0087,44650.00,5,2026-01-01,2026-12-31,ACTIVE
PL-SMB,SMB Advantage Price List,SMB,INR,VAR-0088,37050.00,5,2026-01-01,2026-12-31,ACTIVE
PL-SMB,SMB Advantage Price List,SMB,INR,VAR-0089,38950.00,5,2026-01-01,2026-12-31,ACTIVE
PL-SMB,SMB Advantage Price List,SMB,INR,VAR-0090,55100.00,5,2026-01-01,2026-12-31,ACTIVE
PL-SMB,SMB Advantage Price List,SMB,INR,VAR-0091,53200.00,5,2026-01-01,2026-12-31,ACTIVE
PL-SMB,SMB Advantage Price List,SMB,INR,VAR-0092,77900.00,5,2026-01-01,2026-12-31,ACTIVE
PL-SMB,SMB Advantage Price List,SMB,INR,VAR-0093,64600.00,5,2026-01-01,2026-12-31,ACTIVE
PL-SMB,SMB Advantage Price List,SMB,INR,VAR-0094,58900.00,5,2026-01-01,2026-12-31,ACTIVE
PL-SMB,SMB Advantage Price List,SMB,INR,VAR-0095,69350.00,5,2026-01-01,2026-12-31,ACTIVE
PL-SMB,SMB Advantage Price List,SMB,INR,VAR-0096,52250.00,5,2026-01-01,2026-12-31,ACTIVE
PL-SMB,SMB Advantage Price List,SMB,INR,VAR-0097,99750.00,5,2026-01-01,2026-12-31,ACTIVE
PL-SMB,SMB Advantage Price List,SMB,INR,VAR-0098,48450.00,5,2026-01-01,2026-12-31,ACTIVE
PL-SMB,SMB Advantage Price List,SMB,INR,VAR-0099,112690.00,5,2026-01-01,2026-12-31,ACTIVE
PL-SMB,SMB Advantage Price List,SMB,INR,VAR-0100,189090.00,5,2026-01-01,2026-12-31,ACTIVE
PL-SMB,SMB Advantage Price List,SMB,INR,VAR-0101,320880.00,5,2026-01-01,2026-12-31,ACTIVE
PL-SMB,SMB Advantage Price List,SMB,INR,VAR-0102,101230.00,5,2026-01-01,2026-12-31,ACTIVE
PL-SMB,SMB Advantage Price List,SMB,INR,VAR-0103,389640.00,5,2026-01-01,2026-12-31,ACTIVE
PL-SMB,SMB Advantage Price List,SMB,INR,VAR-0104,94545.00,5,2026-01-01,2026-12-31,ACTIVE
PL-SMB,SMB Advantage Price List,SMB,INR,VAR-0105,120330.00,5,2026-01-01,2026-12-31,ACTIVE
PL-SMB,SMB Advantage Price List,SMB,INR,VAR-0106,223470.00,5,2026-01-01,2026-12-31,ACTIVE
PL-SMB,SMB Advantage Price List,SMB,INR,VAR-0107,332340.00,5,2026-01-01,2026-12-31,ACTIVE
PL-SMB,SMB Advantage Price List,SMB,INR,VAR-0108,550080.00,5,2026-01-01,2026-12-31,ACTIVE
PL-SMB,SMB Advantage Price List,SMB,INR,VAR-0109,98365.00,5,2026-01-01,2026-12-31,ACTIVE
PL-SMB,SMB Advantage Price List,SMB,INR,VAR-0110,105050.00,5,2026-01-01,2026-12-31,ACTIVE
PL-SMB,SMB Advantage Price List,SMB,INR,VAR-0111,126060.00,5,2026-01-01,2026-12-31,ACTIVE
PL-SMB,SMB Advantage Price List,SMB,INR,VAR-0112,212010.00,5,2026-01-01,2026-12-31,ACTIVE
PL-SMB,SMB Advantage Price List,SMB,INR,VAR-0113,366720.00,5,2026-01-01,2026-12-31,ACTIVE
PL-SMB,SMB Advantage Price List,SMB,INR,VAR-0114,527160.00,5,2026-01-01,2026-12-31,ACTIVE
PL-SMB,SMB Advantage Price List,SMB,INR,VAR-0115,697054.50,5,2026-01-01,2026-12-31,ACTIVE
PL-SMB,SMB Advantage Price List,SMB,INR,VAR-0116,744804.50,5,2026-01-01,2026-12-31,ACTIVE
PL-SMB,SMB Advantage Price List,SMB,INR,VAR-0117,240660.00,5,2026-01-01,2026-12-31,ACTIVE
PL-SMB,SMB Advantage Price List,SMB,INR,VAR-0118,166170.00,5,2026-01-01,2026-12-31,ACTIVE
PL-SMB,SMB Advantage Price List,SMB,INR,VAR-0119,89770.00,5,2026-01-01,2026-12-31,ACTIVE
PL-SMB,SMB Advantage Price List,SMB,INR,VAR-0120,84995.00,5,2026-01-01,2026-12-31,ACTIVE
PL-SMB,SMB Advantage Price List,SMB,INR,VAR-0121,90725.00,5,2026-01-01,2026-12-31,ACTIVE
PL-SMB,SMB Advantage Price List,SMB,INR,VAR-0122,257850.00,5,2026-01-01,2026-12-31,ACTIVE
PL-SMB,SMB Advantage Price List,SMB,INR,VAR-0123,227290.00,5,2026-01-01,2026-12-31,ACTIVE
PL-SMB,SMB Advantage Price List,SMB,INR,VAR-0124,154710.00,5,2026-01-01,2026-12-31,ACTIVE
PL-SMB,SMB Advantage Price List,SMB,INR,VAR-0125,147070.00,5,2026-01-01,2026-12-31,ACTIVE
PL-SMB,SMB Advantage Price List,SMB,INR,VAR-0126,109825.00,5,2026-01-01,2026-12-31,ACTIVE
PL-SMB,SMB Advantage Price List,SMB,INR,VAR-0127,309420.00,5,2026-01-01,2026-12-31,ACTIVE
PL-SMB,SMB Advantage Price List,SMB,INR,VAR-0128,131790.00,5,2026-01-01,2026-12-31,ACTIVE
PL-SMB,SMB Advantage Price List,SMB,INR,VAR-0129,126060.00,5,2026-01-01,2026-12-31,ACTIVE
PL-SMB,SMB Advantage Price List,SMB,INR,VAR-0130,166170.00,5,2026-01-01,2026-12-31,ACTIVE
PL-SMB,SMB Advantage Price List,SMB,INR,VAR-0131,223470.00,5,2026-01-01,2026-12-31,ACTIVE
PL-SMB,SMB Advantage Price List,SMB,INR,VAR-0132,275040.00,5,2026-01-01,2026-12-31,ACTIVE
PL-SMB,SMB Advantage Price List,SMB,INR,VAR-0133,366720.00,5,2026-01-01,2026-12-31,ACTIVE
PL-SMB,SMB Advantage Price List,SMB,INR,VAR-0134,481320.00,5,2026-01-01,2026-12-31,ACTIVE
PL-SMB,SMB Advantage Price List,SMB,INR,VAR-0135,412560.00,5,2026-01-01,2026-12-31,ACTIVE
PL-SMB,SMB Advantage Price List,SMB,INR,VAR-0136,825120.00,5,2026-01-01,2026-12-31,ACTIVE
PL-SMB,SMB Advantage Price List,SMB,INR,VAR-0137,1123080.00,5,2026-01-01,2026-12-31,ACTIVE
PL-SMB,SMB Advantage Price List,SMB,INR,VAR-0138,135610.00,5,2026-01-01,2026-12-31,ACTIVE
PL-SMB,SMB Advantage Price List,SMB,INR,VAR-0139,206280.00,5,2026-01-01,2026-12-31,ACTIVE
PL-SMB,SMB Advantage Price List,SMB,INR,VAR-0140,378180.00,5,2026-01-01,2026-12-31,ACTIVE
PL-SMB,SMB Advantage Price List,SMB,INR,VAR-0141,498510.00,5,2026-01-01,2026-12-31,ACTIVE
PL-SMB,SMB Advantage Price List,SMB,INR,VAR-0142,515700.00,5,2026-01-01,2026-12-31,ACTIVE
PL-SMB,SMB Advantage Price List,SMB,INR,VAR-0143,332340.00,5,2026-01-01,2026-12-31,ACTIVE
PL-SMB,SMB Advantage Price List,SMB,INR,VAR-0144,893880.00,5,2026-01-01,2026-12-31,ACTIVE
PL-SMB,SMB Advantage Price List,SMB,INR,VAR-0145,128925.00,5,2026-01-01,2026-12-31,ACTIVE
PL-SMB,SMB Advantage Price List,SMB,INR,VAR-0146,360990.00,5,2026-01-01,2026-12-31,ACTIVE
PL-SMB,SMB Advantage Price List,SMB,INR,VAR-0147,469860.00,5,2026-01-01,2026-12-31,ACTIVE
PL-SMB,SMB Advantage Price List,SMB,INR,VAR-0148,389640.00,5,2026-01-01,2026-12-31,ACTIVE
PL-SMB,SMB Advantage Price List,SMB,INR,VAR-0149,848040.00,5,2026-01-01,2026-12-31,ACTIVE
PL-SMB,SMB Advantage Price List,SMB,INR,VAR-0150,263580.00,5,2026-01-01,2026-12-31,ACTIVE
PL-SMB,SMB Advantage Price List,SMB,INR,VAR-0151,395370.00,5,2026-01-01,2026-12-31,ACTIVE
PL-SMB,SMB Advantage Price List,SMB,INR,VAR-0152,509970.00,5,2026-01-01,2026-12-31,ACTIVE
PL-SMB,SMB Advantage Price List,SMB,INR,VAR-0153,94545.00,5,2026-01-01,2026-12-31,ACTIVE
PL-SMB,SMB Advantage Price List,SMB,INR,VAR-0154,143250.00,5,2026-01-01,2026-12-31,ACTIVE
PL-SMB,SMB Advantage Price List,SMB,INR,VAR-0155,297960.00,5,2026-01-01,2026-12-31,ACTIVE
PL-SMB,SMB Advantage Price List,SMB,INR,VAR-0156,154710.00,5,2026-01-01,2026-12-31,ACTIVE
PL-SMB,SMB Advantage Price List,SMB,INR,VAR-0157,401100.00,5,2026-01-01,2026-12-31,ACTIVE
PL-SMB,SMB Advantage Price List,SMB,INR,VAR-0158,527160.00,5,2026-01-01,2026-12-31,ACTIVE
PL-SMB,SMB Advantage Price List,SMB,INR,VAR-0159,320880.00,5,2026-01-01,2026-12-31,ACTIVE
PL-SMB,SMB Advantage Price List,SMB,INR,VAR-0160,538620.00,5,2026-01-01,2026-12-31,ACTIVE
PL-SMB,SMB Advantage Price List,SMB,INR,VAR-0161,1123080.00,5,2026-01-01,2026-12-31,ACTIVE
PL-SMB,SMB Advantage Price List,SMB,INR,VAR-0162,1890900.00,5,2026-01-01,2026-12-31,ACTIVE
PL-SMB,SMB Advantage Price List,SMB,INR,VAR-0163,2807700.00,5,2026-01-01,2026-12-31,ACTIVE
PL-SMB,SMB Advantage Price List,SMB,INR,VAR-0164,595920.00,5,2026-01-01,2026-12-31,ACTIVE
PL-SMB,SMB Advantage Price List,SMB,INR,VAR-0165,1077240.00,5,2026-01-01,2026-12-31,ACTIVE
PL-SMB,SMB Advantage Price List,SMB,INR,VAR-0166,550080.00,5,2026-01-01,2026-12-31,ACTIVE
PL-SMB,SMB Advantage Price List,SMB,INR,VAR-0167,2120100.00,5,2026-01-01,2026-12-31,ACTIVE
PL-SMB,SMB Advantage Price List,SMB,INR,VAR-0168,1661700.00,5,2026-01-01,2026-12-31,ACTIVE
PL-SMB,SMB Advantage Price List,SMB,INR,VAR-0169,2521200.00,5,2026-01-01,2026-12-31,ACTIVE
PL-SMB,SMB Advantage Price List,SMB,INR,VAR-0170,1019940.00,5,2026-01-01,2026-12-31,ACTIVE
PL-SMB,SMB Advantage Price List,SMB,INR,VAR-0171,481320.00,5,2026-01-01,2026-12-31,ACTIVE
PL-SMB,SMB Advantage Price List,SMB,INR,VAR-0172,189090.00,5,2026-01-01,2026-12-31,ACTIVE
PL-SMB,SMB Advantage Price List,SMB,INR,VAR-0173,338070.00,5,2026-01-01,2026-12-31,ACTIVE
PL-SMB,SMB Advantage Price List,SMB,INR,VAR-0174,504240.00,5,2026-01-01,2026-12-31,ACTIVE
PL-SMB,SMB Advantage Price List,SMB,INR,VAR-0175,101230.00,5,2026-01-01,2026-12-31,ACTIVE
PL-SMB,SMB Advantage Price List,SMB,INR,VAR-0176,269310.00,5,2026-01-01,2026-12-31,ACTIVE
PL-SMB,SMB Advantage Price List,SMB,INR,VAR-0177,435480.00,5,2026-01-01,2026-12-31,ACTIVE
PL-SMB,SMB Advantage Price List,SMB,INR,VAR-0178,332340.00,5,2026-01-01,2026-12-31,ACTIVE
PL-SMB,SMB Advantage Price List,SMB,INR,VAR-0179,107915.00,5,2026-01-01,2026-12-31,ACTIVE
PL-SMB,SMB Advantage Price List,SMB,INR,VAR-0180,825120.00,5,2026-01-01,2026-12-31,ACTIVE
PL-SMB,SMB Advantage Price List,SMB,INR,VAR-0181,1317900.00,5,2026-01-01,2026-12-31,ACTIVE
PL-SMB,SMB Advantage Price List,SMB,INR,VAR-0182,223470.00,5,2026-01-01,2026-12-31,ACTIVE
PL-SMB,SMB Advantage Price List,SMB,INR,VAR-0183,105050.00,5,2026-01-01,2026-12-31,ACTIVE
PL-SMB,SMB Advantage Price List,SMB,INR,VAR-0184,166170.00,5,2026-01-01,2026-12-31,ACTIVE
PL-SMB,SMB Advantage Price List,SMB,INR,VAR-0185,127970.00,5,2026-01-01,2026-12-31,ACTIVE
PL-SMB,SMB Advantage Price List,SMB,INR,VAR-0186,142500.00,5,2026-01-01,2026-12-31,ACTIVE
PL-SMB,SMB Advantage Price List,SMB,INR,VAR-0187,210900.00,5,2026-01-01,2026-12-31,ACTIVE
PL-SMB,SMB Advantage Price List,SMB,INR,VAR-0188,273600.00,5,2026-01-01,2026-12-31,ACTIVE
PL-SMB,SMB Advantage Price List,SMB,INR,VAR-0189,364800.00,5,2026-01-01,2026-12-31,ACTIVE
PL-SMB,SMB Advantage Price List,SMB,INR,VAR-0190,775200.00,5,2026-01-01,2026-12-31,ACTIVE
PL-SMB,SMB Advantage Price List,SMB,INR,VAR-0191,1083000.00,5,2026-01-01,2026-12-31,ACTIVE
PL-SMB,SMB Advantage Price List,SMB,INR,VAR-0192,125400.00,5,2026-01-01,2026-12-31,ACTIVE
PL-SMB,SMB Advantage Price List,SMB,INR,VAR-0193,199500.00,5,2026-01-01,2026-12-31,ACTIVE
PL-SMB,SMB Advantage Price List,SMB,INR,VAR-0194,336300.00,5,2026-01-01,2026-12-31,ACTIVE
PL-SMB,SMB Advantage Price List,SMB,INR,VAR-0195,89300.00,5,2026-01-01,2026-12-31,ACTIVE
PL-SMB,SMB Advantage Price List,SMB,INR,VAR-0196,131100.00,5,2026-01-01,2026-12-31,ACTIVE
PL-SMB,SMB Advantage Price List,SMB,INR,VAR-0197,203300.00,5,2026-01-01,2026-12-31,ACTIVE
PL-SMB,SMB Advantage Price List,SMB,INR,VAR-0198,324900.00,5,2026-01-01,2026-12-31,ACTIVE
PL-SMB,SMB Advantage Price List,SMB,INR,VAR-0199,444600.00,5,2026-01-01,2026-12-31,ACTIVE
PL-SMB,SMB Advantage Price List,SMB,INR,VAR-0200,43320.00,5,2026-01-01,2026-12-31,ACTIVE
PL-SMB,SMB Advantage Price List,SMB,INR,VAR-0201,66120.00,5,2026-01-01,2026-12-31,ACTIVE
PL-SMB,SMB Advantage Price List,SMB,INR,VAR-0202,70680.00,5,2026-01-01,2026-12-31,ACTIVE
PL-SMB,SMB Advantage Price List,SMB,INR,VAR-0203,47880.00,5,2026-01-01,2026-12-31,ACTIVE
PL-SMB,SMB Advantage Price List,SMB,INR,VAR-0204,84360.00,5,2026-01-01,2026-12-31,ACTIVE
PL-SMB,SMB Advantage Price List,SMB,INR,VAR-0205,70680.00,5,2026-01-01,2026-12-31,ACTIVE
PL-SMB,SMB Advantage Price List,SMB,INR,VAR-0206,15960.00,5,2026-01-01,2026-12-31,ACTIVE
PL-SMB,SMB Advantage Price List,SMB,INR,VAR-0207,29640.00,5,2026-01-01,2026-12-31,ACTIVE
PL-SMB,SMB Advantage Price List,SMB,INR,VAR-0208,93480.00,5,2026-01-01,2026-12-31,ACTIVE
PL-SMB,SMB Advantage Price List,SMB,INR,VAR-0209,188100.00,5,2026-01-01,2026-12-31,ACTIVE
PL-SMB,SMB Advantage Price List,SMB,INR,VAR-0210,290700.00,5,2026-01-01,2026-12-31,ACTIVE
PL-SMB,SMB Advantage Price List,SMB,INR,VAR-0211,66120.00,5,2026-01-01,2026-12-31,ACTIVE
PL-SMB,SMB Advantage Price List,SMB,INR,VAR-0212,111720.00,5,2026-01-01,2026-12-31,ACTIVE
PL-SMB,SMB Advantage Price List,SMB,INR,VAR-0213,222300.00,5,2026-01-01,2026-12-31,ACTIVE
PL-SMB,SMB Advantage Price List,SMB,INR,VAR-0214,36480.00,5,2026-01-01,2026-12-31,ACTIVE
PL-SMB,SMB Advantage Price List,SMB,INR,VAR-0215,50160.00,5,2026-01-01,2026-12-31,ACTIVE
PL-SMB,SMB Advantage Price List,SMB,INR,VAR-0216,31920.00,5,2026-01-01,2026-12-31,ACTIVE
PL-SMB,SMB Advantage Price List,SMB,INR,VAR-0217,18240.00,5,2026-01-01,2026-12-31,ACTIVE
PL-SMB,SMB Advantage Price List,SMB,INR,VAR-0218,28500.00,5,2026-01-01,2026-12-31,ACTIVE
PL-SMB,SMB Advantage Price List,SMB,INR,VAR-0219,108300.00,5,2026-01-01,2026-12-31,ACTIVE
PL-SMB,SMB Advantage Price List,SMB,INR,VAR-0220,82080.00,5,2026-01-01,2026-12-31,ACTIVE
PL-SMB,SMB Advantage Price List,SMB,INR,VAR-0221,43320.00,5,2026-01-01,2026-12-31,ACTIVE
PL-SMB,SMB Advantage Price List,SMB,INR,VAR-0222,66120.00,5,2026-01-01,2026-12-31,ACTIVE
PL-SMB,SMB Advantage Price List,SMB,INR,VAR-0223,88920.00,5,2026-01-01,2026-12-31,ACTIVE
PL-SMB,SMB Advantage Price List,SMB,INR,VAR-0224,125400.00,5,2026-01-01,2026-12-31,ACTIVE
PL-SMB,SMB Advantage Price List,SMB,INR,VAR-0225,222300.00,5,2026-01-01,2026-12-31,ACTIVE
PL-SMB,SMB Advantage Price List,SMB,INR,VAR-0226,387600.00,5,2026-01-01,2026-12-31,ACTIVE
PL-SMB,SMB Advantage Price List,SMB,INR,VAR-0227,741000.00,5,2026-01-01,2026-12-31,ACTIVE
PL-SMB,SMB Advantage Price List,SMB,INR,VAR-0228,100320.00,5,2026-01-01,2026-12-31,ACTIVE
PL-SMB,SMB Advantage Price List,SMB,INR,VAR-0229,165300.00,5,2026-01-01,2026-12-31,ACTIVE
PL-SMB,SMB Advantage Price List,SMB,INR,VAR-0230,239400.00,5,2026-01-01,2026-12-31,ACTIVE
PL-SMB,SMB Advantage Price List,SMB,INR,VAR-0231,319200.00,5,2026-01-01,2026-12-31,ACTIVE
PL-SMB,SMB Advantage Price List,SMB,INR,VAR-0232,661200.00,5,2026-01-01,2026-12-31,ACTIVE
PL-SMB,SMB Advantage Price List,SMB,INR,VAR-0233,1117200.00,5,2026-01-01,2026-12-31,ACTIVE
PL-SMB,SMB Advantage Price List,SMB,INR,VAR-0234,54720.00,5,2026-01-01,2026-12-31,ACTIVE
PL-SMB,SMB Advantage Price List,SMB,INR,VAR-0235,84360.00,5,2026-01-01,2026-12-31,ACTIVE
PL-SMB,SMB Advantage Price List,SMB,INR,VAR-0236,182400.00,5,2026-01-01,2026-12-31,ACTIVE
PL-SMB,SMB Advantage Price List,SMB,INR,VAR-0237,273600.00,5,2026-01-01,2026-12-31,ACTIVE
PL-SMB,SMB Advantage Price List,SMB,INR,VAR-0238,433200.00,5,2026-01-01,2026-12-31,ACTIVE
PL-SMB,SMB Advantage Price List,SMB,INR,VAR-0239,82080.00,5,2026-01-01,2026-12-31,ACTIVE
PL-SMB,SMB Advantage Price List,SMB,INR,VAR-0240,142500.00,5,2026-01-01,2026-12-31,ACTIVE
PL-SMB,SMB Advantage Price List,SMB,INR,VAR-0241,239400.00,5,2026-01-01,2026-12-31,ACTIVE
PL-SMB,SMB Advantage Price List,SMB,INR,VAR-0242,77520.00,5,2026-01-01,2026-12-31,ACTIVE
PL-SMB,SMB Advantage Price List,SMB,INR,VAR-0243,176700.00,5,2026-01-01,2026-12-31,ACTIVE
PL-SMB,SMB Advantage Price List,SMB,INR,VAR-0244,364800.00,5,2026-01-01,2026-12-31,ACTIVE
PL-SMB,SMB Advantage Price List,SMB,INR,VAR-0245,1048800.00,5,2026-01-01,2026-12-31,ACTIVE
PL-SMB,SMB Advantage Price List,SMB,INR,VAR-0246,13110.00,5,2026-01-01,2026-12-31,ACTIVE
PL-SMB,SMB Advantage Price List,SMB,INR,VAR-0247,18240.00,5,2026-01-01,2026-12-31,ACTIVE
PL-SMB,SMB Advantage Price List,SMB,INR,VAR-0248,21090.00,5,2026-01-01,2026-12-31,ACTIVE
PL-SMB,SMB Advantage Price List,SMB,INR,VAR-0249,35340.00,5,2026-01-01,2026-12-31,ACTIVE
PL-SMB,SMB Advantage Price List,SMB,INR,VAR-0250,54720.00,5,2026-01-01,2026-12-31,ACTIVE
PL-SMB,SMB Advantage Price List,SMB,INR,VAR-0251,70680.00,5,2026-01-01,2026-12-31,ACTIVE
PL-SMB,SMB Advantage Price List,SMB,INR,VAR-0252,77520.00,5,2026-01-01,2026-12-31,ACTIVE
PL-SMB,SMB Advantage Price List,SMB,INR,VAR-0253,111720.00,5,2026-01-01,2026-12-31,ACTIVE
PL-SMB,SMB Advantage Price List,SMB,INR,VAR-0254,142500.00,5,2026-01-01,2026-12-31,ACTIVE
PL-SMB,SMB Advantage Price List,SMB,INR,VAR-0255,33060.00,5,2026-01-01,2026-12-31,ACTIVE
PL-SMB,SMB Advantage Price List,SMB,INR,VAR-0256,52440.00,5,2026-01-01,2026-12-31,ACTIVE
PL-SMB,SMB Advantage Price List,SMB,INR,VAR-0257,47880.00,5,2026-01-01,2026-12-31,ACTIVE
PL-SMB,SMB Advantage Price List,SMB,INR,VAR-0258,104880.00,5,2026-01-01,2026-12-31,ACTIVE
PL-SMB,SMB Advantage Price List,SMB,INR,VAR-0259,134520.00,5,2026-01-01,2026-12-31,ACTIVE
PL-SMB,SMB Advantage Price List,SMB,INR,VAR-0260,13680.00,5,2026-01-01,2026-12-31,ACTIVE
PL-SMB,SMB Advantage Price List,SMB,INR,VAR-0261,25080.00,5,2026-01-01,2026-12-31,ACTIVE
PL-SMB,SMB Advantage Price List,SMB,INR,VAR-0262,50160.00,5,2026-01-01,2026-12-31,ACTIVE
PL-SMB,SMB Advantage Price List,SMB,INR,VAR-0263,72960.00,5,2026-01-01,2026-12-31,ACTIVE
PL-SMB,SMB Advantage Price List,SMB,INR,VAR-0264,12312.00,5,2026-01-01,2026-12-31,ACTIVE
PL-SMB,SMB Advantage Price List,SMB,INR,VAR-0265,29640.00,5,2026-01-01,2026-12-31,ACTIVE
PL-SMB,SMB Advantage Price List,SMB,INR,VAR-0266,55860.00,5,2026-01-01,2026-12-31,ACTIVE
PL-SMB,SMB Advantage Price List,SMB,INR,VAR-0267,66120.00,5,2026-01-01,2026-12-31,ACTIVE
PL-SMB,SMB Advantage Price List,SMB,INR,VAR-0268,38760.00,5,2026-01-01,2026-12-31,ACTIVE
PL-SMB,SMB Advantage Price List,SMB,INR,VAR-0269,77520.00,5,2026-01-01,2026-12-31,ACTIVE
PL-SMB,SMB Advantage Price List,SMB,INR,VAR-0270,41040.00,5,2026-01-01,2026-12-31,ACTIVE
PL-SMB,SMB Advantage Price List,SMB,INR,VAR-0271,127680.00,5,2026-01-01,2026-12-31,ACTIVE
PL-SMB,SMB Advantage Price List,SMB,INR,VAR-0272,44460.00,5,2026-01-01,2026-12-31,ACTIVE
PL-SMB,SMB Advantage Price List,SMB,INR,VAR-0273,63840.00,5,2026-01-01,2026-12-31,ACTIVE
PL-SMB,SMB Advantage Price List,SMB,INR,VAR-0274,22230.00,5,2026-01-01,2026-12-31,ACTIVE
PL-SMB,SMB Advantage Price List,SMB,INR,VAR-0275,23940.00,5,2026-01-01,2026-12-31,ACTIVE
PL-SMB,SMB Advantage Price List,SMB,INR,VAR-0276,86640.00,5,2026-01-01,2026-12-31,ACTIVE
PL-SMB,SMB Advantage Price List,SMB,INR,VAR-0277,18810.00,5,2026-01-01,2026-12-31,ACTIVE
PL-SMB,SMB Advantage Price List,SMB,INR,VAR-0278,47880.00,5,2026-01-01,2026-12-31,ACTIVE
PL-SMB,SMB Advantage Price List,SMB,INR,VAR-0279,82080.00,5,2026-01-01,2026-12-31,ACTIVE
PL-SMB,SMB Advantage Price List,SMB,INR,VAR-0280,111720.00,5,2026-01-01,2026-12-31,ACTIVE
PL-SMB,SMB Advantage Price List,SMB,INR,VAR-0281,199500.00,5,2026-01-01,2026-12-31,ACTIVE
PL-SMB,SMB Advantage Price List,SMB,INR,VAR-0282,245100.00,5,2026-01-01,2026-12-31,ACTIVE
PL-SMB,SMB Advantage Price List,SMB,INR,VAR-0283,410400.00,5,2026-01-01,2026-12-31,ACTIVE
PL-SMB,SMB Advantage Price List,SMB,INR,VAR-0284,54720.00,5,2026-01-01,2026-12-31,ACTIVE
PL-SMB,SMB Advantage Price List,SMB,INR,VAR-0285,107160.00,5,2026-01-01,2026-12-31,ACTIVE
PL-SMB,SMB Advantage Price List,SMB,INR,VAR-0286,210900.00,5,2026-01-01,2026-12-31,ACTIVE
PL-SMB,SMB Advantage Price List,SMB,INR,VAR-0287,433200.00,5,2026-01-01,2026-12-31,ACTIVE
PL-SMB,SMB Advantage Price List,SMB,INR,VAR-0288,44460.00,5,2026-01-01,2026-12-31,ACTIVE
PL-SMB,SMB Advantage Price List,SMB,INR,VAR-0289,77520.00,5,2026-01-01,2026-12-31,ACTIVE
PL-SMB,SMB Advantage Price List,SMB,INR,VAR-0290,104880.00,5,2026-01-01,2026-12-31,ACTIVE
PL-SMB,SMB Advantage Price List,SMB,INR,VAR-0291,191520.00,5,2026-01-01,2026-12-31,ACTIVE
PL-SMB,SMB Advantage Price List,SMB,INR,VAR-0292,393300.00,5,2026-01-01,2026-12-31,ACTIVE
PL-SMB,SMB Advantage Price List,SMB,INR,VAR-0293,29640.00,5,2026-01-01,2026-12-31,ACTIVE
PL-SMB,SMB Advantage Price List,SMB,INR,VAR-0294,54720.00,5,2026-01-01,2026-12-31,ACTIVE
PL-SMB,SMB Advantage Price List,SMB,INR,VAR-0295,36480.00,5,2026-01-01,2026-12-31,ACTIVE
PL-SMB,SMB Advantage Price List,SMB,INR,VAR-0296,33060.00,5,2026-01-01,2026-12-31,ACTIVE
PL-SMB,SMB Advantage Price List,SMB,INR,VAR-0297,15960.00,5,2026-01-01,2026-12-31,ACTIVE
PL-SMB,SMB Advantage Price List,SMB,INR,VAR-0298,123405.00,5,2026-01-01,2026-12-31,ACTIVE
PL-SMB,SMB Advantage Price List,SMB,INR,VAR-0299,123405.00,5,2026-01-01,2026-12-31,ACTIVE
PL-SMB,SMB Advantage Price List,SMB,INR,VAR-0300,156655.00,5,2026-01-01,2026-12-31,ACTIVE
PL-SMB,SMB Advantage Price List,SMB,INR,VAR-0301,75905.00,5,2026-01-01,2026-12-31,ACTIVE
PL-SMB,SMB Advantage Price List,SMB,INR,VAR-0302,66405.00,5,2026-01-01,2026-12-31,ACTIVE
PL-SMB,SMB Advantage Price List,SMB,INR,VAR-0303,123499.05,5,2026-01-01,2026-12-31,ACTIVE
PL-SMB,SMB Advantage Price List,SMB,INR,VAR-0304,136799.05,5,2026-01-01,2026-12-31,ACTIVE
PL-SMB,SMB Advantage Price List,SMB,INR,VAR-0305,75999.05,5,2026-01-01,2026-12-31,ACTIVE
PL-SMB,SMB Advantage Price List,SMB,INR,VAR-0306,156749.05,5,2026-01-01,2026-12-31,ACTIVE
PL-SMB,SMB Advantage Price List,SMB,INR,VAR-0307,37999.05,5,2026-01-01,2026-12-31,ACTIVE
PL-SMB,SMB Advantage Price List,SMB,INR,VAR-0308,101649.05,5,2026-01-01,2026-12-31,ACTIVE
PL-SMB,SMB Advantage Price List,SMB,INR,VAR-0309,72199.05,5,2026-01-01,2026-12-31,ACTIVE
PL-SMB,SMB Advantage Price List,SMB,INR,VAR-0310,61749.05,5,2026-01-01,2026-12-31,ACTIVE
PL-SMB,SMB Advantage Price List,SMB,INR,VAR-0311,43699.05,5,2026-01-01,2026-12-31,ACTIVE
PL-SMB,SMB Advantage Price List,SMB,INR,VAR-0312,51299.05,5,2026-01-01,2026-12-31,ACTIVE
PL-SMB,SMB Advantage Price List,SMB,INR,VAR-0313,36099.05,5,2026-01-01,2026-12-31,ACTIVE
PL-SMB,SMB Advantage Price List,SMB,INR,VAR-0314,113905.00,5,2026-01-01,2026-12-31,ACTIVE
PL-SMB,SMB Advantage Price List,SMB,INR,VAR-0315,56049.05,5,2026-01-01,2026-12-31,ACTIVE
PL-SMB,SMB Advantage Price List,SMB,INR,VAR-0316,94999.05,5,2026-01-01,2026-12-31,ACTIVE
PL-SMB,SMB Advantage Price List,SMB,INR,VAR-0317,94999.05,5,2026-01-01,2026-12-31,ACTIVE
PL-SMB,SMB Advantage Price List,SMB,INR,VAR-0318,49399.05,5,2026-01-01,2026-12-31,ACTIVE
PL-SMB,SMB Advantage Price List,SMB,INR,VAR-0319,161405.00,5,2026-01-01,2026-12-31,ACTIVE
PL-SMB,SMB Advantage Price List,SMB,INR,VAR-0320,37905.00,5,2026-01-01,2026-12-31,ACTIVE
PL-SMB,SMB Advantage Price List,SMB,INR,VAR-0321,56905.00,5,2026-01-01,2026-12-31,ACTIVE
PL-SMB,SMB Advantage Price List,SMB,INR,VAR-0322,75905.00,5,2026-01-01,2026-12-31,ACTIVE
PL-SMB,SMB Advantage Price List,SMB,INR,VAR-0323,94905.00,5,2026-01-01,2026-12-31,ACTIVE
PL-SMB,SMB Advantage Price List,SMB,INR,VAR-0324,123405.00,5,2026-01-01,2026-12-31,ACTIVE
PL-SMB,SMB Advantage Price List,SMB,INR,VAR-0325,69349.05,5,2026-01-01,2026-12-31,ACTIVE
PL-SMB,SMB Advantage Price List,SMB,INR,VAR-0326,86449.05,5,2026-01-01,2026-12-31,ACTIVE
PL-SMB,SMB Advantage Price List,SMB,INR,VAR-0327,103549.05,5,2026-01-01,2026-12-31,ACTIVE
PL-SMB,SMB Advantage Price List,SMB,INR,VAR-0328,42749.05,5,2026-01-01,2026-12-31,ACTIVE
PL-SMB,SMB Advantage Price List,SMB,INR,VAR-0329,59849.05,5,2026-01-01,2026-12-31,ACTIVE
PL-SMB,SMB Advantage Price List,SMB,INR,VAR-0330,100699.05,5,2026-01-01,2026-12-31,ACTIVE
PL-SMB,SMB Advantage Price List,SMB,INR,VAR-0331,142499.05,5,2026-01-01,2026-12-31,ACTIVE
PL-SMB,SMB Advantage Price List,SMB,INR,VAR-0332,54720.00,5,2026-01-01,2026-12-31,ACTIVE
PL-SMB,SMB Advantage Price List,SMB,INR,VAR-0333,100320.00,5,2026-01-01,2026-12-31,ACTIVE
PL-SMB,SMB Advantage Price List,SMB,INR,VAR-0334,82080.00,5,2026-01-01,2026-12-31,ACTIVE
PL-SMB,SMB Advantage Price List,SMB,INR,VAR-0335,142500.00,5,2026-01-01,2026-12-31,ACTIVE
PL-SMB,SMB Advantage Price List,SMB,INR,VAR-0336,153900.00,5,2026-01-01,2026-12-31,ACTIVE
PL-SMB,SMB Advantage Price List,SMB,INR,VAR-0337,222300.00,5,2026-01-01,2026-12-31,ACTIVE
PL-SMB,SMB Advantage Price List,SMB,INR,VAR-0338,47880.00,5,2026-01-01,2026-12-31,ACTIVE
PL-SMB,SMB Advantage Price List,SMB,INR,VAR-0339,77520.00,5,2026-01-01,2026-12-31,ACTIVE
PL-SMB,SMB Advantage Price List,SMB,INR,VAR-0340,61560.00,5,2026-01-01,2026-12-31,ACTIVE
PL-SMB,SMB Advantage Price List,SMB,INR,VAR-0341,27360.00,5,2026-01-01,2026-12-31,ACTIVE
PL-SMB,SMB Advantage Price List,SMB,INR,VAR-0342,273600.00,5,2026-01-01,2026-12-31,ACTIVE
PL-SMB,SMB Advantage Price List,SMB,INR,VAR-0343,319200.00,5,2026-01-01,2026-12-31,ACTIVE
PL-SMB,SMB Advantage Price List,SMB,INR,VAR-0344,222300.00,5,2026-01-01,2026-12-31,ACTIVE
PL-SMB,SMB Advantage Price List,SMB,INR,VAR-0345,70680.00,5,2026-01-01,2026-12-31,ACTIVE
PL-SMB,SMB Advantage Price List,SMB,INR,VAR-0346,82080.00,5,2026-01-01,2026-12-31,ACTIVE
PL-SMB,SMB Advantage Price List,SMB,INR,VAR-0347,285000.00,5,2026-01-01,2026-12-31,ACTIVE
PL-SMB,SMB Advantage Price List,SMB,INR,VAR-0348,433200.00,5,2026-01-01,2026-12-31,ACTIVE
PL-SMB,SMB Advantage Price List,SMB,INR,VAR-0349,66120.00,5,2026-01-01,2026-12-31,ACTIVE
PL-SMB,SMB Advantage Price List,SMB,INR,VAR-0350,336300.00,5,2026-01-01,2026-12-31,ACTIVE
PL-SMB,SMB Advantage Price List,SMB,INR,VAR-0351,775200.00,5,2026-01-01,2026-12-31,ACTIVE
PL-SMB,SMB Advantage Price List,SMB,INR,VAR-0352,16312.50,5,2026-01-01,2026-12-31,ACTIVE
PL-SMB,SMB Advantage Price List,SMB,INR,VAR-0353,25312.50,5,2026-01-01,2026-12-31,ACTIVE
PL-SMB,SMB Advantage Price List,SMB,INR,VAR-0354,20812.50,5,2026-01-01,2026-12-31,ACTIVE
PL-SMB,SMB Advantage Price List,SMB,INR,VAR-0355,23625.00,5,2026-01-01,2026-12-31,ACTIVE
PL-SMB,SMB Advantage Price List,SMB,INR,VAR-0356,15187.50,5,2026-01-01,2026-12-31,ACTIVE
PL-SMB,SMB Advantage Price List,SMB,INR,VAR-0357,21937.50,5,2026-01-01,2026-12-31,ACTIVE
PL-SMB,SMB Advantage Price List,SMB,INR,VAR-0358,7312.50,5,2026-01-01,2026-12-31,ACTIVE
PL-SMB,SMB Advantage Price List,SMB,INR,VAR-0359,12375.00,5,2026-01-01,2026-12-31,ACTIVE
PL-SMB,SMB Advantage Price List,SMB,INR,VAR-0360,8437.50,5,2026-01-01,2026-12-31,ACTIVE
PL-SMB,SMB Advantage Price List,SMB,INR,VAR-0361,9900.00,5,2026-01-01,2026-12-31,ACTIVE
PL-SMB,SMB Advantage Price List,SMB,INR,VAR-0362,3150.00,5,2026-01-01,2026-12-31,ACTIVE
PL-SMB,SMB Advantage Price List,SMB,INR,VAR-0363,17437.50,5,2026-01-01,2026-12-31,ACTIVE
PL-SMB,SMB Advantage Price List,SMB,INR,VAR-0364,27000.00,5,2026-01-01,2026-12-31,ACTIVE
PL-SMB,SMB Advantage Price List,SMB,INR,VAR-0365,38250.00,5,2026-01-01,2026-12-31,ACTIVE
PL-SMB,SMB Advantage Price List,SMB,INR,VAR-0366,20250.00,5,2026-01-01,2026-12-31,ACTIVE
PL-SMB,SMB Advantage Price List,SMB,INR,VAR-0367,18562.50,5,2026-01-01,2026-12-31,ACTIVE
PL-SMB,SMB Advantage Price List,SMB,INR,VAR-0368,3600.00,5,2026-01-01,2026-12-31,ACTIVE
PL-SMB,SMB Advantage Price List,SMB,INR,VAR-0369,3262.50,5,2026-01-01,2026-12-31,ACTIVE
PL-SMB,SMB Advantage Price List,SMB,INR,VAR-0370,4050.00,5,2026-01-01,2026-12-31,ACTIVE
PL-SMB,SMB Advantage Price List,SMB,INR,VAR-0371,2700.00,5,2026-01-01,2026-12-31,ACTIVE
PL-SMB,SMB Advantage Price List,SMB,INR,VAR-0372,103151.00,5,2026-01-01,2026-12-31,ACTIVE
PL-SMB,SMB Advantage Price List,SMB,INR,VAR-0373,214415.00,5,2026-01-01,2026-12-31,ACTIVE
PL-SMB,SMB Advantage Price List,SMB,INR,VAR-0374,243390.00,5,2026-01-01,2026-12-31,ACTIVE
PL-SMB,SMB Advantage Price List,SMB,INR,VAR-0375,312930.00,5,2026-01-01,2026-12-31,ACTIVE
PL-SMB,SMB Advantage Price List,SMB,INR,VAR-0376,202825.00,5,2026-01-01,2026-12-31,ACTIVE
PL-SMB,SMB Advantage Price List,SMB,INR,VAR-0377,234118.00,5,2026-01-01,2026-12-31,ACTIVE
PL-SMB,SMB Advantage Price List,SMB,INR,VAR-0378,210938.00,5,2026-01-01,2026-12-31,ACTIVE
PL-SMB,SMB Advantage Price List,SMB,INR,VAR-0379,146034.00,5,2026-01-01,2026-12-31,ACTIVE
PL-SMB,SMB Advantage Price List,SMB,INR,VAR-0380,333792.00,5,2026-01-01,2026-12-31,ACTIVE
PL-SMB,SMB Advantage Price List,SMB,INR,VAR-0381,98515.00,5,2026-01-01,2026-12-31,ACTIVE
PL-SMB,SMB Advantage Price List,SMB,INR,VAR-0382,164578.00,5,2026-01-01,2026-12-31,ACTIVE
PL-SMB,SMB Advantage Price List,SMB,INR,VAR-0383,173850.00,5,2026-01-01,2026-12-31,ACTIVE
PL-SMB,SMB Advantage Price List,SMB,INR,VAR-0384,222528.00,5,2026-01-01,2026-12-31,ACTIVE
PL-SMB,SMB Advantage Price List,SMB,INR,VAR-0385,229482.00,5,2026-01-01,2026-12-31,ACTIVE
PL-SMB,SMB Advantage Price List,SMB,INR,VAR-0386,167939.10,5,2026-01-01,2026-12-31,ACTIVE
PL-SMB,SMB Advantage Price List,SMB,INR,VAR-0387,183122.00,5,2026-01-01,2026-12-31,ACTIVE
PL-SMB,SMB Advantage Price List,SMB,INR,VAR-0388,132126.00,5,2026-01-01,2026-12-31,ACTIVE
PL-SMB,SMB Advantage Price List,SMB,INR,VAR-0389,90402.00,5,2026-01-01,2026-12-31,ACTIVE
PL-SMB,SMB Advantage Price List,SMB,INR,VAR-0390,105469.00,5,2026-01-01,2026-12-31,ACTIVE
PL-SMB,SMB Advantage Price List,SMB,INR,VAR-0391,130967.00,5,2026-01-01,2026-12-31,ACTIVE
PL-SMB,SMB Advantage Price List,SMB,INR,VAR-0392,150670.00,5,2026-01-01,2026-12-31,ACTIVE
PL-SMB,SMB Advantage Price List,SMB,INR,VAR-0393,71858.00,5,2026-01-01,2026-12-31,ACTIVE
PL-SMB,SMB Advantage Price List,SMB,INR,VAR-0394,77653.00,5,2026-01-01,2026-12-31,ACTIVE
PL-SMB,SMB Advantage Price List,SMB,INR,VAR-0395,85766.00,5,2026-01-01,2026-12-31,ACTIVE
PL-SMB,SMB Advantage Price List,SMB,INR,VAR-0396,113582.00,5,2026-01-01,2026-12-31,ACTIVE
PL-SMB,SMB Advantage Price List,SMB,INR,VAR-0397,155306.00,5,2026-01-01,2026-12-31,ACTIVE
PL-SMB,SMB Advantage Price List,SMB,INR,VAR-0398,173850.00,5,2026-01-01,2026-12-31,ACTIVE
PL-SMB,SMB Advantage Price List,SMB,INR,VAR-0399,108946.00,5,2026-01-01,2026-12-31,ACTIVE
PL-SMB,SMB Advantage Price List,SMB,INR,VAR-0400,75335.00,5,2026-01-01,2026-12-31,ACTIVE
PL-SMB,SMB Advantage Price List,SMB,INR,VAR-0401,81130.00,5,2026-01-01,2026-12-31,ACTIVE
PL-SMB,SMB Advantage Price List,SMB,INR,VAR-0402,272365.00,5,2026-01-01,2026-12-31,ACTIVE
PL-SMB,SMB Advantage Price List,SMB,INR,VAR-0403,361608.00,5,2026-01-01,2026-12-31,ACTIVE
PL-SMB,SMB Advantage Price List,SMB,INR,VAR-0404,196914.10,5,2026-01-01,2026-12-31,ACTIVE
PL-SMB,SMB Advantage Price List,SMB,INR,VAR-0405,121695.00,5,2026-01-01,2026-12-31,ACTIVE
PL-SMB,SMB Advantage Price List,SMB,INR,VAR-0406,159942.00,5,2026-01-01,2026-12-31,ACTIVE
PL-SMB,SMB Advantage Price List,SMB,INR,VAR-0407,79971.00,5,2026-01-01,2026-12-31,ACTIVE
PL-SMB,SMB Advantage Price List,SMB,INR,VAR-0408,150668.84,5,2026-01-01,2026-12-31,ACTIVE
PL-SMB,SMB Advantage Price List,SMB,INR,VAR-0409,188915.84,5,2026-01-01,2026-12-31,ACTIVE
PL-SMB,SMB Advantage Price List,SMB,INR,VAR-0410,258455.84,5,2026-01-01,2026-12-31,ACTIVE
PL-SMB,SMB Advantage Price List,SMB,INR,VAR-0411,67222.00,5,2026-01-01,2026-12-31,ACTIVE
PL-SMB,SMB Advantage Price List,SMB,INR,VAR-0412,70699.00,5,2026-01-01,2026-12-31,ACTIVE
PL-SMB,SMB Advantage Price List,SMB,INR,VAR-0413,53314.00,5,2026-01-01,2026-12-31,ACTIVE
PL-SMB,SMB Advantage Price List,SMB,INR,VAR-0414,54473.00,5,2026-01-01,2026-12-31,ACTIVE
PL-SMB,SMB Advantage Price List,SMB,INR,VAR-0415,136762.00,5,2026-01-01,2026-12-31,ACTIVE
PL-SMB,SMB Advantage Price List,SMB,INR,VAR-0416,292068.00,5,2026-01-01,2026-12-31,ACTIVE
PL-SMB,SMB Advantage Price List,SMB,INR,VAR-0417,96197.00,5,2026-01-01,2026-12-31,ACTIVE
PL-SMB,SMB Advantage Price List,SMB,INR,VAR-0418,113582.00,5,2026-01-01,2026-12-31,ACTIVE
PL-SMB,SMB Advantage Price List,SMB,INR,VAR-0419,67222.00,5,2026-01-01,2026-12-31,ACTIVE
PL-SMB,SMB Advantage Price List,SMB,INR,VAR-0420,71858.00,5,2026-01-01,2026-12-31,ACTIVE
PL-SMB,SMB Advantage Price List,SMB,INR,VAR-0421,77653.00,5,2026-01-01,2026-12-31,ACTIVE
PL-SMB,SMB Advantage Price List,SMB,INR,VAR-0422,95038.00,5,2026-01-01,2026-12-31,ACTIVE
PL-SMB,SMB Advantage Price List,SMB,INR,VAR-0423,86925.00,5,2026-01-01,2026-12-31,ACTIVE
PL-SMB,SMB Advantage Price List,SMB,INR,VAR-0424,63745.00,5,2026-01-01,2026-12-31,ACTIVE
PL-SMB,SMB Advantage Price List,SMB,INR,VAR-0425,75335.00,5,2026-01-01,2026-12-31,ACTIVE
PL-SMB,SMB Advantage Price List,SMB,INR,VAR-0426,90402.00,5,2026-01-01,2026-12-31,ACTIVE
PL-SMB,SMB Advantage Price List,SMB,INR,VAR-0427,57950.00,5,2026-01-01,2026-12-31,ACTIVE
PL-SMB,SMB Advantage Price List,SMB,INR,VAR-0428,89243.00,5,2026-01-01,2026-12-31,ACTIVE
PL-SMB,SMB Advantage Price List,SMB,INR,VAR-0429,62586.00,5,2026-01-01,2026-12-31,ACTIVE
PL-SMB,SMB Advantage Price List,SMB,INR,VAR-0430,81130.00,5,2026-01-01,2026-12-31,ACTIVE
PL-SMB,SMB Advantage Price List,SMB,INR,VAR-0431,86925.00,5,2026-01-01,2026-12-31,ACTIVE
PL-SMB,SMB Advantage Price List,SMB,INR,VAR-0432,91561.00,5,2026-01-01,2026-12-31,ACTIVE
PL-SMB,SMB Advantage Price List,SMB,INR,VAR-0433,136762.00,5,2026-01-01,2026-12-31,ACTIVE
PL-SMB,SMB Advantage Price List,SMB,INR,VAR-0434,69424.10,5,2026-01-01,2026-12-31,ACTIVE
PL-SMB,SMB Advantage Price List,SMB,INR,VAR-0435,150554.10,5,2026-01-01,2026-12-31,ACTIVE
PL-SMB,SMB Advantage Price List,SMB,INR,VAR-0436,243274.10,5,2026-01-01,2026-12-31,ACTIVE
PL-SMB,SMB Advantage Price List,SMB,INR,VAR-0437,480869.10,5,2026-01-01,2026-12-31,ACTIVE
PL-SMB,SMB Advantage Price List,SMB,INR,VAR-0438,156349.10,5,2026-01-01,2026-12-31,ACTIVE
PL-SMB,SMB Advantage Price List,SMB,INR,VAR-0439,61427.00,5,2026-01-01,2026-12-31,ACTIVE
PL-SMB,SMB Advantage Price List,SMB,INR,VAR-0440,82289.00,5,2026-01-01,2026-12-31,ACTIVE
PL-SMB,SMB Advantage Price List,SMB,INR,VAR-0441,56791.00,5,2026-01-01,2026-12-31,ACTIVE
PL-SMB,SMB Advantage Price List,SMB,INR,VAR-0442,54473.00,5,2026-01-01,2026-12-31,ACTIVE
PL-SMB,SMB Advantage Price List,SMB,INR,VAR-0443,45201.00,5,2026-01-01,2026-12-31,ACTIVE
PL-SMB,SMB Advantage Price List,SMB,INR,VAR-0444,47519.00,5,2026-01-01,2026-12-31,ACTIVE
PL-SMB,SMB Advantage Price List,SMB,INR,VAR-0445,67222.00,5,2026-01-01,2026-12-31,ACTIVE
PL-SMB,SMB Advantage Price List,SMB,INR,VAR-0446,64904.00,5,2026-01-01,2026-12-31,ACTIVE
PL-SMB,SMB Advantage Price List,SMB,INR,VAR-0447,95038.00,5,2026-01-01,2026-12-31,ACTIVE
PL-SMB,SMB Advantage Price List,SMB,INR,VAR-0448,78812.00,5,2026-01-01,2026-12-31,ACTIVE
PL-SMB,SMB Advantage Price List,SMB,INR,VAR-0449,71858.00,5,2026-01-01,2026-12-31,ACTIVE
PL-SMB,SMB Advantage Price List,SMB,INR,VAR-0450,84607.00,5,2026-01-01,2026-12-31,ACTIVE
PL-SMB,SMB Advantage Price List,SMB,INR,VAR-0451,63745.00,5,2026-01-01,2026-12-31,ACTIVE
PL-SMB,SMB Advantage Price List,SMB,INR,VAR-0452,121695.00,5,2026-01-01,2026-12-31,ACTIVE
PL-SMB,SMB Advantage Price List,SMB,INR,VAR-0453,59109.00,5,2026-01-01,2026-12-31,ACTIVE
PL-SMB,SMB Advantage Price List,SMB,INR,VAR-0454,152131.50,5,2026-01-01,2026-12-31,ACTIVE
PL-SMB,SMB Advantage Price List,SMB,INR,VAR-0455,255271.50,5,2026-01-01,2026-12-31,ACTIVE
PL-SMB,SMB Advantage Price List,SMB,INR,VAR-0456,433188.00,5,2026-01-01,2026-12-31,ACTIVE
PL-SMB,SMB Advantage Price List,SMB,INR,VAR-0457,136660.50,5,2026-01-01,2026-12-31,ACTIVE
PL-SMB,SMB Advantage Price List,SMB,INR,VAR-0458,526014.00,5,2026-01-01,2026-12-31,ACTIVE
PL-SMB,SMB Advantage Price List,SMB,INR,VAR-0459,127635.75,5,2026-01-01,2026-12-31,ACTIVE
PL-SMB,SMB Advantage Price List,SMB,INR,VAR-0460,162445.50,5,2026-01-01,2026-12-31,ACTIVE
PL-SMB,SMB Advantage Price List,SMB,INR,VAR-0461,301684.50,5,2026-01-01,2026-12-31,ACTIVE
PL-SMB,SMB Advantage Price List,SMB,INR,VAR-0462,448659.00,5,2026-01-01,2026-12-31,ACTIVE
PL-SMB,SMB Advantage Price List,SMB,INR,VAR-0463,742608.00,5,2026-01-01,2026-12-31,ACTIVE
PL-SMB,SMB Advantage Price List,SMB,INR,VAR-0464,132792.75,5,2026-01-01,2026-12-31,ACTIVE
PL-SMB,SMB Advantage Price List,SMB,INR,VAR-0465,141817.50,5,2026-01-01,2026-12-31,ACTIVE
PL-SMB,SMB Advantage Price List,SMB,INR,VAR-0466,170181.00,5,2026-01-01,2026-12-31,ACTIVE
PL-SMB,SMB Advantage Price List,SMB,INR,VAR-0467,286213.50,5,2026-01-01,2026-12-31,ACTIVE
PL-SMB,SMB Advantage Price List,SMB,INR,VAR-0468,495072.00,5,2026-01-01,2026-12-31,ACTIVE
PL-SMB,SMB Advantage Price List,SMB,INR,VAR-0469,711666.00,5,2026-01-01,2026-12-31,ACTIVE
PL-SMB,SMB Advantage Price List,SMB,INR,VAR-0470,941023.57,5,2026-01-01,2026-12-31,ACTIVE
PL-SMB,SMB Advantage Price List,SMB,INR,VAR-0471,1005486.07,5,2026-01-01,2026-12-31,ACTIVE
PL-SMB,SMB Advantage Price List,SMB,INR,VAR-0472,324891.00,5,2026-01-01,2026-12-31,ACTIVE
PL-SMB,SMB Advantage Price List,SMB,INR,VAR-0473,224329.50,5,2026-01-01,2026-12-31,ACTIVE
PL-SMB,SMB Advantage Price List,SMB,INR,VAR-0474,121189.50,5,2026-01-01,2026-12-31,ACTIVE
PL-SMB,SMB Advantage Price List,SMB,INR,VAR-0475,114743.25,5,2026-01-01,2026-12-31,ACTIVE
PL-SMB,SMB Advantage Price List,SMB,INR,VAR-0476,122478.75,5,2026-01-01,2026-12-31,ACTIVE
PL-SMB,SMB Advantage Price List,SMB,INR,VAR-0477,348097.50,5,2026-01-01,2026-12-31,ACTIVE
PL-SMB,SMB Advantage Price List,SMB,INR,VAR-0478,306841.50,5,2026-01-01,2026-12-31,ACTIVE
PL-SMB,SMB Advantage Price List,SMB,INR,VAR-0479,208858.50,5,2026-01-01,2026-12-31,ACTIVE
PL-SMB,SMB Advantage Price List,SMB,INR,VAR-0480,198544.50,5,2026-01-01,2026-12-31,ACTIVE
PL-SMB,SMB Advantage Price List,SMB,INR,VAR-0481,148263.75,5,2026-01-01,2026-12-31,ACTIVE
PL-SMB,SMB Advantage Price List,SMB,INR,VAR-0482,417717.00,5,2026-01-01,2026-12-31,ACTIVE
PL-SMB,SMB Advantage Price List,SMB,INR,VAR-0483,177916.50,5,2026-01-01,2026-12-31,ACTIVE
PL-SMB,SMB Advantage Price List,SMB,INR,VAR-0484,182787.00,5,2026-01-01,2026-12-31,ACTIVE
PL-SMB,SMB Advantage Price List,SMB,INR,VAR-0485,240946.50,5,2026-01-01,2026-12-31,ACTIVE
PL-SMB,SMB Advantage Price List,SMB,INR,VAR-0486,324031.50,5,2026-01-01,2026-12-31,ACTIVE
PL-SMB,SMB Advantage Price List,SMB,INR,VAR-0487,398808.00,5,2026-01-01,2026-12-31,ACTIVE
PL-SMB,SMB Advantage Price List,SMB,INR,VAR-0488,531744.00,5,2026-01-01,2026-12-31,ACTIVE
PL-SMB,SMB Advantage Price List,SMB,INR,VAR-0489,697914.00,5,2026-01-01,2026-12-31,ACTIVE
PL-SMB,SMB Advantage Price List,SMB,INR,VAR-0490,598212.00,5,2026-01-01,2026-12-31,ACTIVE
PL-SMB,SMB Advantage Price List,SMB,INR,VAR-0491,1196424.00,5,2026-01-01,2026-12-31,ACTIVE
PL-SMB,SMB Advantage Price List,SMB,INR,VAR-0492,1628466.00,5,2026-01-01,2026-12-31,ACTIVE
PL-SMB,SMB Advantage Price List,SMB,INR,VAR-0493,196634.50,5,2026-01-01,2026-12-31,ACTIVE
PL-SMB,SMB Advantage Price List,SMB,INR,VAR-0494,299106.00,5,2026-01-01,2026-12-31,ACTIVE
PL-SMB,SMB Advantage Price List,SMB,INR,VAR-0495,548361.00,5,2026-01-01,2026-12-31,ACTIVE
PL-SMB,SMB Advantage Price List,SMB,INR,VAR-0496,722839.50,5,2026-01-01,2026-12-31,ACTIVE
PL-SMB,SMB Advantage Price List,SMB,INR,VAR-0497,747765.00,5,2026-01-01,2026-12-31,ACTIVE
PL-SMB,SMB Advantage Price List,SMB,INR,VAR-0498,481893.00,5,2026-01-01,2026-12-31,ACTIVE
PL-SMB,SMB Advantage Price List,SMB,INR,VAR-0499,1296126.00,5,2026-01-01,2026-12-31,ACTIVE
PL-SMB,SMB Advantage Price List,SMB,INR,VAR-0500,186941.25,5,2026-01-01,2026-12-31,ACTIVE
PL-SMB,SMB Advantage Price List,SMB,INR,VAR-0501,523435.50,5,2026-01-01,2026-12-31,ACTIVE
PL-SMB,SMB Advantage Price List,SMB,INR,VAR-0502,681297.00,5,2026-01-01,2026-12-31,ACTIVE
PL-SMB,SMB Advantage Price List,SMB,INR,VAR-0503,564978.00,5,2026-01-01,2026-12-31,ACTIVE
PL-SMB,SMB Advantage Price List,SMB,INR,VAR-0504,1229658.00,5,2026-01-01,2026-12-31,ACTIVE
PL-SMB,SMB Advantage Price List,SMB,INR,VAR-0505,382191.00,5,2026-01-01,2026-12-31,ACTIVE
PL-SMB,SMB Advantage Price List,SMB,INR,VAR-0506,573286.50,5,2026-01-01,2026-12-31,ACTIVE
PL-SMB,SMB Advantage Price List,SMB,INR,VAR-0507,739456.50,5,2026-01-01,2026-12-31,ACTIVE
PL-SMB,SMB Advantage Price List,SMB,INR,VAR-0508,137090.25,5,2026-01-01,2026-12-31,ACTIVE
PL-SMB,SMB Advantage Price List,SMB,INR,VAR-0509,207712.50,5,2026-01-01,2026-12-31,ACTIVE
PL-SMB,SMB Advantage Price List,SMB,INR,VAR-0510,432042.00,5,2026-01-01,2026-12-31,ACTIVE
PL-SMB,SMB Advantage Price List,SMB,INR,VAR-0511,224329.50,5,2026-01-01,2026-12-31,ACTIVE
PL-SMB,SMB Advantage Price List,SMB,INR,VAR-0512,581595.00,5,2026-01-01,2026-12-31,ACTIVE
PL-SMB,SMB Advantage Price List,SMB,INR,VAR-0513,764382.00,5,2026-01-01,2026-12-31,ACTIVE
PL-SMB,SMB Advantage Price List,SMB,INR,VAR-0514,465276.00,5,2026-01-01,2026-12-31,ACTIVE
PL-SMB,SMB Advantage Price List,SMB,INR,VAR-0515,780999.00,5,2026-01-01,2026-12-31,ACTIVE
PL-SMB,SMB Advantage Price List,SMB,INR,VAR-0516,1572312.00,5,2026-01-01,2026-12-31,ACTIVE
PL-SMB,SMB Advantage Price List,SMB,INR,VAR-0517,2647260.00,5,2026-01-01,2026-12-31,ACTIVE
PL-SMB,SMB Advantage Price List,SMB,INR,VAR-0518,3930780.00,5,2026-01-01,2026-12-31,ACTIVE
PL-SMB,SMB Advantage Price List,SMB,INR,VAR-0519,834288.00,5,2026-01-01,2026-12-31,ACTIVE
PL-SMB,SMB Advantage Price List,SMB,INR,VAR-0520,1508136.00,5,2026-01-01,2026-12-31,ACTIVE
PL-SMB,SMB Advantage Price List,SMB,INR,VAR-0521,770112.00,5,2026-01-01,2026-12-31,ACTIVE
PL-SMB,SMB Advantage Price List,SMB,INR,VAR-0522,2968140.00,5,2026-01-01,2026-12-31,ACTIVE
PL-SMB,SMB Advantage Price List,SMB,INR,VAR-0523,2326380.00,5,2026-01-01,2026-12-31,ACTIVE
PL-SMB,SMB Advantage Price List,SMB,INR,VAR-0524,3529680.00,5,2026-01-01,2026-12-31,ACTIVE
PL-SMB,SMB Advantage Price List,SMB,INR,VAR-0525,1427916.00,5,2026-01-01,2026-12-31,ACTIVE
PL-SMB,SMB Advantage Price List,SMB,INR,VAR-0526,673848.00,5,2026-01-01,2026-12-31,ACTIVE
PL-SMB,SMB Advantage Price List,SMB,INR,VAR-0527,264726.00,5,2026-01-01,2026-12-31,ACTIVE
PL-SMB,SMB Advantage Price List,SMB,INR,VAR-0528,473298.00,5,2026-01-01,2026-12-31,ACTIVE
PL-SMB,SMB Advantage Price List,SMB,INR,VAR-0529,705936.00,5,2026-01-01,2026-12-31,ACTIVE
PL-SMB,SMB Advantage Price List,SMB,INR,VAR-0530,141722.00,5,2026-01-01,2026-12-31,ACTIVE
PL-SMB,SMB Advantage Price List,SMB,INR,VAR-0531,377034.00,5,2026-01-01,2026-12-31,ACTIVE
PL-SMB,SMB Advantage Price List,SMB,INR,VAR-0532,609672.00,5,2026-01-01,2026-12-31,ACTIVE
PL-SMB,SMB Advantage Price List,SMB,INR,VAR-0533,465276.00,5,2026-01-01,2026-12-31,ACTIVE
PL-SMB,SMB Advantage Price List,SMB,INR,VAR-0534,151081.00,5,2026-01-01,2026-12-31,ACTIVE
PL-SMB,SMB Advantage Price List,SMB,INR,VAR-0535,1155168.00,5,2026-01-01,2026-12-31,ACTIVE
PL-SMB,SMB Advantage Price List,SMB,INR,VAR-0536,1845060.00,5,2026-01-01,2026-12-31,ACTIVE
PL-SMB,SMB Advantage Price List,SMB,INR,VAR-0537,312858.00,5,2026-01-01,2026-12-31,ACTIVE
PL-SMB,SMB Advantage Price List,SMB,INR,VAR-0538,147070.00,5,2026-01-01,2026-12-31,ACTIVE
PL-SMB,SMB Advantage Price List,SMB,INR,VAR-0539,232638.00,5,2026-01-01,2026-12-31,ACTIVE
PL-SMB,SMB Advantage Price List,SMB,INR,VAR-0540,179158.00,5,2026-01-01,2026-12-31,ACTIVE
PL-SMB,SMB Advantage Price List,SMB,INR,VAR-0541,171000.00,5,2026-01-01,2026-12-31,ACTIVE
PL-SMB,SMB Advantage Price List,SMB,INR,VAR-0542,253080.00,5,2026-01-01,2026-12-31,ACTIVE
PL-SMB,SMB Advantage Price List,SMB,INR,VAR-0543,328320.00,5,2026-01-01,2026-12-31,ACTIVE
PL-SMB,SMB Advantage Price List,SMB,INR,VAR-0544,437760.00,5,2026-01-01,2026-12-31,ACTIVE
PL-SMB,SMB Advantage Price List,SMB,INR,VAR-0545,930240.00,5,2026-01-01,2026-12-31,ACTIVE
PL-SMB,SMB Advantage Price List,SMB,INR,VAR-0546,1299600.00,5,2026-01-01,2026-12-31,ACTIVE
PL-SMB,SMB Advantage Price List,SMB,INR,VAR-0547,150480.00,5,2026-01-01,2026-12-31,ACTIVE
PL-SMB,SMB Advantage Price List,SMB,INR,VAR-0548,239400.00,5,2026-01-01,2026-12-31,ACTIVE
PL-SMB,SMB Advantage Price List,SMB,INR,VAR-0549,403560.00,5,2026-01-01,2026-12-31,ACTIVE
PL-SMB,SMB Advantage Price List,SMB,INR,VAR-0550,107160.00,5,2026-01-01,2026-12-31,ACTIVE
PL-SMB,SMB Advantage Price List,SMB,INR,VAR-0551,157320.00,5,2026-01-01,2026-12-31,ACTIVE
PL-SMB,SMB Advantage Price List,SMB,INR,VAR-0552,243960.00,5,2026-01-01,2026-12-31,ACTIVE
PL-SMB,SMB Advantage Price List,SMB,INR,VAR-0553,389880.00,5,2026-01-01,2026-12-31,ACTIVE
PL-SMB,SMB Advantage Price List,SMB,INR,VAR-0554,533520.00,5,2026-01-01,2026-12-31,ACTIVE
PL-SMB,SMB Advantage Price List,SMB,INR,VAR-0555,51984.00,5,2026-01-01,2026-12-31,ACTIVE
PL-SMB,SMB Advantage Price List,SMB,INR,VAR-0556,79344.00,5,2026-01-01,2026-12-31,ACTIVE
PL-SMB,SMB Advantage Price List,SMB,INR,VAR-0557,84816.00,5,2026-01-01,2026-12-31,ACTIVE
PL-SMB,SMB Advantage Price List,SMB,INR,VAR-0558,57456.00,5,2026-01-01,2026-12-31,ACTIVE
PL-SMB,SMB Advantage Price List,SMB,INR,VAR-0559,101232.00,5,2026-01-01,2026-12-31,ACTIVE
PL-SMB,SMB Advantage Price List,SMB,INR,VAR-0560,84816.00,5,2026-01-01,2026-12-31,ACTIVE
PL-SMB,SMB Advantage Price List,SMB,INR,VAR-0561,19152.00,5,2026-01-01,2026-12-31,ACTIVE
PL-SMB,SMB Advantage Price List,SMB,INR,VAR-0562,35568.00,5,2026-01-01,2026-12-31,ACTIVE
PL-SMB,SMB Advantage Price List,SMB,INR,VAR-0563,112176.00,5,2026-01-01,2026-12-31,ACTIVE
PL-SMB,SMB Advantage Price List,SMB,INR,VAR-0564,225720.00,5,2026-01-01,2026-12-31,ACTIVE
PL-SMB,SMB Advantage Price List,SMB,INR,VAR-0565,348840.00,5,2026-01-01,2026-12-31,ACTIVE
PL-SMB,SMB Advantage Price List,SMB,INR,VAR-0566,79344.00,5,2026-01-01,2026-12-31,ACTIVE
PL-SMB,SMB Advantage Price List,SMB,INR,VAR-0567,134064.00,5,2026-01-01,2026-12-31,ACTIVE
PL-SMB,SMB Advantage Price List,SMB,INR,VAR-0568,266760.00,5,2026-01-01,2026-12-31,ACTIVE
PL-SMB,SMB Advantage Price List,SMB,INR,VAR-0569,43776.00,5,2026-01-01,2026-12-31,ACTIVE
PL-SMB,SMB Advantage Price List,SMB,INR,VAR-0570,60192.00,5,2026-01-01,2026-12-31,ACTIVE
PL-SMB,SMB Advantage Price List,SMB,INR,VAR-0571,38304.00,5,2026-01-01,2026-12-31,ACTIVE
PL-SMB,SMB Advantage Price List,SMB,INR,VAR-0572,21888.00,5,2026-01-01,2026-12-31,ACTIVE
PL-SMB,SMB Advantage Price List,SMB,INR,VAR-0573,34200.00,5,2026-01-01,2026-12-31,ACTIVE
PL-SMB,SMB Advantage Price List,SMB,INR,VAR-0574,129960.00,5,2026-01-01,2026-12-31,ACTIVE
PL-SMB,SMB Advantage Price List,SMB,INR,VAR-0575,98496.00,5,2026-01-01,2026-12-31,ACTIVE
PL-SMB,SMB Advantage Price List,SMB,INR,VAR-0576,67070.00,5,2026-01-01,2026-12-31,ACTIVE
PL-SMB,SMB Advantage Price List,SMB,INR,VAR-0577,89870.00,5,2026-01-01,2026-12-31,ACTIVE
PL-SMB,SMB Advantage Price List,SMB,INR,VAR-0578,112670.00,5,2026-01-01,2026-12-31,ACTIVE
PL-SMB,SMB Advantage Price List,SMB,INR,VAR-0579,149150.00,5,2026-01-01,2026-12-31,ACTIVE
PL-SMB,SMB Advantage Price List,SMB,INR,VAR-0580,246050.00,5,2026-01-01,2026-12-31,ACTIVE
PL-SMB,SMB Advantage Price List,SMB,INR,VAR-0581,411350.00,5,2026-01-01,2026-12-31,ACTIVE
PL-SMB,SMB Advantage Price List,SMB,INR,VAR-0582,764750.00,5,2026-01-01,2026-12-31,ACTIVE
PL-SMB,SMB Advantage Price List,SMB,INR,VAR-0583,124070.00,5,2026-01-01,2026-12-31,ACTIVE
PL-SMB,SMB Advantage Price List,SMB,INR,VAR-0584,189050.00,5,2026-01-01,2026-12-31,ACTIVE
PL-SMB,SMB Advantage Price List,SMB,INR,VAR-0585,263150.00,5,2026-01-01,2026-12-31,ACTIVE
PL-SMB,SMB Advantage Price List,SMB,INR,VAR-0586,342950.00,5,2026-01-01,2026-12-31,ACTIVE
PL-SMB,SMB Advantage Price List,SMB,INR,VAR-0587,684950.00,5,2026-01-01,2026-12-31,ACTIVE
PL-SMB,SMB Advantage Price List,SMB,INR,VAR-0588,1140950.00,5,2026-01-01,2026-12-31,ACTIVE
PL-SMB,SMB Advantage Price List,SMB,INR,VAR-0589,78470.00,5,2026-01-01,2026-12-31,ACTIVE
PL-SMB,SMB Advantage Price List,SMB,INR,VAR-0590,108110.00,5,2026-01-01,2026-12-31,ACTIVE
PL-SMB,SMB Advantage Price List,SMB,INR,VAR-0591,206150.00,5,2026-01-01,2026-12-31,ACTIVE
PL-SMB,SMB Advantage Price List,SMB,INR,VAR-0592,297350.00,5,2026-01-01,2026-12-31,ACTIVE
PL-SMB,SMB Advantage Price List,SMB,INR,VAR-0593,456950.00,5,2026-01-01,2026-12-31,ACTIVE
PL-SMB,SMB Advantage Price List,SMB,INR,VAR-0594,105830.00,5,2026-01-01,2026-12-31,ACTIVE
PL-SMB,SMB Advantage Price List,SMB,INR,VAR-0595,166250.00,5,2026-01-01,2026-12-31,ACTIVE
PL-SMB,SMB Advantage Price List,SMB,INR,VAR-0596,263150.00,5,2026-01-01,2026-12-31,ACTIVE
PL-SMB,SMB Advantage Price List,SMB,INR,VAR-0597,101270.00,5,2026-01-01,2026-12-31,ACTIVE
PL-SMB,SMB Advantage Price List,SMB,INR,VAR-0598,200450.00,5,2026-01-01,2026-12-31,ACTIVE
PL-SMB,SMB Advantage Price List,SMB,INR,VAR-0599,388550.00,5,2026-01-01,2026-12-31,ACTIVE
PL-SMB,SMB Advantage Price List,SMB,INR,VAR-0600,1072550.00,5,2026-01-01,2026-12-31,ACTIVE
PL-SMB,SMB Advantage Price List,SMB,INR,VAR-0601,17385.00,5,2026-01-01,2026-12-31,ACTIVE
PL-SMB,SMB Advantage Price List,SMB,INR,VAR-0602,22515.00,5,2026-01-01,2026-12-31,ACTIVE
PL-SMB,SMB Advantage Price List,SMB,INR,VAR-0603,25365.00,5,2026-01-01,2026-12-31,ACTIVE
PL-SMB,SMB Advantage Price List,SMB,INR,VAR-0604,39615.00,5,2026-01-01,2026-12-31,ACTIVE
PL-SMB,SMB Advantage Price List,SMB,INR,VAR-0605,58995.00,5,2026-01-01,2026-12-31,ACTIVE
PL-SMB,SMB Advantage Price List,SMB,INR,VAR-0606,74955.00,5,2026-01-01,2026-12-31,ACTIVE
PL-SMB,SMB Advantage Price List,SMB,INR,VAR-0607,81795.00,5,2026-01-01,2026-12-31,ACTIVE
PL-SMB,SMB Advantage Price List,SMB,INR,VAR-0608,115995.00,5,2026-01-01,2026-12-31,ACTIVE
PL-SMB,SMB Advantage Price List,SMB,INR,VAR-0609,146775.00,5,2026-01-01,2026-12-31,ACTIVE
PL-SMB,SMB Advantage Price List,SMB,INR,VAR-0610,37335.00,5,2026-01-01,2026-12-31,ACTIVE
PL-SMB,SMB Advantage Price List,SMB,INR,VAR-0611,56715.00,5,2026-01-01,2026-12-31,ACTIVE
PL-SMB,SMB Advantage Price List,SMB,INR,VAR-0612,52155.00,5,2026-01-01,2026-12-31,ACTIVE
PL-SMB,SMB Advantage Price List,SMB,INR,VAR-0613,109155.00,5,2026-01-01,2026-12-31,ACTIVE
PL-SMB,SMB Advantage Price List,SMB,INR,VAR-0614,138795.00,5,2026-01-01,2026-12-31,ACTIVE
PL-SMB,SMB Advantage Price List,SMB,INR,VAR-0615,17955.00,5,2026-01-01,2026-12-31,ACTIVE
PL-SMB,SMB Advantage Price List,SMB,INR,VAR-0616,29355.00,5,2026-01-01,2026-12-31,ACTIVE
PL-SMB,SMB Advantage Price List,SMB,INR,VAR-0617,54435.00,5,2026-01-01,2026-12-31,ACTIVE
PL-SMB,SMB Advantage Price List,SMB,INR,VAR-0618,77235.00,5,2026-01-01,2026-12-31,ACTIVE
PL-SMB,SMB Advantage Price List,SMB,INR,VAR-0619,16587.00,5,2026-01-01,2026-12-31,ACTIVE
PL-SMB,SMB Advantage Price List,SMB,INR,VAR-0620,33915.00,5,2026-01-01,2026-12-31,ACTIVE
PL-SMB,SMB Advantage Price List,SMB,INR,VAR-0621,60135.00,5,2026-01-01,2026-12-31,ACTIVE
PL-SMB,SMB Advantage Price List,SMB,INR,VAR-0622,70395.00,5,2026-01-01,2026-12-31,ACTIVE
PL-SMB,SMB Advantage Price List,SMB,INR,VAR-0623,43035.00,5,2026-01-01,2026-12-31,ACTIVE
PL-SMB,SMB Advantage Price List,SMB,INR,VAR-0624,81795.00,5,2026-01-01,2026-12-31,ACTIVE
PL-SMB,SMB Advantage Price List,SMB,INR,VAR-0625,45315.00,5,2026-01-01,2026-12-31,ACTIVE
PL-SMB,SMB Advantage Price List,SMB,INR,VAR-0626,131955.00,5,2026-01-01,2026-12-31,ACTIVE
PL-SMB,SMB Advantage Price List,SMB,INR,VAR-0627,48735.00,5,2026-01-01,2026-12-31,ACTIVE
PL-SMB,SMB Advantage Price List,SMB,INR,VAR-0628,68115.00,5,2026-01-01,2026-12-31,ACTIVE
PL-SMB,SMB Advantage Price List,SMB,INR,VAR-0629,26505.00,5,2026-01-01,2026-12-31,ACTIVE
PL-SMB,SMB Advantage Price List,SMB,INR,VAR-0630,28215.00,5,2026-01-01,2026-12-31,ACTIVE
PL-SMB,SMB Advantage Price List,SMB,INR,VAR-0631,90915.00,5,2026-01-01,2026-12-31,ACTIVE
PL-SMB,SMB Advantage Price List,SMB,INR,VAR-0632,23085.00,5,2026-01-01,2026-12-31,ACTIVE
PL-SMB,SMB Advantage Price List,SMB,INR,VAR-0633,74480.00,5,2026-01-01,2026-12-31,ACTIVE
PL-SMB,SMB Advantage Price List,SMB,INR,VAR-0634,108680.00,5,2026-01-01,2026-12-31,ACTIVE
PL-SMB,SMB Advantage Price List,SMB,INR,VAR-0635,138320.00,5,2026-01-01,2026-12-31,ACTIVE
PL-SMB,SMB Advantage Price List,SMB,INR,VAR-0636,226100.00,5,2026-01-01,2026-12-31,ACTIVE
PL-SMB,SMB Advantage Price List,SMB,INR,VAR-0637,271700.00,5,2026-01-01,2026-12-31,ACTIVE
PL-SMB,SMB Advantage Price List,SMB,INR,VAR-0638,437000.00,5,2026-01-01,2026-12-31,ACTIVE
PL-SMB,SMB Advantage Price List,SMB,INR,VAR-0639,81320.00,5,2026-01-01,2026-12-31,ACTIVE
PL-SMB,SMB Advantage Price List,SMB,INR,VAR-0640,133760.00,5,2026-01-01,2026-12-31,ACTIVE
PL-SMB,SMB Advantage Price List,SMB,INR,VAR-0641,237500.00,5,2026-01-01,2026-12-31,ACTIVE
PL-SMB,SMB Advantage Price List,SMB,INR,VAR-0642,459800.00,5,2026-01-01,2026-12-31,ACTIVE
PL-SMB,SMB Advantage Price List,SMB,INR,VAR-0643,71060.00,5,2026-01-01,2026-12-31,ACTIVE
PL-SMB,SMB Advantage Price List,SMB,INR,VAR-0644,104120.00,5,2026-01-01,2026-12-31,ACTIVE
PL-SMB,SMB Advantage Price List,SMB,INR,VAR-0645,131480.00,5,2026-01-01,2026-12-31,ACTIVE
PL-SMB,SMB Advantage Price List,SMB,INR,VAR-0646,218120.00,5,2026-01-01,2026-12-31,ACTIVE
PL-SMB,SMB Advantage Price List,SMB,INR,VAR-0647,419900.00,5,2026-01-01,2026-12-31,ACTIVE
PL-SMB,SMB Advantage Price List,SMB,INR,VAR-0648,56240.00,5,2026-01-01,2026-12-31,ACTIVE
PL-SMB,SMB Advantage Price List,SMB,INR,VAR-0649,81320.00,5,2026-01-01,2026-12-31,ACTIVE
PL-SMB,SMB Advantage Price List,SMB,INR,VAR-0650,63080.00,5,2026-01-01,2026-12-31,ACTIVE
PL-SMB,SMB Advantage Price List,SMB,INR,VAR-0651,59660.00,5,2026-01-01,2026-12-31,ACTIVE
PL-SMB,SMB Advantage Price List,SMB,INR,VAR-0652,42560.00,5,2026-01-01,2026-12-31,ACTIVE
PL-ENT,Enterprise Preferred Price List,Enterprise,INR,VAR-0001,72980.00,20,2026-01-01,2026-12-31,ACTIVE
PL-ENT,Enterprise Preferred Price List,Enterprise,INR,VAR-0002,89000.00,20,2026-01-01,2026-12-31,ACTIVE
PL-ENT,Enterprise Preferred Price List,Enterprise,INR,VAR-0003,79210.00,20,2026-01-01,2026-12-31,ACTIVE
PL-ENT,Enterprise Preferred Price List,Enterprise,INR,VAR-0004,105020.00,20,2026-01-01,2026-12-31,ACTIVE
PL-ENT,Enterprise Preferred Price List,Enterprise,INR,VAR-0005,124600.00,20,2026-01-01,2026-12-31,ACTIVE
PL-ENT,Enterprise Preferred Price List,Enterprise,INR,VAR-0006,122820.00,20,2026-01-01,2026-12-31,ACTIVE
PL-ENT,Enterprise Preferred Price List,Enterprise,INR,VAR-0007,145070.00,20,2026-01-01,2026-12-31,ACTIVE
PL-ENT,Enterprise Preferred Price List,Enterprise,INR,VAR-0008,164650.00,20,2026-01-01,2026-12-31,ACTIVE
PL-ENT,Enterprise Preferred Price List,Enterprise,INR,VAR-0009,186900.00,20,2026-01-01,2026-12-31,ACTIVE
PL-ENT,Enterprise Preferred Price List,Enterprise,INR,VAR-0010,240300.00,20,2026-01-01,2026-12-31,ACTIVE
PL-ENT,Enterprise Preferred Price List,Enterprise,INR,VAR-0011,76540.00,20,2026-01-01,2026-12-31,ACTIVE
PL-ENT,Enterprise Preferred Price List,Enterprise,INR,VAR-0012,94340.00,20,2026-01-01,2026-12-31,ACTIVE
PL-ENT,Enterprise Preferred Price List,Enterprise,INR,VAR-0013,97900.00,20,2026-01-01,2026-12-31,ACTIVE
PL-ENT,Enterprise Preferred Price List,Enterprise,INR,VAR-0014,116590.00,20,2026-01-01,2026-12-31,ACTIVE
PL-ENT,Enterprise Preferred Price List,Enterprise,INR,VAR-0015,155750.00,20,2026-01-01,2026-12-31,ACTIVE
PL-ENT,Enterprise Preferred Price List,Enterprise,INR,VAR-0016,179780.00,20,2026-01-01,2026-12-31,ACTIVE
PL-ENT,Enterprise Preferred Price List,Enterprise,INR,VAR-0017,161980.00,20,2026-01-01,2026-12-31,ACTIVE
PL-ENT,Enterprise Preferred Price List,Enterprise,INR,VAR-0018,112140.00,20,2026-01-01,2026-12-31,ACTIVE
PL-ENT,Enterprise Preferred Price List,Enterprise,INR,VAR-0019,256320.00,20,2026-01-01,2026-12-31,ACTIVE
PL-ENT,Enterprise Preferred Price List,Enterprise,INR,VAR-0020,75650.00,20,2026-01-01,2026-12-31,ACTIVE
PL-ENT,Enterprise Preferred Price List,Enterprise,INR,VAR-0021,126380.00,20,2026-01-01,2026-12-31,ACTIVE
PL-ENT,Enterprise Preferred Price List,Enterprise,INR,VAR-0022,133500.00,20,2026-01-01,2026-12-31,ACTIVE
PL-ENT,Enterprise Preferred Price List,Enterprise,INR,VAR-0023,170880.00,20,2026-01-01,2026-12-31,ACTIVE
PL-ENT,Enterprise Preferred Price List,Enterprise,INR,VAR-0024,176220.00,20,2026-01-01,2026-12-31,ACTIVE
PL-ENT,Enterprise Preferred Price List,Enterprise,INR,VAR-0025,111161.00,20,2026-01-01,2026-12-31,ACTIVE
PL-ENT,Enterprise Preferred Price List,Enterprise,INR,VAR-0026,127181.00,20,2026-01-01,2026-12-31,ACTIVE
PL-ENT,Enterprise Preferred Price List,Enterprise,INR,VAR-0027,130000.00,20,2026-01-01,2026-12-31,ACTIVE
PL-ENT,Enterprise Preferred Price List,Enterprise,INR,VAR-0028,177911.00,20,2026-01-01,2026-12-31,ACTIVE
PL-ENT,Enterprise Preferred Price List,Enterprise,INR,VAR-0029,209061.00,20,2026-01-01,2026-12-31,ACTIVE
PL-ENT,Enterprise Preferred Price List,Enterprise,INR,VAR-0030,311411.00,20,2026-01-01,2026-12-31,ACTIVE
PL-ENT,Enterprise Preferred Price List,Enterprise,INR,VAR-0031,369261.00,20,2026-01-01,2026-12-31,ACTIVE
PL-ENT,Enterprise Preferred Price List,Enterprise,INR,VAR-0032,140620.00,20,2026-01-01,2026-12-31,ACTIVE
PL-ENT,Enterprise Preferred Price List,Enterprise,INR,VAR-0033,101460.00,20,2026-01-01,2026-12-31,ACTIVE
PL-ENT,Enterprise Preferred Price List,Enterprise,INR,VAR-0034,69420.00,20,2026-01-01,2026-12-31,ACTIVE
PL-ENT,Enterprise Preferred Price List,Enterprise,INR,VAR-0035,80990.00,20,2026-01-01,2026-12-31,ACTIVE
PL-ENT,Enterprise Preferred Price List,Enterprise,INR,VAR-0036,100570.00,20,2026-01-01,2026-12-31,ACTIVE
PL-ENT,Enterprise Preferred Price List,Enterprise,INR,VAR-0037,115700.00,20,2026-01-01,2026-12-31,ACTIVE
PL-ENT,Enterprise Preferred Price List,Enterprise,INR,VAR-0038,55180.00,20,2026-01-01,2026-12-31,ACTIVE
PL-ENT,Enterprise Preferred Price List,Enterprise,INR,VAR-0039,59630.00,20,2026-01-01,2026-12-31,ACTIVE
PL-ENT,Enterprise Preferred Price List,Enterprise,INR,VAR-0040,65860.00,20,2026-01-01,2026-12-31,ACTIVE
PL-ENT,Enterprise Preferred Price List,Enterprise,INR,VAR-0041,87220.00,20,2026-01-01,2026-12-31,ACTIVE
PL-ENT,Enterprise Preferred Price List,Enterprise,INR,VAR-0042,119260.00,20,2026-01-01,2026-12-31,ACTIVE
PL-ENT,Enterprise Preferred Price List,Enterprise,INR,VAR-0043,133500.00,20,2026-01-01,2026-12-31,ACTIVE
PL-ENT,Enterprise Preferred Price List,Enterprise,INR,VAR-0044,83660.00,20,2026-01-01,2026-12-31,ACTIVE
PL-ENT,Enterprise Preferred Price List,Enterprise,INR,VAR-0045,57850.00,20,2026-01-01,2026-12-31,ACTIVE
PL-ENT,Enterprise Preferred Price List,Enterprise,INR,VAR-0046,62300.00,20,2026-01-01,2026-12-31,ACTIVE
PL-ENT,Enterprise Preferred Price List,Enterprise,INR,VAR-0047,209150.00,20,2026-01-01,2026-12-31,ACTIVE
PL-ENT,Enterprise Preferred Price List,Enterprise,INR,VAR-0048,277680.00,20,2026-01-01,2026-12-31,ACTIVE
PL-ENT,Enterprise Preferred Price List,Enterprise,INR,VAR-0049,151211.00,20,2026-01-01,2026-12-31,ACTIVE
PL-ENT,Enterprise Preferred Price List,Enterprise,INR,VAR-0050,93450.00,20,2026-01-01,2026-12-31,ACTIVE
PL-ENT,Enterprise Preferred Price List,Enterprise,INR,VAR-0051,122820.00,20,2026-01-01,2026-12-31,ACTIVE
PL-ENT,Enterprise Preferred Price List,Enterprise,INR,VAR-0052,61410.00,20,2026-01-01,2026-12-31,ACTIVE
PL-ENT,Enterprise Preferred Price List,Enterprise,INR,VAR-0053,115699.11,20,2026-01-01,2026-12-31,ACTIVE
PL-ENT,Enterprise Preferred Price List,Enterprise,INR,VAR-0054,145069.11,20,2026-01-01,2026-12-31,ACTIVE
PL-ENT,Enterprise Preferred Price List,Enterprise,INR,VAR-0055,198469.11,20,2026-01-01,2026-12-31,ACTIVE
PL-ENT,Enterprise Preferred Price List,Enterprise,INR,VAR-0056,51620.00,20,2026-01-01,2026-12-31,ACTIVE
PL-ENT,Enterprise Preferred Price List,Enterprise,INR,VAR-0057,54290.00,20,2026-01-01,2026-12-31,ACTIVE
PL-ENT,Enterprise Preferred Price List,Enterprise,INR,VAR-0058,40940.00,20,2026-01-01,2026-12-31,ACTIVE
PL-ENT,Enterprise Preferred Price List,Enterprise,INR,VAR-0059,41830.00,20,2026-01-01,2026-12-31,ACTIVE
PL-ENT,Enterprise Preferred Price List,Enterprise,INR,VAR-0060,105020.00,20,2026-01-01,2026-12-31,ACTIVE
PL-ENT,Enterprise Preferred Price List,Enterprise,INR,VAR-0061,224280.00,20,2026-01-01,2026-12-31,ACTIVE
PL-ENT,Enterprise Preferred Price List,Enterprise,INR,VAR-0062,73870.00,20,2026-01-01,2026-12-31,ACTIVE
PL-ENT,Enterprise Preferred Price List,Enterprise,INR,VAR-0063,87220.00,20,2026-01-01,2026-12-31,ACTIVE
PL-ENT,Enterprise Preferred Price List,Enterprise,INR,VAR-0064,51620.00,20,2026-01-01,2026-12-31,ACTIVE
PL-ENT,Enterprise Preferred Price List,Enterprise,INR,VAR-0065,55180.00,20,2026-01-01,2026-12-31,ACTIVE
PL-ENT,Enterprise Preferred Price List,Enterprise,INR,VAR-0066,59630.00,20,2026-01-01,2026-12-31,ACTIVE
PL-ENT,Enterprise Preferred Price List,Enterprise,INR,VAR-0067,72980.00,20,2026-01-01,2026-12-31,ACTIVE
PL-ENT,Enterprise Preferred Price List,Enterprise,INR,VAR-0068,66750.00,20,2026-01-01,2026-12-31,ACTIVE
PL-ENT,Enterprise Preferred Price List,Enterprise,INR,VAR-0069,48950.00,20,2026-01-01,2026-12-31,ACTIVE
PL-ENT,Enterprise Preferred Price List,Enterprise,INR,VAR-0070,57850.00,20,2026-01-01,2026-12-31,ACTIVE
PL-ENT,Enterprise Preferred Price List,Enterprise,INR,VAR-0071,69420.00,20,2026-01-01,2026-12-31,ACTIVE
PL-ENT,Enterprise Preferred Price List,Enterprise,INR,VAR-0072,44500.00,20,2026-01-01,2026-12-31,ACTIVE
PL-ENT,Enterprise Preferred Price List,Enterprise,INR,VAR-0073,68530.00,20,2026-01-01,2026-12-31,ACTIVE
PL-ENT,Enterprise Preferred Price List,Enterprise,INR,VAR-0074,48060.00,20,2026-01-01,2026-12-31,ACTIVE
PL-ENT,Enterprise Preferred Price List,Enterprise,INR,VAR-0075,62300.00,20,2026-01-01,2026-12-31,ACTIVE
PL-ENT,Enterprise Preferred Price List,Enterprise,INR,VAR-0076,66750.00,20,2026-01-01,2026-12-31,ACTIVE
PL-ENT,Enterprise Preferred Price List,Enterprise,INR,VAR-0077,70310.00,20,2026-01-01,2026-12-31,ACTIVE
PL-ENT,Enterprise Preferred Price List,Enterprise,INR,VAR-0078,105020.00,20,2026-01-01,2026-12-31,ACTIVE
PL-ENT,Enterprise Preferred Price List,Enterprise,INR,VAR-0079,54080.00,20,2026-01-01,2026-12-31,ACTIVE
PL-ENT,Enterprise Preferred Price List,Enterprise,INR,VAR-0080,115611.00,20,2026-01-01,2026-12-31,ACTIVE
PL-ENT,Enterprise Preferred Price List,Enterprise,INR,VAR-0081,186811.00,20,2026-01-01,2026-12-31,ACTIVE
PL-ENT,Enterprise Preferred Price List,Enterprise,INR,VAR-0082,369261.00,20,2026-01-01,2026-12-31,ACTIVE
PL-ENT,Enterprise Preferred Price List,Enterprise,INR,VAR-0083,120061.00,20,2026-01-01,2026-12-31,ACTIVE
PL-ENT,Enterprise Preferred Price List,Enterprise,INR,VAR-0084,47170.00,20,2026-01-01,2026-12-31,ACTIVE
PL-ENT,Enterprise Preferred Price List,Enterprise,INR,VAR-0085,63190.00,20,2026-01-01,2026-12-31,ACTIVE
PL-ENT,Enterprise Preferred Price List,Enterprise,INR,VAR-0086,43610.00,20,2026-01-01,2026-12-31,ACTIVE
PL-ENT,Enterprise Preferred Price List,Enterprise,INR,VAR-0087,41830.00,20,2026-01-01,2026-12-31,ACTIVE
PL-ENT,Enterprise Preferred Price List,Enterprise,INR,VAR-0088,34710.00,20,2026-01-01,2026-12-31,ACTIVE
PL-ENT,Enterprise Preferred Price List,Enterprise,INR,VAR-0089,36490.00,20,2026-01-01,2026-12-31,ACTIVE
PL-ENT,Enterprise Preferred Price List,Enterprise,INR,VAR-0090,51620.00,20,2026-01-01,2026-12-31,ACTIVE
PL-ENT,Enterprise Preferred Price List,Enterprise,INR,VAR-0091,49840.00,20,2026-01-01,2026-12-31,ACTIVE
PL-ENT,Enterprise Preferred Price List,Enterprise,INR,VAR-0092,72980.00,20,2026-01-01,2026-12-31,ACTIVE
PL-ENT,Enterprise Preferred Price List,Enterprise,INR,VAR-0093,60520.00,20,2026-01-01,2026-12-31,ACTIVE
PL-ENT,Enterprise Preferred Price List,Enterprise,INR,VAR-0094,55180.00,20,2026-01-01,2026-12-31,ACTIVE
PL-ENT,Enterprise Preferred Price List,Enterprise,INR,VAR-0095,64970.00,20,2026-01-01,2026-12-31,ACTIVE
PL-ENT,Enterprise Preferred Price List,Enterprise,INR,VAR-0096,48950.00,20,2026-01-01,2026-12-31,ACTIVE
PL-ENT,Enterprise Preferred Price List,Enterprise,INR,VAR-0097,93450.00,20,2026-01-01,2026-12-31,ACTIVE
PL-ENT,Enterprise Preferred Price List,Enterprise,INR,VAR-0098,45390.00,20,2026-01-01,2026-12-31,ACTIVE
PL-ENT,Enterprise Preferred Price List,Enterprise,INR,VAR-0099,106318.00,20,2026-01-01,2026-12-31,ACTIVE
PL-ENT,Enterprise Preferred Price List,Enterprise,INR,VAR-0100,178398.00,20,2026-01-01,2026-12-31,ACTIVE
PL-ENT,Enterprise Preferred Price List,Enterprise,INR,VAR-0101,302736.00,20,2026-01-01,2026-12-31,ACTIVE
PL-ENT,Enterprise Preferred Price List,Enterprise,INR,VAR-0102,95506.00,20,2026-01-01,2026-12-31,ACTIVE
PL-ENT,Enterprise Preferred Price List,Enterprise,INR,VAR-0103,367608.00,20,2026-01-01,2026-12-31,ACTIVE
PL-ENT,Enterprise Preferred Price List,Enterprise,INR,VAR-0104,89199.00,20,2026-01-01,2026-12-31,ACTIVE
PL-ENT,Enterprise Preferred Price List,Enterprise,INR,VAR-0105,113526.00,20,2026-01-01,2026-12-31,ACTIVE
PL-ENT,Enterprise Preferred Price List,Enterprise,INR,VAR-0106,210834.00,20,2026-01-01,2026-12-31,ACTIVE
PL-ENT,Enterprise Preferred Price List,Enterprise,INR,VAR-0107,313548.00,20,2026-01-01,2026-12-31,ACTIVE
PL-ENT,Enterprise Preferred Price List,Enterprise,INR,VAR-0108,518976.00,20,2026-01-01,2026-12-31,ACTIVE
PL-ENT,Enterprise Preferred Price List,Enterprise,INR,VAR-0109,92803.00,20,2026-01-01,2026-12-31,ACTIVE
PL-ENT,Enterprise Preferred Price List,Enterprise,INR,VAR-0110,99110.00,20,2026-01-01,2026-12-31,ACTIVE
PL-ENT,Enterprise Preferred Price List,Enterprise,INR,VAR-0111,118932.00,20,2026-01-01,2026-12-31,ACTIVE
PL-ENT,Enterprise Preferred Price List,Enterprise,INR,VAR-0112,200022.00,20,2026-01-01,2026-12-31,ACTIVE
PL-ENT,Enterprise Preferred Price List,Enterprise,INR,VAR-0113,345984.00,20,2026-01-01,2026-12-31,ACTIVE
PL-ENT,Enterprise Preferred Price List,Enterprise,INR,VAR-0114,497352.00,20,2026-01-01,2026-12-31,ACTIVE
PL-ENT,Enterprise Preferred Price List,Enterprise,INR,VAR-0115,657639.90,20,2026-01-01,2026-12-31,ACTIVE
PL-ENT,Enterprise Preferred Price List,Enterprise,INR,VAR-0116,702689.90,20,2026-01-01,2026-12-31,ACTIVE
PL-ENT,Enterprise Preferred Price List,Enterprise,INR,VAR-0117,227052.00,20,2026-01-01,2026-12-31,ACTIVE
PL-ENT,Enterprise Preferred Price List,Enterprise,INR,VAR-0118,156774.00,20,2026-01-01,2026-12-31,ACTIVE
PL-ENT,Enterprise Preferred Price List,Enterprise,INR,VAR-0119,84694.00,20,2026-01-01,2026-12-31,ACTIVE
PL-ENT,Enterprise Preferred Price List,Enterprise,INR,VAR-0120,80189.00,20,2026-01-01,2026-12-31,ACTIVE
PL-ENT,Enterprise Preferred Price List,Enterprise,INR,VAR-0121,85595.00,20,2026-01-01,2026-12-31,ACTIVE
PL-ENT,Enterprise Preferred Price List,Enterprise,INR,VAR-0122,243270.00,20,2026-01-01,2026-12-31,ACTIVE
PL-ENT,Enterprise Preferred Price List,Enterprise,INR,VAR-0123,214438.00,20,2026-01-01,2026-12-31,ACTIVE
PL-ENT,Enterprise Preferred Price List,Enterprise,INR,VAR-0124,145962.00,20,2026-01-01,2026-12-31,ACTIVE
PL-ENT,Enterprise Preferred Price List,Enterprise,INR,VAR-0125,138754.00,20,2026-01-01,2026-12-31,ACTIVE
PL-ENT,Enterprise Preferred Price List,Enterprise,INR,VAR-0126,103615.00,20,2026-01-01,2026-12-31,ACTIVE
PL-ENT,Enterprise Preferred Price List,Enterprise,INR,VAR-0127,291924.00,20,2026-01-01,2026-12-31,ACTIVE
PL-ENT,Enterprise Preferred Price List,Enterprise,INR,VAR-0128,124338.00,20,2026-01-01,2026-12-31,ACTIVE
PL-ENT,Enterprise Preferred Price List,Enterprise,INR,VAR-0129,118932.00,20,2026-01-01,2026-12-31,ACTIVE
PL-ENT,Enterprise Preferred Price List,Enterprise,INR,VAR-0130,156774.00,20,2026-01-01,2026-12-31,ACTIVE
PL-ENT,Enterprise Preferred Price List,Enterprise,INR,VAR-0131,210834.00,20,2026-01-01,2026-12-31,ACTIVE
PL-ENT,Enterprise Preferred Price List,Enterprise,INR,VAR-0132,259488.00,20,2026-01-01,2026-12-31,ACTIVE
PL-ENT,Enterprise Preferred Price List,Enterprise,INR,VAR-0133,345984.00,20,2026-01-01,2026-12-31,ACTIVE
PL-ENT,Enterprise Preferred Price List,Enterprise,INR,VAR-0134,454104.00,20,2026-01-01,2026-12-31,ACTIVE
PL-ENT,Enterprise Preferred Price List,Enterprise,INR,VAR-0135,389232.00,20,2026-01-01,2026-12-31,ACTIVE
PL-ENT,Enterprise Preferred Price List,Enterprise,INR,VAR-0136,778464.00,20,2026-01-01,2026-12-31,ACTIVE
PL-ENT,Enterprise Preferred Price List,Enterprise,INR,VAR-0137,1059576.00,20,2026-01-01,2026-12-31,ACTIVE
PL-ENT,Enterprise Preferred Price List,Enterprise,INR,VAR-0138,127942.00,20,2026-01-01,2026-12-31,ACTIVE
PL-ENT,Enterprise Preferred Price List,Enterprise,INR,VAR-0139,194616.00,20,2026-01-01,2026-12-31,ACTIVE
PL-ENT,Enterprise Preferred Price List,Enterprise,INR,VAR-0140,356796.00,20,2026-01-01,2026-12-31,ACTIVE
PL-ENT,Enterprise Preferred Price List,Enterprise,INR,VAR-0141,470322.00,20,2026-01-01,2026-12-31,ACTIVE
PL-ENT,Enterprise Preferred Price List,Enterprise,INR,VAR-0142,486540.00,20,2026-01-01,2026-12-31,ACTIVE
PL-ENT,Enterprise Preferred Price List,Enterprise,INR,VAR-0143,313548.00,20,2026-01-01,2026-12-31,ACTIVE
PL-ENT,Enterprise Preferred Price List,Enterprise,INR,VAR-0144,843336.00,20,2026-01-01,2026-12-31,ACTIVE
PL-ENT,Enterprise Preferred Price List,Enterprise,INR,VAR-0145,121635.00,20,2026-01-01,2026-12-31,ACTIVE
PL-ENT,Enterprise Preferred Price List,Enterprise,INR,VAR-0146,340578.00,20,2026-01-01,2026-12-31,ACTIVE
PL-ENT,Enterprise Preferred Price List,Enterprise,INR,VAR-0147,443292.00,20,2026-01-01,2026-12-31,ACTIVE
PL-ENT,Enterprise Preferred Price List,Enterprise,INR,VAR-0148,367608.00,20,2026-01-01,2026-12-31,ACTIVE
PL-ENT,Enterprise Preferred Price List,Enterprise,INR,VAR-0149,800088.00,20,2026-01-01,2026-12-31,ACTIVE
PL-ENT,Enterprise Preferred Price List,Enterprise,INR,VAR-0150,248676.00,20,2026-01-01,2026-12-31,ACTIVE
PL-ENT,Enterprise Preferred Price List,Enterprise,INR,VAR-0151,373014.00,20,2026-01-01,2026-12-31,ACTIVE
PL-ENT,Enterprise Preferred Price List,Enterprise,INR,VAR-0152,481134.00,20,2026-01-01,2026-12-31,ACTIVE
PL-ENT,Enterprise Preferred Price List,Enterprise,INR,VAR-0153,89199.00,20,2026-01-01,2026-12-31,ACTIVE
PL-ENT,Enterprise Preferred Price List,Enterprise,INR,VAR-0154,135150.00,20,2026-01-01,2026-12-31,ACTIVE
PL-ENT,Enterprise Preferred Price List,Enterprise,INR,VAR-0155,281112.00,20,2026-01-01,2026-12-31,ACTIVE
PL-ENT,Enterprise Preferred Price List,Enterprise,INR,VAR-0156,145962.00,20,2026-01-01,2026-12-31,ACTIVE
PL-ENT,Enterprise Preferred Price List,Enterprise,INR,VAR-0157,378420.00,20,2026-01-01,2026-12-31,ACTIVE
PL-ENT,Enterprise Preferred Price List,Enterprise,INR,VAR-0158,497352.00,20,2026-01-01,2026-12-31,ACTIVE
PL-ENT,Enterprise Preferred Price List,Enterprise,INR,VAR-0159,302736.00,20,2026-01-01,2026-12-31,ACTIVE
PL-ENT,Enterprise Preferred Price List,Enterprise,INR,VAR-0160,508164.00,20,2026-01-01,2026-12-31,ACTIVE
PL-ENT,Enterprise Preferred Price List,Enterprise,INR,VAR-0161,1059576.00,20,2026-01-01,2026-12-31,ACTIVE
PL-ENT,Enterprise Preferred Price List,Enterprise,INR,VAR-0162,1783980.00,20,2026-01-01,2026-12-31,ACTIVE
PL-ENT,Enterprise Preferred Price List,Enterprise,INR,VAR-0163,2648940.00,20,2026-01-01,2026-12-31,ACTIVE
PL-ENT,Enterprise Preferred Price List,Enterprise,INR,VAR-0164,562224.00,20,2026-01-01,2026-12-31,ACTIVE
PL-ENT,Enterprise Preferred Price List,Enterprise,INR,VAR-0165,1016328.00,20,2026-01-01,2026-12-31,ACTIVE
PL-ENT,Enterprise Preferred Price List,Enterprise,INR,VAR-0166,518976.00,20,2026-01-01,2026-12-31,ACTIVE
PL-ENT,Enterprise Preferred Price List,Enterprise,INR,VAR-0167,2000220.00,20,2026-01-01,2026-12-31,ACTIVE
PL-ENT,Enterprise Preferred Price List,Enterprise,INR,VAR-0168,1567740.00,20,2026-01-01,2026-12-31,ACTIVE
PL-ENT,Enterprise Preferred Price List,Enterprise,INR,VAR-0169,2378640.00,20,2026-01-01,2026-12-31,ACTIVE
PL-ENT,Enterprise Preferred Price List,Enterprise,INR,VAR-0170,962268.00,20,2026-01-01,2026-12-31,ACTIVE
PL-ENT,Enterprise Preferred Price List,Enterprise,INR,VAR-0171,454104.00,20,2026-01-01,2026-12-31,ACTIVE
PL-ENT,Enterprise Preferred Price List,Enterprise,INR,VAR-0172,178398.00,20,2026-01-01,2026-12-31,ACTIVE
PL-ENT,Enterprise Preferred Price List,Enterprise,INR,VAR-0173,318954.00,20,2026-01-01,2026-12-31,ACTIVE
PL-ENT,Enterprise Preferred Price List,Enterprise,INR,VAR-0174,475728.00,20,2026-01-01,2026-12-31,ACTIVE
PL-ENT,Enterprise Preferred Price List,Enterprise,INR,VAR-0175,95506.00,20,2026-01-01,2026-12-31,ACTIVE
PL-ENT,Enterprise Preferred Price List,Enterprise,INR,VAR-0176,254082.00,20,2026-01-01,2026-12-31,ACTIVE
PL-ENT,Enterprise Preferred Price List,Enterprise,INR,VAR-0177,410856.00,20,2026-01-01,2026-12-31,ACTIVE
PL-ENT,Enterprise Preferred Price List,Enterprise,INR,VAR-0178,313548.00,20,2026-01-01,2026-12-31,ACTIVE
PL-ENT,Enterprise Preferred Price List,Enterprise,INR,VAR-0179,101813.00,20,2026-01-01,2026-12-31,ACTIVE
PL-ENT,Enterprise Preferred Price List,Enterprise,INR,VAR-0180,778464.00,20,2026-01-01,2026-12-31,ACTIVE
PL-ENT,Enterprise Preferred Price List,Enterprise,INR,VAR-0181,1243380.00,20,2026-01-01,2026-12-31,ACTIVE
PL-ENT,Enterprise Preferred Price List,Enterprise,INR,VAR-0182,210834.00,20,2026-01-01,2026-12-31,ACTIVE
PL-ENT,Enterprise Preferred Price List,Enterprise,INR,VAR-0183,99110.00,20,2026-01-01,2026-12-31,ACTIVE
PL-ENT,Enterprise Preferred Price List,Enterprise,INR,VAR-0184,156774.00,20,2026-01-01,2026-12-31,ACTIVE
PL-ENT,Enterprise Preferred Price List,Enterprise,INR,VAR-0185,120734.00,20,2026-01-01,2026-12-31,ACTIVE
PL-ENT,Enterprise Preferred Price List,Enterprise,INR,VAR-0186,133500.00,20,2026-01-01,2026-12-31,ACTIVE
PL-ENT,Enterprise Preferred Price List,Enterprise,INR,VAR-0187,197580.00,20,2026-01-01,2026-12-31,ACTIVE
PL-ENT,Enterprise Preferred Price List,Enterprise,INR,VAR-0188,256320.00,20,2026-01-01,2026-12-31,ACTIVE
PL-ENT,Enterprise Preferred Price List,Enterprise,INR,VAR-0189,341760.00,20,2026-01-01,2026-12-31,ACTIVE
PL-ENT,Enterprise Preferred Price List,Enterprise,INR,VAR-0190,726240.00,20,2026-01-01,2026-12-31,ACTIVE
PL-ENT,Enterprise Preferred Price List,Enterprise,INR,VAR-0191,1014600.00,20,2026-01-01,2026-12-31,ACTIVE
PL-ENT,Enterprise Preferred Price List,Enterprise,INR,VAR-0192,117480.00,20,2026-01-01,2026-12-31,ACTIVE
PL-ENT,Enterprise Preferred Price List,Enterprise,INR,VAR-0193,186900.00,20,2026-01-01,2026-12-31,ACTIVE
PL-ENT,Enterprise Preferred Price List,Enterprise,INR,VAR-0194,315060.00,20,2026-01-01,2026-12-31,ACTIVE
PL-ENT,Enterprise Preferred Price List,Enterprise,INR,VAR-0195,83660.00,20,2026-01-01,2026-12-31,ACTIVE
PL-ENT,Enterprise Preferred Price List,Enterprise,INR,VAR-0196,122820.00,20,2026-01-01,2026-12-31,ACTIVE
PL-ENT,Enterprise Preferred Price List,Enterprise,INR,VAR-0197,190460.00,20,2026-01-01,2026-12-31,ACTIVE
PL-ENT,Enterprise Preferred Price List,Enterprise,INR,VAR-0198,304380.00,20,2026-01-01,2026-12-31,ACTIVE
PL-ENT,Enterprise Preferred Price List,Enterprise,INR,VAR-0199,416520.00,20,2026-01-01,2026-12-31,ACTIVE
PL-ENT,Enterprise Preferred Price List,Enterprise,INR,VAR-0200,40584.00,20,2026-01-01,2026-12-31,ACTIVE
PL-ENT,Enterprise Preferred Price List,Enterprise,INR,VAR-0201,61944.00,20,2026-01-01,2026-12-31,ACTIVE
PL-ENT,Enterprise Preferred Price List,Enterprise,INR,VAR-0202,66216.00,20,2026-01-01,2026-12-31,ACTIVE
PL-ENT,Enterprise Preferred Price List,Enterprise,INR,VAR-0203,44856.00,20,2026-01-01,2026-12-31,ACTIVE
PL-ENT,Enterprise Preferred Price List,Enterprise,INR,VAR-0204,79032.00,20,2026-01-01,2026-12-31,ACTIVE
PL-ENT,Enterprise Preferred Price List,Enterprise,INR,VAR-0205,66216.00,20,2026-01-01,2026-12-31,ACTIVE
PL-ENT,Enterprise Preferred Price List,Enterprise,INR,VAR-0206,14952.00,20,2026-01-01,2026-12-31,ACTIVE
PL-ENT,Enterprise Preferred Price List,Enterprise,INR,VAR-0207,27768.00,20,2026-01-01,2026-12-31,ACTIVE
PL-ENT,Enterprise Preferred Price List,Enterprise,INR,VAR-0208,87576.00,20,2026-01-01,2026-12-31,ACTIVE
PL-ENT,Enterprise Preferred Price List,Enterprise,INR,VAR-0209,176220.00,20,2026-01-01,2026-12-31,ACTIVE
PL-ENT,Enterprise Preferred Price List,Enterprise,INR,VAR-0210,272340.00,20,2026-01-01,2026-12-31,ACTIVE
PL-ENT,Enterprise Preferred Price List,Enterprise,INR,VAR-0211,61944.00,20,2026-01-01,2026-12-31,ACTIVE
PL-ENT,Enterprise Preferred Price List,Enterprise,INR,VAR-0212,104664.00,20,2026-01-01,2026-12-31,ACTIVE
PL-ENT,Enterprise Preferred Price List,Enterprise,INR,VAR-0213,208260.00,20,2026-01-01,2026-12-31,ACTIVE
PL-ENT,Enterprise Preferred Price List,Enterprise,INR,VAR-0214,34176.00,20,2026-01-01,2026-12-31,ACTIVE
PL-ENT,Enterprise Preferred Price List,Enterprise,INR,VAR-0215,46992.00,20,2026-01-01,2026-12-31,ACTIVE
PL-ENT,Enterprise Preferred Price List,Enterprise,INR,VAR-0216,29904.00,20,2026-01-01,2026-12-31,ACTIVE
PL-ENT,Enterprise Preferred Price List,Enterprise,INR,VAR-0217,17088.00,20,2026-01-01,2026-12-31,ACTIVE
PL-ENT,Enterprise Preferred Price List,Enterprise,INR,VAR-0218,26700.00,20,2026-01-01,2026-12-31,ACTIVE
PL-ENT,Enterprise Preferred Price List,Enterprise,INR,VAR-0219,101460.00,20,2026-01-01,2026-12-31,ACTIVE
PL-ENT,Enterprise Preferred Price List,Enterprise,INR,VAR-0220,76896.00,20,2026-01-01,2026-12-31,ACTIVE
PL-ENT,Enterprise Preferred Price List,Enterprise,INR,VAR-0221,40584.00,20,2026-01-01,2026-12-31,ACTIVE
PL-ENT,Enterprise Preferred Price List,Enterprise,INR,VAR-0222,61944.00,20,2026-01-01,2026-12-31,ACTIVE
PL-ENT,Enterprise Preferred Price List,Enterprise,INR,VAR-0223,83304.00,20,2026-01-01,2026-12-31,ACTIVE
PL-ENT,Enterprise Preferred Price List,Enterprise,INR,VAR-0224,117480.00,20,2026-01-01,2026-12-31,ACTIVE
PL-ENT,Enterprise Preferred Price List,Enterprise,INR,VAR-0225,208260.00,20,2026-01-01,2026-12-31,ACTIVE
PL-ENT,Enterprise Preferred Price List,Enterprise,INR,VAR-0226,363120.00,20,2026-01-01,2026-12-31,ACTIVE
PL-ENT,Enterprise Preferred Price List,Enterprise,INR,VAR-0227,694200.00,20,2026-01-01,2026-12-31,ACTIVE
PL-ENT,Enterprise Preferred Price List,Enterprise,INR,VAR-0228,93984.00,20,2026-01-01,2026-12-31,ACTIVE
PL-ENT,Enterprise Preferred Price List,Enterprise,INR,VAR-0229,154860.00,20,2026-01-01,2026-12-31,ACTIVE
PL-ENT,Enterprise Preferred Price List,Enterprise,INR,VAR-0230,224280.00,20,2026-01-01,2026-12-31,ACTIVE
PL-ENT,Enterprise Preferred Price List,Enterprise,INR,VAR-0231,299040.00,20,2026-01-01,2026-12-31,ACTIVE
PL-ENT,Enterprise Preferred Price List,Enterprise,INR,VAR-0232,619440.00,20,2026-01-01,2026-12-31,ACTIVE
PL-ENT,Enterprise Preferred Price List,Enterprise,INR,VAR-0233,1046640.00,20,2026-01-01,2026-12-31,ACTIVE
PL-ENT,Enterprise Preferred Price List,Enterprise,INR,VAR-0234,51264.00,20,2026-01-01,2026-12-31,ACTIVE
PL-ENT,Enterprise Preferred Price List,Enterprise,INR,VAR-0235,79032.00,20,2026-01-01,2026-12-31,ACTIVE
PL-ENT,Enterprise Preferred Price List,Enterprise,INR,VAR-0236,170880.00,20,2026-01-01,2026-12-31,ACTIVE
PL-ENT,Enterprise Preferred Price List,Enterprise,INR,VAR-0237,256320.00,20,2026-01-01,2026-12-31,ACTIVE
PL-ENT,Enterprise Preferred Price List,Enterprise,INR,VAR-0238,405840.00,20,2026-01-01,2026-12-31,ACTIVE
PL-ENT,Enterprise Preferred Price List,Enterprise,INR,VAR-0239,76896.00,20,2026-01-01,2026-12-31,ACTIVE
PL-ENT,Enterprise Preferred Price List,Enterprise,INR,VAR-0240,133500.00,20,2026-01-01,2026-12-31,ACTIVE
PL-ENT,Enterprise Preferred Price List,Enterprise,INR,VAR-0241,224280.00,20,2026-01-01,2026-12-31,ACTIVE
PL-ENT,Enterprise Preferred Price List,Enterprise,INR,VAR-0242,72624.00,20,2026-01-01,2026-12-31,ACTIVE
PL-ENT,Enterprise Preferred Price List,Enterprise,INR,VAR-0243,165540.00,20,2026-01-01,2026-12-31,ACTIVE
PL-ENT,Enterprise Preferred Price List,Enterprise,INR,VAR-0244,341760.00,20,2026-01-01,2026-12-31,ACTIVE
PL-ENT,Enterprise Preferred Price List,Enterprise,INR,VAR-0245,982560.00,20,2026-01-01,2026-12-31,ACTIVE
PL-ENT,Enterprise Preferred Price List,Enterprise,INR,VAR-0246,12282.00,20,2026-01-01,2026-12-31,ACTIVE
PL-ENT,Enterprise Preferred Price List,Enterprise,INR,VAR-0247,17088.00,20,2026-01-01,2026-12-31,ACTIVE
PL-ENT,Enterprise Preferred Price List,Enterprise,INR,VAR-0248,19758.00,20,2026-01-01,2026-12-31,ACTIVE
PL-ENT,Enterprise Preferred Price List,Enterprise,INR,VAR-0249,33108.00,20,2026-01-01,2026-12-31,ACTIVE
PL-ENT,Enterprise Preferred Price List,Enterprise,INR,VAR-0250,51264.00,20,2026-01-01,2026-12-31,ACTIVE
PL-ENT,Enterprise Preferred Price List,Enterprise,INR,VAR-0251,66216.00,20,2026-01-01,2026-12-31,ACTIVE
PL-ENT,Enterprise Preferred Price List,Enterprise,INR,VAR-0252,72624.00,20,2026-01-01,2026-12-31,ACTIVE
PL-ENT,Enterprise Preferred Price List,Enterprise,INR,VAR-0253,104664.00,20,2026-01-01,2026-12-31,ACTIVE
PL-ENT,Enterprise Preferred Price List,Enterprise,INR,VAR-0254,133500.00,20,2026-01-01,2026-12-31,ACTIVE
PL-ENT,Enterprise Preferred Price List,Enterprise,INR,VAR-0255,30972.00,20,2026-01-01,2026-12-31,ACTIVE
PL-ENT,Enterprise Preferred Price List,Enterprise,INR,VAR-0256,49128.00,20,2026-01-01,2026-12-31,ACTIVE
PL-ENT,Enterprise Preferred Price List,Enterprise,INR,VAR-0257,44856.00,20,2026-01-01,2026-12-31,ACTIVE
PL-ENT,Enterprise Preferred Price List,Enterprise,INR,VAR-0258,98256.00,20,2026-01-01,2026-12-31,ACTIVE
PL-ENT,Enterprise Preferred Price List,Enterprise,INR,VAR-0259,126024.00,20,2026-01-01,2026-12-31,ACTIVE
PL-ENT,Enterprise Preferred Price List,Enterprise,INR,VAR-0260,12816.00,20,2026-01-01,2026-12-31,ACTIVE
PL-ENT,Enterprise Preferred Price List,Enterprise,INR,VAR-0261,23496.00,20,2026-01-01,2026-12-31,ACTIVE
PL-ENT,Enterprise Preferred Price List,Enterprise,INR,VAR-0262,46992.00,20,2026-01-01,2026-12-31,ACTIVE
PL-ENT,Enterprise Preferred Price List,Enterprise,INR,VAR-0263,68352.00,20,2026-01-01,2026-12-31,ACTIVE
PL-ENT,Enterprise Preferred Price List,Enterprise,INR,VAR-0264,11534.40,20,2026-01-01,2026-12-31,ACTIVE
PL-ENT,Enterprise Preferred Price List,Enterprise,INR,VAR-0265,27768.00,20,2026-01-01,2026-12-31,ACTIVE
PL-ENT,Enterprise Preferred Price List,Enterprise,INR,VAR-0266,52332.00,20,2026-01-01,2026-12-31,ACTIVE
PL-ENT,Enterprise Preferred Price List,Enterprise,INR,VAR-0267,61944.00,20,2026-01-01,2026-12-31,ACTIVE
PL-ENT,Enterprise Preferred Price List,Enterprise,INR,VAR-0268,36312.00,20,2026-01-01,2026-12-31,ACTIVE
PL-ENT,Enterprise Preferred Price List,Enterprise,INR,VAR-0269,72624.00,20,2026-01-01,2026-12-31,ACTIVE
PL-ENT,Enterprise Preferred Price List,Enterprise,INR,VAR-0270,38448.00,20,2026-01-01,2026-12-31,ACTIVE
PL-ENT,Enterprise Preferred Price List,Enterprise,INR,VAR-0271,119616.00,20,2026-01-01,2026-12-31,ACTIVE
PL-ENT,Enterprise Preferred Price List,Enterprise,INR,VAR-0272,41652.00,20,2026-01-01,2026-12-31,ACTIVE
PL-ENT,Enterprise Preferred Price List,Enterprise,INR,VAR-0273,59808.00,20,2026-01-01,2026-12-31,ACTIVE
PL-ENT,Enterprise Preferred Price List,Enterprise,INR,VAR-0274,20826.00,20,2026-01-01,2026-12-31,ACTIVE
PL-ENT,Enterprise Preferred Price List,Enterprise,INR,VAR-0275,22428.00,20,2026-01-01,2026-12-31,ACTIVE
PL-ENT,Enterprise Preferred Price List,Enterprise,INR,VAR-0276,81168.00,20,2026-01-01,2026-12-31,ACTIVE
PL-ENT,Enterprise Preferred Price List,Enterprise,INR,VAR-0277,17622.00,20,2026-01-01,2026-12-31,ACTIVE
PL-ENT,Enterprise Preferred Price List,Enterprise,INR,VAR-0278,44856.00,20,2026-01-01,2026-12-31,ACTIVE
PL-ENT,Enterprise Preferred Price List,Enterprise,INR,VAR-0279,76896.00,20,2026-01-01,2026-12-31,ACTIVE
PL-ENT,Enterprise Preferred Price List,Enterprise,INR,VAR-0280,104664.00,20,2026-01-01,2026-12-31,ACTIVE
PL-ENT,Enterprise Preferred Price List,Enterprise,INR,VAR-0281,186900.00,20,2026-01-01,2026-12-31,ACTIVE
PL-ENT,Enterprise Preferred Price List,Enterprise,INR,VAR-0282,229620.00,20,2026-01-01,2026-12-31,ACTIVE
PL-ENT,Enterprise Preferred Price List,Enterprise,INR,VAR-0283,384480.00,20,2026-01-01,2026-12-31,ACTIVE
PL-ENT,Enterprise Preferred Price List,Enterprise,INR,VAR-0284,51264.00,20,2026-01-01,2026-12-31,ACTIVE
PL-ENT,Enterprise Preferred Price List,Enterprise,INR,VAR-0285,100392.00,20,2026-01-01,2026-12-31,ACTIVE
PL-ENT,Enterprise Preferred Price List,Enterprise,INR,VAR-0286,197580.00,20,2026-01-01,2026-12-31,ACTIVE
PL-ENT,Enterprise Preferred Price List,Enterprise,INR,VAR-0287,405840.00,20,2026-01-01,2026-12-31,ACTIVE
PL-ENT,Enterprise Preferred Price List,Enterprise,INR,VAR-0288,41652.00,20,2026-01-01,2026-12-31,ACTIVE
PL-ENT,Enterprise Preferred Price List,Enterprise,INR,VAR-0289,72624.00,20,2026-01-01,2026-12-31,ACTIVE
PL-ENT,Enterprise Preferred Price List,Enterprise,INR,VAR-0290,98256.00,20,2026-01-01,2026-12-31,ACTIVE
PL-ENT,Enterprise Preferred Price List,Enterprise,INR,VAR-0291,179424.00,20,2026-01-01,2026-12-31,ACTIVE
PL-ENT,Enterprise Preferred Price List,Enterprise,INR,VAR-0292,368460.00,20,2026-01-01,2026-12-31,ACTIVE
PL-ENT,Enterprise Preferred Price List,Enterprise,INR,VAR-0293,27768.00,20,2026-01-01,2026-12-31,ACTIVE
PL-ENT,Enterprise Preferred Price List,Enterprise,INR,VAR-0294,51264.00,20,2026-01-01,2026-12-31,ACTIVE
PL-ENT,Enterprise Preferred Price List,Enterprise,INR,VAR-0295,34176.00,20,2026-01-01,2026-12-31,ACTIVE
PL-ENT,Enterprise Preferred Price List,Enterprise,INR,VAR-0296,30972.00,20,2026-01-01,2026-12-31,ACTIVE
PL-ENT,Enterprise Preferred Price List,Enterprise,INR,VAR-0297,14952.00,20,2026-01-01,2026-12-31,ACTIVE
PL-ENT,Enterprise Preferred Price List,Enterprise,INR,VAR-0298,115611.00,20,2026-01-01,2026-12-31,ACTIVE
PL-ENT,Enterprise Preferred Price List,Enterprise,INR,VAR-0299,115611.00,20,2026-01-01,2026-12-31,ACTIVE
PL-ENT,Enterprise Preferred Price List,Enterprise,INR,VAR-0300,146761.00,20,2026-01-01,2026-12-31,ACTIVE
PL-ENT,Enterprise Preferred Price List,Enterprise,INR,VAR-0301,71111.00,20,2026-01-01,2026-12-31,ACTIVE
PL-ENT,Enterprise Preferred Price List,Enterprise,INR,VAR-0302,62211.00,20,2026-01-01,2026-12-31,ACTIVE
PL-ENT,Enterprise Preferred Price List,Enterprise,INR,VAR-0303,115699.11,20,2026-01-01,2026-12-31,ACTIVE
PL-ENT,Enterprise Preferred Price List,Enterprise,INR,VAR-0304,128159.11,20,2026-01-01,2026-12-31,ACTIVE
PL-ENT,Enterprise Preferred Price List,Enterprise,INR,VAR-0305,71199.11,20,2026-01-01,2026-12-31,ACTIVE
PL-ENT,Enterprise Preferred Price List,Enterprise,INR,VAR-0306,146849.11,20,2026-01-01,2026-12-31,ACTIVE
PL-ENT,Enterprise Preferred Price List,Enterprise,INR,VAR-0307,35599.11,20,2026-01-01,2026-12-31,ACTIVE
PL-ENT,Enterprise Preferred Price List,Enterprise,INR,VAR-0308,95229.11,20,2026-01-01,2026-12-31,ACTIVE
PL-ENT,Enterprise Preferred Price List,Enterprise,INR,VAR-0309,67639.11,20,2026-01-01,2026-12-31,ACTIVE
PL-ENT,Enterprise Preferred Price List,Enterprise,INR,VAR-0310,57849.11,20,2026-01-01,2026-12-31,ACTIVE
PL-ENT,Enterprise Preferred Price List,Enterprise,INR,VAR-0311,40939.11,20,2026-01-01,2026-12-31,ACTIVE
PL-ENT,Enterprise Preferred Price List,Enterprise,INR,VAR-0312,48059.11,20,2026-01-01,2026-12-31,ACTIVE
PL-ENT,Enterprise Preferred Price List,Enterprise,INR,VAR-0313,33819.11,20,2026-01-01,2026-12-31,ACTIVE
PL-ENT,Enterprise Preferred Price List,Enterprise,INR,VAR-0314,106711.00,20,2026-01-01,2026-12-31,ACTIVE
PL-ENT,Enterprise Preferred Price List,Enterprise,INR,VAR-0315,52509.11,20,2026-01-01,2026-12-31,ACTIVE
PL-ENT,Enterprise Preferred Price List,Enterprise,INR,VAR-0316,88999.11,20,2026-01-01,2026-12-31,ACTIVE
PL-ENT,Enterprise Preferred Price List,Enterprise,INR,VAR-0317,88999.11,20,2026-01-01,2026-12-31,ACTIVE
PL-ENT,Enterprise Preferred Price List,Enterprise,INR,VAR-0318,46279.11,20,2026-01-01,2026-12-31,ACTIVE
PL-ENT,Enterprise Preferred Price List,Enterprise,INR,VAR-0319,151211.00,20,2026-01-01,2026-12-31,ACTIVE
PL-ENT,Enterprise Preferred Price List,Enterprise,INR,VAR-0320,35511.00,20,2026-01-01,2026-12-31,ACTIVE
PL-ENT,Enterprise Preferred Price List,Enterprise,INR,VAR-0321,53311.00,20,2026-01-01,2026-12-31,ACTIVE
PL-ENT,Enterprise Preferred Price List,Enterprise,INR,VAR-0322,71111.00,20,2026-01-01,2026-12-31,ACTIVE
PL-ENT,Enterprise Preferred Price List,Enterprise,INR,VAR-0323,88911.00,20,2026-01-01,2026-12-31,ACTIVE
PL-ENT,Enterprise Preferred Price List,Enterprise,INR,VAR-0324,115611.00,20,2026-01-01,2026-12-31,ACTIVE
PL-ENT,Enterprise Preferred Price List,Enterprise,INR,VAR-0325,64969.11,20,2026-01-01,2026-12-31,ACTIVE
PL-ENT,Enterprise Preferred Price List,Enterprise,INR,VAR-0326,80989.11,20,2026-01-01,2026-12-31,ACTIVE
PL-ENT,Enterprise Preferred Price List,Enterprise,INR,VAR-0327,97009.11,20,2026-01-01,2026-12-31,ACTIVE
PL-ENT,Enterprise Preferred Price List,Enterprise,INR,VAR-0328,40049.11,20,2026-01-01,2026-12-31,ACTIVE
PL-ENT,Enterprise Preferred Price List,Enterprise,INR,VAR-0329,56069.11,20,2026-01-01,2026-12-31,ACTIVE
PL-ENT,Enterprise Preferred Price List,Enterprise,INR,VAR-0330,94339.11,20,2026-01-01,2026-12-31,ACTIVE
PL-ENT,Enterprise Preferred Price List,Enterprise,INR,VAR-0331,133499.11,20,2026-01-01,2026-12-31,ACTIVE
PL-ENT,Enterprise Preferred Price List,Enterprise,INR,VAR-0332,51264.00,20,2026-01-01,2026-12-31,ACTIVE
PL-ENT,Enterprise Preferred Price List,Enterprise,INR,VAR-0333,93984.00,20,2026-01-01,2026-12-31,ACTIVE
PL-ENT,Enterprise Preferred Price List,Enterprise,INR,VAR-0334,76896.00,20,2026-01-01,2026-12-31,ACTIVE
PL-ENT,Enterprise Preferred Price List,Enterprise,INR,VAR-0335,133500.00,20,2026-01-01,2026-12-31,ACTIVE
PL-ENT,Enterprise Preferred Price List,Enterprise,INR,VAR-0336,144180.00,20,2026-01-01,2026-12-31,ACTIVE
PL-ENT,Enterprise Preferred Price List,Enterprise,INR,VAR-0337,208260.00,20,2026-01-01,2026-12-31,ACTIVE
PL-ENT,Enterprise Preferred Price List,Enterprise,INR,VAR-0338,44856.00,20,2026-01-01,2026-12-31,ACTIVE
PL-ENT,Enterprise Preferred Price List,Enterprise,INR,VAR-0339,72624.00,20,2026-01-01,2026-12-31,ACTIVE
PL-ENT,Enterprise Preferred Price List,Enterprise,INR,VAR-0340,57672.00,20,2026-01-01,2026-12-31,ACTIVE
PL-ENT,Enterprise Preferred Price List,Enterprise,INR,VAR-0341,25632.00,20,2026-01-01,2026-12-31,ACTIVE
PL-ENT,Enterprise Preferred Price List,Enterprise,INR,VAR-0342,256320.00,20,2026-01-01,2026-12-31,ACTIVE
PL-ENT,Enterprise Preferred Price List,Enterprise,INR,VAR-0343,299040.00,20,2026-01-01,2026-12-31,ACTIVE
PL-ENT,Enterprise Preferred Price List,Enterprise,INR,VAR-0344,208260.00,20,2026-01-01,2026-12-31,ACTIVE
PL-ENT,Enterprise Preferred Price List,Enterprise,INR,VAR-0345,66216.00,20,2026-01-01,2026-12-31,ACTIVE
PL-ENT,Enterprise Preferred Price List,Enterprise,INR,VAR-0346,76896.00,20,2026-01-01,2026-12-31,ACTIVE
PL-ENT,Enterprise Preferred Price List,Enterprise,INR,VAR-0347,267000.00,20,2026-01-01,2026-12-31,ACTIVE
PL-ENT,Enterprise Preferred Price List,Enterprise,INR,VAR-0348,405840.00,20,2026-01-01,2026-12-31,ACTIVE
PL-ENT,Enterprise Preferred Price List,Enterprise,INR,VAR-0349,61944.00,20,2026-01-01,2026-12-31,ACTIVE
PL-ENT,Enterprise Preferred Price List,Enterprise,INR,VAR-0350,315060.00,20,2026-01-01,2026-12-31,ACTIVE
PL-ENT,Enterprise Preferred Price List,Enterprise,INR,VAR-0351,726240.00,20,2026-01-01,2026-12-31,ACTIVE
PL-ENT,Enterprise Preferred Price List,Enterprise,INR,VAR-0352,15080.00,20,2026-01-01,2026-12-31,ACTIVE
PL-ENT,Enterprise Preferred Price List,Enterprise,INR,VAR-0353,23400.00,20,2026-01-01,2026-12-31,ACTIVE
PL-ENT,Enterprise Preferred Price List,Enterprise,INR,VAR-0354,19240.00,20,2026-01-01,2026-12-31,ACTIVE
PL-ENT,Enterprise Preferred Price List,Enterprise,INR,VAR-0355,21840.00,20,2026-01-01,2026-12-31,ACTIVE
PL-ENT,Enterprise Preferred Price List,Enterprise,INR,VAR-0356,14040.00,20,2026-01-01,2026-12-31,ACTIVE
PL-ENT,Enterprise Preferred Price List,Enterprise,INR,VAR-0357,20280.00,20,2026-01-01,2026-12-31,ACTIVE
PL-ENT,Enterprise Preferred Price List,Enterprise,INR,VAR-0358,6760.00,20,2026-01-01,2026-12-31,ACTIVE
PL-ENT,Enterprise Preferred Price List,Enterprise,INR,VAR-0359,11440.00,20,2026-01-01,2026-12-31,ACTIVE
PL-ENT,Enterprise Preferred Price List,Enterprise,INR,VAR-0360,7800.00,20,2026-01-01,2026-12-31,ACTIVE
PL-ENT,Enterprise Preferred Price List,Enterprise,INR,VAR-0361,9152.00,20,2026-01-01,2026-12-31,ACTIVE
PL-ENT,Enterprise Preferred Price List,Enterprise,INR,VAR-0362,2912.00,20,2026-01-01,2026-12-31,ACTIVE
PL-ENT,Enterprise Preferred Price List,Enterprise,INR,VAR-0363,16120.00,20,2026-01-01,2026-12-31,ACTIVE
PL-ENT,Enterprise Preferred Price List,Enterprise,INR,VAR-0364,24960.00,20,2026-01-01,2026-12-31,ACTIVE
PL-ENT,Enterprise Preferred Price List,Enterprise,INR,VAR-0365,35360.00,20,2026-01-01,2026-12-31,ACTIVE
PL-ENT,Enterprise Preferred Price List,Enterprise,INR,VAR-0366,18720.00,20,2026-01-01,2026-12-31,ACTIVE
PL-ENT,Enterprise Preferred Price List,Enterprise,INR,VAR-0367,17160.00,20,2026-01-01,2026-12-31,ACTIVE
PL-ENT,Enterprise Preferred Price List,Enterprise,INR,VAR-0368,3328.00,20,2026-01-01,2026-12-31,ACTIVE
PL-ENT,Enterprise Preferred Price List,Enterprise,INR,VAR-0369,3016.00,20,2026-01-01,2026-12-31,ACTIVE
PL-ENT,Enterprise Preferred Price List,Enterprise,INR,VAR-0370,3744.00,20,2026-01-01,2026-12-31,ACTIVE
PL-ENT,Enterprise Preferred Price List,Enterprise,INR,VAR-0371,2496.00,20,2026-01-01,2026-12-31,ACTIVE
PL-ENT,Enterprise Preferred Price List,Enterprise,INR,VAR-0372,96636.20,20,2026-01-01,2026-12-31,ACTIVE
PL-ENT,Enterprise Preferred Price List,Enterprise,INR,VAR-0373,200873.00,20,2026-01-01,2026-12-31,ACTIVE
PL-ENT,Enterprise Preferred Price List,Enterprise,INR,VAR-0374,228018.00,20,2026-01-01,2026-12-31,ACTIVE
PL-ENT,Enterprise Preferred Price List,Enterprise,INR,VAR-0375,293166.00,20,2026-01-01,2026-12-31,ACTIVE
PL-ENT,Enterprise Preferred Price List,Enterprise,INR,VAR-0376,190015.00,20,2026-01-01,2026-12-31,ACTIVE
PL-ENT,Enterprise Preferred Price List,Enterprise,INR,VAR-0377,219331.60,20,2026-01-01,2026-12-31,ACTIVE
PL-ENT,Enterprise Preferred Price List,Enterprise,INR,VAR-0378,197615.60,20,2026-01-01,2026-12-31,ACTIVE
PL-ENT,Enterprise Preferred Price List,Enterprise,INR,VAR-0379,136810.80,20,2026-01-01,2026-12-31,ACTIVE
PL-ENT,Enterprise Preferred Price List,Enterprise,INR,VAR-0380,312710.40,20,2026-01-01,2026-12-31,ACTIVE
PL-ENT,Enterprise Preferred Price List,Enterprise,INR,VAR-0381,92293.00,20,2026-01-01,2026-12-31,ACTIVE
PL-ENT,Enterprise Preferred Price List,Enterprise,INR,VAR-0382,154183.60,20,2026-01-01,2026-12-31,ACTIVE
PL-ENT,Enterprise Preferred Price List,Enterprise,INR,VAR-0383,162870.00,20,2026-01-01,2026-12-31,ACTIVE
PL-ENT,Enterprise Preferred Price List,Enterprise,INR,VAR-0384,208473.60,20,2026-01-01,2026-12-31,ACTIVE
PL-ENT,Enterprise Preferred Price List,Enterprise,INR,VAR-0385,214988.40,20,2026-01-01,2026-12-31,ACTIVE
PL-ENT,Enterprise Preferred Price List,Enterprise,INR,VAR-0386,157332.42,20,2026-01-01,2026-12-31,ACTIVE
PL-ENT,Enterprise Preferred Price List,Enterprise,INR,VAR-0387,171556.40,20,2026-01-01,2026-12-31,ACTIVE
PL-ENT,Enterprise Preferred Price List,Enterprise,INR,VAR-0388,123781.20,20,2026-01-01,2026-12-31,ACTIVE
PL-ENT,Enterprise Preferred Price List,Enterprise,INR,VAR-0389,84692.40,20,2026-01-01,2026-12-31,ACTIVE
PL-ENT,Enterprise Preferred Price List,Enterprise,INR,VAR-0390,98807.80,20,2026-01-01,2026-12-31,ACTIVE
PL-ENT,Enterprise Preferred Price List,Enterprise,INR,VAR-0391,122695.40,20,2026-01-01,2026-12-31,ACTIVE
PL-ENT,Enterprise Preferred Price List,Enterprise,INR,VAR-0392,141154.00,20,2026-01-01,2026-12-31,ACTIVE
PL-ENT,Enterprise Preferred Price List,Enterprise,INR,VAR-0393,67319.60,20,2026-01-01,2026-12-31,ACTIVE
PL-ENT,Enterprise Preferred Price List,Enterprise,INR,VAR-0394,72748.60,20,2026-01-01,2026-12-31,ACTIVE
PL-ENT,Enterprise Preferred Price List,Enterprise,INR,VAR-0395,80349.20,20,2026-01-01,2026-12-31,ACTIVE
PL-ENT,Enterprise Preferred Price List,Enterprise,INR,VAR-0396,106408.40,20,2026-01-01,2026-12-31,ACTIVE
PL-ENT,Enterprise Preferred Price List,Enterprise,INR,VAR-0397,145497.20,20,2026-01-01,2026-12-31,ACTIVE
PL-ENT,Enterprise Preferred Price List,Enterprise,INR,VAR-0398,162870.00,20,2026-01-01,2026-12-31,ACTIVE
PL-ENT,Enterprise Preferred Price List,Enterprise,INR,VAR-0399,102065.20,20,2026-01-01,2026-12-31,ACTIVE
PL-ENT,Enterprise Preferred Price List,Enterprise,INR,VAR-0400,70577.00,20,2026-01-01,2026-12-31,ACTIVE
PL-ENT,Enterprise Preferred Price List,Enterprise,INR,VAR-0401,76006.00,20,2026-01-01,2026-12-31,ACTIVE
PL-ENT,Enterprise Preferred Price List,Enterprise,INR,VAR-0402,255163.00,20,2026-01-01,2026-12-31,ACTIVE
PL-ENT,Enterprise Preferred Price List,Enterprise,INR,VAR-0403,338769.60,20,2026-01-01,2026-12-31,ACTIVE
PL-ENT,Enterprise Preferred Price List,Enterprise,INR,VAR-0404,184477.42,20,2026-01-01,2026-12-31,ACTIVE
PL-ENT,Enterprise Preferred Price List,Enterprise,INR,VAR-0405,114009.00,20,2026-01-01,2026-12-31,ACTIVE
PL-ENT,Enterprise Preferred Price List,Enterprise,INR,VAR-0406,149840.40,20,2026-01-01,2026-12-31,ACTIVE
PL-ENT,Enterprise Preferred Price List,Enterprise,INR,VAR-0407,74920.20,20,2026-01-01,2026-12-31,ACTIVE
PL-ENT,Enterprise Preferred Price List,Enterprise,INR,VAR-0408,141152.91,20,2026-01-01,2026-12-31,ACTIVE
PL-ENT,Enterprise Preferred Price List,Enterprise,INR,VAR-0409,176984.31,20,2026-01-01,2026-12-31,ACTIVE
PL-ENT,Enterprise Preferred Price List,Enterprise,INR,VAR-0410,242132.31,20,2026-01-01,2026-12-31,ACTIVE
PL-ENT,Enterprise Preferred Price List,Enterprise,INR,VAR-0411,62976.40,20,2026-01-01,2026-12-31,ACTIVE
PL-ENT,Enterprise Preferred Price List,Enterprise,INR,VAR-0412,66233.80,20,2026-01-01,2026-12-31,ACTIVE
PL-ENT,Enterprise Preferred Price List,Enterprise,INR,VAR-0413,49946.80,20,2026-01-01,2026-12-31,ACTIVE
PL-ENT,Enterprise Preferred Price List,Enterprise,INR,VAR-0414,51032.60,20,2026-01-01,2026-12-31,ACTIVE
PL-ENT,Enterprise Preferred Price List,Enterprise,INR,VAR-0415,128124.40,20,2026-01-01,2026-12-31,ACTIVE
PL-ENT,Enterprise Preferred Price List,Enterprise,INR,VAR-0416,273621.60,20,2026-01-01,2026-12-31,ACTIVE
PL-ENT,Enterprise Preferred Price List,Enterprise,INR,VAR-0417,90121.40,20,2026-01-01,2026-12-31,ACTIVE
PL-ENT,Enterprise Preferred Price List,Enterprise,INR,VAR-0418,106408.40,20,2026-01-01,2026-12-31,ACTIVE
PL-ENT,Enterprise Preferred Price List,Enterprise,INR,VAR-0419,62976.40,20,2026-01-01,2026-12-31,ACTIVE
PL-ENT,Enterprise Preferred Price List,Enterprise,INR,VAR-0420,67319.60,20,2026-01-01,2026-12-31,ACTIVE
PL-ENT,Enterprise Preferred Price List,Enterprise,INR,VAR-0421,72748.60,20,2026-01-01,2026-12-31,ACTIVE
PL-ENT,Enterprise Preferred Price List,Enterprise,INR,VAR-0422,89035.60,20,2026-01-01,2026-12-31,ACTIVE
PL-ENT,Enterprise Preferred Price List,Enterprise,INR,VAR-0423,81435.00,20,2026-01-01,2026-12-31,ACTIVE
PL-ENT,Enterprise Preferred Price List,Enterprise,INR,VAR-0424,59719.00,20,2026-01-01,2026-12-31,ACTIVE
PL-ENT,Enterprise Preferred Price List,Enterprise,INR,VAR-0425,70577.00,20,2026-01-01,2026-12-31,ACTIVE
PL-ENT,Enterprise Preferred Price List,Enterprise,INR,VAR-0426,84692.40,20,2026-01-01,2026-12-31,ACTIVE
PL-ENT,Enterprise Preferred Price List,Enterprise,INR,VAR-0427,54290.00,20,2026-01-01,2026-12-31,ACTIVE
PL-ENT,Enterprise Preferred Price List,Enterprise,INR,VAR-0428,83606.60,20,2026-01-01,2026-12-31,ACTIVE
PL-ENT,Enterprise Preferred Price List,Enterprise,INR,VAR-0429,58633.20,20,2026-01-01,2026-12-31,ACTIVE
PL-ENT,Enterprise Preferred Price List,Enterprise,INR,VAR-0430,76006.00,20,2026-01-01,2026-12-31,ACTIVE
PL-ENT,Enterprise Preferred Price List,Enterprise,INR,VAR-0431,81435.00,20,2026-01-01,2026-12-31,ACTIVE
PL-ENT,Enterprise Preferred Price List,Enterprise,INR,VAR-0432,85778.20,20,2026-01-01,2026-12-31,ACTIVE
PL-ENT,Enterprise Preferred Price List,Enterprise,INR,VAR-0433,128124.40,20,2026-01-01,2026-12-31,ACTIVE
PL-ENT,Enterprise Preferred Price List,Enterprise,INR,VAR-0434,65039.42,20,2026-01-01,2026-12-31,ACTIVE
PL-ENT,Enterprise Preferred Price List,Enterprise,INR,VAR-0435,141045.42,20,2026-01-01,2026-12-31,ACTIVE
PL-ENT,Enterprise Preferred Price List,Enterprise,INR,VAR-0436,227909.42,20,2026-01-01,2026-12-31,ACTIVE
PL-ENT,Enterprise Preferred Price List,Enterprise,INR,VAR-0437,450498.42,20,2026-01-01,2026-12-31,ACTIVE
PL-ENT,Enterprise Preferred Price List,Enterprise,INR,VAR-0438,146474.42,20,2026-01-01,2026-12-31,ACTIVE
PL-ENT,Enterprise Preferred Price List,Enterprise,INR,VAR-0439,57547.40,20,2026-01-01,2026-12-31,ACTIVE
PL-ENT,Enterprise Preferred Price List,Enterprise,INR,VAR-0440,77091.80,20,2026-01-01,2026-12-31,ACTIVE
PL-ENT,Enterprise Preferred Price List,Enterprise,INR,VAR-0441,53204.20,20,2026-01-01,2026-12-31,ACTIVE
PL-ENT,Enterprise Preferred Price List,Enterprise,INR,VAR-0442,51032.60,20,2026-01-01,2026-12-31,ACTIVE
PL-ENT,Enterprise Preferred Price List,Enterprise,INR,VAR-0443,42346.20,20,2026-01-01,2026-12-31,ACTIVE
PL-ENT,Enterprise Preferred Price List,Enterprise,INR,VAR-0444,44517.80,20,2026-01-01,2026-12-31,ACTIVE
PL-ENT,Enterprise Preferred Price List,Enterprise,INR,VAR-0445,62976.40,20,2026-01-01,2026-12-31,ACTIVE
PL-ENT,Enterprise Preferred Price List,Enterprise,INR,VAR-0446,60804.80,20,2026-01-01,2026-12-31,ACTIVE
PL-ENT,Enterprise Preferred Price List,Enterprise,INR,VAR-0447,89035.60,20,2026-01-01,2026-12-31,ACTIVE
PL-ENT,Enterprise Preferred Price List,Enterprise,INR,VAR-0448,73834.40,20,2026-01-01,2026-12-31,ACTIVE
PL-ENT,Enterprise Preferred Price List,Enterprise,INR,VAR-0449,67319.60,20,2026-01-01,2026-12-31,ACTIVE
PL-ENT,Enterprise Preferred Price List,Enterprise,INR,VAR-0450,79263.40,20,2026-01-01,2026-12-31,ACTIVE
PL-ENT,Enterprise Preferred Price List,Enterprise,INR,VAR-0451,59719.00,20,2026-01-01,2026-12-31,ACTIVE
PL-ENT,Enterprise Preferred Price List,Enterprise,INR,VAR-0452,114009.00,20,2026-01-01,2026-12-31,ACTIVE
PL-ENT,Enterprise Preferred Price List,Enterprise,INR,VAR-0453,55375.80,20,2026-01-01,2026-12-31,ACTIVE
PL-ENT,Enterprise Preferred Price List,Enterprise,INR,VAR-0454,143529.30,20,2026-01-01,2026-12-31,ACTIVE
PL-ENT,Enterprise Preferred Price List,Enterprise,INR,VAR-0455,240837.30,20,2026-01-01,2026-12-31,ACTIVE
PL-ENT,Enterprise Preferred Price List,Enterprise,INR,VAR-0456,408693.60,20,2026-01-01,2026-12-31,ACTIVE
PL-ENT,Enterprise Preferred Price List,Enterprise,INR,VAR-0457,128933.10,20,2026-01-01,2026-12-31,ACTIVE
PL-ENT,Enterprise Preferred Price List,Enterprise,INR,VAR-0458,496270.80,20,2026-01-01,2026-12-31,ACTIVE
PL-ENT,Enterprise Preferred Price List,Enterprise,INR,VAR-0459,120418.65,20,2026-01-01,2026-12-31,ACTIVE
PL-ENT,Enterprise Preferred Price List,Enterprise,INR,VAR-0460,153260.10,20,2026-01-01,2026-12-31,ACTIVE
PL-ENT,Enterprise Preferred Price List,Enterprise,INR,VAR-0461,284625.90,20,2026-01-01,2026-12-31,ACTIVE
PL-ENT,Enterprise Preferred Price List,Enterprise,INR,VAR-0462,423289.80,20,2026-01-01,2026-12-31,ACTIVE
PL-ENT,Enterprise Preferred Price List,Enterprise,INR,VAR-0463,700617.60,20,2026-01-01,2026-12-31,ACTIVE
PL-ENT,Enterprise Preferred Price List,Enterprise,INR,VAR-0464,125284.05,20,2026-01-01,2026-12-31,ACTIVE
PL-ENT,Enterprise Preferred Price List,Enterprise,INR,VAR-0465,133798.50,20,2026-01-01,2026-12-31,ACTIVE
PL-ENT,Enterprise Preferred Price List,Enterprise,INR,VAR-0466,160558.20,20,2026-01-01,2026-12-31,ACTIVE
PL-ENT,Enterprise Preferred Price List,Enterprise,INR,VAR-0467,270029.70,20,2026-01-01,2026-12-31,ACTIVE
PL-ENT,Enterprise Preferred Price List,Enterprise,INR,VAR-0468,467078.40,20,2026-01-01,2026-12-31,ACTIVE
PL-ENT,Enterprise Preferred Price List,Enterprise,INR,VAR-0469,671425.20,20,2026-01-01,2026-12-31,ACTIVE
PL-ENT,Enterprise Preferred Price List,Enterprise,INR,VAR-0470,887813.86,20,2026-01-01,2026-12-31,ACTIVE
PL-ENT,Enterprise Preferred Price List,Enterprise,INR,VAR-0471,948631.36,20,2026-01-01,2026-12-31,ACTIVE
PL-ENT,Enterprise Preferred Price List,Enterprise,INR,VAR-0472,306520.20,20,2026-01-01,2026-12-31,ACTIVE
PL-ENT,Enterprise Preferred Price List,Enterprise,INR,VAR-0473,211644.90,20,2026-01-01,2026-12-31,ACTIVE
PL-ENT,Enterprise Preferred Price List,Enterprise,INR,VAR-0474,114336.90,20,2026-01-01,2026-12-31,ACTIVE
PL-ENT,Enterprise Preferred Price List,Enterprise,INR,VAR-0475,108255.15,20,2026-01-01,2026-12-31,ACTIVE
PL-ENT,Enterprise Preferred Price List,Enterprise,INR,VAR-0476,115553.25,20,2026-01-01,2026-12-31,ACTIVE
PL-ENT,Enterprise Preferred Price List,Enterprise,INR,VAR-0477,328414.50,20,2026-01-01,2026-12-31,ACTIVE
PL-ENT,Enterprise Preferred Price List,Enterprise,INR,VAR-0478,289491.30,20,2026-01-01,2026-12-31,ACTIVE
PL-ENT,Enterprise Preferred Price List,Enterprise,INR,VAR-0479,197048.70,20,2026-01-01,2026-12-31,ACTIVE
PL-ENT,Enterprise Preferred Price List,Enterprise,INR,VAR-0480,187317.90,20,2026-01-01,2026-12-31,ACTIVE
PL-ENT,Enterprise Preferred Price List,Enterprise,INR,VAR-0481,139880.25,20,2026-01-01,2026-12-31,ACTIVE
PL-ENT,Enterprise Preferred Price List,Enterprise,INR,VAR-0482,394097.40,20,2026-01-01,2026-12-31,ACTIVE
PL-ENT,Enterprise Preferred Price List,Enterprise,INR,VAR-0483,167856.30,20,2026-01-01,2026-12-31,ACTIVE
PL-ENT,Enterprise Preferred Price List,Enterprise,INR,VAR-0484,172451.40,20,2026-01-01,2026-12-31,ACTIVE
PL-ENT,Enterprise Preferred Price List,Enterprise,INR,VAR-0485,227322.30,20,2026-01-01,2026-12-31,ACTIVE
PL-ENT,Enterprise Preferred Price List,Enterprise,INR,VAR-0486,305709.30,20,2026-01-01,2026-12-31,ACTIVE
PL-ENT,Enterprise Preferred Price List,Enterprise,INR,VAR-0487,376257.60,20,2026-01-01,2026-12-31,ACTIVE
PL-ENT,Enterprise Preferred Price List,Enterprise,INR,VAR-0488,501676.80,20,2026-01-01,2026-12-31,ACTIVE
PL-ENT,Enterprise Preferred Price List,Enterprise,INR,VAR-0489,658450.80,20,2026-01-01,2026-12-31,ACTIVE
PL-ENT,Enterprise Preferred Price List,Enterprise,INR,VAR-0490,564386.40,20,2026-01-01,2026-12-31,ACTIVE
PL-ENT,Enterprise Preferred Price List,Enterprise,INR,VAR-0491,1128772.80,20,2026-01-01,2026-12-31,ACTIVE
PL-ENT,Enterprise Preferred Price List,Enterprise,INR,VAR-0492,1536385.20,20,2026-01-01,2026-12-31,ACTIVE
PL-ENT,Enterprise Preferred Price List,Enterprise,INR,VAR-0493,185515.90,20,2026-01-01,2026-12-31,ACTIVE
PL-ENT,Enterprise Preferred Price List,Enterprise,INR,VAR-0494,282193.20,20,2026-01-01,2026-12-31,ACTIVE
PL-ENT,Enterprise Preferred Price List,Enterprise,INR,VAR-0495,517354.20,20,2026-01-01,2026-12-31,ACTIVE
PL-ENT,Enterprise Preferred Price List,Enterprise,INR,VAR-0496,681966.90,20,2026-01-01,2026-12-31,ACTIVE
PL-ENT,Enterprise Preferred Price List,Enterprise,INR,VAR-0497,705483.00,20,2026-01-01,2026-12-31,ACTIVE
PL-ENT,Enterprise Preferred Price List,Enterprise,INR,VAR-0498,454644.60,20,2026-01-01,2026-12-31,ACTIVE
PL-ENT,Enterprise Preferred Price List,Enterprise,INR,VAR-0499,1222837.20,20,2026-01-01,2026-12-31,ACTIVE
PL-ENT,Enterprise Preferred Price List,Enterprise,INR,VAR-0500,176370.75,20,2026-01-01,2026-12-31,ACTIVE
PL-ENT,Enterprise Preferred Price List,Enterprise,INR,VAR-0501,493838.10,20,2026-01-01,2026-12-31,ACTIVE
PL-ENT,Enterprise Preferred Price List,Enterprise,INR,VAR-0502,642773.40,20,2026-01-01,2026-12-31,ACTIVE
PL-ENT,Enterprise Preferred Price List,Enterprise,INR,VAR-0503,533031.60,20,2026-01-01,2026-12-31,ACTIVE
PL-ENT,Enterprise Preferred Price List,Enterprise,INR,VAR-0504,1160127.60,20,2026-01-01,2026-12-31,ACTIVE
PL-ENT,Enterprise Preferred Price List,Enterprise,INR,VAR-0505,360580.20,20,2026-01-01,2026-12-31,ACTIVE
PL-ENT,Enterprise Preferred Price List,Enterprise,INR,VAR-0506,540870.30,20,2026-01-01,2026-12-31,ACTIVE
PL-ENT,Enterprise Preferred Price List,Enterprise,INR,VAR-0507,697644.30,20,2026-01-01,2026-12-31,ACTIVE
PL-ENT,Enterprise Preferred Price List,Enterprise,INR,VAR-0508,129338.55,20,2026-01-01,2026-12-31,ACTIVE
PL-ENT,Enterprise Preferred Price List,Enterprise,INR,VAR-0509,195967.50,20,2026-01-01,2026-12-31,ACTIVE
PL-ENT,Enterprise Preferred Price List,Enterprise,INR,VAR-0510,407612.40,20,2026-01-01,2026-12-31,ACTIVE
PL-ENT,Enterprise Preferred Price List,Enterprise,INR,VAR-0511,211644.90,20,2026-01-01,2026-12-31,ACTIVE
PL-ENT,Enterprise Preferred Price List,Enterprise,INR,VAR-0512,548709.00,20,2026-01-01,2026-12-31,ACTIVE
PL-ENT,Enterprise Preferred Price List,Enterprise,INR,VAR-0513,721160.40,20,2026-01-01,2026-12-31,ACTIVE
PL-ENT,Enterprise Preferred Price List,Enterprise,INR,VAR-0514,438967.20,20,2026-01-01,2026-12-31,ACTIVE
PL-ENT,Enterprise Preferred Price List,Enterprise,INR,VAR-0515,736837.80,20,2026-01-01,2026-12-31,ACTIVE
PL-ENT,Enterprise Preferred Price List,Enterprise,INR,VAR-0516,1483406.40,20,2026-01-01,2026-12-31,ACTIVE
PL-ENT,Enterprise Preferred Price List,Enterprise,INR,VAR-0517,2497572.00,20,2026-01-01,2026-12-31,ACTIVE
PL-ENT,Enterprise Preferred Price List,Enterprise,INR,VAR-0518,3708516.00,20,2026-01-01,2026-12-31,ACTIVE
PL-ENT,Enterprise Preferred Price List,Enterprise,INR,VAR-0519,787113.60,20,2026-01-01,2026-12-31,ACTIVE
PL-ENT,Enterprise Preferred Price List,Enterprise,INR,VAR-0520,1422859.20,20,2026-01-01,2026-12-31,ACTIVE
PL-ENT,Enterprise Preferred Price List,Enterprise,INR,VAR-0521,726566.40,20,2026-01-01,2026-12-31,ACTIVE
PL-ENT,Enterprise Preferred Price List,Enterprise,INR,VAR-0522,2800308.00,20,2026-01-01,2026-12-31,ACTIVE
PL-ENT,Enterprise Preferred Price List,Enterprise,INR,VAR-0523,2194836.00,20,2026-01-01,2026-12-31,ACTIVE
PL-ENT,Enterprise Preferred Price List,Enterprise,INR,VAR-0524,3330096.00,20,2026-01-01,2026-12-31,ACTIVE
PL-ENT,Enterprise Preferred Price List,Enterprise,INR,VAR-0525,1347175.20,20,2026-01-01,2026-12-31,ACTIVE
PL-ENT,Enterprise Preferred Price List,Enterprise,INR,VAR-0526,635745.60,20,2026-01-01,2026-12-31,ACTIVE
PL-ENT,Enterprise Preferred Price List,Enterprise,INR,VAR-0527,249757.20,20,2026-01-01,2026-12-31,ACTIVE
PL-ENT,Enterprise Preferred Price List,Enterprise,INR,VAR-0528,446535.60,20,2026-01-01,2026-12-31,ACTIVE
PL-ENT,Enterprise Preferred Price List,Enterprise,INR,VAR-0529,666019.20,20,2026-01-01,2026-12-31,ACTIVE
PL-ENT,Enterprise Preferred Price List,Enterprise,INR,VAR-0530,133708.40,20,2026-01-01,2026-12-31,ACTIVE
PL-ENT,Enterprise Preferred Price List,Enterprise,INR,VAR-0531,355714.80,20,2026-01-01,2026-12-31,ACTIVE
PL-ENT,Enterprise Preferred Price List,Enterprise,INR,VAR-0532,575198.40,20,2026-01-01,2026-12-31,ACTIVE
PL-ENT,Enterprise Preferred Price List,Enterprise,INR,VAR-0533,438967.20,20,2026-01-01,2026-12-31,ACTIVE
PL-ENT,Enterprise Preferred Price List,Enterprise,INR,VAR-0534,142538.20,20,2026-01-01,2026-12-31,ACTIVE
PL-ENT,Enterprise Preferred Price List,Enterprise,INR,VAR-0535,1089849.60,20,2026-01-01,2026-12-31,ACTIVE
PL-ENT,Enterprise Preferred Price List,Enterprise,INR,VAR-0536,1740732.00,20,2026-01-01,2026-12-31,ACTIVE
PL-ENT,Enterprise Preferred Price List,Enterprise,INR,VAR-0537,295167.60,20,2026-01-01,2026-12-31,ACTIVE
PL-ENT,Enterprise Preferred Price List,Enterprise,INR,VAR-0538,138754.00,20,2026-01-01,2026-12-31,ACTIVE
PL-ENT,Enterprise Preferred Price List,Enterprise,INR,VAR-0539,219483.60,20,2026-01-01,2026-12-31,ACTIVE
PL-ENT,Enterprise Preferred Price List,Enterprise,INR,VAR-0540,169027.60,20,2026-01-01,2026-12-31,ACTIVE
PL-ENT,Enterprise Preferred Price List,Enterprise,INR,VAR-0541,160200.00,20,2026-01-01,2026-12-31,ACTIVE
PL-ENT,Enterprise Preferred Price List,Enterprise,INR,VAR-0542,237096.00,20,2026-01-01,2026-12-31,ACTIVE
PL-ENT,Enterprise Preferred Price List,Enterprise,INR,VAR-0543,307584.00,20,2026-01-01,2026-12-31,ACTIVE
PL-ENT,Enterprise Preferred Price List,Enterprise,INR,VAR-0544,410112.00,20,2026-01-01,2026-12-31,ACTIVE
PL-ENT,Enterprise Preferred Price List,Enterprise,INR,VAR-0545,871488.00,20,2026-01-01,2026-12-31,ACTIVE
PL-ENT,Enterprise Preferred Price List,Enterprise,INR,VAR-0546,1217520.00,20,2026-01-01,2026-12-31,ACTIVE
PL-ENT,Enterprise Preferred Price List,Enterprise,INR,VAR-0547,140976.00,20,2026-01-01,2026-12-31,ACTIVE
PL-ENT,Enterprise Preferred Price List,Enterprise,INR,VAR-0548,224280.00,20,2026-01-01,2026-12-31,ACTIVE
PL-ENT,Enterprise Preferred Price List,Enterprise,INR,VAR-0549,378072.00,20,2026-01-01,2026-12-31,ACTIVE
PL-ENT,Enterprise Preferred Price List,Enterprise,INR,VAR-0550,100392.00,20,2026-01-01,2026-12-31,ACTIVE
PL-ENT,Enterprise Preferred Price List,Enterprise,INR,VAR-0551,147384.00,20,2026-01-01,2026-12-31,ACTIVE
PL-ENT,Enterprise Preferred Price List,Enterprise,INR,VAR-0552,228552.00,20,2026-01-01,2026-12-31,ACTIVE
PL-ENT,Enterprise Preferred Price List,Enterprise,INR,VAR-0553,365256.00,20,2026-01-01,2026-12-31,ACTIVE
PL-ENT,Enterprise Preferred Price List,Enterprise,INR,VAR-0554,499824.00,20,2026-01-01,2026-12-31,ACTIVE
PL-ENT,Enterprise Preferred Price List,Enterprise,INR,VAR-0555,48700.80,20,2026-01-01,2026-12-31,ACTIVE
PL-ENT,Enterprise Preferred Price List,Enterprise,INR,VAR-0556,74332.80,20,2026-01-01,2026-12-31,ACTIVE
PL-ENT,Enterprise Preferred Price List,Enterprise,INR,VAR-0557,79459.20,20,2026-01-01,2026-12-31,ACTIVE
PL-ENT,Enterprise Preferred Price List,Enterprise,INR,VAR-0558,53827.20,20,2026-01-01,2026-12-31,ACTIVE
PL-ENT,Enterprise Preferred Price List,Enterprise,INR,VAR-0559,94838.40,20,2026-01-01,2026-12-31,ACTIVE
PL-ENT,Enterprise Preferred Price List,Enterprise,INR,VAR-0560,79459.20,20,2026-01-01,2026-12-31,ACTIVE
PL-ENT,Enterprise Preferred Price List,Enterprise,INR,VAR-0561,17942.40,20,2026-01-01,2026-12-31,ACTIVE
PL-ENT,Enterprise Preferred Price List,Enterprise,INR,VAR-0562,33321.60,20,2026-01-01,2026-12-31,ACTIVE
PL-ENT,Enterprise Preferred Price List,Enterprise,INR,VAR-0563,105091.20,20,2026-01-01,2026-12-31,ACTIVE
PL-ENT,Enterprise Preferred Price List,Enterprise,INR,VAR-0564,211464.00,20,2026-01-01,2026-12-31,ACTIVE
PL-ENT,Enterprise Preferred Price List,Enterprise,INR,VAR-0565,326808.00,20,2026-01-01,2026-12-31,ACTIVE
PL-ENT,Enterprise Preferred Price List,Enterprise,INR,VAR-0566,74332.80,20,2026-01-01,2026-12-31,ACTIVE
PL-ENT,Enterprise Preferred Price List,Enterprise,INR,VAR-0567,125596.80,20,2026-01-01,2026-12-31,ACTIVE
PL-ENT,Enterprise Preferred Price List,Enterprise,INR,VAR-0568,249912.00,20,2026-01-01,2026-12-31,ACTIVE
PL-ENT,Enterprise Preferred Price List,Enterprise,INR,VAR-0569,41011.20,20,2026-01-01,2026-12-31,ACTIVE
PL-ENT,Enterprise Preferred Price List,Enterprise,INR,VAR-0570,56390.40,20,2026-01-01,2026-12-31,ACTIVE
PL-ENT,Enterprise Preferred Price List,Enterprise,INR,VAR-0571,35884.80,20,2026-01-01,2026-12-31,ACTIVE
PL-ENT,Enterprise Preferred Price List,Enterprise,INR,VAR-0572,20505.60,20,2026-01-01,2026-12-31,ACTIVE
PL-ENT,Enterprise Preferred Price List,Enterprise,INR,VAR-0573,32040.00,20,2026-01-01,2026-12-31,ACTIVE
PL-ENT,Enterprise Preferred Price List,Enterprise,INR,VAR-0574,121752.00,20,2026-01-01,2026-12-31,ACTIVE
PL-ENT,Enterprise Preferred Price List,Enterprise,INR,VAR-0575,92275.20,20,2026-01-01,2026-12-31,ACTIVE
PL-ENT,Enterprise Preferred Price List,Enterprise,INR,VAR-0576,62834.00,20,2026-01-01,2026-12-31,ACTIVE
PL-ENT,Enterprise Preferred Price List,Enterprise,INR,VAR-0577,84194.00,20,2026-01-01,2026-12-31,ACTIVE
PL-ENT,Enterprise Preferred Price List,Enterprise,INR,VAR-0578,105554.00,20,2026-01-01,2026-12-31,ACTIVE
PL-ENT,Enterprise Preferred Price List,Enterprise,INR,VAR-0579,139730.00,20,2026-01-01,2026-12-31,ACTIVE
PL-ENT,Enterprise Preferred Price List,Enterprise,INR,VAR-0580,230510.00,20,2026-01-01,2026-12-31,ACTIVE
PL-ENT,Enterprise Preferred Price List,Enterprise,INR,VAR-0581,385370.00,20,2026-01-01,2026-12-31,ACTIVE
PL-ENT,Enterprise Preferred Price List,Enterprise,INR,VAR-0582,716450.00,20,2026-01-01,2026-12-31,ACTIVE
PL-ENT,Enterprise Preferred Price List,Enterprise,INR,VAR-0583,116234.00,20,2026-01-01,2026-12-31,ACTIVE
PL-ENT,Enterprise Preferred Price List,Enterprise,INR,VAR-0584,177110.00,20,2026-01-01,2026-12-31,ACTIVE
PL-ENT,Enterprise Preferred Price List,Enterprise,INR,VAR-0585,246530.00,20,2026-01-01,2026-12-31,ACTIVE
PL-ENT,Enterprise Preferred Price List,Enterprise,INR,VAR-0586,321290.00,20,2026-01-01,2026-12-31,ACTIVE
PL-ENT,Enterprise Preferred Price List,Enterprise,INR,VAR-0587,641690.00,20,2026-01-01,2026-12-31,ACTIVE
PL-ENT,Enterprise Preferred Price List,Enterprise,INR,VAR-0588,1068890.00,20,2026-01-01,2026-12-31,ACTIVE
PL-ENT,Enterprise Preferred Price List,Enterprise,INR,VAR-0589,73514.00,20,2026-01-01,2026-12-31,ACTIVE
PL-ENT,Enterprise Preferred Price List,Enterprise,INR,VAR-0590,101282.00,20,2026-01-01,2026-12-31,ACTIVE
PL-ENT,Enterprise Preferred Price List,Enterprise,INR,VAR-0591,193130.00,20,2026-01-01,2026-12-31,ACTIVE
PL-ENT,Enterprise Preferred Price List,Enterprise,INR,VAR-0592,278570.00,20,2026-01-01,2026-12-31,ACTIVE
PL-ENT,Enterprise Preferred Price List,Enterprise,INR,VAR-0593,428090.00,20,2026-01-01,2026-12-31,ACTIVE
PL-ENT,Enterprise Preferred Price List,Enterprise,INR,VAR-0594,99146.00,20,2026-01-01,2026-12-31,ACTIVE
PL-ENT,Enterprise Preferred Price List,Enterprise,INR,VAR-0595,155750.00,20,2026-01-01,2026-12-31,ACTIVE
PL-ENT,Enterprise Preferred Price List,Enterprise,INR,VAR-0596,246530.00,20,2026-01-01,2026-12-31,ACTIVE
PL-ENT,Enterprise Preferred Price List,Enterprise,INR,VAR-0597,94874.00,20,2026-01-01,2026-12-31,ACTIVE
PL-ENT,Enterprise Preferred Price List,Enterprise,INR,VAR-0598,187790.00,20,2026-01-01,2026-12-31,ACTIVE
PL-ENT,Enterprise Preferred Price List,Enterprise,INR,VAR-0599,364010.00,20,2026-01-01,2026-12-31,ACTIVE
PL-ENT,Enterprise Preferred Price List,Enterprise,INR,VAR-0600,1004810.00,20,2026-01-01,2026-12-31,ACTIVE
PL-ENT,Enterprise Preferred Price List,Enterprise,INR,VAR-0601,16287.00,20,2026-01-01,2026-12-31,ACTIVE
PL-ENT,Enterprise Preferred Price List,Enterprise,INR,VAR-0602,21093.00,20,2026-01-01,2026-12-31,ACTIVE
PL-ENT,Enterprise Preferred Price List,Enterprise,INR,VAR-0603,23763.00,20,2026-01-01,2026-12-31,ACTIVE
PL-ENT,Enterprise Preferred Price List,Enterprise,INR,VAR-0604,37113.00,20,2026-01-01,2026-12-31,ACTIVE
PL-ENT,Enterprise Preferred Price List,Enterprise,INR,VAR-0605,55269.00,20,2026-01-01,2026-12-31,ACTIVE
PL-ENT,Enterprise Preferred Price List,Enterprise,INR,VAR-0606,70221.00,20,2026-01-01,2026-12-31,ACTIVE
PL-ENT,Enterprise Preferred Price List,Enterprise,INR,VAR-0607,76629.00,20,2026-01-01,2026-12-31,ACTIVE
PL-ENT,Enterprise Preferred Price List,Enterprise,INR,VAR-0608,108669.00,20,2026-01-01,2026-12-31,ACTIVE
PL-ENT,Enterprise Preferred Price List,Enterprise,INR,VAR-0609,137505.00,20,2026-01-01,2026-12-31,ACTIVE
PL-ENT,Enterprise Preferred Price List,Enterprise,INR,VAR-0610,34977.00,20,2026-01-01,2026-12-31,ACTIVE
PL-ENT,Enterprise Preferred Price List,Enterprise,INR,VAR-0611,53133.00,20,2026-01-01,2026-12-31,ACTIVE
PL-ENT,Enterprise Preferred Price List,Enterprise,INR,VAR-0612,48861.00,20,2026-01-01,2026-12-31,ACTIVE
PL-ENT,Enterprise Preferred Price List,Enterprise,INR,VAR-0613,102261.00,20,2026-01-01,2026-12-31,ACTIVE
PL-ENT,Enterprise Preferred Price List,Enterprise,INR,VAR-0614,130029.00,20,2026-01-01,2026-12-31,ACTIVE
PL-ENT,Enterprise Preferred Price List,Enterprise,INR,VAR-0615,16821.00,20,2026-01-01,2026-12-31,ACTIVE
PL-ENT,Enterprise Preferred Price List,Enterprise,INR,VAR-0616,27501.00,20,2026-01-01,2026-12-31,ACTIVE
PL-ENT,Enterprise Preferred Price List,Enterprise,INR,VAR-0617,50997.00,20,2026-01-01,2026-12-31,ACTIVE
PL-ENT,Enterprise Preferred Price List,Enterprise,INR,VAR-0618,72357.00,20,2026-01-01,2026-12-31,ACTIVE
PL-ENT,Enterprise Preferred Price List,Enterprise,INR,VAR-0619,15539.40,20,2026-01-01,2026-12-31,ACTIVE
PL-ENT,Enterprise Preferred Price List,Enterprise,INR,VAR-0620,31773.00,20,2026-01-01,2026-12-31,ACTIVE
PL-ENT,Enterprise Preferred Price List,Enterprise,INR,VAR-0621,56337.00,20,2026-01-01,2026-12-31,ACTIVE
PL-ENT,Enterprise Preferred Price List,Enterprise,INR,VAR-0622,65949.00,20,2026-01-01,2026-12-31,ACTIVE
PL-ENT,Enterprise Preferred Price List,Enterprise,INR,VAR-0623,40317.00,20,2026-01-01,2026-12-31,ACTIVE
PL-ENT,Enterprise Preferred Price List,Enterprise,INR,VAR-0624,76629.00,20,2026-01-01,2026-12-31,ACTIVE
PL-ENT,Enterprise Preferred Price List,Enterprise,INR,VAR-0625,42453.00,20,2026-01-01,2026-12-31,ACTIVE
PL-ENT,Enterprise Preferred Price List,Enterprise,INR,VAR-0626,123621.00,20,2026-01-01,2026-12-31,ACTIVE
PL-ENT,Enterprise Preferred Price List,Enterprise,INR,VAR-0627,45657.00,20,2026-01-01,2026-12-31,ACTIVE
PL-ENT,Enterprise Preferred Price List,Enterprise,INR,VAR-0628,63813.00,20,2026-01-01,2026-12-31,ACTIVE
PL-ENT,Enterprise Preferred Price List,Enterprise,INR,VAR-0629,24831.00,20,2026-01-01,2026-12-31,ACTIVE
PL-ENT,Enterprise Preferred Price List,Enterprise,INR,VAR-0630,26433.00,20,2026-01-01,2026-12-31,ACTIVE
PL-ENT,Enterprise Preferred Price List,Enterprise,INR,VAR-0631,85173.00,20,2026-01-01,2026-12-31,ACTIVE
PL-ENT,Enterprise Preferred Price List,Enterprise,INR,VAR-0632,21627.00,20,2026-01-01,2026-12-31,ACTIVE
PL-ENT,Enterprise Preferred Price List,Enterprise,INR,VAR-0633,69776.00,20,2026-01-01,2026-12-31,ACTIVE
PL-ENT,Enterprise Preferred Price List,Enterprise,INR,VAR-0634,101816.00,20,2026-01-01,2026-12-31,ACTIVE
PL-ENT,Enterprise Preferred Price List,Enterprise,INR,VAR-0635,129584.00,20,2026-01-01,2026-12-31,ACTIVE
PL-ENT,Enterprise Preferred Price List,Enterprise,INR,VAR-0636,211820.00,20,2026-01-01,2026-12-31,ACTIVE
PL-ENT,Enterprise Preferred Price List,Enterprise,INR,VAR-0637,254540.00,20,2026-01-01,2026-12-31,ACTIVE
PL-ENT,Enterprise Preferred Price List,Enterprise,INR,VAR-0638,409400.00,20,2026-01-01,2026-12-31,ACTIVE
PL-ENT,Enterprise Preferred Price List,Enterprise,INR,VAR-0639,76184.00,20,2026-01-01,2026-12-31,ACTIVE
PL-ENT,Enterprise Preferred Price List,Enterprise,INR,VAR-0640,125312.00,20,2026-01-01,2026-12-31,ACTIVE
PL-ENT,Enterprise Preferred Price List,Enterprise,INR,VAR-0641,222500.00,20,2026-01-01,2026-12-31,ACTIVE
PL-ENT,Enterprise Preferred Price List,Enterprise,INR,VAR-0642,430760.00,20,2026-01-01,2026-12-31,ACTIVE
PL-ENT,Enterprise Preferred Price List,Enterprise,INR,VAR-0643,66572.00,20,2026-01-01,2026-12-31,ACTIVE
PL-ENT,Enterprise Preferred Price List,Enterprise,INR,VAR-0644,97544.00,20,2026-01-01,2026-12-31,ACTIVE
PL-ENT,Enterprise Preferred Price List,Enterprise,INR,VAR-0645,123176.00,20,2026-01-01,2026-12-31,ACTIVE
PL-ENT,Enterprise Preferred Price List,Enterprise,INR,VAR-0646,204344.00,20,2026-01-01,2026-12-31,ACTIVE
PL-ENT,Enterprise Preferred Price List,Enterprise,INR,VAR-0647,393380.00,20,2026-01-01,2026-12-31,ACTIVE
PL-ENT,Enterprise Preferred Price List,Enterprise,INR,VAR-0648,52688.00,20,2026-01-01,2026-12-31,ACTIVE
PL-ENT,Enterprise Preferred Price List,Enterprise,INR,VAR-0649,76184.00,20,2026-01-01,2026-12-31,ACTIVE
PL-ENT,Enterprise Preferred Price List,Enterprise,INR,VAR-0650,59096.00,20,2026-01-01,2026-12-31,ACTIVE
PL-ENT,Enterprise Preferred Price List,Enterprise,INR,VAR-0651,55892.00,20,2026-01-01,2026-12-31,ACTIVE
PL-ENT,Enterprise Preferred Price List,Enterprise,INR,VAR-0652,39872.00,20,2026-01-01,2026-12-31,ACTIVE
PL-STRAT,Strategic Global Partner Price List,Strategic,INR,VAR-0001,70720.00,50,2026-01-01,2026-12-31,ACTIVE
PL-STRAT,Strategic Global Partner Price List,Strategic,INR,VAR-0002,86320.00,50,2026-01-01,2026-12-31,ACTIVE
PL-STRAT,Strategic Global Partner Price List,Strategic,INR,VAR-0003,76960.00,50,2026-01-01,2026-12-31,ACTIVE
PL-STRAT,Strategic Global Partner Price List,Strategic,INR,VAR-0004,101920.00,50,2026-01-01,2026-12-31,ACTIVE
PL-STRAT,Strategic Global Partner Price List,Strategic,INR,VAR-0005,120640.00,50,2026-01-01,2026-12-31,ACTIVE
PL-STRAT,Strategic Global Partner Price List,Strategic,INR,VAR-0006,119600.00,50,2026-01-01,2026-12-31,ACTIVE
PL-STRAT,Strategic Global Partner Price List,Strategic,INR,VAR-0007,141440.00,50,2026-01-01,2026-12-31,ACTIVE
PL-STRAT,Strategic Global Partner Price List,Strategic,INR,VAR-0008,161200.00,50,2026-01-01,2026-12-31,ACTIVE
PL-STRAT,Strategic Global Partner Price List,Strategic,INR,VAR-0009,182000.00,50,2026-01-01,2026-12-31,ACTIVE
PL-STRAT,Strategic Global Partner Price List,Strategic,INR,VAR-0010,234000.00,50,2026-01-01,2026-12-31,ACTIVE
PL-STRAT,Strategic Global Partner Price List,Strategic,INR,VAR-0011,74880.00,50,2026-01-01,2026-12-31,ACTIVE
PL-STRAT,Strategic Global Partner Price List,Strategic,INR,VAR-0012,91520.00,50,2026-01-01,2026-12-31,ACTIVE
PL-STRAT,Strategic Global Partner Price List,Strategic,INR,VAR-0013,95680.00,50,2026-01-01,2026-12-31,ACTIVE
PL-STRAT,Strategic Global Partner Price List,Strategic,INR,VAR-0014,114400.00,50,2026-01-01,2026-12-31,ACTIVE
PL-STRAT,Strategic Global Partner Price List,Strategic,INR,VAR-0015,150800.00,50,2026-01-01,2026-12-31,ACTIVE
PL-STRAT,Strategic Global Partner Price List,Strategic,INR,VAR-0016,174720.00,50,2026-01-01,2026-12-31,ACTIVE
PL-STRAT,Strategic Global Partner Price List,Strategic,INR,VAR-0017,158080.00,50,2026-01-01,2026-12-31,ACTIVE
PL-STRAT,Strategic Global Partner Price List,Strategic,INR,VAR-0018,109200.00,50,2026-01-01,2026-12-31,ACTIVE
PL-STRAT,Strategic Global Partner Price List,Strategic,INR,VAR-0019,249600.00,50,2026-01-01,2026-12-31,ACTIVE
PL-STRAT,Strategic Global Partner Price List,Strategic,INR,VAR-0020,73840.00,50,2026-01-01,2026-12-31,ACTIVE
PL-STRAT,Strategic Global Partner Price List,Strategic,INR,VAR-0021,122720.00,50,2026-01-01,2026-12-31,ACTIVE
PL-STRAT,Strategic Global Partner Price List,Strategic,INR,VAR-0022,130000.00,50,2026-01-01,2026-12-31,ACTIVE
PL-STRAT,Strategic Global Partner Price List,Strategic,INR,VAR-0023,166400.00,50,2026-01-01,2026-12-31,ACTIVE
PL-STRAT,Strategic Global Partner Price List,Strategic,INR,VAR-0024,171600.00,50,2026-01-01,2026-12-31,ACTIVE
PL-STRAT,Strategic Global Partner Price List,Strategic,INR,VAR-0025,109200.00,50,2026-01-01,2026-12-31,ACTIVE
PL-STRAT,Strategic Global Partner Price List,Strategic,INR,VAR-0026,124800.00,50,2026-01-01,2026-12-31,ACTIVE
PL-STRAT,Strategic Global Partner Price List,Strategic,INR,VAR-0027,130000.00,50,2026-01-01,2026-12-31,ACTIVE
PL-STRAT,Strategic Global Partner Price List,Strategic,INR,VAR-0028,174720.00,50,2026-01-01,2026-12-31,ACTIVE
PL-STRAT,Strategic Global Partner Price List,Strategic,INR,VAR-0029,205920.00,50,2026-01-01,2026-12-31,ACTIVE
PL-STRAT,Strategic Global Partner Price List,Strategic,INR,VAR-0030,306800.00,50,2026-01-01,2026-12-31,ACTIVE
PL-STRAT,Strategic Global Partner Price List,Strategic,INR,VAR-0031,364000.00,50,2026-01-01,2026-12-31,ACTIVE
PL-STRAT,Strategic Global Partner Price List,Strategic,INR,VAR-0032,137280.00,50,2026-01-01,2026-12-31,ACTIVE
PL-STRAT,Strategic Global Partner Price List,Strategic,INR,VAR-0033,98800.00,50,2026-01-01,2026-12-31,ACTIVE
PL-STRAT,Strategic Global Partner Price List,Strategic,INR,VAR-0034,67600.00,50,2026-01-01,2026-12-31,ACTIVE
PL-STRAT,Strategic Global Partner Price List,Strategic,INR,VAR-0035,79040.00,50,2026-01-01,2026-12-31,ACTIVE
PL-STRAT,Strategic Global Partner Price List,Strategic,INR,VAR-0036,97760.00,50,2026-01-01,2026-12-31,ACTIVE
PL-STRAT,Strategic Global Partner Price List,Strategic,INR,VAR-0037,112320.00,50,2026-01-01,2026-12-31,ACTIVE
PL-STRAT,Strategic Global Partner Price List,Strategic,INR,VAR-0038,54080.00,50,2026-01-01,2026-12-31,ACTIVE
PL-STRAT,Strategic Global Partner Price List,Strategic,INR,VAR-0039,58240.00,50,2026-01-01,2026-12-31,ACTIVE
PL-STRAT,Strategic Global Partner Price List,Strategic,INR,VAR-0040,64480.00,50,2026-01-01,2026-12-31,ACTIVE
PL-STRAT,Strategic Global Partner Price List,Strategic,INR,VAR-0041,85280.00,50,2026-01-01,2026-12-31,ACTIVE
PL-STRAT,Strategic Global Partner Price List,Strategic,INR,VAR-0042,116480.00,50,2026-01-01,2026-12-31,ACTIVE
PL-STRAT,Strategic Global Partner Price List,Strategic,INR,VAR-0043,130000.00,50,2026-01-01,2026-12-31,ACTIVE
PL-STRAT,Strategic Global Partner Price List,Strategic,INR,VAR-0044,81120.00,50,2026-01-01,2026-12-31,ACTIVE
PL-STRAT,Strategic Global Partner Price List,Strategic,INR,VAR-0045,56160.00,50,2026-01-01,2026-12-31,ACTIVE
PL-STRAT,Strategic Global Partner Price List,Strategic,INR,VAR-0046,60320.00,50,2026-01-01,2026-12-31,ACTIVE
PL-STRAT,Strategic Global Partner Price List,Strategic,INR,VAR-0047,202800.00,50,2026-01-01,2026-12-31,ACTIVE
PL-STRAT,Strategic Global Partner Price List,Strategic,INR,VAR-0048,270400.00,50,2026-01-01,2026-12-31,ACTIVE
PL-STRAT,Strategic Global Partner Price List,Strategic,INR,VAR-0049,147680.00,50,2026-01-01,2026-12-31,ACTIVE
PL-STRAT,Strategic Global Partner Price List,Strategic,INR,VAR-0050,91520.00,50,2026-01-01,2026-12-31,ACTIVE
PL-STRAT,Strategic Global Partner Price List,Strategic,INR,VAR-0051,119600.00,50,2026-01-01,2026-12-31,ACTIVE
PL-STRAT,Strategic Global Partner Price List,Strategic,INR,VAR-0052,60320.00,50,2026-01-01,2026-12-31,ACTIVE
PL-STRAT,Strategic Global Partner Price List,Strategic,INR,VAR-0053,112320.00,50,2026-01-01,2026-12-31,ACTIVE
PL-STRAT,Strategic Global Partner Price List,Strategic,INR,VAR-0054,140400.00,50,2026-01-01,2026-12-31,ACTIVE
PL-STRAT,Strategic Global Partner Price List,Strategic,INR,VAR-0055,192400.00,50,2026-01-01,2026-12-31,ACTIVE
PL-STRAT,Strategic Global Partner Price List,Strategic,INR,VAR-0056,49920.00,50,2026-01-01,2026-12-31,ACTIVE
PL-STRAT,Strategic Global Partner Price List,Strategic,INR,VAR-0057,53040.00,50,2026-01-01,2026-12-31,ACTIVE
PL-STRAT,Strategic Global Partner Price List,Strategic,INR,VAR-0058,39520.00,50,2026-01-01,2026-12-31,ACTIVE
PL-STRAT,Strategic Global Partner Price List,Strategic,INR,VAR-0059,40560.00,50,2026-01-01,2026-12-31,ACTIVE
PL-STRAT,Strategic Global Partner Price List,Strategic,INR,VAR-0060,101920.00,50,2026-01-01,2026-12-31,ACTIVE
PL-STRAT,Strategic Global Partner Price List,Strategic,INR,VAR-0061,218400.00,50,2026-01-01,2026-12-31,ACTIVE
PL-STRAT,Strategic Global Partner Price List,Strategic,INR,VAR-0062,71760.00,50,2026-01-01,2026-12-31,ACTIVE
PL-STRAT,Strategic Global Partner Price List,Strategic,INR,VAR-0063,85280.00,50,2026-01-01,2026-12-31,ACTIVE
PL-STRAT,Strategic Global Partner Price List,Strategic,INR,VAR-0064,49920.00,50,2026-01-01,2026-12-31,ACTIVE
PL-STRAT,Strategic Global Partner Price List,Strategic,INR,VAR-0065,54080.00,50,2026-01-01,2026-12-31,ACTIVE
PL-STRAT,Strategic Global Partner Price List,Strategic,INR,VAR-0066,58240.00,50,2026-01-01,2026-12-31,ACTIVE
PL-STRAT,Strategic Global Partner Price List,Strategic,INR,VAR-0067,70720.00,50,2026-01-01,2026-12-31,ACTIVE
PL-STRAT,Strategic Global Partner Price List,Strategic,INR,VAR-0068,64480.00,50,2026-01-01,2026-12-31,ACTIVE
PL-STRAT,Strategic Global Partner Price List,Strategic,INR,VAR-0069,47840.00,50,2026-01-01,2026-12-31,ACTIVE
PL-STRAT,Strategic Global Partner Price List,Strategic,INR,VAR-0070,56160.00,50,2026-01-01,2026-12-31,ACTIVE
PL-STRAT,Strategic Global Partner Price List,Strategic,INR,VAR-0071,67600.00,50,2026-01-01,2026-12-31,ACTIVE
PL-STRAT,Strategic Global Partner Price List,Strategic,INR,VAR-0072,43680.00,50,2026-01-01,2026-12-31,ACTIVE
PL-STRAT,Strategic Global Partner Price List,Strategic,INR,VAR-0073,66560.00,50,2026-01-01,2026-12-31,ACTIVE
PL-STRAT,Strategic Global Partner Price List,Strategic,INR,VAR-0074,46800.00,50,2026-01-01,2026-12-31,ACTIVE
PL-STRAT,Strategic Global Partner Price List,Strategic,INR,VAR-0075,60320.00,50,2026-01-01,2026-12-31,ACTIVE
PL-STRAT,Strategic Global Partner Price List,Strategic,INR,VAR-0076,64480.00,50,2026-01-01,2026-12-31,ACTIVE
PL-STRAT,Strategic Global Partner Price List,Strategic,INR,VAR-0077,68640.00,50,2026-01-01,2026-12-31,ACTIVE
PL-STRAT,Strategic Global Partner Price List,Strategic,INR,VAR-0078,101920.00,50,2026-01-01,2026-12-31,ACTIVE
PL-STRAT,Strategic Global Partner Price List,Strategic,INR,VAR-0079,54080.00,50,2026-01-01,2026-12-31,ACTIVE
PL-STRAT,Strategic Global Partner Price List,Strategic,INR,VAR-0080,112320.00,50,2026-01-01,2026-12-31,ACTIVE
PL-STRAT,Strategic Global Partner Price List,Strategic,INR,VAR-0081,182000.00,50,2026-01-01,2026-12-31,ACTIVE
PL-STRAT,Strategic Global Partner Price List,Strategic,INR,VAR-0082,358800.00,50,2026-01-01,2026-12-31,ACTIVE
PL-STRAT,Strategic Global Partner Price List,Strategic,INR,VAR-0083,119600.00,50,2026-01-01,2026-12-31,ACTIVE
PL-STRAT,Strategic Global Partner Price List,Strategic,INR,VAR-0084,45760.00,50,2026-01-01,2026-12-31,ACTIVE
PL-STRAT,Strategic Global Partner Price List,Strategic,INR,VAR-0085,61360.00,50,2026-01-01,2026-12-31,ACTIVE
PL-STRAT,Strategic Global Partner Price List,Strategic,INR,VAR-0086,42640.00,50,2026-01-01,2026-12-31,ACTIVE
PL-STRAT,Strategic Global Partner Price List,Strategic,INR,VAR-0087,40560.00,50,2026-01-01,2026-12-31,ACTIVE
PL-STRAT,Strategic Global Partner Price List,Strategic,INR,VAR-0088,33280.00,50,2026-01-01,2026-12-31,ACTIVE
PL-STRAT,Strategic Global Partner Price List,Strategic,INR,VAR-0089,35360.00,50,2026-01-01,2026-12-31,ACTIVE
PL-STRAT,Strategic Global Partner Price List,Strategic,INR,VAR-0090,49920.00,50,2026-01-01,2026-12-31,ACTIVE
PL-STRAT,Strategic Global Partner Price List,Strategic,INR,VAR-0091,48880.00,50,2026-01-01,2026-12-31,ACTIVE
PL-STRAT,Strategic Global Partner Price List,Strategic,INR,VAR-0092,70720.00,50,2026-01-01,2026-12-31,ACTIVE
PL-STRAT,Strategic Global Partner Price List,Strategic,INR,VAR-0093,59280.00,50,2026-01-01,2026-12-31,ACTIVE
PL-STRAT,Strategic Global Partner Price List,Strategic,INR,VAR-0094,54080.00,50,2026-01-01,2026-12-31,ACTIVE
PL-STRAT,Strategic Global Partner Price List,Strategic,INR,VAR-0095,63440.00,50,2026-01-01,2026-12-31,ACTIVE
PL-STRAT,Strategic Global Partner Price List,Strategic,INR,VAR-0096,47840.00,50,2026-01-01,2026-12-31,ACTIVE
PL-STRAT,Strategic Global Partner Price List,Strategic,INR,VAR-0097,91520.00,50,2026-01-01,2026-12-31,ACTIVE
PL-STRAT,Strategic Global Partner Price List,Strategic,INR,VAR-0098,43680.00,50,2026-01-01,2026-12-31,ACTIVE
PL-STRAT,Strategic Global Partner Price List,Strategic,INR,VAR-0099,101920.00,50,2026-01-01,2026-12-31,ACTIVE
PL-STRAT,Strategic Global Partner Price List,Strategic,INR,VAR-0100,171600.00,50,2026-01-01,2026-12-31,ACTIVE
PL-STRAT,Strategic Global Partner Price List,Strategic,INR,VAR-0101,291200.00,50,2026-01-01,2026-12-31,ACTIVE
PL-STRAT,Strategic Global Partner Price List,Strategic,INR,VAR-0102,91520.00,50,2026-01-01,2026-12-31,ACTIVE
PL-STRAT,Strategic Global Partner Price List,Strategic,INR,VAR-0103,353600.00,50,2026-01-01,2026-12-31,ACTIVE
PL-STRAT,Strategic Global Partner Price List,Strategic,INR,VAR-0104,85280.00,50,2026-01-01,2026-12-31,ACTIVE
PL-STRAT,Strategic Global Partner Price List,Strategic,INR,VAR-0105,109200.00,50,2026-01-01,2026-12-31,ACTIVE
PL-STRAT,Strategic Global Partner Price List,Strategic,INR,VAR-0106,202800.00,50,2026-01-01,2026-12-31,ACTIVE
PL-STRAT,Strategic Global Partner Price List,Strategic,INR,VAR-0107,301600.00,50,2026-01-01,2026-12-31,ACTIVE
PL-STRAT,Strategic Global Partner Price List,Strategic,INR,VAR-0108,499200.00,50,2026-01-01,2026-12-31,ACTIVE
PL-STRAT,Strategic Global Partner Price List,Strategic,INR,VAR-0109,89440.00,50,2026-01-01,2026-12-31,ACTIVE
PL-STRAT,Strategic Global Partner Price List,Strategic,INR,VAR-0110,95680.00,50,2026-01-01,2026-12-31,ACTIVE
PL-STRAT,Strategic Global Partner Price List,Strategic,INR,VAR-0111,114400.00,50,2026-01-01,2026-12-31,ACTIVE
PL-STRAT,Strategic Global Partner Price List,Strategic,INR,VAR-0112,192400.00,50,2026-01-01,2026-12-31,ACTIVE
PL-STRAT,Strategic Global Partner Price List,Strategic,INR,VAR-0113,332800.00,50,2026-01-01,2026-12-31,ACTIVE
PL-STRAT,Strategic Global Partner Price List,Strategic,INR,VAR-0114,478400.00,50,2026-01-01,2026-12-31,ACTIVE
PL-STRAT,Strategic Global Partner Price List,Strategic,INR,VAR-0115,613600.00,50,2026-01-01,2026-12-31,ACTIVE
PL-STRAT,Strategic Global Partner Price List,Strategic,INR,VAR-0116,665600.00,50,2026-01-01,2026-12-31,ACTIVE
PL-STRAT,Strategic Global Partner Price List,Strategic,INR,VAR-0117,218400.00,50,2026-01-01,2026-12-31,ACTIVE
PL-STRAT,Strategic Global Partner Price List,Strategic,INR,VAR-0118,150800.00,50,2026-01-01,2026-12-31,ACTIVE
PL-STRAT,Strategic Global Partner Price List,Strategic,INR,VAR-0119,81120.00,50,2026-01-01,2026-12-31,ACTIVE
PL-STRAT,Strategic Global Partner Price List,Strategic,INR,VAR-0120,76960.00,50,2026-01-01,2026-12-31,ACTIVE
PL-STRAT,Strategic Global Partner Price List,Strategic,INR,VAR-0121,82160.00,50,2026-01-01,2026-12-31,ACTIVE
PL-STRAT,Strategic Global Partner Price List,Strategic,INR,VAR-0122,234000.00,50,2026-01-01,2026-12-31,ACTIVE
PL-STRAT,Strategic Global Partner Price List,Strategic,INR,VAR-0123,205920.00,50,2026-01-01,2026-12-31,ACTIVE
PL-STRAT,Strategic Global Partner Price List,Strategic,INR,VAR-0124,140400.00,50,2026-01-01,2026-12-31,ACTIVE
PL-STRAT,Strategic Global Partner Price List,Strategic,INR,VAR-0125,133120.00,50,2026-01-01,2026-12-31,ACTIVE
PL-STRAT,Strategic Global Partner Price List,Strategic,INR,VAR-0126,99840.00,50,2026-01-01,2026-12-31,ACTIVE
PL-STRAT,Strategic Global Partner Price List,Strategic,INR,VAR-0127,280800.00,50,2026-01-01,2026-12-31,ACTIVE
PL-STRAT,Strategic Global Partner Price List,Strategic,INR,VAR-0128,119600.00,50,2026-01-01,2026-12-31,ACTIVE
PL-STRAT,Strategic Global Partner Price List,Strategic,INR,VAR-0129,114400.00,50,2026-01-01,2026-12-31,ACTIVE
PL-STRAT,Strategic Global Partner Price List,Strategic,INR,VAR-0130,150800.00,50,2026-01-01,2026-12-31,ACTIVE
PL-STRAT,Strategic Global Partner Price List,Strategic,INR,VAR-0131,202800.00,50,2026-01-01,2026-12-31,ACTIVE
PL-STRAT,Strategic Global Partner Price List,Strategic,INR,VAR-0132,249600.00,50,2026-01-01,2026-12-31,ACTIVE
PL-STRAT,Strategic Global Partner Price List,Strategic,INR,VAR-0133,332800.00,50,2026-01-01,2026-12-31,ACTIVE
PL-STRAT,Strategic Global Partner Price List,Strategic,INR,VAR-0134,436800.00,50,2026-01-01,2026-12-31,ACTIVE
PL-STRAT,Strategic Global Partner Price List,Strategic,INR,VAR-0135,374400.00,50,2026-01-01,2026-12-31,ACTIVE
PL-STRAT,Strategic Global Partner Price List,Strategic,INR,VAR-0136,748800.00,50,2026-01-01,2026-12-31,ACTIVE
PL-STRAT,Strategic Global Partner Price List,Strategic,INR,VAR-0137,1019200.00,50,2026-01-01,2026-12-31,ACTIVE
PL-STRAT,Strategic Global Partner Price List,Strategic,INR,VAR-0138,122720.00,50,2026-01-01,2026-12-31,ACTIVE
PL-STRAT,Strategic Global Partner Price List,Strategic,INR,VAR-0139,187200.00,50,2026-01-01,2026-12-31,ACTIVE
PL-STRAT,Strategic Global Partner Price List,Strategic,INR,VAR-0140,343200.00,50,2026-01-01,2026-12-31,ACTIVE
PL-STRAT,Strategic Global Partner Price List,Strategic,INR,VAR-0141,452400.00,50,2026-01-01,2026-12-31,ACTIVE
PL-STRAT,Strategic Global Partner Price List,Strategic,INR,VAR-0142,468000.00,50,2026-01-01,2026-12-31,ACTIVE
PL-STRAT,Strategic Global Partner Price List,Strategic,INR,VAR-0143,301600.00,50,2026-01-01,2026-12-31,ACTIVE
PL-STRAT,Strategic Global Partner Price List,Strategic,INR,VAR-0144,811200.00,50,2026-01-01,2026-12-31,ACTIVE
PL-STRAT,Strategic Global Partner Price List,Strategic,INR,VAR-0145,116480.00,50,2026-01-01,2026-12-31,ACTIVE
PL-STRAT,Strategic Global Partner Price List,Strategic,INR,VAR-0146,327600.00,50,2026-01-01,2026-12-31,ACTIVE
PL-STRAT,Strategic Global Partner Price List,Strategic,INR,VAR-0147,426400.00,50,2026-01-01,2026-12-31,ACTIVE
PL-STRAT,Strategic Global Partner Price List,Strategic,INR,VAR-0148,353600.00,50,2026-01-01,2026-12-31,ACTIVE
PL-STRAT,Strategic Global Partner Price List,Strategic,INR,VAR-0149,769600.00,50,2026-01-01,2026-12-31,ACTIVE
PL-STRAT,Strategic Global Partner Price List,Strategic,INR,VAR-0150,239200.00,50,2026-01-01,2026-12-31,ACTIVE
PL-STRAT,Strategic Global Partner Price List,Strategic,INR,VAR-0151,358800.00,50,2026-01-01,2026-12-31,ACTIVE
PL-STRAT,Strategic Global Partner Price List,Strategic,INR,VAR-0152,462800.00,50,2026-01-01,2026-12-31,ACTIVE
PL-STRAT,Strategic Global Partner Price List,Strategic,INR,VAR-0153,85280.00,50,2026-01-01,2026-12-31,ACTIVE
PL-STRAT,Strategic Global Partner Price List,Strategic,INR,VAR-0154,130000.00,50,2026-01-01,2026-12-31,ACTIVE
PL-STRAT,Strategic Global Partner Price List,Strategic,INR,VAR-0155,270400.00,50,2026-01-01,2026-12-31,ACTIVE
PL-STRAT,Strategic Global Partner Price List,Strategic,INR,VAR-0156,140400.00,50,2026-01-01,2026-12-31,ACTIVE
PL-STRAT,Strategic Global Partner Price List,Strategic,INR,VAR-0157,364000.00,50,2026-01-01,2026-12-31,ACTIVE
PL-STRAT,Strategic Global Partner Price List,Strategic,INR,VAR-0158,478400.00,50,2026-01-01,2026-12-31,ACTIVE
PL-STRAT,Strategic Global Partner Price List,Strategic,INR,VAR-0159,291200.00,50,2026-01-01,2026-12-31,ACTIVE
PL-STRAT,Strategic Global Partner Price List,Strategic,INR,VAR-0160,488800.00,50,2026-01-01,2026-12-31,ACTIVE
PL-STRAT,Strategic Global Partner Price List,Strategic,INR,VAR-0161,1019200.00,50,2026-01-01,2026-12-31,ACTIVE
PL-STRAT,Strategic Global Partner Price List,Strategic,INR,VAR-0162,1716000.00,50,2026-01-01,2026-12-31,ACTIVE
PL-STRAT,Strategic Global Partner Price List,Strategic,INR,VAR-0163,2548000.00,50,2026-01-01,2026-12-31,ACTIVE
PL-STRAT,Strategic Global Partner Price List,Strategic,INR,VAR-0164,540800.00,50,2026-01-01,2026-12-31,ACTIVE
PL-STRAT,Strategic Global Partner Price List,Strategic,INR,VAR-0165,977600.00,50,2026-01-01,2026-12-31,ACTIVE
PL-STRAT,Strategic Global Partner Price List,Strategic,INR,VAR-0166,499200.00,50,2026-01-01,2026-12-31,ACTIVE
PL-STRAT,Strategic Global Partner Price List,Strategic,INR,VAR-0167,1924000.00,50,2026-01-01,2026-12-31,ACTIVE
PL-STRAT,Strategic Global Partner Price List,Strategic,INR,VAR-0168,1508000.00,50,2026-01-01,2026-12-31,ACTIVE
PL-STRAT,Strategic Global Partner Price List,Strategic,INR,VAR-0169,2288000.00,50,2026-01-01,2026-12-31,ACTIVE
PL-STRAT,Strategic Global Partner Price List,Strategic,INR,VAR-0170,925600.00,50,2026-01-01,2026-12-31,ACTIVE
PL-STRAT,Strategic Global Partner Price List,Strategic,INR,VAR-0171,436800.00,50,2026-01-01,2026-12-31,ACTIVE
PL-STRAT,Strategic Global Partner Price List,Strategic,INR,VAR-0172,171600.00,50,2026-01-01,2026-12-31,ACTIVE
PL-STRAT,Strategic Global Partner Price List,Strategic,INR,VAR-0173,306800.00,50,2026-01-01,2026-12-31,ACTIVE
PL-STRAT,Strategic Global Partner Price List,Strategic,INR,VAR-0174,457600.00,50,2026-01-01,2026-12-31,ACTIVE
PL-STRAT,Strategic Global Partner Price List,Strategic,INR,VAR-0175,91520.00,50,2026-01-01,2026-12-31,ACTIVE
PL-STRAT,Strategic Global Partner Price List,Strategic,INR,VAR-0176,244400.00,50,2026-01-01,2026-12-31,ACTIVE
PL-STRAT,Strategic Global Partner Price List,Strategic,INR,VAR-0177,395200.00,50,2026-01-01,2026-12-31,ACTIVE
PL-STRAT,Strategic Global Partner Price List,Strategic,INR,VAR-0178,301600.00,50,2026-01-01,2026-12-31,ACTIVE
PL-STRAT,Strategic Global Partner Price List,Strategic,INR,VAR-0179,97760.00,50,2026-01-01,2026-12-31,ACTIVE
PL-STRAT,Strategic Global Partner Price List,Strategic,INR,VAR-0180,748800.00,50,2026-01-01,2026-12-31,ACTIVE
PL-STRAT,Strategic Global Partner Price List,Strategic,INR,VAR-0181,1196000.00,50,2026-01-01,2026-12-31,ACTIVE
PL-STRAT,Strategic Global Partner Price List,Strategic,INR,VAR-0182,202800.00,50,2026-01-01,2026-12-31,ACTIVE
PL-STRAT,Strategic Global Partner Price List,Strategic,INR,VAR-0183,95680.00,50,2026-01-01,2026-12-31,ACTIVE
PL-STRAT,Strategic Global Partner Price List,Strategic,INR,VAR-0184,150800.00,50,2026-01-01,2026-12-31,ACTIVE
PL-STRAT,Strategic Global Partner Price List,Strategic,INR,VAR-0185,116480.00,50,2026-01-01,2026-12-31,ACTIVE
PL-STRAT,Strategic Global Partner Price List,Strategic,INR,VAR-0186,130000.00,50,2026-01-01,2026-12-31,ACTIVE
PL-STRAT,Strategic Global Partner Price List,Strategic,INR,VAR-0187,192400.00,50,2026-01-01,2026-12-31,ACTIVE
PL-STRAT,Strategic Global Partner Price List,Strategic,INR,VAR-0188,249600.00,50,2026-01-01,2026-12-31,ACTIVE
PL-STRAT,Strategic Global Partner Price List,Strategic,INR,VAR-0189,332800.00,50,2026-01-01,2026-12-31,ACTIVE
PL-STRAT,Strategic Global Partner Price List,Strategic,INR,VAR-0190,707200.00,50,2026-01-01,2026-12-31,ACTIVE
PL-STRAT,Strategic Global Partner Price List,Strategic,INR,VAR-0191,988000.00,50,2026-01-01,2026-12-31,ACTIVE
PL-STRAT,Strategic Global Partner Price List,Strategic,INR,VAR-0192,114400.00,50,2026-01-01,2026-12-31,ACTIVE
PL-STRAT,Strategic Global Partner Price List,Strategic,INR,VAR-0193,182000.00,50,2026-01-01,2026-12-31,ACTIVE
PL-STRAT,Strategic Global Partner Price List,Strategic,INR,VAR-0194,306800.00,50,2026-01-01,2026-12-31,ACTIVE
PL-STRAT,Strategic Global Partner Price List,Strategic,INR,VAR-0195,81120.00,50,2026-01-01,2026-12-31,ACTIVE
PL-STRAT,Strategic Global Partner Price List,Strategic,INR,VAR-0196,119600.00,50,2026-01-01,2026-12-31,ACTIVE
PL-STRAT,Strategic Global Partner Price List,Strategic,INR,VAR-0197,185120.00,50,2026-01-01,2026-12-31,ACTIVE
PL-STRAT,Strategic Global Partner Price List,Strategic,INR,VAR-0198,296400.00,50,2026-01-01,2026-12-31,ACTIVE
PL-STRAT,Strategic Global Partner Price List,Strategic,INR,VAR-0199,405600.00,50,2026-01-01,2026-12-31,ACTIVE
PL-STRAT,Strategic Global Partner Price List,Strategic,INR,VAR-0200,39520.00,50,2026-01-01,2026-12-31,ACTIVE
PL-STRAT,Strategic Global Partner Price List,Strategic,INR,VAR-0201,60320.00,50,2026-01-01,2026-12-31,ACTIVE
PL-STRAT,Strategic Global Partner Price List,Strategic,INR,VAR-0202,64480.00,50,2026-01-01,2026-12-31,ACTIVE
PL-STRAT,Strategic Global Partner Price List,Strategic,INR,VAR-0203,43680.00,50,2026-01-01,2026-12-31,ACTIVE
PL-STRAT,Strategic Global Partner Price List,Strategic,INR,VAR-0204,76960.00,50,2026-01-01,2026-12-31,ACTIVE
PL-STRAT,Strategic Global Partner Price List,Strategic,INR,VAR-0205,64480.00,50,2026-01-01,2026-12-31,ACTIVE
PL-STRAT,Strategic Global Partner Price List,Strategic,INR,VAR-0206,14560.00,50,2026-01-01,2026-12-31,ACTIVE
PL-STRAT,Strategic Global Partner Price List,Strategic,INR,VAR-0207,27040.00,50,2026-01-01,2026-12-31,ACTIVE
PL-STRAT,Strategic Global Partner Price List,Strategic,INR,VAR-0208,85280.00,50,2026-01-01,2026-12-31,ACTIVE
PL-STRAT,Strategic Global Partner Price List,Strategic,INR,VAR-0209,171600.00,50,2026-01-01,2026-12-31,ACTIVE
PL-STRAT,Strategic Global Partner Price List,Strategic,INR,VAR-0210,265200.00,50,2026-01-01,2026-12-31,ACTIVE
PL-STRAT,Strategic Global Partner Price List,Strategic,INR,VAR-0211,60320.00,50,2026-01-01,2026-12-31,ACTIVE
PL-STRAT,Strategic Global Partner Price List,Strategic,INR,VAR-0212,101920.00,50,2026-01-01,2026-12-31,ACTIVE
PL-STRAT,Strategic Global Partner Price List,Strategic,INR,VAR-0213,202800.00,50,2026-01-01,2026-12-31,ACTIVE
PL-STRAT,Strategic Global Partner Price List,Strategic,INR,VAR-0214,33280.00,50,2026-01-01,2026-12-31,ACTIVE
PL-STRAT,Strategic Global Partner Price List,Strategic,INR,VAR-0215,45760.00,50,2026-01-01,2026-12-31,ACTIVE
PL-STRAT,Strategic Global Partner Price List,Strategic,INR,VAR-0216,29120.00,50,2026-01-01,2026-12-31,ACTIVE
PL-STRAT,Strategic Global Partner Price List,Strategic,INR,VAR-0217,16640.00,50,2026-01-01,2026-12-31,ACTIVE
PL-STRAT,Strategic Global Partner Price List,Strategic,INR,VAR-0218,26000.00,50,2026-01-01,2026-12-31,ACTIVE
PL-STRAT,Strategic Global Partner Price List,Strategic,INR,VAR-0219,98800.00,50,2026-01-01,2026-12-31,ACTIVE
PL-STRAT,Strategic Global Partner Price List,Strategic,INR,VAR-0220,74880.00,50,2026-01-01,2026-12-31,ACTIVE
PL-STRAT,Strategic Global Partner Price List,Strategic,INR,VAR-0221,39520.00,50,2026-01-01,2026-12-31,ACTIVE
PL-STRAT,Strategic Global Partner Price List,Strategic,INR,VAR-0222,60320.00,50,2026-01-01,2026-12-31,ACTIVE
PL-STRAT,Strategic Global Partner Price List,Strategic,INR,VAR-0223,81120.00,50,2026-01-01,2026-12-31,ACTIVE
PL-STRAT,Strategic Global Partner Price List,Strategic,INR,VAR-0224,114400.00,50,2026-01-01,2026-12-31,ACTIVE
PL-STRAT,Strategic Global Partner Price List,Strategic,INR,VAR-0225,202800.00,50,2026-01-01,2026-12-31,ACTIVE
PL-STRAT,Strategic Global Partner Price List,Strategic,INR,VAR-0226,353600.00,50,2026-01-01,2026-12-31,ACTIVE
PL-STRAT,Strategic Global Partner Price List,Strategic,INR,VAR-0227,676000.00,50,2026-01-01,2026-12-31,ACTIVE
PL-STRAT,Strategic Global Partner Price List,Strategic,INR,VAR-0228,91520.00,50,2026-01-01,2026-12-31,ACTIVE
PL-STRAT,Strategic Global Partner Price List,Strategic,INR,VAR-0229,150800.00,50,2026-01-01,2026-12-31,ACTIVE
PL-STRAT,Strategic Global Partner Price List,Strategic,INR,VAR-0230,218400.00,50,2026-01-01,2026-12-31,ACTIVE
PL-STRAT,Strategic Global Partner Price List,Strategic,INR,VAR-0231,291200.00,50,2026-01-01,2026-12-31,ACTIVE
PL-STRAT,Strategic Global Partner Price List,Strategic,INR,VAR-0232,603200.00,50,2026-01-01,2026-12-31,ACTIVE
PL-STRAT,Strategic Global Partner Price List,Strategic,INR,VAR-0233,1019200.00,50,2026-01-01,2026-12-31,ACTIVE
PL-STRAT,Strategic Global Partner Price List,Strategic,INR,VAR-0234,49920.00,50,2026-01-01,2026-12-31,ACTIVE
PL-STRAT,Strategic Global Partner Price List,Strategic,INR,VAR-0235,76960.00,50,2026-01-01,2026-12-31,ACTIVE
PL-STRAT,Strategic Global Partner Price List,Strategic,INR,VAR-0236,166400.00,50,2026-01-01,2026-12-31,ACTIVE
PL-STRAT,Strategic Global Partner Price List,Strategic,INR,VAR-0237,249600.00,50,2026-01-01,2026-12-31,ACTIVE
PL-STRAT,Strategic Global Partner Price List,Strategic,INR,VAR-0238,395200.00,50,2026-01-01,2026-12-31,ACTIVE
PL-STRAT,Strategic Global Partner Price List,Strategic,INR,VAR-0239,74880.00,50,2026-01-01,2026-12-31,ACTIVE
PL-STRAT,Strategic Global Partner Price List,Strategic,INR,VAR-0240,130000.00,50,2026-01-01,2026-12-31,ACTIVE
PL-STRAT,Strategic Global Partner Price List,Strategic,INR,VAR-0241,218400.00,50,2026-01-01,2026-12-31,ACTIVE
PL-STRAT,Strategic Global Partner Price List,Strategic,INR,VAR-0242,70720.00,50,2026-01-01,2026-12-31,ACTIVE
PL-STRAT,Strategic Global Partner Price List,Strategic,INR,VAR-0243,161200.00,50,2026-01-01,2026-12-31,ACTIVE
PL-STRAT,Strategic Global Partner Price List,Strategic,INR,VAR-0244,332800.00,50,2026-01-01,2026-12-31,ACTIVE
PL-STRAT,Strategic Global Partner Price List,Strategic,INR,VAR-0245,956800.00,50,2026-01-01,2026-12-31,ACTIVE
PL-STRAT,Strategic Global Partner Price List,Strategic,INR,VAR-0246,11960.00,50,2026-01-01,2026-12-31,ACTIVE
PL-STRAT,Strategic Global Partner Price List,Strategic,INR,VAR-0247,16640.00,50,2026-01-01,2026-12-31,ACTIVE
PL-STRAT,Strategic Global Partner Price List,Strategic,INR,VAR-0248,19240.00,50,2026-01-01,2026-12-31,ACTIVE
PL-STRAT,Strategic Global Partner Price List,Strategic,INR,VAR-0249,32240.00,50,2026-01-01,2026-12-31,ACTIVE
PL-STRAT,Strategic Global Partner Price List,Strategic,INR,VAR-0250,49920.00,50,2026-01-01,2026-12-31,ACTIVE
PL-STRAT,Strategic Global Partner Price List,Strategic,INR,VAR-0251,64480.00,50,2026-01-01,2026-12-31,ACTIVE
PL-STRAT,Strategic Global Partner Price List,Strategic,INR,VAR-0252,70720.00,50,2026-01-01,2026-12-31,ACTIVE
PL-STRAT,Strategic Global Partner Price List,Strategic,INR,VAR-0253,101920.00,50,2026-01-01,2026-12-31,ACTIVE
PL-STRAT,Strategic Global Partner Price List,Strategic,INR,VAR-0254,130000.00,50,2026-01-01,2026-12-31,ACTIVE
PL-STRAT,Strategic Global Partner Price List,Strategic,INR,VAR-0255,30160.00,50,2026-01-01,2026-12-31,ACTIVE
PL-STRAT,Strategic Global Partner Price List,Strategic,INR,VAR-0256,47840.00,50,2026-01-01,2026-12-31,ACTIVE
PL-STRAT,Strategic Global Partner Price List,Strategic,INR,VAR-0257,43680.00,50,2026-01-01,2026-12-31,ACTIVE
PL-STRAT,Strategic Global Partner Price List,Strategic,INR,VAR-0258,95680.00,50,2026-01-01,2026-12-31,ACTIVE
PL-STRAT,Strategic Global Partner Price List,Strategic,INR,VAR-0259,122720.00,50,2026-01-01,2026-12-31,ACTIVE
PL-STRAT,Strategic Global Partner Price List,Strategic,INR,VAR-0260,12480.00,50,2026-01-01,2026-12-31,ACTIVE
PL-STRAT,Strategic Global Partner Price List,Strategic,INR,VAR-0261,22880.00,50,2026-01-01,2026-12-31,ACTIVE
PL-STRAT,Strategic Global Partner Price List,Strategic,INR,VAR-0262,45760.00,50,2026-01-01,2026-12-31,ACTIVE
PL-STRAT,Strategic Global Partner Price List,Strategic,INR,VAR-0263,66560.00,50,2026-01-01,2026-12-31,ACTIVE
PL-STRAT,Strategic Global Partner Price List,Strategic,INR,VAR-0264,11232.00,50,2026-01-01,2026-12-31,ACTIVE
PL-STRAT,Strategic Global Partner Price List,Strategic,INR,VAR-0265,27040.00,50,2026-01-01,2026-12-31,ACTIVE
PL-STRAT,Strategic Global Partner Price List,Strategic,INR,VAR-0266,50960.00,50,2026-01-01,2026-12-31,ACTIVE
PL-STRAT,Strategic Global Partner Price List,Strategic,INR,VAR-0267,60320.00,50,2026-01-01,2026-12-31,ACTIVE
PL-STRAT,Strategic Global Partner Price List,Strategic,INR,VAR-0268,35360.00,50,2026-01-01,2026-12-31,ACTIVE
PL-STRAT,Strategic Global Partner Price List,Strategic,INR,VAR-0269,70720.00,50,2026-01-01,2026-12-31,ACTIVE
PL-STRAT,Strategic Global Partner Price List,Strategic,INR,VAR-0270,37440.00,50,2026-01-01,2026-12-31,ACTIVE
PL-STRAT,Strategic Global Partner Price List,Strategic,INR,VAR-0271,116480.00,50,2026-01-01,2026-12-31,ACTIVE
PL-STRAT,Strategic Global Partner Price List,Strategic,INR,VAR-0272,40560.00,50,2026-01-01,2026-12-31,ACTIVE
PL-STRAT,Strategic Global Partner Price List,Strategic,INR,VAR-0273,58240.00,50,2026-01-01,2026-12-31,ACTIVE
PL-STRAT,Strategic Global Partner Price List,Strategic,INR,VAR-0274,20280.00,50,2026-01-01,2026-12-31,ACTIVE
PL-STRAT,Strategic Global Partner Price List,Strategic,INR,VAR-0275,21840.00,50,2026-01-01,2026-12-31,ACTIVE
PL-STRAT,Strategic Global Partner Price List,Strategic,INR,VAR-0276,79040.00,50,2026-01-01,2026-12-31,ACTIVE
PL-STRAT,Strategic Global Partner Price List,Strategic,INR,VAR-0277,17160.00,50,2026-01-01,2026-12-31,ACTIVE
PL-STRAT,Strategic Global Partner Price List,Strategic,INR,VAR-0278,43680.00,50,2026-01-01,2026-12-31,ACTIVE
PL-STRAT,Strategic Global Partner Price List,Strategic,INR,VAR-0279,74880.00,50,2026-01-01,2026-12-31,ACTIVE
PL-STRAT,Strategic Global Partner Price List,Strategic,INR,VAR-0280,101920.00,50,2026-01-01,2026-12-31,ACTIVE
PL-STRAT,Strategic Global Partner Price List,Strategic,INR,VAR-0281,182000.00,50,2026-01-01,2026-12-31,ACTIVE
PL-STRAT,Strategic Global Partner Price List,Strategic,INR,VAR-0282,223600.00,50,2026-01-01,2026-12-31,ACTIVE
PL-STRAT,Strategic Global Partner Price List,Strategic,INR,VAR-0283,374400.00,50,2026-01-01,2026-12-31,ACTIVE
PL-STRAT,Strategic Global Partner Price List,Strategic,INR,VAR-0284,49920.00,50,2026-01-01,2026-12-31,ACTIVE
PL-STRAT,Strategic Global Partner Price List,Strategic,INR,VAR-0285,97760.00,50,2026-01-01,2026-12-31,ACTIVE
PL-STRAT,Strategic Global Partner Price List,Strategic,INR,VAR-0286,192400.00,50,2026-01-01,2026-12-31,ACTIVE
PL-STRAT,Strategic Global Partner Price List,Strategic,INR,VAR-0287,395200.00,50,2026-01-01,2026-12-31,ACTIVE
PL-STRAT,Strategic Global Partner Price List,Strategic,INR,VAR-0288,40560.00,50,2026-01-01,2026-12-31,ACTIVE
PL-STRAT,Strategic Global Partner Price List,Strategic,INR,VAR-0289,70720.00,50,2026-01-01,2026-12-31,ACTIVE
PL-STRAT,Strategic Global Partner Price List,Strategic,INR,VAR-0290,95680.00,50,2026-01-01,2026-12-31,ACTIVE
PL-STRAT,Strategic Global Partner Price List,Strategic,INR,VAR-0291,174720.00,50,2026-01-01,2026-12-31,ACTIVE
PL-STRAT,Strategic Global Partner Price List,Strategic,INR,VAR-0292,358800.00,50,2026-01-01,2026-12-31,ACTIVE
PL-STRAT,Strategic Global Partner Price List,Strategic,INR,VAR-0293,27040.00,50,2026-01-01,2026-12-31,ACTIVE
PL-STRAT,Strategic Global Partner Price List,Strategic,INR,VAR-0294,49920.00,50,2026-01-01,2026-12-31,ACTIVE
PL-STRAT,Strategic Global Partner Price List,Strategic,INR,VAR-0295,33280.00,50,2026-01-01,2026-12-31,ACTIVE
PL-STRAT,Strategic Global Partner Price List,Strategic,INR,VAR-0296,30160.00,50,2026-01-01,2026-12-31,ACTIVE
PL-STRAT,Strategic Global Partner Price List,Strategic,INR,VAR-0297,14560.00,50,2026-01-01,2026-12-31,ACTIVE
PL-STRAT,Strategic Global Partner Price List,Strategic,INR,VAR-0298,112320.00,50,2026-01-01,2026-12-31,ACTIVE
PL-STRAT,Strategic Global Partner Price List,Strategic,INR,VAR-0299,112320.00,50,2026-01-01,2026-12-31,ACTIVE
PL-STRAT,Strategic Global Partner Price List,Strategic,INR,VAR-0300,143520.00,50,2026-01-01,2026-12-31,ACTIVE
PL-STRAT,Strategic Global Partner Price List,Strategic,INR,VAR-0301,70720.00,50,2026-01-01,2026-12-31,ACTIVE
PL-STRAT,Strategic Global Partner Price List,Strategic,INR,VAR-0302,60320.00,50,2026-01-01,2026-12-31,ACTIVE
PL-STRAT,Strategic Global Partner Price List,Strategic,INR,VAR-0303,112320.00,50,2026-01-01,2026-12-31,ACTIVE
PL-STRAT,Strategic Global Partner Price List,Strategic,INR,VAR-0304,124800.00,50,2026-01-01,2026-12-31,ACTIVE
PL-STRAT,Strategic Global Partner Price List,Strategic,INR,VAR-0305,67600.00,50,2026-01-01,2026-12-31,ACTIVE
PL-STRAT,Strategic Global Partner Price List,Strategic,INR,VAR-0306,143520.00,50,2026-01-01,2026-12-31,ACTIVE
PL-STRAT,Strategic Global Partner Price List,Strategic,INR,VAR-0307,33280.00,50,2026-01-01,2026-12-31,ACTIVE
PL-STRAT,Strategic Global Partner Price List,Strategic,INR,VAR-0308,91520.00,50,2026-01-01,2026-12-31,ACTIVE
PL-STRAT,Strategic Global Partner Price List,Strategic,INR,VAR-0309,63440.00,50,2026-01-01,2026-12-31,ACTIVE
PL-STRAT,Strategic Global Partner Price List,Strategic,INR,VAR-0310,56160.00,50,2026-01-01,2026-12-31,ACTIVE
PL-STRAT,Strategic Global Partner Price List,Strategic,INR,VAR-0311,39520.00,50,2026-01-01,2026-12-31,ACTIVE
PL-STRAT,Strategic Global Partner Price List,Strategic,INR,VAR-0312,45760.00,50,2026-01-01,2026-12-31,ACTIVE
PL-STRAT,Strategic Global Partner Price List,Strategic,INR,VAR-0313,32240.00,50,2026-01-01,2026-12-31,ACTIVE
PL-STRAT,Strategic Global Partner Price List,Strategic,INR,VAR-0314,101920.00,50,2026-01-01,2026-12-31,ACTIVE
PL-STRAT,Strategic Global Partner Price List,Strategic,INR,VAR-0315,49920.00,50,2026-01-01,2026-12-31,ACTIVE
PL-STRAT,Strategic Global Partner Price List,Strategic,INR,VAR-0316,85280.00,50,2026-01-01,2026-12-31,ACTIVE
PL-STRAT,Strategic Global Partner Price List,Strategic,INR,VAR-0317,84240.00,50,2026-01-01,2026-12-31,ACTIVE
PL-STRAT,Strategic Global Partner Price List,Strategic,INR,VAR-0318,43680.00,50,2026-01-01,2026-12-31,ACTIVE
PL-STRAT,Strategic Global Partner Price List,Strategic,INR,VAR-0319,143520.00,50,2026-01-01,2026-12-31,ACTIVE
PL-STRAT,Strategic Global Partner Price List,Strategic,INR,VAR-0320,34320.00,50,2026-01-01,2026-12-31,ACTIVE
PL-STRAT,Strategic Global Partner Price List,Strategic,INR,VAR-0321,53040.00,50,2026-01-01,2026-12-31,ACTIVE
PL-STRAT,Strategic Global Partner Price List,Strategic,INR,VAR-0322,70720.00,50,2026-01-01,2026-12-31,ACTIVE
PL-STRAT,Strategic Global Partner Price List,Strategic,INR,VAR-0323,88400.00,50,2026-01-01,2026-12-31,ACTIVE
PL-STRAT,Strategic Global Partner Price List,Strategic,INR,VAR-0324,114400.00,50,2026-01-01,2026-12-31,ACTIVE
PL-STRAT,Strategic Global Partner Price List,Strategic,INR,VAR-0325,63440.00,50,2026-01-01,2026-12-31,ACTIVE
PL-STRAT,Strategic Global Partner Price List,Strategic,INR,VAR-0326,79040.00,50,2026-01-01,2026-12-31,ACTIVE
PL-STRAT,Strategic Global Partner Price List,Strategic,INR,VAR-0327,95680.00,50,2026-01-01,2026-12-31,ACTIVE
PL-STRAT,Strategic Global Partner Price List,Strategic,INR,VAR-0328,37440.00,50,2026-01-01,2026-12-31,ACTIVE
PL-STRAT,Strategic Global Partner Price List,Strategic,INR,VAR-0329,54080.00,50,2026-01-01,2026-12-31,ACTIVE
PL-STRAT,Strategic Global Partner Price List,Strategic,INR,VAR-0330,91520.00,50,2026-01-01,2026-12-31,ACTIVE
PL-STRAT,Strategic Global Partner Price List,Strategic,INR,VAR-0331,130000.00,50,2026-01-01,2026-12-31,ACTIVE
PL-STRAT,Strategic Global Partner Price List,Strategic,INR,VAR-0332,49920.00,50,2026-01-01,2026-12-31,ACTIVE
PL-STRAT,Strategic Global Partner Price List,Strategic,INR,VAR-0333,91520.00,50,2026-01-01,2026-12-31,ACTIVE
PL-STRAT,Strategic Global Partner Price List,Strategic,INR,VAR-0334,74880.00,50,2026-01-01,2026-12-31,ACTIVE
PL-STRAT,Strategic Global Partner Price List,Strategic,INR,VAR-0335,130000.00,50,2026-01-01,2026-12-31,ACTIVE
PL-STRAT,Strategic Global Partner Price List,Strategic,INR,VAR-0336,140400.00,50,2026-01-01,2026-12-31,ACTIVE
PL-STRAT,Strategic Global Partner Price List,Strategic,INR,VAR-0337,202800.00,50,2026-01-01,2026-12-31,ACTIVE
PL-STRAT,Strategic Global Partner Price List,Strategic,INR,VAR-0338,43680.00,50,2026-01-01,2026-12-31,ACTIVE
PL-STRAT,Strategic Global Partner Price List,Strategic,INR,VAR-0339,70720.00,50,2026-01-01,2026-12-31,ACTIVE
PL-STRAT,Strategic Global Partner Price List,Strategic,INR,VAR-0340,56160.00,50,2026-01-01,2026-12-31,ACTIVE
PL-STRAT,Strategic Global Partner Price List,Strategic,INR,VAR-0341,24960.00,50,2026-01-01,2026-12-31,ACTIVE
PL-STRAT,Strategic Global Partner Price List,Strategic,INR,VAR-0342,249600.00,50,2026-01-01,2026-12-31,ACTIVE
PL-STRAT,Strategic Global Partner Price List,Strategic,INR,VAR-0343,291200.00,50,2026-01-01,2026-12-31,ACTIVE
PL-STRAT,Strategic Global Partner Price List,Strategic,INR,VAR-0344,202800.00,50,2026-01-01,2026-12-31,ACTIVE
PL-STRAT,Strategic Global Partner Price List,Strategic,INR,VAR-0345,64480.00,50,2026-01-01,2026-12-31,ACTIVE
PL-STRAT,Strategic Global Partner Price List,Strategic,INR,VAR-0346,74880.00,50,2026-01-01,2026-12-31,ACTIVE
PL-STRAT,Strategic Global Partner Price List,Strategic,INR,VAR-0347,260000.00,50,2026-01-01,2026-12-31,ACTIVE
PL-STRAT,Strategic Global Partner Price List,Strategic,INR,VAR-0348,395200.00,50,2026-01-01,2026-12-31,ACTIVE
PL-STRAT,Strategic Global Partner Price List,Strategic,INR,VAR-0349,60320.00,50,2026-01-01,2026-12-31,ACTIVE
PL-STRAT,Strategic Global Partner Price List,Strategic,INR,VAR-0350,306800.00,50,2026-01-01,2026-12-31,ACTIVE
PL-STRAT,Strategic Global Partner Price List,Strategic,INR,VAR-0351,707200.00,50,2026-01-01,2026-12-31,ACTIVE
PL-STRAT,Strategic Global Partner Price List,Strategic,INR,VAR-0352,15080.00,50,2026-01-01,2026-12-31,ACTIVE
PL-STRAT,Strategic Global Partner Price List,Strategic,INR,VAR-0353,23400.00,50,2026-01-01,2026-12-31,ACTIVE
PL-STRAT,Strategic Global Partner Price List,Strategic,INR,VAR-0354,19240.00,50,2026-01-01,2026-12-31,ACTIVE
PL-STRAT,Strategic Global Partner Price List,Strategic,INR,VAR-0355,21840.00,50,2026-01-01,2026-12-31,ACTIVE
PL-STRAT,Strategic Global Partner Price List,Strategic,INR,VAR-0356,14040.00,50,2026-01-01,2026-12-31,ACTIVE
PL-STRAT,Strategic Global Partner Price List,Strategic,INR,VAR-0357,20280.00,50,2026-01-01,2026-12-31,ACTIVE
PL-STRAT,Strategic Global Partner Price List,Strategic,INR,VAR-0358,6760.00,50,2026-01-01,2026-12-31,ACTIVE
PL-STRAT,Strategic Global Partner Price List,Strategic,INR,VAR-0359,11440.00,50,2026-01-01,2026-12-31,ACTIVE
PL-STRAT,Strategic Global Partner Price List,Strategic,INR,VAR-0360,7800.00,50,2026-01-01,2026-12-31,ACTIVE
PL-STRAT,Strategic Global Partner Price List,Strategic,INR,VAR-0361,9152.00,50,2026-01-01,2026-12-31,ACTIVE
PL-STRAT,Strategic Global Partner Price List,Strategic,INR,VAR-0362,2912.00,50,2026-01-01,2026-12-31,ACTIVE
PL-STRAT,Strategic Global Partner Price List,Strategic,INR,VAR-0363,16120.00,50,2026-01-01,2026-12-31,ACTIVE
PL-STRAT,Strategic Global Partner Price List,Strategic,INR,VAR-0364,24960.00,50,2026-01-01,2026-12-31,ACTIVE
PL-STRAT,Strategic Global Partner Price List,Strategic,INR,VAR-0365,35360.00,50,2026-01-01,2026-12-31,ACTIVE
PL-STRAT,Strategic Global Partner Price List,Strategic,INR,VAR-0366,18720.00,50,2026-01-01,2026-12-31,ACTIVE
PL-STRAT,Strategic Global Partner Price List,Strategic,INR,VAR-0367,17160.00,50,2026-01-01,2026-12-31,ACTIVE
PL-STRAT,Strategic Global Partner Price List,Strategic,INR,VAR-0368,3328.00,50,2026-01-01,2026-12-31,ACTIVE
PL-STRAT,Strategic Global Partner Price List,Strategic,INR,VAR-0369,3016.00,50,2026-01-01,2026-12-31,ACTIVE
PL-STRAT,Strategic Global Partner Price List,Strategic,INR,VAR-0370,3744.00,50,2026-01-01,2026-12-31,ACTIVE
PL-STRAT,Strategic Global Partner Price List,Strategic,INR,VAR-0371,2496.00,50,2026-01-01,2026-12-31,ACTIVE
PL-STRAT,Strategic Global Partner Price List,Strategic,INR,VAR-0372,92843.30,50,2026-01-01,2026-12-31,ACTIVE
PL-STRAT,Strategic Global Partner Price List,Strategic,INR,VAR-0373,194215.84,50,2026-01-01,2026-12-31,ACTIVE
PL-STRAT,Strategic Global Partner Price List,Strategic,INR,VAR-0374,219477.44,50,2026-01-01,2026-12-31,ACTIVE
PL-STRAT,Strategic Global Partner Price List,Strategic,INR,VAR-0375,282185.28,50,2026-01-01,2026-12-31,ACTIVE
PL-STRAT,Strategic Global Partner Price List,Strategic,INR,VAR-0376,182031.20,50,2026-01-01,2026-12-31,ACTIVE
PL-STRAT,Strategic Global Partner Price List,Strategic,INR,VAR-0377,210769.73,50,2026-01-01,2026-12-31,ACTIVE
PL-STRAT,Strategic Global Partner Price List,Strategic,INR,VAR-0378,190560.45,50,2026-01-01,2026-12-31,ACTIVE
PL-STRAT,Strategic Global Partner Price List,Strategic,INR,VAR-0379,131686.46,50,2026-01-01,2026-12-31,ACTIVE
PL-STRAT,Strategic Global Partner Price List,Strategic,INR,VAR-0380,300997.63,50,2026-01-01,2026-12-31,ACTIVE
PL-STRAT,Strategic Global Partner Price List,Strategic,INR,VAR-0381,89009.44,50,2026-01-01,2026-12-31,ACTIVE
PL-STRAT,Strategic Global Partner Price List,Strategic,INR,VAR-0382,148061.89,50,2026-01-01,2026-12-31,ACTIVE
PL-STRAT,Strategic Global Partner Price List,Strategic,INR,VAR-0383,156769.60,50,2026-01-01,2026-12-31,ACTIVE
PL-STRAT,Strategic Global Partner Price List,Strategic,INR,VAR-0384,200665.09,50,2026-01-01,2026-12-31,ACTIVE
PL-STRAT,Strategic Global Partner Price List,Strategic,INR,VAR-0385,206935.87,50,2026-01-01,2026-12-31,ACTIVE
PL-STRAT,Strategic Global Partner Price List,Strategic,INR,VAR-0386,155859.43,50,2026-01-01,2026-12-31,ACTIVE
PL-STRAT,Strategic Global Partner Price List,Strategic,INR,VAR-0387,165477.31,50,2026-01-01,2026-12-31,ACTIVE
PL-STRAT,Strategic Global Partner Price List,Strategic,INR,VAR-0388,119144.90,50,2026-01-01,2026-12-31,ACTIVE
PL-STRAT,Strategic Global Partner Price List,Strategic,INR,VAR-0389,81520.19,50,2026-01-01,2026-12-31,ACTIVE
PL-STRAT,Strategic Global Partner Price List,Strategic,INR,VAR-0390,95280.22,50,2026-01-01,2026-12-31,ACTIVE
PL-STRAT,Strategic Global Partner Price List,Strategic,INR,VAR-0391,117926.43,50,2026-01-01,2026-12-31,ACTIVE
PL-STRAT,Strategic Global Partner Price List,Strategic,INR,VAR-0392,135520.32,50,2026-01-01,2026-12-31,ACTIVE
PL-STRAT,Strategic Global Partner Price List,Strategic,INR,VAR-0393,65144.77,50,2026-01-01,2026-12-31,ACTIVE
PL-STRAT,Strategic Global Partner Price List,Strategic,INR,VAR-0394,70197.09,50,2026-01-01,2026-12-31,ACTIVE
PL-STRAT,Strategic Global Partner Price List,Strategic,INR,VAR-0395,77686.34,50,2026-01-01,2026-12-31,ACTIVE
PL-STRAT,Strategic Global Partner Price List,Strategic,INR,VAR-0396,102769.47,50,2026-01-01,2026-12-31,ACTIVE
PL-STRAT,Strategic Global Partner Price List,Strategic,INR,VAR-0397,140394.18,50,2026-01-01,2026-12-31,ACTIVE
PL-STRAT,Strategic Global Partner Price List,Strategic,INR,VAR-0398,156769.60,50,2026-01-01,2026-12-31,ACTIVE
PL-STRAT,Strategic Global Partner Price List,Strategic,INR,VAR-0399,97895.62,50,2026-01-01,2026-12-31,ACTIVE
PL-STRAT,Strategic Global Partner Price List,Strategic,INR,VAR-0400,67760.16,50,2026-01-01,2026-12-31,ACTIVE
PL-STRAT,Strategic Global Partner Price List,Strategic,INR,VAR-0401,72812.48,50,2026-01-01,2026-12-31,ACTIVE
PL-STRAT,Strategic Global Partner Price List,Strategic,INR,VAR-0402,244739.04,50,2026-01-01,2026-12-31,ACTIVE
PL-STRAT,Strategic Global Partner Price List,Strategic,INR,VAR-0403,326080.77,50,2026-01-01,2026-12-31,ACTIVE
PL-STRAT,Strategic Global Partner Price List,Strategic,INR,VAR-0404,178001.03,50,2026-01-01,2026-12-31,ACTIVE
PL-STRAT,Strategic Global Partner Price List,Strategic,INR,VAR-0405,110258.72,50,2026-01-01,2026-12-31,ACTIVE
PL-STRAT,Strategic Global Partner Price List,Strategic,INR,VAR-0406,144228.03,50,2026-01-01,2026-12-31,ACTIVE
PL-STRAT,Strategic Global Partner Price List,Strategic,INR,VAR-0407,72634.02,50,2026-01-01,2026-12-31,ACTIVE
PL-STRAT,Strategic Global Partner Price List,Strategic,INR,VAR-0408,135520.14,50,2026-01-01,2026-12-31,ACTIVE
PL-STRAT,Strategic Global Partner Price List,Strategic,INR,VAR-0409,169489.46,50,2026-01-01,2026-12-31,ACTIVE
PL-STRAT,Strategic Global Partner Price List,Strategic,INR,VAR-0410,232197.30,50,2026-01-01,2026-12-31,ACTIVE
PL-STRAT,Strategic Global Partner Price List,Strategic,INR,VAR-0411,60270.91,50,2026-01-01,2026-12-31,ACTIVE
PL-STRAT,Strategic Global Partner Price List,Strategic,INR,VAR-0412,63926.30,50,2026-01-01,2026-12-31,ACTIVE
PL-STRAT,Strategic Global Partner Price List,Strategic,INR,VAR-0413,47729.34,50,2026-01-01,2026-12-31,ACTIVE
PL-STRAT,Strategic Global Partner Price List,Strategic,INR,VAR-0414,48947.81,50,2026-01-01,2026-12-31,ACTIVE
PL-STRAT,Strategic Global Partner Price List,Strategic,INR,VAR-0415,122978.75,50,2026-01-01,2026-12-31,ACTIVE
PL-STRAT,Strategic Global Partner Price List,Strategic,INR,VAR-0416,263372.93,50,2026-01-01,2026-12-31,ACTIVE
PL-STRAT,Strategic Global Partner Price List,Strategic,INR,VAR-0417,86572.51,50,2026-01-01,2026-12-31,ACTIVE
PL-STRAT,Strategic Global Partner Price List,Strategic,INR,VAR-0418,102769.47,50,2026-01-01,2026-12-31,ACTIVE
PL-STRAT,Strategic Global Partner Price List,Strategic,INR,VAR-0419,60270.91,50,2026-01-01,2026-12-31,ACTIVE
PL-STRAT,Strategic Global Partner Price List,Strategic,INR,VAR-0420,65144.77,50,2026-01-01,2026-12-31,ACTIVE
PL-STRAT,Strategic Global Partner Price List,Strategic,INR,VAR-0421,70197.09,50,2026-01-01,2026-12-31,ACTIVE
PL-STRAT,Strategic Global Partner Price List,Strategic,INR,VAR-0422,85354.05,50,2026-01-01,2026-12-31,ACTIVE
PL-STRAT,Strategic Global Partner Price List,Strategic,INR,VAR-0423,77864.80,50,2026-01-01,2026-12-31,ACTIVE
PL-STRAT,Strategic Global Partner Price List,Strategic,INR,VAR-0424,57655.52,50,2026-01-01,2026-12-31,ACTIVE
PL-STRAT,Strategic Global Partner Price List,Strategic,INR,VAR-0425,67760.16,50,2026-01-01,2026-12-31,ACTIVE
PL-STRAT,Strategic Global Partner Price List,Strategic,INR,VAR-0426,81520.19,50,2026-01-01,2026-12-31,ACTIVE
PL-STRAT,Strategic Global Partner Price List,Strategic,INR,VAR-0427,52603.20,50,2026-01-01,2026-12-31,ACTIVE
PL-STRAT,Strategic Global Partner Price List,Strategic,INR,VAR-0428,80301.73,50,2026-01-01,2026-12-31,ACTIVE
PL-STRAT,Strategic Global Partner Price List,Strategic,INR,VAR-0429,56437.06,50,2026-01-01,2026-12-31,ACTIVE
PL-STRAT,Strategic Global Partner Price List,Strategic,INR,VAR-0430,72812.48,50,2026-01-01,2026-12-31,ACTIVE
PL-STRAT,Strategic Global Partner Price List,Strategic,INR,VAR-0431,77864.80,50,2026-01-01,2026-12-31,ACTIVE
PL-STRAT,Strategic Global Partner Price List,Strategic,INR,VAR-0432,82738.66,50,2026-01-01,2026-12-31,ACTIVE
PL-STRAT,Strategic Global Partner Price List,Strategic,INR,VAR-0433,122978.75,50,2026-01-01,2026-12-31,ACTIVE
PL-STRAT,Strategic Global Partner Price List,Strategic,INR,VAR-0434,64769.99,50,2026-01-01,2026-12-31,ACTIVE
PL-STRAT,Strategic Global Partner Price List,Strategic,INR,VAR-0435,135502.47,50,2026-01-01,2026-12-31,ACTIVE
PL-STRAT,Strategic Global Partner Price List,Strategic,INR,VAR-0436,219459.59,50,2026-01-01,2026-12-31,ACTIVE
PL-STRAT,Strategic Global Partner Price List,Strategic,INR,VAR-0437,432844.71,50,2026-01-01,2026-12-31,ACTIVE
PL-STRAT,Strategic Global Partner Price List,Strategic,INR,VAR-0438,143674.79,50,2026-01-01,2026-12-31,ACTIVE
PL-STRAT,Strategic Global Partner Price List,Strategic,INR,VAR-0439,55218.59,50,2026-01-01,2026-12-31,ACTIVE
PL-STRAT,Strategic Global Partner Price List,Strategic,INR,VAR-0440,74030.94,50,2026-01-01,2026-12-31,ACTIVE
PL-STRAT,Strategic Global Partner Price List,Strategic,INR,VAR-0441,51384.74,50,2026-01-01,2026-12-31,ACTIVE
PL-STRAT,Strategic Global Partner Price List,Strategic,INR,VAR-0442,48947.81,50,2026-01-01,2026-12-31,ACTIVE
PL-STRAT,Strategic Global Partner Price List,Strategic,INR,VAR-0443,40240.10,50,2026-01-01,2026-12-31,ACTIVE
PL-STRAT,Strategic Global Partner Price List,Strategic,INR,VAR-0444,42677.02,50,2026-01-01,2026-12-31,ACTIVE
PL-STRAT,Strategic Global Partner Price List,Strategic,INR,VAR-0445,60270.91,50,2026-01-01,2026-12-31,ACTIVE
PL-STRAT,Strategic Global Partner Price List,Strategic,INR,VAR-0446,58873.98,50,2026-01-01,2026-12-31,ACTIVE
PL-STRAT,Strategic Global Partner Price List,Strategic,INR,VAR-0447,85354.05,50,2026-01-01,2026-12-31,ACTIVE
PL-STRAT,Strategic Global Partner Price List,Strategic,INR,VAR-0448,71415.55,50,2026-01-01,2026-12-31,ACTIVE
PL-STRAT,Strategic Global Partner Price List,Strategic,INR,VAR-0449,65144.77,50,2026-01-01,2026-12-31,ACTIVE
PL-STRAT,Strategic Global Partner Price List,Strategic,INR,VAR-0450,76467.87,50,2026-01-01,2026-12-31,ACTIVE
PL-STRAT,Strategic Global Partner Price List,Strategic,INR,VAR-0451,57655.52,50,2026-01-01,2026-12-31,ACTIVE
PL-STRAT,Strategic Global Partner Price List,Strategic,INR,VAR-0452,110258.72,50,2026-01-01,2026-12-31,ACTIVE
PL-STRAT,Strategic Global Partner Price List,Strategic,INR,VAR-0453,52781.66,50,2026-01-01,2026-12-31,ACTIVE
PL-STRAT,Strategic Global Partner Price List,Strategic,INR,VAR-0454,135422.56,50,2026-01-01,2026-12-31,ACTIVE
PL-STRAT,Strategic Global Partner Price List,Strategic,INR,VAR-0455,227816.16,50,2026-01-01,2026-12-31,ACTIVE
PL-STRAT,Strategic Global Partner Price List,Strategic,INR,VAR-0456,386597.12,50,2026-01-01,2026-12-31,ACTIVE
PL-STRAT,Strategic Global Partner Price List,Strategic,INR,VAR-0457,121615.52,50,2026-01-01,2026-12-31,ACTIVE
PL-STRAT,Strategic Global Partner Price List,Strategic,INR,VAR-0458,469439.36,50,2026-01-01,2026-12-31,ACTIVE
PL-STRAT,Strategic Global Partner Price List,Strategic,INR,VAR-0459,113388.08,50,2026-01-01,2026-12-31,ACTIVE
PL-STRAT,Strategic Global Partner Price List,Strategic,INR,VAR-0460,144973.92,50,2026-01-01,2026-12-31,ACTIVE
PL-STRAT,Strategic Global Partner Price List,Strategic,INR,VAR-0461,269237.28,50,2026-01-01,2026-12-31,ACTIVE
PL-STRAT,Strategic Global Partner Price List,Strategic,INR,VAR-0462,400404.16,50,2026-01-01,2026-12-31,ACTIVE
PL-STRAT,Strategic Global Partner Price List,Strategic,INR,VAR-0463,662737.92,50,2026-01-01,2026-12-31,ACTIVE
PL-STRAT,Strategic Global Partner Price List,Strategic,INR,VAR-0464,118683.76,50,2026-01-01,2026-12-31,ACTIVE
PL-STRAT,Strategic Global Partner Price List,Strategic,INR,VAR-0465,126911.20,50,2026-01-01,2026-12-31,ACTIVE
PL-STRAT,Strategic Global Partner Price List,Strategic,INR,VAR-0466,151877.44,50,2026-01-01,2026-12-31,ACTIVE
PL-STRAT,Strategic Global Partner Price List,Strategic,INR,VAR-0467,255430.24,50,2026-01-01,2026-12-31,ACTIVE
PL-STRAT,Strategic Global Partner Price List,Strategic,INR,VAR-0468,441825.28,50,2026-01-01,2026-12-31,ACTIVE
PL-STRAT,Strategic Global Partner Price List,Strategic,INR,VAR-0469,635123.84,50,2026-01-01,2026-12-31,ACTIVE
PL-STRAT,Strategic Global Partner Price List,Strategic,INR,VAR-0470,825735.87,50,2026-01-01,2026-12-31,ACTIVE
PL-STRAT,Strategic Global Partner Price List,Strategic,INR,VAR-0471,887029.21,50,2026-01-01,2026-12-31,ACTIVE
PL-STRAT,Strategic Global Partner Price List,Strategic,INR,VAR-0472,289947.84,50,2026-01-01,2026-12-31,ACTIVE
PL-STRAT,Strategic Global Partner Price List,Strategic,INR,VAR-0473,200202.08,50,2026-01-01,2026-12-31,ACTIVE
PL-STRAT,Strategic Global Partner Price List,Strategic,INR,VAR-0474,107808.48,50,2026-01-01,2026-12-31,ACTIVE
PL-STRAT,Strategic Global Partner Price List,Strategic,INR,VAR-0475,102228.88,50,2026-01-01,2026-12-31,ACTIVE
PL-STRAT,Strategic Global Partner Price List,Strategic,INR,VAR-0476,109132.40,50,2026-01-01,2026-12-31,ACTIVE
PL-STRAT,Strategic Global Partner Price List,Strategic,INR,VAR-0477,310658.40,50,2026-01-01,2026-12-31,ACTIVE
PL-STRAT,Strategic Global Partner Price List,Strategic,INR,VAR-0478,273492.96,50,2026-01-01,2026-12-31,ACTIVE
PL-STRAT,Strategic Global Partner Price List,Strategic,INR,VAR-0479,186395.04,50,2026-01-01,2026-12-31,ACTIVE
PL-STRAT,Strategic Global Partner Price List,Strategic,INR,VAR-0480,176843.68,50,2026-01-01,2026-12-31,ACTIVE
PL-STRAT,Strategic Global Partner Price List,Strategic,INR,VAR-0481,132490.80,50,2026-01-01,2026-12-31,ACTIVE
PL-STRAT,Strategic Global Partner Price List,Strategic,INR,VAR-0482,372790.08,50,2026-01-01,2026-12-31,ACTIVE
PL-STRAT,Strategic Global Partner Price List,Strategic,INR,VAR-0483,158780.96,50,2026-01-01,2026-12-31,ACTIVE
PL-STRAT,Strategic Global Partner Price List,Strategic,INR,VAR-0484,163820.80,50,2026-01-01,2026-12-31,ACTIVE
PL-STRAT,Strategic Global Partner Price List,Strategic,INR,VAR-0485,215945.60,50,2026-01-01,2026-12-31,ACTIVE
PL-STRAT,Strategic Global Partner Price List,Strategic,INR,VAR-0486,290409.60,50,2026-01-01,2026-12-31,ACTIVE
PL-STRAT,Strategic Global Partner Price List,Strategic,INR,VAR-0487,357427.20,50,2026-01-01,2026-12-31,ACTIVE
PL-STRAT,Strategic Global Partner Price List,Strategic,INR,VAR-0488,476569.60,50,2026-01-01,2026-12-31,ACTIVE
PL-STRAT,Strategic Global Partner Price List,Strategic,INR,VAR-0489,625497.60,50,2026-01-01,2026-12-31,ACTIVE
PL-STRAT,Strategic Global Partner Price List,Strategic,INR,VAR-0490,536140.80,50,2026-01-01,2026-12-31,ACTIVE
PL-STRAT,Strategic Global Partner Price List,Strategic,INR,VAR-0491,1072281.60,50,2026-01-01,2026-12-31,ACTIVE
PL-STRAT,Strategic Global Partner Price List,Strategic,INR,VAR-0492,1459494.40,50,2026-01-01,2026-12-31,ACTIVE
PL-STRAT,Strategic Global Partner Price List,Strategic,INR,VAR-0493,175884.80,50,2026-01-01,2026-12-31,ACTIVE
PL-STRAT,Strategic Global Partner Price List,Strategic,INR,VAR-0494,268070.40,50,2026-01-01,2026-12-31,ACTIVE
PL-STRAT,Strategic Global Partner Price List,Strategic,INR,VAR-0495,491462.40,50,2026-01-01,2026-12-31,ACTIVE
PL-STRAT,Strategic Global Partner Price List,Strategic,INR,VAR-0496,647836.80,50,2026-01-01,2026-12-31,ACTIVE
PL-STRAT,Strategic Global Partner Price List,Strategic,INR,VAR-0497,670176.00,50,2026-01-01,2026-12-31,ACTIVE
PL-STRAT,Strategic Global Partner Price List,Strategic,INR,VAR-0498,431891.20,50,2026-01-01,2026-12-31,ACTIVE
PL-STRAT,Strategic Global Partner Price List,Strategic,INR,VAR-0499,1161638.40,50,2026-01-01,2026-12-31,ACTIVE
PL-STRAT,Strategic Global Partner Price List,Strategic,INR,VAR-0500,167024.00,50,2026-01-01,2026-12-31,ACTIVE
PL-STRAT,Strategic Global Partner Price List,Strategic,INR,VAR-0501,469123.20,50,2026-01-01,2026-12-31,ACTIVE
PL-STRAT,Strategic Global Partner Price List,Strategic,INR,VAR-0502,610604.80,50,2026-01-01,2026-12-31,ACTIVE
PL-STRAT,Strategic Global Partner Price List,Strategic,INR,VAR-0503,506355.20,50,2026-01-01,2026-12-31,ACTIVE
PL-STRAT,Strategic Global Partner Price List,Strategic,INR,VAR-0504,1102067.20,50,2026-01-01,2026-12-31,ACTIVE
PL-STRAT,Strategic Global Partner Price List,Strategic,INR,VAR-0505,342534.40,50,2026-01-01,2026-12-31,ACTIVE
PL-STRAT,Strategic Global Partner Price List,Strategic,INR,VAR-0506,513801.60,50,2026-01-01,2026-12-31,ACTIVE
PL-STRAT,Strategic Global Partner Price List,Strategic,INR,VAR-0507,662729.60,50,2026-01-01,2026-12-31,ACTIVE
PL-STRAT,Strategic Global Partner Price List,Strategic,INR,VAR-0508,122345.60,50,2026-01-01,2026-12-31,ACTIVE
PL-STRAT,Strategic Global Partner Price List,Strategic,INR,VAR-0509,186160.00,50,2026-01-01,2026-12-31,ACTIVE
PL-STRAT,Strategic Global Partner Price List,Strategic,INR,VAR-0510,387212.80,50,2026-01-01,2026-12-31,ACTIVE
PL-STRAT,Strategic Global Partner Price List,Strategic,INR,VAR-0511,201052.80,50,2026-01-01,2026-12-31,ACTIVE
PL-STRAT,Strategic Global Partner Price List,Strategic,INR,VAR-0512,521248.00,50,2026-01-01,2026-12-31,ACTIVE
PL-STRAT,Strategic Global Partner Price List,Strategic,INR,VAR-0513,685068.80,50,2026-01-01,2026-12-31,ACTIVE
PL-STRAT,Strategic Global Partner Price List,Strategic,INR,VAR-0514,416998.40,50,2026-01-01,2026-12-31,ACTIVE
PL-STRAT,Strategic Global Partner Price List,Strategic,INR,VAR-0515,699961.60,50,2026-01-01,2026-12-31,ACTIVE
PL-STRAT,Strategic Global Partner Price List,Strategic,INR,VAR-0516,1410572.80,50,2026-01-01,2026-12-31,ACTIVE
PL-STRAT,Strategic Global Partner Price List,Strategic,INR,VAR-0517,2374944.00,50,2026-01-01,2026-12-31,ACTIVE
PL-STRAT,Strategic Global Partner Price List,Strategic,INR,VAR-0518,3526432.00,50,2026-01-01,2026-12-31,ACTIVE
PL-STRAT,Strategic Global Partner Price List,Strategic,INR,VAR-0519,748467.20,50,2026-01-01,2026-12-31,ACTIVE
PL-STRAT,Strategic Global Partner Price List,Strategic,INR,VAR-0520,1352998.40,50,2026-01-01,2026-12-31,ACTIVE
PL-STRAT,Strategic Global Partner Price List,Strategic,INR,VAR-0521,690892.80,50,2026-01-01,2026-12-31,ACTIVE
PL-STRAT,Strategic Global Partner Price List,Strategic,INR,VAR-0522,2662816.00,50,2026-01-01,2026-12-31,ACTIVE
PL-STRAT,Strategic Global Partner Price List,Strategic,INR,VAR-0523,2087072.00,50,2026-01-01,2026-12-31,ACTIVE
PL-STRAT,Strategic Global Partner Price List,Strategic,INR,VAR-0524,3166592.00,50,2026-01-01,2026-12-31,ACTIVE
PL-STRAT,Strategic Global Partner Price List,Strategic,INR,VAR-0525,1281030.40,50,2026-01-01,2026-12-31,ACTIVE
PL-STRAT,Strategic Global Partner Price List,Strategic,INR,VAR-0526,604531.20,50,2026-01-01,2026-12-31,ACTIVE
PL-STRAT,Strategic Global Partner Price List,Strategic,INR,VAR-0527,237494.40,50,2026-01-01,2026-12-31,ACTIVE
PL-STRAT,Strategic Global Partner Price List,Strategic,INR,VAR-0528,424611.20,50,2026-01-01,2026-12-31,ACTIVE
PL-STRAT,Strategic Global Partner Price List,Strategic,INR,VAR-0529,633318.40,50,2026-01-01,2026-12-31,ACTIVE
PL-STRAT,Strategic Global Partner Price List,Strategic,INR,VAR-0530,126796.80,50,2026-01-01,2026-12-31,ACTIVE
PL-STRAT,Strategic Global Partner Price List,Strategic,INR,VAR-0531,338249.60,50,2026-01-01,2026-12-31,ACTIVE
PL-STRAT,Strategic Global Partner Price List,Strategic,INR,VAR-0532,546956.80,50,2026-01-01,2026-12-31,ACTIVE
PL-STRAT,Strategic Global Partner Price List,Strategic,INR,VAR-0533,417414.40,50,2026-01-01,2026-12-31,ACTIVE
PL-STRAT,Strategic Global Partner Price List,Strategic,INR,VAR-0534,135366.40,50,2026-01-01,2026-12-31,ACTIVE
PL-STRAT,Strategic Global Partner Price List,Strategic,INR,VAR-0535,1036339.20,50,2026-01-01,2026-12-31,ACTIVE
PL-STRAT,Strategic Global Partner Price List,Strategic,INR,VAR-0536,1655264.00,50,2026-01-01,2026-12-31,ACTIVE
PL-STRAT,Strategic Global Partner Price List,Strategic,INR,VAR-0537,280675.20,50,2026-01-01,2026-12-31,ACTIVE
PL-STRAT,Strategic Global Partner Price List,Strategic,INR,VAR-0538,132288.00,50,2026-01-01,2026-12-31,ACTIVE
PL-STRAT,Strategic Global Partner Price List,Strategic,INR,VAR-0539,208707.20,50,2026-01-01,2026-12-31,ACTIVE
PL-STRAT,Strategic Global Partner Price List,Strategic,INR,VAR-0540,161075.20,50,2026-01-01,2026-12-31,ACTIVE
PL-STRAT,Strategic Global Partner Price List,Strategic,INR,VAR-0541,153400.00,50,2026-01-01,2026-12-31,ACTIVE
PL-STRAT,Strategic Global Partner Price List,Strategic,INR,VAR-0542,227032.00,50,2026-01-01,2026-12-31,ACTIVE
PL-STRAT,Strategic Global Partner Price List,Strategic,INR,VAR-0543,294528.00,50,2026-01-01,2026-12-31,ACTIVE
PL-STRAT,Strategic Global Partner Price List,Strategic,INR,VAR-0544,392704.00,50,2026-01-01,2026-12-31,ACTIVE
PL-STRAT,Strategic Global Partner Price List,Strategic,INR,VAR-0545,834496.00,50,2026-01-01,2026-12-31,ACTIVE
PL-STRAT,Strategic Global Partner Price List,Strategic,INR,VAR-0546,1165840.00,50,2026-01-01,2026-12-31,ACTIVE
PL-STRAT,Strategic Global Partner Price List,Strategic,INR,VAR-0547,134992.00,50,2026-01-01,2026-12-31,ACTIVE
PL-STRAT,Strategic Global Partner Price List,Strategic,INR,VAR-0548,214760.00,50,2026-01-01,2026-12-31,ACTIVE
PL-STRAT,Strategic Global Partner Price List,Strategic,INR,VAR-0549,362024.00,50,2026-01-01,2026-12-31,ACTIVE
PL-STRAT,Strategic Global Partner Price List,Strategic,INR,VAR-0550,95784.00,50,2026-01-01,2026-12-31,ACTIVE
PL-STRAT,Strategic Global Partner Price List,Strategic,INR,VAR-0551,141128.00,50,2026-01-01,2026-12-31,ACTIVE
PL-STRAT,Strategic Global Partner Price List,Strategic,INR,VAR-0552,218504.00,50,2026-01-01,2026-12-31,ACTIVE
PL-STRAT,Strategic Global Partner Price List,Strategic,INR,VAR-0553,349752.00,50,2026-01-01,2026-12-31,ACTIVE
PL-STRAT,Strategic Global Partner Price List,Strategic,INR,VAR-0554,478608.00,50,2026-01-01,2026-12-31,ACTIVE
PL-STRAT,Strategic Global Partner Price List,Strategic,INR,VAR-0555,46633.60,50,2026-01-01,2026-12-31,ACTIVE
PL-STRAT,Strategic Global Partner Price List,Strategic,INR,VAR-0556,71177.60,50,2026-01-01,2026-12-31,ACTIVE
PL-STRAT,Strategic Global Partner Price List,Strategic,INR,VAR-0557,76086.40,50,2026-01-01,2026-12-31,ACTIVE
PL-STRAT,Strategic Global Partner Price List,Strategic,INR,VAR-0558,51542.40,50,2026-01-01,2026-12-31,ACTIVE
PL-STRAT,Strategic Global Partner Price List,Strategic,INR,VAR-0559,90812.80,50,2026-01-01,2026-12-31,ACTIVE
PL-STRAT,Strategic Global Partner Price List,Strategic,INR,VAR-0560,76086.40,50,2026-01-01,2026-12-31,ACTIVE
PL-STRAT,Strategic Global Partner Price List,Strategic,INR,VAR-0561,17180.80,50,2026-01-01,2026-12-31,ACTIVE
PL-STRAT,Strategic Global Partner Price List,Strategic,INR,VAR-0562,31907.20,50,2026-01-01,2026-12-31,ACTIVE
PL-STRAT,Strategic Global Partner Price List,Strategic,INR,VAR-0563,100630.40,50,2026-01-01,2026-12-31,ACTIVE
PL-STRAT,Strategic Global Partner Price List,Strategic,INR,VAR-0564,202488.00,50,2026-01-01,2026-12-31,ACTIVE
PL-STRAT,Strategic Global Partner Price List,Strategic,INR,VAR-0565,312936.00,50,2026-01-01,2026-12-31,ACTIVE
PL-STRAT,Strategic Global Partner Price List,Strategic,INR,VAR-0566,71177.60,50,2026-01-01,2026-12-31,ACTIVE
PL-STRAT,Strategic Global Partner Price List,Strategic,INR,VAR-0567,120265.60,50,2026-01-01,2026-12-31,ACTIVE
PL-STRAT,Strategic Global Partner Price List,Strategic,INR,VAR-0568,239304.00,50,2026-01-01,2026-12-31,ACTIVE
PL-STRAT,Strategic Global Partner Price List,Strategic,INR,VAR-0569,39270.40,50,2026-01-01,2026-12-31,ACTIVE
PL-STRAT,Strategic Global Partner Price List,Strategic,INR,VAR-0570,53996.80,50,2026-01-01,2026-12-31,ACTIVE
PL-STRAT,Strategic Global Partner Price List,Strategic,INR,VAR-0571,34361.60,50,2026-01-01,2026-12-31,ACTIVE
PL-STRAT,Strategic Global Partner Price List,Strategic,INR,VAR-0572,19635.20,50,2026-01-01,2026-12-31,ACTIVE
PL-STRAT,Strategic Global Partner Price List,Strategic,INR,VAR-0573,30680.00,50,2026-01-01,2026-12-31,ACTIVE
PL-STRAT,Strategic Global Partner Price List,Strategic,INR,VAR-0574,116584.00,50,2026-01-01,2026-12-31,ACTIVE
PL-STRAT,Strategic Global Partner Price List,Strategic,INR,VAR-0575,88358.40,50,2026-01-01,2026-12-31,ACTIVE
PL-STRAT,Strategic Global Partner Price List,Strategic,INR,VAR-0576,59020.00,50,2026-01-01,2026-12-31,ACTIVE
PL-STRAT,Strategic Global Partner Price List,Strategic,INR,VAR-0577,79820.00,50,2026-01-01,2026-12-31,ACTIVE
PL-STRAT,Strategic Global Partner Price List,Strategic,INR,VAR-0578,100620.00,50,2026-01-01,2026-12-31,ACTIVE
PL-STRAT,Strategic Global Partner Price List,Strategic,INR,VAR-0579,133900.00,50,2026-01-01,2026-12-31,ACTIVE
PL-STRAT,Strategic Global Partner Price List,Strategic,INR,VAR-0580,222300.00,50,2026-01-01,2026-12-31,ACTIVE
PL-STRAT,Strategic Global Partner Price List,Strategic,INR,VAR-0581,373100.00,50,2026-01-01,2026-12-31,ACTIVE
PL-STRAT,Strategic Global Partner Price List,Strategic,INR,VAR-0582,695500.00,50,2026-01-01,2026-12-31,ACTIVE
PL-STRAT,Strategic Global Partner Price List,Strategic,INR,VAR-0583,111020.00,50,2026-01-01,2026-12-31,ACTIVE
PL-STRAT,Strategic Global Partner Price List,Strategic,INR,VAR-0584,170300.00,50,2026-01-01,2026-12-31,ACTIVE
PL-STRAT,Strategic Global Partner Price List,Strategic,INR,VAR-0585,237900.00,50,2026-01-01,2026-12-31,ACTIVE
PL-STRAT,Strategic Global Partner Price List,Strategic,INR,VAR-0586,310700.00,50,2026-01-01,2026-12-31,ACTIVE
PL-STRAT,Strategic Global Partner Price List,Strategic,INR,VAR-0587,622700.00,50,2026-01-01,2026-12-31,ACTIVE
PL-STRAT,Strategic Global Partner Price List,Strategic,INR,VAR-0588,1038700.00,50,2026-01-01,2026-12-31,ACTIVE
PL-STRAT,Strategic Global Partner Price List,Strategic,INR,VAR-0589,69420.00,50,2026-01-01,2026-12-31,ACTIVE
PL-STRAT,Strategic Global Partner Price List,Strategic,INR,VAR-0590,96460.00,50,2026-01-01,2026-12-31,ACTIVE
PL-STRAT,Strategic Global Partner Price List,Strategic,INR,VAR-0591,185900.00,50,2026-01-01,2026-12-31,ACTIVE
PL-STRAT,Strategic Global Partner Price List,Strategic,INR,VAR-0592,269100.00,50,2026-01-01,2026-12-31,ACTIVE
PL-STRAT,Strategic Global Partner Price List,Strategic,INR,VAR-0593,414700.00,50,2026-01-01,2026-12-31,ACTIVE
PL-STRAT,Strategic Global Partner Price List,Strategic,INR,VAR-0594,94380.00,50,2026-01-01,2026-12-31,ACTIVE
PL-STRAT,Strategic Global Partner Price List,Strategic,INR,VAR-0595,149500.00,50,2026-01-01,2026-12-31,ACTIVE
PL-STRAT,Strategic Global Partner Price List,Strategic,INR,VAR-0596,237900.00,50,2026-01-01,2026-12-31,ACTIVE
PL-STRAT,Strategic Global Partner Price List,Strategic,INR,VAR-0597,90220.00,50,2026-01-01,2026-12-31,ACTIVE
PL-STRAT,Strategic Global Partner Price List,Strategic,INR,VAR-0598,180700.00,50,2026-01-01,2026-12-31,ACTIVE
PL-STRAT,Strategic Global Partner Price List,Strategic,INR,VAR-0599,352300.00,50,2026-01-01,2026-12-31,ACTIVE
PL-STRAT,Strategic Global Partner Price List,Strategic,INR,VAR-0600,976300.00,50,2026-01-01,2026-12-31,ACTIVE
PL-STRAT,Strategic Global Partner Price List,Strategic,INR,VAR-0601,15236.00,50,2026-01-01,2026-12-31,ACTIVE
PL-STRAT,Strategic Global Partner Price List,Strategic,INR,VAR-0602,19916.00,50,2026-01-01,2026-12-31,ACTIVE
PL-STRAT,Strategic Global Partner Price List,Strategic,INR,VAR-0603,22516.00,50,2026-01-01,2026-12-31,ACTIVE
PL-STRAT,Strategic Global Partner Price List,Strategic,INR,VAR-0604,35516.00,50,2026-01-01,2026-12-31,ACTIVE
PL-STRAT,Strategic Global Partner Price List,Strategic,INR,VAR-0605,53196.00,50,2026-01-01,2026-12-31,ACTIVE
PL-STRAT,Strategic Global Partner Price List,Strategic,INR,VAR-0606,67756.00,50,2026-01-01,2026-12-31,ACTIVE
PL-STRAT,Strategic Global Partner Price List,Strategic,INR,VAR-0607,73996.00,50,2026-01-01,2026-12-31,ACTIVE
PL-STRAT,Strategic Global Partner Price List,Strategic,INR,VAR-0608,105196.00,50,2026-01-01,2026-12-31,ACTIVE
PL-STRAT,Strategic Global Partner Price List,Strategic,INR,VAR-0609,133276.00,50,2026-01-01,2026-12-31,ACTIVE
PL-STRAT,Strategic Global Partner Price List,Strategic,INR,VAR-0610,33436.00,50,2026-01-01,2026-12-31,ACTIVE
PL-STRAT,Strategic Global Partner Price List,Strategic,INR,VAR-0611,51116.00,50,2026-01-01,2026-12-31,ACTIVE
PL-STRAT,Strategic Global Partner Price List,Strategic,INR,VAR-0612,46956.00,50,2026-01-01,2026-12-31,ACTIVE
PL-STRAT,Strategic Global Partner Price List,Strategic,INR,VAR-0613,98956.00,50,2026-01-01,2026-12-31,ACTIVE
PL-STRAT,Strategic Global Partner Price List,Strategic,INR,VAR-0614,125996.00,50,2026-01-01,2026-12-31,ACTIVE
PL-STRAT,Strategic Global Partner Price List,Strategic,INR,VAR-0615,15756.00,50,2026-01-01,2026-12-31,ACTIVE
PL-STRAT,Strategic Global Partner Price List,Strategic,INR,VAR-0616,26156.00,50,2026-01-01,2026-12-31,ACTIVE
PL-STRAT,Strategic Global Partner Price List,Strategic,INR,VAR-0617,49036.00,50,2026-01-01,2026-12-31,ACTIVE
PL-STRAT,Strategic Global Partner Price List,Strategic,INR,VAR-0618,69836.00,50,2026-01-01,2026-12-31,ACTIVE
PL-STRAT,Strategic Global Partner Price List,Strategic,INR,VAR-0619,14508.00,50,2026-01-01,2026-12-31,ACTIVE
PL-STRAT,Strategic Global Partner Price List,Strategic,INR,VAR-0620,30316.00,50,2026-01-01,2026-12-31,ACTIVE
PL-STRAT,Strategic Global Partner Price List,Strategic,INR,VAR-0621,54236.00,50,2026-01-01,2026-12-31,ACTIVE
PL-STRAT,Strategic Global Partner Price List,Strategic,INR,VAR-0622,63596.00,50,2026-01-01,2026-12-31,ACTIVE
PL-STRAT,Strategic Global Partner Price List,Strategic,INR,VAR-0623,38636.00,50,2026-01-01,2026-12-31,ACTIVE
PL-STRAT,Strategic Global Partner Price List,Strategic,INR,VAR-0624,73996.00,50,2026-01-01,2026-12-31,ACTIVE
PL-STRAT,Strategic Global Partner Price List,Strategic,INR,VAR-0625,40716.00,50,2026-01-01,2026-12-31,ACTIVE
PL-STRAT,Strategic Global Partner Price List,Strategic,INR,VAR-0626,119756.00,50,2026-01-01,2026-12-31,ACTIVE
PL-STRAT,Strategic Global Partner Price List,Strategic,INR,VAR-0627,43836.00,50,2026-01-01,2026-12-31,ACTIVE
PL-STRAT,Strategic Global Partner Price List,Strategic,INR,VAR-0628,61516.00,50,2026-01-01,2026-12-31,ACTIVE
PL-STRAT,Strategic Global Partner Price List,Strategic,INR,VAR-0629,23556.00,50,2026-01-01,2026-12-31,ACTIVE
PL-STRAT,Strategic Global Partner Price List,Strategic,INR,VAR-0630,25116.00,50,2026-01-01,2026-12-31,ACTIVE
PL-STRAT,Strategic Global Partner Price List,Strategic,INR,VAR-0631,82316.00,50,2026-01-01,2026-12-31,ACTIVE
PL-STRAT,Strategic Global Partner Price List,Strategic,INR,VAR-0632,20436.00,50,2026-01-01,2026-12-31,ACTIVE
PL-STRAT,Strategic Global Partner Price List,Strategic,INR,VAR-0633,65520.00,50,2026-01-01,2026-12-31,ACTIVE
PL-STRAT,Strategic Global Partner Price List,Strategic,INR,VAR-0634,96720.00,50,2026-01-01,2026-12-31,ACTIVE
PL-STRAT,Strategic Global Partner Price List,Strategic,INR,VAR-0635,123760.00,50,2026-01-01,2026-12-31,ACTIVE
PL-STRAT,Strategic Global Partner Price List,Strategic,INR,VAR-0636,203840.00,50,2026-01-01,2026-12-31,ACTIVE
PL-STRAT,Strategic Global Partner Price List,Strategic,INR,VAR-0637,245440.00,50,2026-01-01,2026-12-31,ACTIVE
PL-STRAT,Strategic Global Partner Price List,Strategic,INR,VAR-0638,396240.00,50,2026-01-01,2026-12-31,ACTIVE
PL-STRAT,Strategic Global Partner Price List,Strategic,INR,VAR-0639,71760.00,50,2026-01-01,2026-12-31,ACTIVE
PL-STRAT,Strategic Global Partner Price List,Strategic,INR,VAR-0640,119600.00,50,2026-01-01,2026-12-31,ACTIVE
PL-STRAT,Strategic Global Partner Price List,Strategic,INR,VAR-0641,214240.00,50,2026-01-01,2026-12-31,ACTIVE
PL-STRAT,Strategic Global Partner Price List,Strategic,INR,VAR-0642,417040.00,50,2026-01-01,2026-12-31,ACTIVE
PL-STRAT,Strategic Global Partner Price List,Strategic,INR,VAR-0643,62400.00,50,2026-01-01,2026-12-31,ACTIVE
PL-STRAT,Strategic Global Partner Price List,Strategic,INR,VAR-0644,92560.00,50,2026-01-01,2026-12-31,ACTIVE
PL-STRAT,Strategic Global Partner Price List,Strategic,INR,VAR-0645,117520.00,50,2026-01-01,2026-12-31,ACTIVE
PL-STRAT,Strategic Global Partner Price List,Strategic,INR,VAR-0646,196560.00,50,2026-01-01,2026-12-31,ACTIVE
PL-STRAT,Strategic Global Partner Price List,Strategic,INR,VAR-0647,380640.00,50,2026-01-01,2026-12-31,ACTIVE
PL-STRAT,Strategic Global Partner Price List,Strategic,INR,VAR-0648,48880.00,50,2026-01-01,2026-12-31,ACTIVE
PL-STRAT,Strategic Global Partner Price List,Strategic,INR,VAR-0649,71760.00,50,2026-01-01,2026-12-31,ACTIVE
PL-STRAT,Strategic Global Partner Price List,Strategic,INR,VAR-0650,55120.00,50,2026-01-01,2026-12-31,ACTIVE
PL-STRAT,Strategic Global Partner Price List,Strategic,INR,VAR-0651,52000.00,50,2026-01-01,2026-12-31,ACTIVE
PL-STRAT,Strategic Global Partner Price List,Strategic,INR,VAR-0652,36736.00,50,2026-01-01,2026-12-31,ACTIVE
