variant_id,product_id,sku,variant_name,cpu,ram,storage,storage_type,gpu,screen_size,resolution,color,connectivity,operating_system,form_factor,warranty_months,extra_price,cost_price,selling_price,barcode,status
VAR-0001,PROD-0001,LAP-DEL-5440-I5-16-512,Core i5-1335U / 16GB / 512GB SSD / Win 11 Pro,Intel Core i5-1335U,16GB DDR4,512GB,NVMe PCIe 4.0,Intel Iris Xe,"14.0""",1920x1080 FHD,Titan Grey,Wi-Fi 6E + BT 5.3,Windows 11 Pro,Clamshell,36,0.00,68000.00,82000.00,8907300000001,ACTIVE
VAR-0002,PROD-0001,LAP-DEL-5440-I7-32-1TB,Core i7-1365U / 32GB / 1TB SSD / Win 11 Pro,Intel Core i7-1365U,32GB DDR4,1TB,NVMe PCIe 4.0,Intel Iris Xe,"14.0""",1920x1080 FHD,Titan Grey,Wi-Fi 6E + BT 5.3,Windows 11 Pro,Clamshell,36,18000.00,83000.00,100000.00,8907300000002,ACTIVE
VAR-0003,PROD-0002,LAP-DEL-5540-I7-16-512,Core i7-1355U / 16GB / 512GB SSD / Win 11 Pro,Intel Core i7-1355U,16GB DDR5,512GB,NVMe PCIe 4.0,Intel Iris Xe,"15.6""",1920x1080 FHD,Titan Grey,Wi-Fi 6E + BT 5.3,Windows 11 Pro,Clamshell,36,0.00,74000.00,89000.00,8907300000003,ACTIVE
VAR-0004,PROD-0003,LAP-DEL-7440-I7-16-512,Core i7-1365U / 16GB / 512GB SSD / Win 11 Pro,Intel Core i7-1365U vPro,16GB LPDDR5,512GB,NVMe PCIe 4.0,Intel Iris Xe,"14.0""",1920x1200 QHD+,River Magnesium,Wi-Fi 6E + BT 5.3,Windows 11 Pro,Ultrabook,36,0.00,98000.00,118000.00,8907300000004,ACTIVE
VAR-0005,PROD-0003,LAP-DEL-7440-I7-32-1TB,Core i7-1365U / 32GB / 1TB SSD / Win 11 Pro,Intel Core i7-1365U vPro,32GB LPDDR5,1TB,NVMe PCIe 4.0,Intel Iris Xe,"14.0""",1920x1200 QHD+,River Magnesium,Wi-Fi 6E + BT 5.3,Windows 11 Pro,Ultrabook,36,22000.00,116000.00,140000.00,8907300000005,ACTIVE
VAR-0006,PROD-0004,LAP-DEL-7450-U7-16-512,Core Ultra 7 / 16GB / 512GB SSD / Win 11 Pro,Intel Core Ultra 7 165U,16GB LPDDR5x,512GB,NVMe Gen4,Intel Graphics,"14.0""",1920x1200 FHD+,Titan Grey,Wi-Fi 7 + BT 5.4,Windows 11 Pro,Ultrabook,36,0.00,115000.00,138000.00,8907300000006,ACTIVE
VAR-0007,PROD-0004,LAP-DEL-7450-U7-32-1TB,Core Ultra 7 / 32GB / 1TB SSD / Win 11 Pro,Intel Core Ultra 7 165U,32GB LPDDR5x,1TB,NVMe Gen4,Intel Graphics,"14.0""",1920x1200 FHD+,Titan Grey,Wi-Fi 7 + BT 5.4,Windows 11 Pro,Ultrabook,36,25000.00,136000.00,163000.00,8907300000007,ACTIVE
VAR-0008,PROD-0005,LAP-DEL-9440-I7-32-1TB,Core i7-1370P / 32GB / 1TB SSD / QHD+ Touch,Intel Core i7-1370P vPro,32GB LPDDR5x,1TB,NVMe PCIe 4.0,Intel Iris Xe,"14.0""",2560x1600 QHD+ Touch,Graphite CNC,Wi-Fi 6E + 5G LTE,Windows 11 Pro,Convertible,36,0.00,155000.00,185000.00,8907300000008,ACTIVE
VAR-0009,PROD-0006,LAP-DEL-XPS14-U7-32-1TB,Core Ultra 7 / 32GB / 1TB / RTX 4050 / 3.2K OLED,Intel Core Ultra 7 155H,32GB LPDDR5x,1TB,NVMe Gen4,NVIDIA RTX 4050 6GB,"14.5""",3200x2000 3.2K OLED,Platinum Silver,Wi-Fi 7 + BT 5.4,Windows 11 Pro,Ultrabook,36,0.00,175000.00,210000.00,8907300000009,ACTIVE
VAR-0010,PROD-0007,LAP-DEL-XPS16-U9-64-2TB,Core Ultra 9 / 64GB / 2TB / RTX 4070 / 4K+ OLED,Intel Core Ultra 9 185H,64GB LPDDR5x,2TB,NVMe Gen4,NVIDIA RTX 4070 8GB,"16.3""",3840x2400 4K+ OLED,Graphite,Wi-Fi 7 + BT 5.4,Windows 11 Pro,Workstation,36,0.00,225000.00,270000.00,8907300000010,ACTIVE
VAR-0011,PROD-0008,LAP-LEN-T14G4-I5-16-512,Core i5-1335U / 16GB / 512GB SSD / Win 11 Pro,Intel Core i5-1335U,16GB DDR5,512GB,NVMe PCIe 4.0,Intel Iris Xe,"14.0""",1920x1200 WUXGA,Thunder Black,Wi-Fi 6E + BT 5.3,Windows 11 Pro,Clamshell,36,0.00,72000.00,86000.00,8907300000011,ACTIVE
VAR-0012,PROD-0008,LAP-LEN-T14G4-I7-32-1TB,Core i7-1355U / 32GB / 1TB SSD / Win 11 Pro,Intel Core i7-1355U,32GB DDR5,1TB,NVMe PCIe 4.0,Intel Iris Xe,"14.0""",1920x1200 WUXGA,Thunder Black,Wi-Fi 6E + BT 5.3,Windows 11 Pro,Clamshell,36,20000.00,88000.00,106000.00,8907300000012,ACTIVE
VAR-0013,PROD-0009,LAP-LEN-T14S-I7-16-512,Core i7-1365U / 16GB / 512GB SSD / Win 11 Pro,Intel Core i7-1365U vPro,16GB LPDDR5x,512GB,NVMe PCIe 4.0,Intel Iris Xe,"14.0""",1920x1200 Low Power,Deep Black,Wi-Fi 6E + BT 5.3,Windows 11 Pro,Ultrabook,36,0.00,92000.00,110000.00,8907300000013,ACTIVE
VAR-0014,PROD-0009,LAP-LEN-T14S-I7-32-1TB,Core i7-1365U / 32GB / 1TB SSD / Win 11 Pro,Intel Core i7-1365U vPro,32GB LPDDR5x,1TB,NVMe PCIe 4.0,Intel Iris Xe,"14.0""",1920x1200 Low Power,Deep Black,Wi-Fi 6E + BT 5.3,Windows 11 Pro,Ultrabook,36,21000.00,110000.00,131000.00,8907300000014,ACTIVE
VAR-0015,PROD-0010,LAP-LEN-X1C11-I7-32-1TB,Core i7-1365U / 32GB / 1TB SSD / 2.8K OLED,Intel Core i7-1365U vPro,32GB LPDDR5,1TB,NVMe PCIe 4.0,Intel Iris Xe,"14.0""",2880x1800 2.8K OLED,Carbon Fiber Weave,Wi-Fi 6E + 4G LTE,Windows 11 Pro,Ultrabook,36,0.00,145000.00,175000.00,8907300000015,ACTIVE
VAR-0016,PROD-0011,LAP-LEN-X1C12-U7-32-1TB,Core Ultra 7 / 32GB / 1TB SSD / 120Hz OLED,Intel Core Ultra 7 165H,32GB LPDDR5x,1TB,NVMe Gen4,Intel Arc Graphics,"14.0""",2880x1800 120Hz OLED,Black Eclipse,Wi-Fi 7 + BT 5.4,Windows 11 Pro,Ultrabook,36,0.00,168000.00,202000.00,8907300000016,ACTIVE
VAR-0017,PROD-0012,LAP-LEN-X1Y8-I7-32-1TB,Core i7-1370P / 32GB / 1TB SSD / 4K OLED Pen,Intel Core i7-1370P vPro,32GB LPDDR5,1TB,NVMe PCIe 4.0,Intel Iris Xe,"14.0""",3840x2400 4K OLED Touch,Storm Grey CNC,Wi-Fi 6E + BT 5.3,Windows 11 Pro,Convertible,36,0.00,152000.00,182000.00,8907300000017,ACTIVE
VAR-0018,PROD-0013,LAP-LEN-P14S-R7-32-1TB,Ryzen 7 Pro / 32GB / 1TB / Radeon 780M / OLED,AMD Ryzen 7 Pro 7840U,32GB LPDDR5x,1TB,NVMe PCIe 4.0,AMD Radeon 780M,"14.0""",2880x1800 2.8K OLED,Thunder Black,Wi-Fi 6E + BT 5.3,Windows 11 Pro,Mobile Workstation,36,0.00,105000.00,126000.00,8907300000018,ACTIVE
VAR-0019,PROD-0014,LAP-LEN-P1G6-I9-64-2TB,Core i9-13900H / 64GB / 2TB / RTX 4080 / WQXGA,Intel Core i9-13900H,64GB DDR5 5600,2TB,NVMe Gen4 Performance,NVIDIA RTX 4080 12GB,"16.0""",2560x1600 165Hz,Carbon Fiber Weave,Wi-Fi 6E + BT 5.3,Windows 11 Pro,Workstation,36,0.00,240000.00,288000.00,8907300000019,ACTIVE
VAR-0020,PROD-0015,LAP-HP-EB840G10-I5-16-512,Core i5-1335U / 16GB / 512GB SSD / Win 11 Pro,Intel Core i5-1335U,16GB DDR5,512GB,NVMe PCIe 4.0,Intel Iris Xe,"14.0""",1920x1200 WUXGA,Natural Silver,Wi-Fi 6E + BT 5.3,Windows 11 Pro,Clamshell,36,0.00,71000.00,85000.00,8907300000020,ACTIVE
VAR-0021,PROD-0016,LAP-HP-EB840G11-U7-32-1TB,Core Ultra 7 / 32GB / 1TB SSD / 2.5K 120Hz,Intel Core Ultra 7 155H,32GB LPDDR5x,1TB,NVMe Gen4,Intel Arc Graphics,"14.0""",2560x1600 2.5K 120Hz,Pike Silver,Wi-Fi 7 + BT 5.4,Windows 11 Pro,Ultrabook,36,0.00,118000.00,142000.00,8907300000021,ACTIVE
VAR-0022,PROD-0017,LAP-HP-EB1040G10-I7-32-1TB,Core i7-1365U / 32GB / 1TB SSD / SureView,Intel Core i7-1365U vPro,32GB LPDDR5,1TB,NVMe PCIe 4.0,Intel Iris Xe,"14.0""",1920x1200 Privacy Screen,Pike Silver,Wi-Fi 6E + 4G LTE,Windows 11 Pro,Ultrabook,36,0.00,125000.00,150000.00,8907300000022,ACTIVE
VAR-0023,PROD-0018,LAP-HP-DFLYG4-I7-32-1TB,Core i7-1365U / 32GB / 1TB SSD / 3:2 OLED,Intel Core i7-1365U vPro,32GB LPDDR5,1TB,NVMe PCIe 4.0,Intel Iris Xe,"13.5""",3000x2000 3:2 OLED,Slate Blue Magnesium,Wi-Fi 6E + 5G LTE,Windows 11 Pro,Ultrabook,36,0.00,160000.00,192000.00,8907300000023,ACTIVE
VAR-0024,PROD-0019,LAP-HP-ZBOOK16G10-I7-32-1TB,Core i7-13800H / 32GB / 1TB / RTX 2000 Ada,Intel Core i7-13800H vPro,32GB DDR5 5200,1TB,NVMe Gen4,NVIDIA RTX 2000 Ada 8GB,"16.0""",2560x1600 QHD+,Dark Ash Silver,Wi-Fi 6E + BT 5.3,Windows 11 Pro,Workstation,36,0.00,165000.00,198000.00,8907300000024,ACTIVE
VAR-0025,PROD-0020,LAP-APL-MBA13-M3-16-512-MID,M3 / 16GB Unified / 512GB SSD / Midnight,Apple M3 (8C CPU / 10C GPU),16GB Unified,512GB,Apple Unified NVMe,Apple 10-Core GPU,"13.6""",2560x1664 Retina,Midnight,Wi-Fi 6E + MagSafe 3,macOS Sonoma,Ultrabook,36,0.00,105000.00,124900.00,8907300000025,ACTIVE
VAR-0026,PROD-0020,LAP-APL-MBA13-M3-24-512-SLV,M3 / 24GB Unified / 512GB SSD / Silver,Apple M3 (8C CPU / 10C GPU),24GB Unified,512GB,Apple Unified NVMe,Apple 10-Core GPU,"13.6""",2560x1664 Retina,Silver,Wi-Fi 6E + MagSafe 3,macOS Sonoma,Ultrabook,36,18000.00,120000.00,142900.00,8907300000026,ACTIVE
VAR-0027,PROD-0021,LAP-APL-MBA15-M3-16-512-SGR,M3 / 16GB Unified / 512GB SSD / Space Grey,Apple M3 (8C CPU / 10C GPU),16GB Unified,512GB,Apple Unified NVMe,Apple 10-Core GPU,"15.3""",2880x1864 Retina,Space Grey,Wi-Fi 6E + MagSafe 3,macOS Sonoma,Ultrabook,36,0.00,125000.00,144900.00,8907300000027,ACTIVE
VAR-0028,PROD-0022,LAP-APL-MBP14-M3P-18-512-SBLK,M3 Pro / 18GB Unified / 512GB SSD / Space Black,Apple M3 Pro (11C CPU / 14C GPU),18GB Unified,512GB,Apple Unified NVMe,Apple 14-Core GPU,"14.2""",3024x1964 XDR 120Hz,Space Black,Wi-Fi 6E + HDMI + SDXC,macOS Sonoma,Ultrabook,36,0.00,168000.00,199900.00,8907300000028,ACTIVE
VAR-0029,PROD-0022,LAP-APL-MBP14-M3P-36-1TB-SBLK,M3 Pro / 36GB Unified / 1TB SSD / Space Black,Apple M3 Pro (12C CPU / 18C GPU),36GB Unified,1TB,Apple Unified NVMe,Apple 18-Core GPU,"14.2""",3024x1964 XDR 120Hz,Space Black,Wi-Fi 6E + HDMI + SDXC,macOS Sonoma,Ultrabook,36,35000.00,198000.00,234900.00,8907300000029,ACTIVE
VAR-0030,PROD-0023,LAP-APL-MBP16-M3M-36-1TB-SBLK,M3 Max / 36GB Unified / 1TB SSD / Space Black,Apple M3 Max (14C CPU / 30C GPU),36GB Unified,1TB,Apple Unified NVMe,Apple 30-Core GPU,"16.2""",3456x2234 XDR 120Hz,Space Black,Wi-Fi 6E + HDMI + SDXC,macOS Sonoma,Mobile Workstation,36,0.00,295000.00,349900.00,8907300000030,ACTIVE
VAR-0031,PROD-0023,LAP-APL-MBP16-M3M-64-2TB-SBLK,M3 Max / 64GB Unified / 2TB SSD / Space Black,Apple M3 Max (16C CPU / 40C GPU),64GB Unified,2TB,Apple Unified NVMe,Apple 40-Core GPU,"16.2""",3456x2234 XDR 120Hz,Space Black,Wi-Fi 6E + HDMI + SDXC,macOS Sonoma,Mobile Workstation,36,65000.00,350000.00,414900.00,8907300000031,ACTIVE
VAR-0032,PROD-0024,LAP-ASUS-B9403-I7-32-1TB,Core i7-1355U / 32GB / 1TB SSD / 2.8K OLED,Intel Core i7-1355U vPro,32GB LPDDR5,1TB,NVMe PCIe 4.0,Intel Iris Xe,"14.0""",2880x1800 2.8K OLED,Star Black,Wi-Fi 6E + BT 5.3,Windows 11 Pro,Ultrabook,36,0.00,132000.00,158000.00,8907300000032,ACTIVE
VAR-0033,PROD-0025,LAP-ACER-TMP6-I7-16-1TB,Core i7-1355U / 16GB / 1TB SSD / OLED / Win 11 Pro,Intel Core i7-1355U,16GB LPDDR5,1TB,NVMe PCIe 4.0,Intel Iris Xe,"14.0""",2880x1800 OLED,Iron Black,Wi-Fi 6E + 5G,Windows 11 Pro,Ultrabook,36,0.00,95000.00,114000.00,8907300000033,ACTIVE
VAR-0034,PROD-0026,LAP-DEL-5340-16-512,Dell Latitude 5340 13.3-inch Ultra-Portable / 16GB RAM / 512GB SSD / Win 11 Pro,Intel/AMD Multi-Core,16GB DDR5,512GB,NVMe Gen4,Integrated,"14.0""",1920x1200 FHD+,Matte Black/Silver,Wi-Fi 6E + BT,Windows 11 Pro,Clamshell,36,0.00,65000.00,78000.00,8907300000034,ACTIVE
VAR-0035,PROD-0027,LAP-DEL-5450-16-512,Dell Latitude 5450 Core Ultra 5 Mainstream / 16GB RAM / 512GB SSD / Win 11 Pro,Intel/AMD Multi-Core,16GB DDR5,512GB,NVMe Gen4,Integrated,"14.0""",1920x1200 FHD+,Matte Black/Silver,Wi-Fi 6E + BT,Windows 11 Pro,Clamshell,36,0.00,76000.00,91000.00,8907300000035,ACTIVE
VAR-0036,PROD-0028,LAP-DEL-7340-16-512,Dell Latitude 7340 13.3-inch Executive Lightweight / 16GB RAM / 512GB SSD / Win 11 Pro,Intel/AMD Multi-Core,16GB DDR5,512GB,NVMe Gen4,Integrated,"14.0""",1920x1200 FHD+,Matte Black/Silver,Wi-Fi 6E + BT,Windows 11 Pro,Clamshell,36,0.00,94000.00,113000.00,8907300000036,ACTIVE
VAR-0037,PROD-0029,LAP-DEL-7650-16-512,Dell Latitude 7650 16-inch Executive Spreadsheets / 16GB RAM / 512GB SSD / Win 11 Pro,Intel/AMD Multi-Core,16GB DDR5,512GB,NVMe Gen4,Integrated,"14.0""",1920x1200 FHD+,Matte Black/Silver,Wi-Fi 6E + BT,Windows 11 Pro,Clamshell,36,0.00,108000.00,130000.00,8907300000037,ACTIVE
VAR-0038,PROD-0030,LAP-LEN-E14G5-16-512,Lenovo ThinkPad E14 Gen 5 SMB Corporate / 16GB RAM / 512GB SSD / Win 11 Pro,Intel/AMD Multi-Core,16GB DDR5,512GB,NVMe Gen4,Integrated,"14.0""",1920x1200 FHD+,Matte Black/Silver,Wi-Fi 6E + BT,Windows 11 Pro,Clamshell,36,0.00,52000.00,62000.00,8907300000038,ACTIVE
VAR-0039,PROD-0031,LAP-LEN-E16G1-16-512,Lenovo ThinkPad E16 Gen 1 Finance Desktop Alternative / 16GB RAM / 512GB SSD / Win 11 Pro,Intel/AMD Multi-Core,16GB DDR5,512GB,NVMe Gen4,Integrated,"14.0""",1920x1200 FHD+,Matte Black/Silver,Wi-Fi 6E + BT,Windows 11 Pro,Clamshell,36,0.00,56000.00,67000.00,8907300000039,ACTIVE
VAR-0040,PROD-0032,LAP-LEN-L14G4-16-512,Lenovo ThinkPad L14 Gen 4 Enterprise Deployment / 16GB RAM / 512GB SSD / Win 11 Pro,Intel/AMD Multi-Core,16GB DDR5,512GB,NVMe Gen4,Integrated,"14.0""",1920x1200 FHD+,Matte Black/Silver,Wi-Fi 6E + BT,Windows 11 Pro,Clamshell,36,0.00,62000.00,74000.00,8907300000040,ACTIVE
VAR-0041,PROD-0033,LAP-LEN-T16G2-16-512,Lenovo ThinkPad T16 Gen 2 16.0 Large Screen / 16GB RAM / 512GB SSD / Win 11 Pro,Intel/AMD Multi-Core,16GB DDR5,512GB,NVMe Gen4,Integrated,"14.0""",1920x1200 FHD+,Matte Black/Silver,Wi-Fi 6E + BT,Windows 11 Pro,Clamshell,36,0.00,82000.00,98000.00,8907300000041,ACTIVE
VAR-0042,PROD-0034,LAP-LEN-P16SG2-16-512,Lenovo ThinkPad P16s Gen 2 Mobile CAD Workstation / 16GB RAM / 512GB SSD / Win 11 Pro,Intel/AMD Multi-Core,16GB DDR5,512GB,NVMe Gen4,Integrated,"14.0""",1920x1200 FHD+,Matte Black/Silver,Wi-Fi 6E + BT,Windows 11 Pro,Clamshell,36,0.00,112000.00,134000.00,8907300000042,ACTIVE
VAR-0043,PROD-0035,LAP-LEN-Z13G2-16-512,Lenovo ThinkPad Z13 Gen 2 Sustainable Bronze / 16GB RAM / 512GB SSD / Win 11 Pro,Intel/AMD Multi-Core,16GB DDR5,512GB,NVMe Gen4,Integrated,"14.0""",1920x1200 FHD+,Matte Black/Silver,Wi-Fi 6E + BT,Windows 11 Pro,Clamshell,36,0.00,125000.00,150000.00,8907300000043,ACTIVE
VAR-0044,PROD-0036,LAP-HP-EB860G10-16-512,HP EliteBook 860 G10 16.0 Corporate Numeric / 16GB RAM / 512GB SSD / Win 11 Pro,Intel/AMD Multi-Core,16GB DDR5,512GB,NVMe Gen4,Integrated,"14.0""",1920x1200 FHD+,Matte Black/Silver,Wi-Fi 6E + BT,Windows 11 Pro,Clamshell,36,0.00,78000.00,94000.00,8907300000044,ACTIVE
VAR-0045,PROD-0037,LAP-HP-PB440G10-16-512,HP ProBook 440 G10 Commercial Fleet Notebook / 16GB RAM / 512GB SSD / Win 11 Pro,Intel/AMD Multi-Core,16GB DDR5,512GB,NVMe Gen4,Integrated,"14.0""",1920x1200 FHD+,Matte Black/Silver,Wi-Fi 6E + BT,Windows 11 Pro,Clamshell,36,0.00,54000.00,65000.00,8907300000045,ACTIVE
VAR-0046,PROD-0038,LAP-HP-PB450G10-16-512,HP ProBook 450 G10 15.6 Mainstream Business / 16GB RAM / 512GB SSD / Win 11 Pro,Intel/AMD Multi-Core,16GB DDR5,512GB,NVMe Gen4,Integrated,"14.0""",1920x1200 FHD+,Matte Black/Silver,Wi-Fi 6E + BT,Windows 11 Pro,Clamshell,36,0.00,58000.00,70000.00,8907300000046,ACTIVE
VAR-0047,PROD-0039,LAP-HP-ZBSTUDIO-16-512,HP ZBook Studio G10 Thin Creative Workstation / 16GB RAM / 512GB SSD / Win 11 Pro,Intel/AMD Multi-Core,16GB DDR5,512GB,NVMe Gen4,Integrated,"14.0""",1920x1200 FHD+,Matte Black/Silver,Wi-Fi 6E + BT,Windows 11 Pro,Clamshell,36,0.00,195000.00,235000.00,8907300000047,ACTIVE
VAR-0048,PROD-0040,LAP-HP-ZBFURY-16-512,HP ZBook Fury 16 G10 Desktop Replacement / 16GB RAM / 512GB SSD / Win 11 Pro,Intel/AMD Multi-Core,16GB DDR5,512GB,NVMe Gen4,Integrated,"14.0""",1920x1200 FHD+,Matte Black/Silver,Wi-Fi 6E + BT,Windows 11 Pro,Clamshell,36,0.00,260000.00,312000.00,8907300000048,ACTIVE
VAR-0049,PROD-0041,LAP-APL-MBP14-M3B-16-512,Apple MacBook Pro 14-inch Base M3 Chip / 16GB RAM / 512GB SSD / Win 11 Pro,Intel/AMD Multi-Core,16GB DDR5,512GB,NVMe Gen4,Integrated,"14.0""",1920x1200 FHD+,Matte Black/Silver,Wi-Fi 6E + BT,Windows 11 Pro,Clamshell,36,0.00,142000.00,169900.00,8907300000049,ACTIVE
VAR-0050,PROD-0042,LAP-ASUS-B5402-16-512,ASUS ExpertBook B5 Flip 14-inch Convertible / 16GB RAM / 512GB SSD / Win 11 Pro,Intel/AMD Multi-Core,16GB DDR5,512GB,NVMe Gen4,Integrated,"14.0""",1920x1200 FHD+,Matte Black/Silver,Wi-Fi 6E + BT,Windows 11 Pro,Clamshell,36,0.00,88000.00,105000.00,8907300000050,ACTIVE
VAR-0051,PROD-0043,LAP-ASUS-B7402-16-512,ASUS ExpertBook B7 5G Enterprise Mobility / 16GB RAM / 512GB SSD / Win 11 Pro,Intel/AMD Multi-Core,16GB DDR5,512GB,NVMe Gen4,Integrated,"14.0""",1920x1200 FHD+,Matte Black/Silver,Wi-Fi 6E + BT,Windows 11 Pro,Clamshell,36,0.00,115000.00,138000.00,8907300000051,ACTIVE
VAR-0052,PROD-0044,LAP-ACER-TMP4-16-512,Acer TravelMate P4 14 Commercial Fleet / 16GB RAM / 512GB SSD / Win 11 Pro,Intel/AMD Multi-Core,16GB DDR5,512GB,NVMe Gen4,Integrated,"14.0""",1920x1200 FHD+,Matte Black/Silver,Wi-Fi 6E + BT,Windows 11 Pro,Clamshell,36,0.00,58000.00,69000.00,8907300000052,ACTIVE
VAR-0053,PROD-0045,LAP-MS-SL6-13-16-512,Microsoft Surface Laptop 6 13.5 Core Ultra 5 / 16GB RAM / 512GB SSD / Win 11 Pro,Intel/AMD Multi-Core,16GB DDR5,512GB,NVMe Gen4,Integrated,"14.0""",1920x1200 FHD+,Matte Black/Silver,Wi-Fi 6E + BT,Windows 11 Pro,Clamshell,36,0.00,108000.00,129999.00,8907300000053,ACTIVE
VAR-0054,PROD-0046,LAP-MS-SL6-15-16-512,Microsoft Surface Laptop 6 15.0 Core Ultra 7 / 16GB RAM / 512GB SSD / Win 11 Pro,Intel/AMD Multi-Core,16GB DDR5,512GB,NVMe Gen4,Integrated,"14.0""",1920x1200 FHD+,Matte Black/Silver,Wi-Fi 6E + BT,Windows 11 Pro,Clamshell,36,0.00,135000.00,162999.00,8907300000054,ACTIVE
VAR-0055,PROD-0047,LAP-MS-SLS2-16-512,Microsoft Surface Laptop Studio 2 Dynamic Woven Hinge / 16GB RAM / 512GB SSD / Win 11 Pro,Intel/AMD Multi-Core,16GB DDR5,512GB,NVMe Gen4,Integrated,"14.0""",1920x1200 FHD+,Matte Black/Silver,Wi-Fi 6E + BT,Windows 11 Pro,Clamshell,36,0.00,185000.00,222999.00,8907300000055,ACTIVE
VAR-0056,PROD-0048,LAP-DEL-LAT3440-16-512,Dell Latitude 3440 Entry Commercial Laptop / 16GB RAM / 512GB SSD / Win 11 Pro,Intel/AMD Multi-Core,16GB DDR5,512GB,NVMe Gen4,Integrated,"14.0""",1920x1200 FHD+,Matte Black/Silver,Wi-Fi 6E + BT,Windows 11 Pro,Clamshell,36,0.00,48000.00,58000.00,8907300000056,ACTIVE
VAR-0057,PROD-0049,LAP-DEL-LAT3540-16-512,Dell Latitude 3540 15.6 Entry Commercial / 16GB RAM / 512GB SSD / Win 11 Pro,Intel/AMD Multi-Core,16GB DDR5,512GB,NVMe Gen4,Integrated,"14.0""",1920x1200 FHD+,Matte Black/Silver,Wi-Fi 6E + BT,Windows 11 Pro,Clamshell,36,0.00,51000.00,61000.00,8907300000057,ACTIVE
VAR-0058,PROD-0050,LAP-LEN-V15G4-16-512,Lenovo V15 Gen 4 Cost-Effective Commercial / 16GB RAM / 512GB SSD / Win 11 Pro,Intel/AMD Multi-Core,16GB DDR5,512GB,NVMe Gen4,Integrated,"14.0""",1920x1200 FHD+,Matte Black/Silver,Wi-Fi 6E + BT,Windows 11 Pro,Clamshell,36,0.00,38000.00,46000.00,8907300000058,ACTIVE
VAR-0059,PROD-0051,LAP-HP-240G9-16-512,HP 240 G9 Essential Business Notebook / 16GB RAM / 512GB SSD / Win 11 Pro,Intel/AMD Multi-Core,16GB DDR5,512GB,NVMe Gen4,Integrated,"14.0""",1920x1200 FHD+,Matte Black/Silver,Wi-Fi 6E + BT,Windows 11 Pro,Clamshell,36,0.00,39000.00,47000.00,8907300000059,ACTIVE
VAR-0060,PROD-0052,LAP-DEL-PR3580-16-512,Dell Precision 3580 Affordable Mobile CAD Workstation / 16GB RAM / 512GB SSD / Win 11 Pro,Intel/AMD Multi-Core,16GB DDR5,512GB,NVMe Gen4,Integrated,"14.0""",1920x1200 FHD+,Matte Black/Silver,Wi-Fi 6E + BT,Windows 11 Pro,Clamshell,36,0.00,98000.00,118000.00,8907300000060,ACTIVE
VAR-0061,PROD-0053,LAP-DEL-PR5680-16-512,Dell Precision 5680 16-inch Creator Workstation / 16GB RAM / 512GB SSD / Win 11 Pro,Intel/AMD Multi-Core,16GB DDR5,512GB,NVMe Gen4,Integrated,"14.0""",1920x1200 FHD+,Matte Black/Silver,Wi-Fi 6E + BT,Windows 11 Pro,Clamshell,36,0.00,210000.00,252000.00,8907300000061,ACTIVE
VAR-0062,PROD-0054,LAP-LEN-T14G4-AMD-16-512,Lenovo ThinkPad T14 Gen 4 AMD Ryzen 5 Pro / 16GB RAM / 512GB SSD / Win 11 Pro,Intel/AMD Multi-Core,16GB DDR5,512GB,NVMe Gen4,Integrated,"14.0""",1920x1200 FHD+,Matte Black/Silver,Wi-Fi 6E + BT,Windows 11 Pro,Clamshell,36,0.00,69000.00,83000.00,8907300000062,ACTIVE
VAR-0063,PROD-0055,LAP-HP-EB845G10-16-512,HP EliteBook 845 G10 AMD Ryzen 7 Pro 7840U / 16GB RAM / 512GB SSD / Win 11 Pro,Intel/AMD Multi-Core,16GB DDR5,512GB,NVMe Gen4,Integrated,"14.0""",1920x1200 FHD+,Matte Black/Silver,Wi-Fi 6E + BT,Windows 11 Pro,Clamshell,36,0.00,82000.00,98000.00,8907300000063,ACTIVE
VAR-0064,PROD-0056,DSK-DEL-7010M-16-512,Dell OptiPlex 7010 Micro Form Factor / 16GB RAM / 512GB NVMe / Win 11 Pro,Intel Core i5 / AMD,16GB DDR4/5,512GB,NVMe PCIe,Integrated Graphics,N/A,N/A,Black,Gigabit Ethernet + Wi-Fi,Windows 11 Pro,Micro / SFF,36,0.00,48000.00,58000.00,8907300000064,ACTIVE
VAR-0065,PROD-0057,DSK-DEL-7010S-16-512,Dell OptiPlex 7010 Small Form Factor / 16GB RAM / 512GB NVMe / Win 11 Pro,Intel Core i5 / AMD,16GB DDR4/5,512GB,NVMe PCIe,Integrated Graphics,N/A,N/A,Black,Gigabit Ethernet + Wi-Fi,Windows 11 Pro,Micro / SFF,36,0.00,52000.00,62000.00,8907300000065,ACTIVE
VAR-0066,PROD-0058,DSK-DEL-7010T-16-512,Dell OptiPlex 7010 Mini Tower Desktop / 16GB RAM / 512GB NVMe / Win 11 Pro,Intel Core i5 / AMD,16GB DDR4/5,512GB,NVMe PCIe,Integrated Graphics,N/A,N/A,Black,Gigabit Ethernet + Wi-Fi,Windows 11 Pro,Micro / SFF,36,0.00,56000.00,67000.00,8907300000066,ACTIVE
VAR-0067,PROD-0059,DSK-DEL-7410AIO-16-512,Dell OptiPlex 7410 24-inch All-in-One / 16GB RAM / 512GB NVMe / Win 11 Pro,Intel Core i5 / AMD,16GB DDR4/5,512GB,NVMe PCIe,Integrated Graphics,N/A,N/A,Black,Gigabit Ethernet + Wi-Fi,Windows 11 Pro,Micro / SFF,36,0.00,68000.00,82000.00,8907300000067,ACTIVE
VAR-0068,PROD-0060,DSK-DEL-7020M-16-512,Dell OptiPlex Micro Plus 7020 Core i7 vPro / 16GB RAM / 512GB NVMe / Win 11 Pro,Intel Core i5 / AMD,16GB DDR4/5,512GB,NVMe PCIe,Integrated Graphics,N/A,N/A,Black,Gigabit Ethernet + Wi-Fi,Windows 11 Pro,Micro / SFF,36,0.00,62000.00,75000.00,8907300000068,ACTIVE
VAR-0069,PROD-0061,DSK-LEN-M70Q-16-512,Lenovo ThinkCentre M70q Gen 4 Tiny PC / 16GB RAM / 512GB NVMe / Win 11 Pro,Intel Core i5 / AMD,16GB DDR4/5,512GB,NVMe PCIe,Integrated Graphics,N/A,N/A,Black,Gigabit Ethernet + Wi-Fi,Windows 11 Pro,Micro / SFF,36,0.00,46000.00,55000.00,8907300000069,ACTIVE
VAR-0070,PROD-0062,DSK-LEN-M80Q-16-512,Lenovo ThinkCentre M80q Gen 4 High Security / 16GB RAM / 512GB NVMe / Win 11 Pro,Intel Core i5 / AMD,16GB DDR4/5,512GB,NVMe PCIe,Integrated Graphics,N/A,N/A,Black,Gigabit Ethernet + Wi-Fi,Windows 11 Pro,Micro / SFF,36,0.00,54000.00,65000.00,8907300000070,ACTIVE
VAR-0071,PROD-0063,DSK-LEN-M90Q-16-512,Lenovo ThinkCentre M90q Gen 4 Tiny Desktop / 16GB RAM / 512GB NVMe / Win 11 Pro,Intel Core i5 / AMD,16GB DDR4/5,512GB,NVMe PCIe,Integrated Graphics,N/A,N/A,Black,Gigabit Ethernet + Wi-Fi,Windows 11 Pro,Micro / SFF,36,0.00,65000.00,78000.00,8907300000071,ACTIVE
VAR-0072,PROD-0064,DSK-LEN-NEO50S-16-512,Lenovo ThinkCentre Neo 50s Gen 4 SFF / 16GB RAM / 512GB NVMe / Win 11 Pro,Intel Core i5 / AMD,16GB DDR4/5,512GB,NVMe PCIe,Integrated Graphics,N/A,N/A,Black,Gigabit Ethernet + Wi-Fi,Windows 11 Pro,Micro / SFF,36,0.00,42000.00,50000.00,8907300000072,ACTIVE
VAR-0073,PROD-0065,DSK-LEN-M70A-16-512,Lenovo ThinkCentre M70a Gen 3 21.5 AIO / 16GB RAM / 512GB NVMe / Win 11 Pro,Intel Core i5 / AMD,16GB DDR4/5,512GB,NVMe PCIe,Integrated Graphics,N/A,N/A,Black,Gigabit Ethernet + Wi-Fi,Windows 11 Pro,Micro / SFF,36,0.00,64000.00,77000.00,8907300000073,ACTIVE
VAR-0074,PROD-0066,DSK-HP-PD400G9-16-512,HP ProDesk 400 G9 Mini Desktop PC / 16GB RAM / 512GB NVMe / Win 11 Pro,Intel Core i5 / AMD,16GB DDR4/5,512GB,NVMe PCIe,Integrated Graphics,N/A,N/A,Black,Gigabit Ethernet + Wi-Fi,Windows 11 Pro,Micro / SFF,36,0.00,45000.00,54000.00,8907300000074,ACTIVE
VAR-0075,PROD-0067,DSK-HP-ED800G9M-16-512,HP EliteDesk 800 G9 Desktop Mini PC / 16GB RAM / 512GB NVMe / Win 11 Pro,Intel Core i5 / AMD,16GB DDR4/5,512GB,NVMe PCIe,Integrated Graphics,N/A,N/A,Black,Gigabit Ethernet + Wi-Fi,Windows 11 Pro,Micro / SFF,36,0.00,58000.00,70000.00,8907300000075,ACTIVE
VAR-0076,PROD-0068,DSK-HP-ED800G9S-16-512,HP EliteDesk 800 G9 Small Form Factor / 16GB RAM / 512GB NVMe / Win 11 Pro,Intel Core i5 / AMD,16GB DDR4/5,512GB,NVMe PCIe,Integrated Graphics,N/A,N/A,Black,Gigabit Ethernet + Wi-Fi,Windows 11 Pro,Micro / SFF,36,0.00,62000.00,75000.00,8907300000076,ACTIVE
VAR-0077,PROD-0069,DSK-HP-ED800G9T-16-512,HP EliteDesk 800 G9 Tower High Expandability / 16GB RAM / 512GB NVMe / Win 11 Pro,Intel Core i5 / AMD,16GB DDR4/5,512GB,NVMe PCIe,Integrated Graphics,N/A,N/A,Black,Gigabit Ethernet + Wi-Fi,Windows 11 Pro,Micro / SFF,36,0.00,66000.00,79000.00,8907300000077,ACTIVE
VAR-0078,PROD-0070,DSK-HP-EL800AIO-16-512,HP EliteOne 800 G9 27-inch 4K All-in-One / 16GB RAM / 512GB NVMe / Win 11 Pro,Intel Core i5 / AMD,16GB DDR4/5,512GB,NVMe PCIe,Integrated Graphics,N/A,N/A,Black,Gigabit Ethernet + Wi-Fi,Windows 11 Pro,Micro / SFF,36,0.00,98000.00,118000.00,8907300000078,ACTIVE
VAR-0079,PROD-0071,DSK-APL-MM-M2-16-512,Apple Mac mini M2 8-Core CPU 10-Core GPU / 16GB RAM / 512GB NVMe / Win 11 Pro,Intel Core i5 / AMD,16GB DDR4/5,512GB,NVMe PCIe,Integrated Graphics,N/A,N/A,Black,Gigabit Ethernet + Wi-Fi,Windows 11 Pro,Micro / SFF,36,0.00,52000.00,59900.00,8907300000079,ACTIVE
VAR-0080,PROD-0072,DSK-APL-MM-M2P-16-512,Apple Mac mini M2 Pro 10-Core CPU 16-Core GPU / 16GB RAM / 512GB NVMe / Win 11 Pro,Intel Core i5 / AMD,16GB DDR4/5,512GB,NVMe PCIe,Integrated Graphics,N/A,N/A,Black,Gigabit Ethernet + Wi-Fi,Windows 11 Pro,Micro / SFF,36,0.00,108000.00,129900.00,8907300000080,ACTIVE
VAR-0081,PROD-0073,DSK-APL-MS-M2M-16-512,Apple Mac Studio M2 Max 12-Core CPU 30-Core GPU / 16GB RAM / 512GB NVMe / Win 11 Pro,Intel Core i5 / AMD,16GB DDR4/5,512GB,NVMe PCIe,Integrated Graphics,N/A,N/A,Black,Gigabit Ethernet + Wi-Fi,Windows 11 Pro,Micro / SFF,36,0.00,175000.00,209900.00,8907300000081,ACTIVE
VAR-0082,PROD-0074,DSK-APL-MS-M2U-16-512,Apple Mac Studio M2 Ultra 24-Core CPU 60-Core GPU / 16GB RAM / 512GB NVMe / Win 11 Pro,Intel Core i5 / AMD,16GB DDR4/5,512GB,NVMe PCIe,Integrated Graphics,N/A,N/A,Black,Gigabit Ethernet + Wi-Fi,Windows 11 Pro,Micro / SFF,36,0.00,345000.00,414900.00,8907300000082,ACTIVE
VAR-0083,PROD-0075,DSK-APL-IMAC-M3-16-512,Apple iMac 24-inch M3 4.5K Retina All-in-One / 16GB RAM / 512GB NVMe / Win 11 Pro,Intel Core i5 / AMD,16GB DDR4/5,512GB,NVMe PCIe,Integrated Graphics,N/A,N/A,Black,Gigabit Ethernet + Wi-Fi,Windows 11 Pro,Micro / SFF,36,0.00,115000.00,134900.00,8907300000083,ACTIVE
VAR-0084,PROD-0076,DSK-ASUS-D700-16-512,ASUS ExpertCenter D7 SFF Compact Business / 16GB RAM / 512GB NVMe / Win 11 Pro,Intel Core i5 / AMD,16GB DDR4/5,512GB,NVMe PCIe,Integrated Graphics,N/A,N/A,Black,Gigabit Ethernet + Wi-Fi,Windows 11 Pro,Micro / SFF,36,0.00,44000.00,53000.00,8907300000084,ACTIVE
VAR-0085,PROD-0077,DSK-ASUS-D900-16-512,ASUS ExpertCenter D9 Mini Tower Enterprise / 16GB RAM / 512GB NVMe / Win 11 Pro,Intel Core i5 / AMD,16GB DDR4/5,512GB,NVMe PCIe,Integrated Graphics,N/A,N/A,Black,Gigabit Ethernet + Wi-Fi,Windows 11 Pro,Micro / SFF,36,0.00,59000.00,71000.00,8907300000085,ACTIVE
VAR-0086,PROD-0078,DSK-ACER-VM469-16-512,Acer Veriton M4690G Tower Corporate / 16GB RAM / 512GB NVMe / Win 11 Pro,Intel Core i5 / AMD,16GB DDR4/5,512GB,NVMe PCIe,Integrated Graphics,N/A,N/A,Black,Gigabit Ethernet + Wi-Fi,Windows 11 Pro,Micro / SFF,36,0.00,41000.00,49000.00,8907300000086,ACTIVE
VAR-0087,PROD-0079,DSK-ACER-VX269-16-512,Acer Veriton X2690G Small Form Factor / 16GB RAM / 512GB NVMe / Win 11 Pro,Intel Core i5 / AMD,16GB DDR4/5,512GB,NVMe PCIe,Integrated Graphics,N/A,N/A,Black,Gigabit Ethernet + Wi-Fi,Windows 11 Pro,Micro / SFF,36,0.00,39000.00,47000.00,8907300000087,ACTIVE
VAR-0088,PROD-0080,DSK-DEL-3000TC-16-512,Dell OptiPlex 3000 Thin Client Dual 4K / 16GB RAM / 512GB NVMe / Win 11 Pro,Intel Core i5 / AMD,16GB DDR4/5,512GB,NVMe PCIe,Integrated Graphics,N/A,N/A,Black,Gigabit Ethernet + Wi-Fi,Windows 11 Pro,Micro / SFF,36,0.00,32000.00,39000.00,8907300000088,ACTIVE
VAR-0089,PROD-0081,DSK-HP-T640TC-16-512,HP t640 Quad-Core Enterprise Thin Client / 16GB RAM / 512GB NVMe / Win 11 Pro,Intel Core i5 / AMD,16GB DDR4/5,512GB,NVMe PCIe,Integrated Graphics,N/A,N/A,Black,Gigabit Ethernet + Wi-Fi,Windows 11 Pro,Micro / SFF,36,0.00,34000.00,41000.00,8907300000089,ACTIVE
VAR-0090,PROD-0082,DSK-HP-T740TC-16-512,HP t740 High-Performance Quad 4K Thin Client / 16GB RAM / 512GB NVMe / Win 11 Pro,Intel Core i5 / AMD,16GB DDR4/5,512GB,NVMe PCIe,Integrated Graphics,N/A,N/A,Black,Gigabit Ethernet + Wi-Fi,Windows 11 Pro,Micro / SFF,36,0.00,48000.00,58000.00,8907300000090,ACTIVE
VAR-0091,PROD-0083,DSK-LEN-M75Q-16-512,Lenovo ThinkCentre M75q Gen 2 AMD Tiny / 16GB RAM / 512GB NVMe / Win 11 Pro,Intel Core i5 / AMD,16GB DDR4/5,512GB,NVMe PCIe,Integrated Graphics,N/A,N/A,Black,Gigabit Ethernet + Wi-Fi,Windows 11 Pro,Micro / SFF,36,0.00,47000.00,56000.00,8907300000091,ACTIVE
VAR-0092,PROD-0084,DSK-DEL-7010S-I7-16-512,Dell OptiPlex 7010 SFF Intel Core i7 32GB / 16GB RAM / 512GB NVMe / Win 11 Pro,Intel Core i5 / AMD,16GB DDR4/5,512GB,NVMe PCIe,Integrated Graphics,N/A,N/A,Black,Gigabit Ethernet + Wi-Fi,Windows 11 Pro,Micro / SFF,36,0.00,68000.00,82000.00,8907300000092,ACTIVE
VAR-0093,PROD-0085,DSK-HP-ED805G9-16-512,HP EliteDesk 805 G9 AMD Ryzen Pro Mini / 16GB RAM / 512GB NVMe / Win 11 Pro,Intel Core i5 / AMD,16GB DDR4/5,512GB,NVMe PCIe,Integrated Graphics,N/A,N/A,Black,Gigabit Ethernet + Wi-Fi,Windows 11 Pro,Micro / SFF,36,0.00,57000.00,68000.00,8907300000093,ACTIVE
VAR-0094,PROD-0086,DSK-LEN-NEO30A-16-512,Lenovo ThinkCentre Neo 30a 24-inch AIO / 16GB RAM / 512GB NVMe / Win 11 Pro,Intel Core i5 / AMD,16GB DDR4/5,512GB,NVMe PCIe,Integrated Graphics,N/A,N/A,Black,Gigabit Ethernet + Wi-Fi,Windows 11 Pro,Micro / SFF,36,0.00,52000.00,62000.00,8907300000094,ACTIVE
VAR-0095,PROD-0087,DSK-DEL-5400AIO-16-512,Dell OptiPlex 5400 All-in-One 23.8 FHD / 16GB RAM / 512GB NVMe / Win 11 Pro,Intel Core i5 / AMD,16GB DDR4/5,512GB,NVMe PCIe,Integrated Graphics,N/A,N/A,Black,Gigabit Ethernet + Wi-Fi,Windows 11 Pro,Micro / SFF,36,0.00,61000.00,73000.00,8907300000095,ACTIVE
VAR-0096,PROD-0088,DSK-HP-PRO400S-16-512,HP Pro SFF 400 G9 Compact Desktop / 16GB RAM / 512GB NVMe / Win 11 Pro,Intel Core i5 / AMD,16GB DDR4/5,512GB,NVMe PCIe,Integrated Graphics,N/A,N/A,Black,Gigabit Ethernet + Wi-Fi,Windows 11 Pro,Micro / SFF,36,0.00,46000.00,55000.00,8907300000096,ACTIVE
VAR-0097,PROD-0089,DSK-LEN-M90A-16-512,Lenovo ThinkCentre M90a Pro Gen 4 27 QHD AIO / 16GB RAM / 512GB NVMe / Win 11 Pro,Intel Core i5 / AMD,16GB DDR4/5,512GB,NVMe PCIe,Integrated Graphics,N/A,N/A,Black,Gigabit Ethernet + Wi-Fi,Windows 11 Pro,Micro / SFF,36,0.00,88000.00,105000.00,8907300000097,ACTIVE
VAR-0098,PROD-0090,DSK-ASUS-PB62-16-512,ASUS Mini PC PB62 Rugged Enterprise Mini / 16GB RAM / 512GB NVMe / Win 11 Pro,Intel Core i5 / AMD,16GB DDR4/5,512GB,NVMe PCIe,Integrated Graphics,N/A,N/A,Black,Gigabit Ethernet + Wi-Fi,Windows 11 Pro,Micro / SFF,36,0.00,42000.00,51000.00,8907300000098,ACTIVE
VAR-0099,PROD-0091,WKS-DEL-PR3660-64-1TB,Dell Precision 3660 Tower Financial Workstation / 64GB ECC RAM / 1TB NVMe / NVIDIA Quadro/RTX,Intel Xeon W / Core i9,64GB DDR5 ECC,1TB,PCIe 4.0 Enterprise NVMe,NVIDIA RTX A2000 12GB,N/A,N/A,Black Metallic,Dual 10GbE LAN + PCIe Gen5,Windows 11 Pro for Workstations,Tower / SFF,36,0.00,98000.00,118000.00,8907300000099,ACTIVE
VAR-0100,PROD-0092,WKS-DEL-PR5820-64-1TB,Dell Precision 5820 Intel Xeon W High-Frequency Trading / 64GB ECC RAM / 1TB NVMe / NVIDIA Quadro/RTX,Intel Xeon W / Core i9,64GB DDR5 ECC,1TB,PCIe 4.0 Enterprise NVMe,NVIDIA RTX A2000 12GB,N/A,N/A,Black Metallic,Dual 10GbE LAN + PCIe Gen5,Windows 11 Pro for Workstations,Tower / SFF,36,0.00,165000.00,198000.00,8907300000100,ACTIVE
VAR-0101,PROD-0093,WKS-DEL-PR7920-64-1TB,Dell Precision 7920 Dual Xeon Scalable Compute Workstation / 64GB ECC RAM / 1TB NVMe / NVIDIA Quadro/RTX,Intel Xeon W / Core i9,64GB DDR5 ECC,1TB,PCIe 4.0 Enterprise NVMe,NVIDIA RTX A2000 12GB,N/A,N/A,Black Metallic,Dual 10GbE LAN + PCIe Gen5,Windows 11 Pro for Workstations,Tower / SFF,36,0.00,280000.00,336000.00,8907300000101,ACTIVE
VAR-0102,PROD-0094,WKS-DEL-PR3460-64-1TB,Dell Precision 3460 Small Form Factor Trading Workstation / 64GB ECC RAM / 1TB NVMe / NVIDIA Quadro/RTX,Intel Xeon W / Core i9,64GB DDR5 ECC,1TB,PCIe 4.0 Enterprise NVMe,NVIDIA RTX A2000 12GB,N/A,N/A,Black Metallic,Dual 10GbE LAN + PCIe Gen5,Windows 11 Pro for Workstations,Tower / SFF,36,0.00,88000.00,106000.00,8907300000102,ACTIVE
VAR-0103,PROD-0095,WKS-DEL-PR7960-64-1TB,Dell Precision 7960 Rackmount 2U Remote Workstation / 64GB ECC RAM / 1TB NVMe / NVIDIA Quadro/RTX,Intel Xeon W / Core i9,64GB DDR5 ECC,1TB,PCIe 4.0 Enterprise NVMe,NVIDIA RTX A2000 12GB,N/A,N/A,Black Metallic,Dual 10GbE LAN + PCIe Gen5,Windows 11 Pro for Workstations,Tower / SFF,36,0.00,340000.00,408000.00,8907300000103,ACTIVE
VAR-0104,PROD-0096,WKS-LEN-P3TINY-64-1TB,Lenovo ThinkStation P3 Tiny Micro Trading Rig / 64GB ECC RAM / 1TB NVMe / NVIDIA Quadro/RTX,Intel Xeon W / Core i9,64GB DDR5 ECC,1TB,PCIe 4.0 Enterprise NVMe,NVIDIA RTX A2000 12GB,N/A,N/A,Black Metallic,Dual 10GbE LAN + PCIe Gen5,Windows 11 Pro for Workstations,Tower / SFF,36,0.00,82000.00,99000.00,8907300000104,ACTIVE
VAR-0105,PROD-0097,WKS-LEN-P3TOWER-64-1TB,Lenovo ThinkStation P3 Tower Quantitative Rig / 64GB ECC RAM / 1TB NVMe / NVIDIA Quadro/RTX,Intel Xeon W / Core i9,64GB DDR5 ECC,1TB,PCIe 4.0 Enterprise NVMe,NVIDIA RTX A2000 12GB,N/A,N/A,Black Metallic,Dual 10GbE LAN + PCIe Gen5,Windows 11 Pro for Workstations,Tower / SFF,36,0.00,105000.00,126000.00,8907300000105,ACTIVE
VAR-0106,PROD-0098,WKS-LEN-P5-64-1TB,Lenovo ThinkStation P5 Aston Martin Co-Designed Workstation / 64GB ECC RAM / 1TB NVMe / NVIDIA Quadro/RTX,Intel Xeon W / Core i9,64GB DDR5 ECC,1TB,PCIe 4.0 Enterprise NVMe,NVIDIA RTX A2000 12GB,N/A,N/A,Black Metallic,Dual 10GbE LAN + PCIe Gen5,Windows 11 Pro for Workstations,Tower / SFF,36,0.00,195000.00,234000.00,8907300000106,ACTIVE
VAR-0107,PROD-0099,WKS-LEN-P7-64-1TB,Lenovo ThinkStation P7 Single-Socket Intel Xeon W-3400 / 64GB ECC RAM / 1TB NVMe / NVIDIA Quadro/RTX,Intel Xeon W / Core i9,64GB DDR5 ECC,1TB,PCIe 4.0 Enterprise NVMe,NVIDIA RTX A2000 12GB,N/A,N/A,Black Metallic,Dual 10GbE LAN + PCIe Gen5,Windows 11 Pro for Workstations,Tower / SFF,36,0.00,290000.00,348000.00,8907300000107,ACTIVE
VAR-0108,PROD-0100,WKS-LEN-PX-64-1TB,Lenovo ThinkStation PX Dual Xeon Platinum 120-Core Rig / 64GB ECC RAM / 1TB NVMe / NVIDIA Quadro/RTX,Intel Xeon W / Core i9,64GB DDR5 ECC,1TB,PCIe 4.0 Enterprise NVMe,NVIDIA RTX A2000 12GB,N/A,N/A,Black Metallic,Dual 10GbE LAN + PCIe Gen5,Windows 11 Pro for Workstations,Tower / SFF,36,0.00,480000.00,576000.00,8907300000108,ACTIVE
VAR-0109,PROD-0101,WKS-HP-Z2MINI-64-1TB,HP Z2 Mini G9 Micro Engineering Workstation / 64GB ECC RAM / 1TB NVMe / NVIDIA Quadro/RTX,Intel Xeon W / Core i9,64GB DDR5 ECC,1TB,PCIe 4.0 Enterprise NVMe,NVIDIA RTX A2000 12GB,N/A,N/A,Black Metallic,Dual 10GbE LAN + PCIe Gen5,Windows 11 Pro for Workstations,Tower / SFF,36,0.00,86000.00,103000.00,8907300000109,ACTIVE
VAR-0110,PROD-0102,WKS-HP-Z2SFF-64-1TB,HP Z2 SFF G9 Compact Multi-Display Trading Desk / 64GB ECC RAM / 1TB NVMe / NVIDIA Quadro/RTX,Intel Xeon W / Core i9,64GB DDR5 ECC,1TB,PCIe 4.0 Enterprise NVMe,NVIDIA RTX A2000 12GB,N/A,N/A,Black Metallic,Dual 10GbE LAN + PCIe Gen5,Windows 11 Pro for Workstations,Tower / SFF,36,0.00,92000.00,110000.00,8907300000110,ACTIVE
VAR-0111,PROD-0103,WKS-HP-Z2TWR-64-1TB,HP Z2 Tower G9 CAD & Computational Finance Rig / 64GB ECC RAM / 1TB NVMe / NVIDIA Quadro/RTX,Intel Xeon W / Core i9,64GB DDR5 ECC,1TB,PCIe 4.0 Enterprise NVMe,NVIDIA RTX A2000 12GB,N/A,N/A,Black Metallic,Dual 10GbE LAN + PCIe Gen5,Windows 11 Pro for Workstations,Tower / SFF,36,0.00,110000.00,132000.00,8907300000111,ACTIVE
VAR-0112,PROD-0104,WKS-HP-Z4G5-64-1TB,HP Z4 G5 Intel Xeon W Mainstream High-Compute / 64GB ECC RAM / 1TB NVMe / NVIDIA Quadro/RTX,Intel Xeon W / Core i9,64GB DDR5 ECC,1TB,PCIe 4.0 Enterprise NVMe,NVIDIA RTX A2000 12GB,N/A,N/A,Black Metallic,Dual 10GbE LAN + PCIe Gen5,Windows 11 Pro for Workstations,Tower / SFF,36,0.00,185000.00,222000.00,8907300000112,ACTIVE
VAR-0113,PROD-0105,WKS-HP-Z6G5-64-1TB,HP Z6 G5 A AMD Threadripper PRO 96-Core Compute / 64GB ECC RAM / 1TB NVMe / NVIDIA Quadro/RTX,Intel Xeon W / Core i9,64GB DDR5 ECC,1TB,PCIe 4.0 Enterprise NVMe,NVIDIA RTX A2000 12GB,N/A,N/A,Black Metallic,Dual 10GbE LAN + PCIe Gen5,Windows 11 Pro for Workstations,Tower / SFF,36,0.00,320000.00,384000.00,8907300000113,ACTIVE
VAR-0114,PROD-0106,WKS-HP-Z8G5-64-1TB,HP Z8 G5 Dual Xeon Scalable AI Deep Learning Rig / 64GB ECC RAM / 1TB NVMe / NVIDIA Quadro/RTX,Intel Xeon W / Core i9,64GB DDR5 ECC,1TB,PCIe 4.0 Enterprise NVMe,NVIDIA RTX A2000 12GB,N/A,N/A,Black Metallic,Dual 10GbE LAN + PCIe Gen5,Windows 11 Pro for Workstations,Tower / SFF,36,0.00,460000.00,552000.00,8907300000114,ACTIVE
VAR-0115,PROD-0107,WKS-APL-MP-M2U-64-1TB,Apple Mac Pro M2 Ultra Tower PCIe Expansion / 64GB ECC RAM / 1TB NVMe / NVIDIA Quadro/RTX,Intel Xeon W / Core i9,64GB DDR5 ECC,1TB,PCIe 4.0 Enterprise NVMe,NVIDIA RTX A2000 12GB,N/A,N/A,Black Metallic,Dual 10GbE LAN + PCIe Gen5,Windows 11 Pro for Workstations,Tower / SFF,36,0.00,590000.00,729900.00,8907300000115,ACTIVE
VAR-0116,PROD-0108,WKS-APL-MP-RCK-64-1TB,Apple Mac Pro M2 Ultra 5U Rackmount Enclosure / 64GB ECC RAM / 1TB NVMe / NVIDIA Quadro/RTX,Intel Xeon W / Core i9,64GB DDR5 ECC,1TB,PCIe 4.0 Enterprise NVMe,NVIDIA RTX A2000 12GB,N/A,N/A,Black Metallic,Dual 10GbE LAN + PCIe Gen5,Windows 11 Pro for Workstations,Tower / SFF,36,0.00,640000.00,779900.00,8907300000116,ACTIVE
VAR-0117,PROD-0109,WKS-ASUS-E900-64-1TB,ASUS ESC700 G4 High-Performance GPU Workstation / 64GB ECC RAM / 1TB NVMe / NVIDIA Quadro/RTX,Intel Xeon W / Core i9,64GB DDR5 ECC,1TB,PCIe 4.0 Enterprise NVMe,NVIDIA RTX A2000 12GB,N/A,N/A,Black Metallic,Dual 10GbE LAN + PCIe Gen5,Windows 11 Pro for Workstations,Tower / SFF,36,0.00,210000.00,252000.00,8907300000117,ACTIVE
VAR-0118,PROD-0110,WKS-ASUS-PROART-64-1TB,ASUS ProArt Station PD5 Professional Compute Rig / 64GB ECC RAM / 1TB NVMe / NVIDIA Quadro/RTX,Intel Xeon W / Core i9,64GB DDR5 ECC,1TB,PCIe 4.0 Enterprise NVMe,NVIDIA RTX A2000 12GB,N/A,N/A,Black Metallic,Dual 10GbE LAN + PCIe Gen5,Windows 11 Pro for Workstations,Tower / SFF,36,0.00,145000.00,174000.00,8907300000118,ACTIVE
VAR-0119,PROD-0111,WKS-DEL-PR3260-64-1TB,Dell Precision 3260 Compact Financial Algo Node / 64GB ECC RAM / 1TB NVMe / NVIDIA Quadro/RTX,Intel Xeon W / Core i9,64GB DDR5 ECC,1TB,PCIe 4.0 Enterprise NVMe,NVIDIA RTX A2000 12GB,N/A,N/A,Black Metallic,Dual 10GbE LAN + PCIe Gen5,Windows 11 Pro for Workstations,Tower / SFF,36,0.00,78000.00,94000.00,8907300000119,ACTIVE
VAR-0120,PROD-0112,WKS-HP-Z240S-64-1TB,HP Z2 SFF Entry Trading Screen Station / 64GB ECC RAM / 1TB NVMe / NVIDIA Quadro/RTX,Intel Xeon W / Core i9,64GB DDR5 ECC,1TB,PCIe 4.0 Enterprise NVMe,NVIDIA RTX A2000 12GB,N/A,N/A,Black Metallic,Dual 10GbE LAN + PCIe Gen5,Windows 11 Pro for Workstations,Tower / SFF,36,0.00,74000.00,89000.00,8907300000120,ACTIVE
VAR-0121,PROD-0113,WKS-LEN-P360T-64-1TB,Lenovo ThinkStation P360 Tiny Quad Display Hub / 64GB ECC RAM / 1TB NVMe / NVIDIA Quadro/RTX,Intel Xeon W / Core i9,64GB DDR5 ECC,1TB,PCIe 4.0 Enterprise NVMe,NVIDIA RTX A2000 12GB,N/A,N/A,Black Metallic,Dual 10GbE LAN + PCIe Gen5,Windows 11 Pro for Workstations,Tower / SFF,36,0.00,79000.00,95000.00,8907300000121,ACTIVE
VAR-0122,PROD-0114,WKS-DEL-PR5860-64-1TB,Dell Precision 5860 Tower Intel Xeon W-2400 / 64GB ECC RAM / 1TB NVMe / NVIDIA Quadro/RTX,Intel Xeon W / Core i9,64GB DDR5 ECC,1TB,PCIe 4.0 Enterprise NVMe,NVIDIA RTX A2000 12GB,N/A,N/A,Black Metallic,Dual 10GbE LAN + PCIe Gen5,Windows 11 Pro for Workstations,Tower / SFF,36,0.00,225000.00,270000.00,8907300000122,ACTIVE
VAR-0123,PROD-0115,WKS-HP-Z4T-ADV-64-1TB,HP Z4 Tower Advanced ISV Certified Modeling / 64GB ECC RAM / 1TB NVMe / NVIDIA Quadro/RTX,Intel Xeon W / Core i9,64GB DDR5 ECC,1TB,PCIe 4.0 Enterprise NVMe,NVIDIA RTX A2000 12GB,N/A,N/A,Black Metallic,Dual 10GbE LAN + PCIe Gen5,Windows 11 Pro for Workstations,Tower / SFF,36,0.00,198000.00,238000.00,8907300000123,ACTIVE
VAR-0124,PROD-0116,WKS-LEN-P3U-TRD-64-1TB,Lenovo ThinkStation P3 Ultra Dual GPU Trading / 64GB ECC RAM / 1TB NVMe / NVIDIA Quadro/RTX,Intel Xeon W / Core i9,64GB DDR5 ECC,1TB,PCIe 4.0 Enterprise NVMe,NVIDIA RTX A2000 12GB,N/A,N/A,Black Metallic,Dual 10GbE LAN + PCIe Gen5,Windows 11 Pro for Workstations,Tower / SFF,36,0.00,135000.00,162000.00,8907300000124,ACTIVE
VAR-0125,PROD-0117,WKS-DEL-PR3680-64-1TB,Dell Precision 3680 Tower 14th Gen Intel Core i9 / 64GB ECC RAM / 1TB NVMe / NVIDIA Quadro/RTX,Intel Xeon W / Core i9,64GB DDR5 ECC,1TB,PCIe 4.0 Enterprise NVMe,NVIDIA RTX A2000 12GB,N/A,N/A,Black Metallic,Dual 10GbE LAN + PCIe Gen5,Windows 11 Pro for Workstations,Tower / SFF,36,0.00,128000.00,154000.00,8907300000125,ACTIVE
VAR-0126,PROD-0118,WKS-HP-Z2G9-TRD-64-1TB,HP Z2 Mini G9 Dedicated Dual LAN Trading Node / 64GB ECC RAM / 1TB NVMe / NVIDIA Quadro/RTX,Intel Xeon W / Core i9,64GB DDR5 ECC,1TB,PCIe 4.0 Enterprise NVMe,NVIDIA RTX A2000 12GB,N/A,N/A,Black Metallic,Dual 10GbE LAN + PCIe Gen5,Windows 11 Pro for Workstations,Tower / SFF,36,0.00,96000.00,115000.00,8907300000126,ACTIVE
VAR-0127,PROD-0119,WKS-LEN-P620-64-1TB,Lenovo ThinkStation P620 AMD Threadripper PRO 64C / 64GB ECC RAM / 1TB NVMe / NVIDIA Quadro/RTX,Intel Xeon W / Core i9,64GB DDR5 ECC,1TB,PCIe 4.0 Enterprise NVMe,NVIDIA RTX A2000 12GB,N/A,N/A,Black Metallic,Dual 10GbE LAN + PCIe Gen5,Windows 11 Pro for Workstations,Tower / SFF,36,0.00,270000.00,324000.00,8907300000127,ACTIVE
VAR-0128,PROD-0120,WKS-ASUS-E500-64-1TB,ASUS ExpertCenter E500 G9 Intel Xeon Tower / 64GB ECC RAM / 1TB NVMe / NVIDIA Quadro/RTX,Intel Xeon W / Core i9,64GB DDR5 ECC,1TB,PCIe 4.0 Enterprise NVMe,NVIDIA RTX A2000 12GB,N/A,N/A,Black Metallic,Dual 10GbE LAN + PCIe Gen5,Windows 11 Pro for Workstations,Tower / SFF,36,0.00,115000.00,138000.00,8907300000128,ACTIVE
VAR-0129,PROD-0121,SRV-DEL-R250-128-2TB,Dell PowerEdge R250 1U Single-Socket Entry Server / 128GB ECC / 2x 1.92TB SAS SSD / Redundant 1100W PSU,Dual Intel Xeon Silver/Gold / AMD EPYC,128GB DDR5 ECC Registered,3.84TB,Enterprise SAS SSD RAID-1,Integrated Matrox,N/A,N/A,Silver/Metallic,Quad 10G/25G SFP28 + OOBM iDRAC/iLO,RHEL / VMware / Windows Server Ready,1U / 2U Rackmount,36,0.00,110000.00,132000.00,8907300000129,ACTIVE
VAR-0130,PROD-0122,SRV-DEL-R350-128-2TB,Dell PowerEdge R350 1U Redundant Power Server / 128GB ECC / 2x 1.92TB SAS SSD / Redundant 1100W PSU,Dual Intel Xeon Silver/Gold / AMD EPYC,128GB DDR5 ECC Registered,3.84TB,Enterprise SAS SSD RAID-1,Integrated Matrox,N/A,N/A,Silver/Metallic,Quad 10G/25G SFP28 + OOBM iDRAC/iLO,RHEL / VMware / Windows Server Ready,1U / 2U Rackmount,36,0.00,145000.00,174000.00,8907300000130,ACTIVE
VAR-0131,PROD-0123,SRV-DEL-R450-128-2TB,Dell PowerEdge R450 1U Dual-Socket Dense Compute / 128GB ECC / 2x 1.92TB SAS SSD / Redundant 1100W PSU,Dual Intel Xeon Silver/Gold / AMD EPYC,128GB DDR5 ECC Registered,3.84TB,Enterprise SAS SSD RAID-1,Integrated Matrox,N/A,N/A,Silver/Metallic,Quad 10G/25G SFP28 + OOBM iDRAC/iLO,RHEL / VMware / Windows Server Ready,1U / 2U Rackmount,36,0.00,195000.00,234000.00,8907300000131,ACTIVE
VAR-0132,PROD-0124,SRV-DEL-R550-128-2TB,Dell PowerEdge R550 2U Storage-Optimized Server / 128GB ECC / 2x 1.92TB SAS SSD / Redundant 1100W PSU,Dual Intel Xeon Silver/Gold / AMD EPYC,128GB DDR5 ECC Registered,3.84TB,Enterprise SAS SSD RAID-1,Integrated Matrox,N/A,N/A,Silver/Metallic,Quad 10G/25G SFP28 + OOBM iDRAC/iLO,RHEL / VMware / Windows Server Ready,1U / 2U Rackmount,36,0.00,240000.00,288000.00,8907300000132,ACTIVE
VAR-0133,PROD-0125,SRV-DEL-R660-128-2TB,Dell PowerEdge R660 1U Ultra-Dense Dual 4th/5th Gen Xeon / 128GB ECC / 2x 1.92TB SAS SSD / Redundant 1100W PSU,Dual Intel Xeon Silver/Gold / AMD EPYC,128GB DDR5 ECC Registered,3.84TB,Enterprise SAS SSD RAID-1,Integrated Matrox,N/A,N/A,Silver/Metallic,Quad 10G/25G SFP28 + OOBM iDRAC/iLO,RHEL / VMware / Windows Server Ready,1U / 2U Rackmount,36,0.00,320000.00,384000.00,8907300000133,ACTIVE
VAR-0134,PROD-0126,SRV-DEL-R760-128-2TB,Dell PowerEdge R760 2U Enterprise Workhorse Flagship / 128GB ECC / 2x 1.92TB SAS SSD / Redundant 1100W PSU,Dual Intel Xeon Silver/Gold / AMD EPYC,128GB DDR5 ECC Registered,3.84TB,Enterprise SAS SSD RAID-1,Integrated Matrox,N/A,N/A,Silver/Metallic,Quad 10G/25G SFP28 + OOBM iDRAC/iLO,RHEL / VMware / Windows Server Ready,1U / 2U Rackmount,36,0.00,420000.00,504000.00,8907300000134,ACTIVE
VAR-0135,PROD-0127,SRV-DEL-R760XS-128-2TB,Dell PowerEdge R760xs 2U Cloud Scale Optimized / 128GB ECC / 2x 1.92TB SAS SSD / Redundant 1100W PSU,Dual Intel Xeon Silver/Gold / AMD EPYC,128GB DDR5 ECC Registered,3.84TB,Enterprise SAS SSD RAID-1,Integrated Matrox,N/A,N/A,Silver/Metallic,Quad 10G/25G SFP28 + OOBM iDRAC/iLO,RHEL / VMware / Windows Server Ready,1U / 2U Rackmount,36,0.00,360000.00,432000.00,8907300000135,ACTIVE
VAR-0136,PROD-0128,SRV-DEL-R860-128-2TB,Dell PowerEdge R860 2U 4-Socket Dense Enterprise Core / 128GB ECC / 2x 1.92TB SAS SSD / Redundant 1100W PSU,Dual Intel Xeon Silver/Gold / AMD EPYC,128GB DDR5 ECC Registered,3.84TB,Enterprise SAS SSD RAID-1,Integrated Matrox,N/A,N/A,Silver/Metallic,Quad 10G/25G SFP28 + OOBM iDRAC/iLO,RHEL / VMware / Windows Server Ready,1U / 2U Rackmount,36,0.00,720000.00,864000.00,8907300000136,ACTIVE
VAR-0137,PROD-0129,SRV-DEL-R960-128-2TB,Dell PowerEdge R960 4U 4-Socket Mission-Critical DB / 128GB ECC / 2x 1.92TB SAS SSD / Redundant 1100W PSU,Dual Intel Xeon Silver/Gold / AMD EPYC,128GB DDR5 ECC Registered,3.84TB,Enterprise SAS SSD RAID-1,Integrated Matrox,N/A,N/A,Silver/Metallic,Quad 10G/25G SFP28 + OOBM iDRAC/iLO,RHEL / VMware / Windows Server Ready,1U / 2U Rackmount,36,0.00,980000.00,1176000.00,8907300000137,ACTIVE
VAR-0138,PROD-0130,SRV-HPE-DL20-128-2TB,HPE ProLiant DL20 Gen11 1U Short-Depth Edge Server / 128GB ECC / 2x 1.92TB SAS SSD / Redundant 1100W PSU,Dual Intel Xeon Silver/Gold / AMD EPYC,128GB DDR5 ECC Registered,3.84TB,Enterprise SAS SSD RAID-1,Integrated Matrox,N/A,N/A,Silver/Metallic,Quad 10G/25G SFP28 + OOBM iDRAC/iLO,RHEL / VMware / Windows Server Ready,1U / 2U Rackmount,36,0.00,118000.00,142000.00,8907300000138,ACTIVE
VAR-0139,PROD-0131,SRV-HPE-DL320-128-2TB,HPE ProLiant DL320 Gen11 1U Single-Socket Compute / 128GB ECC / 2x 1.92TB SAS SSD / Redundant 1100W PSU,Dual Intel Xeon Silver/Gold / AMD EPYC,128GB DDR5 ECC Registered,3.84TB,Enterprise SAS SSD RAID-1,Integrated Matrox,N/A,N/A,Silver/Metallic,Quad 10G/25G SFP28 + OOBM iDRAC/iLO,RHEL / VMware / Windows Server Ready,1U / 2U Rackmount,36,0.00,180000.00,216000.00,8907300000139,ACTIVE
VAR-0140,PROD-0132,SRV-HPE-DL360-128-2TB,HPE ProLiant DL360 Gen11 1U Dual Intel Xeon Scalable / 128GB ECC / 2x 1.92TB SAS SSD / Redundant 1100W PSU,Dual Intel Xeon Silver/Gold / AMD EPYC,128GB DDR5 ECC Registered,3.84TB,Enterprise SAS SSD RAID-1,Integrated Matrox,N/A,N/A,Silver/Metallic,Quad 10G/25G SFP28 + OOBM iDRAC/iLO,RHEL / VMware / Windows Server Ready,1U / 2U Rackmount,36,0.00,330000.00,396000.00,8907300000140,ACTIVE
VAR-0141,PROD-0133,SRV-HPE-DL380-128-2TB,HPE ProLiant DL380 Gen11 2U 2P World Best-Selling Server / 128GB ECC / 2x 1.92TB SAS SSD / Redundant 1100W PSU,Dual Intel Xeon Silver/Gold / AMD EPYC,128GB DDR5 ECC Registered,3.84TB,Enterprise SAS SSD RAID-1,Integrated Matrox,N/A,N/A,Silver/Metallic,Quad 10G/25G SFP28 + OOBM iDRAC/iLO,RHEL / VMware / Windows Server Ready,1U / 2U Rackmount,36,0.00,435000.00,522000.00,8907300000141,ACTIVE
VAR-0142,PROD-0134,SRV-HPE-DL385-128-2TB,HPE ProLiant DL385 Gen11 2U Dual AMD EPYC 9004 / 128GB ECC / 2x 1.92TB SAS SSD / Redundant 1100W PSU,Dual Intel Xeon Silver/Gold / AMD EPYC,128GB DDR5 ECC Registered,3.84TB,Enterprise SAS SSD RAID-1,Integrated Matrox,N/A,N/A,Silver/Metallic,Quad 10G/25G SFP28 + OOBM iDRAC/iLO,RHEL / VMware / Windows Server Ready,1U / 2U Rackmount,36,0.00,450000.00,540000.00,8907300000142,ACTIVE
VAR-0143,PROD-0135,SRV-HPE-ML350-128-2TB,HPE ProLiant ML350 Gen11 4U Tower Enterprise Expandable / 128GB ECC / 2x 1.92TB SAS SSD / Redundant 1100W PSU,Dual Intel Xeon Silver/Gold / AMD EPYC,128GB DDR5 ECC Registered,3.84TB,Enterprise SAS SSD RAID-1,Integrated Matrox,N/A,N/A,Silver/Metallic,Quad 10G/25G SFP28 + OOBM iDRAC/iLO,RHEL / VMware / Windows Server Ready,1U / 2U Rackmount,36,0.00,290000.00,348000.00,8907300000143,ACTIVE
VAR-0144,PROD-0136,SRV-HPE-DL560-128-2TB,HPE ProLiant DL560 Gen11 2U 4-Socket High-Density / 128GB ECC / 2x 1.92TB SAS SSD / Redundant 1100W PSU,Dual Intel Xeon Silver/Gold / AMD EPYC,128GB DDR5 ECC Registered,3.84TB,Enterprise SAS SSD RAID-1,Integrated Matrox,N/A,N/A,Silver/Metallic,Quad 10G/25G SFP28 + OOBM iDRAC/iLO,RHEL / VMware / Windows Server Ready,1U / 2U Rackmount,36,0.00,780000.00,936000.00,8907300000144,ACTIVE
VAR-0145,PROD-0137,SRV-LEN-SR250-128-2TB,Lenovo ThinkSystem SR250 V2 1U Compact Rack Server / 128GB ECC / 2x 1.92TB SAS SSD / Redundant 1100W PSU,Dual Intel Xeon Silver/Gold / AMD EPYC,128GB DDR5 ECC Registered,3.84TB,Enterprise SAS SSD RAID-1,Integrated Matrox,N/A,N/A,Silver/Metallic,Quad 10G/25G SFP28 + OOBM iDRAC/iLO,RHEL / VMware / Windows Server Ready,1U / 2U Rackmount,36,0.00,112000.00,135000.00,8907300000145,ACTIVE
VAR-0146,PROD-0138,SRV-LEN-SR630-128-2TB,Lenovo ThinkSystem SR630 V3 1U High-Performance Dual-Socket / 128GB ECC / 2x 1.92TB SAS SSD / Redundant 1100W PSU,Dual Intel Xeon Silver/Gold / AMD EPYC,128GB DDR5 ECC Registered,3.84TB,Enterprise SAS SSD RAID-1,Integrated Matrox,N/A,N/A,Silver/Metallic,Quad 10G/25G SFP28 + OOBM iDRAC/iLO,RHEL / VMware / Windows Server Ready,1U / 2U Rackmount,36,0.00,315000.00,378000.00,8907300000146,ACTIVE
VAR-0147,PROD-0139,SRV-LEN-SR650-128-2TB,Lenovo ThinkSystem SR650 V3 2U Flagship Core Database / 128GB ECC / 2x 1.92TB SAS SSD / Redundant 1100W PSU,Dual Intel Xeon Silver/Gold / AMD EPYC,128GB DDR5 ECC Registered,3.84TB,Enterprise SAS SSD RAID-1,Integrated Matrox,N/A,N/A,Silver/Metallic,Quad 10G/25G SFP28 + OOBM iDRAC/iLO,RHEL / VMware / Windows Server Ready,1U / 2U Rackmount,36,0.00,410000.00,492000.00,8907300000147,ACTIVE
VAR-0148,PROD-0140,SRV-LEN-SR655-128-2TB,Lenovo ThinkSystem SR655 V3 2U High-Core AMD EPYC Single-P / 128GB ECC / 2x 1.92TB SAS SSD / Redundant 1100W PSU,Dual Intel Xeon Silver/Gold / AMD EPYC,128GB DDR5 ECC Registered,3.84TB,Enterprise SAS SSD RAID-1,Integrated Matrox,N/A,N/A,Silver/Metallic,Quad 10G/25G SFP28 + OOBM iDRAC/iLO,RHEL / VMware / Windows Server Ready,1U / 2U Rackmount,36,0.00,340000.00,408000.00,8907300000148,ACTIVE
VAR-0149,PROD-0141,SRV-LEN-SR850-128-2TB,Lenovo ThinkSystem SR850 V3 2U 4-Socket Mission-Critical / 128GB ECC / 2x 1.92TB SAS SSD / Redundant 1100W PSU,Dual Intel Xeon Silver/Gold / AMD EPYC,128GB DDR5 ECC Registered,3.84TB,Enterprise SAS SSD RAID-1,Integrated Matrox,N/A,N/A,Silver/Metallic,Quad 10G/25G SFP28 + OOBM iDRAC/iLO,RHEL / VMware / Windows Server Ready,1U / 2U Rackmount,36,0.00,740000.00,888000.00,8907300000149,ACTIVE
VAR-0150,PROD-0142,SRV-LEN-ST550-128-2TB,Lenovo ThinkSystem ST550 4U Enterprise Tower/Rack Server / 128GB ECC / 2x 1.92TB SAS SSD / Redundant 1100W PSU,Dual Intel Xeon Silver/Gold / AMD EPYC,128GB DDR5 ECC Registered,3.84TB,Enterprise SAS SSD RAID-1,Integrated Matrox,N/A,N/A,Silver/Metallic,Quad 10G/25G SFP28 + OOBM iDRAC/iLO,RHEL / VMware / Windows Server Ready,1U / 2U Rackmount,36,0.00,230000.00,276000.00,8907300000150,ACTIVE
VAR-0151,PROD-0143,SRV-CISCO-C220-128-2TB,Cisco UCS C220 M7 1U High-Density Rack Server / 128GB ECC / 2x 1.92TB SAS SSD / Redundant 1100W PSU,Dual Intel Xeon Silver/Gold / AMD EPYC,128GB DDR5 ECC Registered,3.84TB,Enterprise SAS SSD RAID-1,Integrated Matrox,N/A,N/A,Silver/Metallic,Quad 10G/25G SFP28 + OOBM iDRAC/iLO,RHEL / VMware / Windows Server Ready,1U / 2U Rackmount,36,0.00,345000.00,414000.00,8907300000151,ACTIVE
VAR-0152,PROD-0144,SRV-CISCO-C240-128-2TB,Cisco UCS C240 M7 2U Multi-Storage Enterprise Server / 128GB ECC / 2x 1.92TB SAS SSD / Redundant 1100W PSU,Dual Intel Xeon Silver/Gold / AMD EPYC,128GB DDR5 ECC Registered,3.84TB,Enterprise SAS SSD RAID-1,Integrated Matrox,N/A,N/A,Silver/Metallic,Quad 10G/25G SFP28 + OOBM iDRAC/iLO,RHEL / VMware / Windows Server Ready,1U / 2U Rackmount,36,0.00,445000.00,534000.00,8907300000152,ACTIVE
VAR-0153,PROD-0145,SRV-DEL-T150-128-2TB,Dell PowerEdge T150 4U Tower Branch Office Server / 128GB ECC / 2x 1.92TB SAS SSD / Redundant 1100W PSU,Dual Intel Xeon Silver/Gold / AMD EPYC,128GB DDR5 ECC Registered,3.84TB,Enterprise SAS SSD RAID-1,Integrated Matrox,N/A,N/A,Silver/Metallic,Quad 10G/25G SFP28 + OOBM iDRAC/iLO,RHEL / VMware / Windows Server Ready,1U / 2U Rackmount,36,0.00,82000.00,99000.00,8907300000153,ACTIVE
VAR-0154,PROD-0146,SRV-DEL-T350-128-2TB,Dell PowerEdge T350 1-Socket Tower Hot-Plug Storage / 128GB ECC / 2x 1.92TB SAS SSD / Redundant 1100W PSU,Dual Intel Xeon Silver/Gold / AMD EPYC,128GB DDR5 ECC Registered,3.84TB,Enterprise SAS SSD RAID-1,Integrated Matrox,N/A,N/A,Silver/Metallic,Quad 10G/25G SFP28 + OOBM iDRAC/iLO,RHEL / VMware / Windows Server Ready,1U / 2U Rackmount,36,0.00,125000.00,150000.00,8907300000154,ACTIVE
VAR-0155,PROD-0147,SRV-DEL-T550-128-2TB,Dell PowerEdge T550 2-Socket Tower Enterprise Compute / 128GB ECC / 2x 1.92TB SAS SSD / Redundant 1100W PSU,Dual Intel Xeon Silver/Gold / AMD EPYC,128GB DDR5 ECC Registered,3.84TB,Enterprise SAS SSD RAID-1,Integrated Matrox,N/A,N/A,Silver/Metallic,Quad 10G/25G SFP28 + OOBM iDRAC/iLO,RHEL / VMware / Windows Server Ready,1U / 2U Rackmount,36,0.00,260000.00,312000.00,8907300000155,ACTIVE
VAR-0156,PROD-0148,SRV-HPE-ML110-128-2TB,HPE ProLiant ML110 Gen11 Single-Processor Tower / 128GB ECC / 2x 1.92TB SAS SSD / Redundant 1100W PSU,Dual Intel Xeon Silver/Gold / AMD EPYC,128GB DDR5 ECC Registered,3.84TB,Enterprise SAS SSD RAID-1,Integrated Matrox,N/A,N/A,Silver/Metallic,Quad 10G/25G SFP28 + OOBM iDRAC/iLO,RHEL / VMware / Windows Server Ready,1U / 2U Rackmount,36,0.00,135000.00,162000.00,8907300000156,ACTIVE
VAR-0157,PROD-0149,SRV-DEL-R6625-128-2TB,Dell PowerEdge R6625 1U Dual AMD EPYC 9004 Gen / 128GB ECC / 2x 1.92TB SAS SSD / Redundant 1100W PSU,Dual Intel Xeon Silver/Gold / AMD EPYC,128GB DDR5 ECC Registered,3.84TB,Enterprise SAS SSD RAID-1,Integrated Matrox,N/A,N/A,Silver/Metallic,Quad 10G/25G SFP28 + OOBM iDRAC/iLO,RHEL / VMware / Windows Server Ready,1U / 2U Rackmount,36,0.00,350000.00,420000.00,8907300000157,ACTIVE
VAR-0158,PROD-0150,SRV-DEL-R7625-128-2TB,Dell PowerEdge R7625 2U Dual AMD EPYC High IOPS / 128GB ECC / 2x 1.92TB SAS SSD / Redundant 1100W PSU,Dual Intel Xeon Silver/Gold / AMD EPYC,128GB DDR5 ECC Registered,3.84TB,Enterprise SAS SSD RAID-1,Integrated Matrox,N/A,N/A,Silver/Metallic,Quad 10G/25G SFP28 + OOBM iDRAC/iLO,RHEL / VMware / Windows Server Ready,1U / 2U Rackmount,36,0.00,460000.00,552000.00,8907300000158,ACTIVE
VAR-0159,PROD-0151,SRV-HPE-DL345-128-2TB,HPE ProLiant DL345 Gen11 2U 1P AMD Storage Server / 128GB ECC / 2x 1.92TB SAS SSD / Redundant 1100W PSU,Dual Intel Xeon Silver/Gold / AMD EPYC,128GB DDR5 ECC Registered,3.84TB,Enterprise SAS SSD RAID-1,Integrated Matrox,N/A,N/A,Silver/Metallic,Quad 10G/25G SFP28 + OOBM iDRAC/iLO,RHEL / VMware / Windows Server Ready,1U / 2U Rackmount,36,0.00,280000.00,336000.00,8907300000159,ACTIVE
VAR-0160,PROD-0152,SRV-LEN-SR665-128-2TB,Lenovo ThinkSystem SR665 V3 2U Dual AMD 128-Core / 128GB ECC / 2x 1.92TB SAS SSD / Redundant 1100W PSU,Dual Intel Xeon Silver/Gold / AMD EPYC,128GB DDR5 ECC Registered,3.84TB,Enterprise SAS SSD RAID-1,Integrated Matrox,N/A,N/A,Silver/Metallic,Quad 10G/25G SFP28 + OOBM iDRAC/iLO,RHEL / VMware / Windows Server Ready,1U / 2U Rackmount,36,0.00,470000.00,564000.00,8907300000160,ACTIVE
VAR-0161,PROD-0153,STO-DEL-PS500T-STD,Dell PowerStore 500T All-Flash Unified Storage Array / Dual Controller / 10G/25G iSCSI & 32Gb FC,Dual Storage Processors,64GB - 128GB Cache,38.4TB - 76.8TB Raw,NVMe / SAS Enterprise Flash,N/A,N/A,N/A,Charcoal/Black,10GbE / 25GbE / 32Gb Fibre Channel,Storage OS / SAN OS,2U / 3U Rackmount,36,0.00,980000.00,1176000.00,8907300000161,ACTIVE
VAR-0162,PROD-0154,STO-DEL-PS1000T-STD,Dell PowerStore 1000T Enterprise NVMe SAN Array / Dual Controller / 10G/25G iSCSI & 32Gb FC,Dual Storage Processors,64GB - 128GB Cache,38.4TB - 76.8TB Raw,NVMe / SAS Enterprise Flash,N/A,N/A,N/A,Charcoal/Black,10GbE / 25GbE / 32Gb Fibre Channel,Storage OS / SAN OS,2U / 3U Rackmount,36,0.00,1650000.00,1980000.00,8907300000162,ACTIVE
VAR-0163,PROD-0155,STO-DEL-PS3000T-STD,Dell PowerStore 3000T High-IOPS NVMe End-to-End / Dual Controller / 10G/25G iSCSI & 32Gb FC,Dual Storage Processors,64GB - 128GB Cache,38.4TB - 76.8TB Raw,NVMe / SAS Enterprise Flash,N/A,N/A,N/A,Charcoal/Black,10GbE / 25GbE / 32Gb Fibre Channel,Storage OS / SAN OS,2U / 3U Rackmount,36,0.00,2450000.00,2940000.00,8907300000163,ACTIVE
VAR-0164,PROD-0156,STO-DEL-ME5024-STD,Dell PowerVault ME5024 2U 24-Bay SAS/FC Storage / Dual Controller / 10G/25G iSCSI & 32Gb FC,Dual Storage Processors,64GB - 128GB Cache,38.4TB - 76.8TB Raw,NVMe / SAS Enterprise Flash,N/A,N/A,N/A,Charcoal/Black,10GbE / 25GbE / 32Gb Fibre Channel,Storage OS / SAN OS,2U / 3U Rackmount,36,0.00,520000.00,624000.00,8907300000164,ACTIVE
VAR-0165,PROD-0157,STO-DEL-ME5084-STD,Dell PowerVault ME5084 5U 84-Bay High-Density Storage / Dual Controller / 10G/25G iSCSI & 32Gb FC,Dual Storage Processors,64GB - 128GB Cache,38.4TB - 76.8TB Raw,NVMe / SAS Enterprise Flash,N/A,N/A,N/A,Charcoal/Black,10GbE / 25GbE / 32Gb Fibre Channel,Storage OS / SAN OS,2U / 3U Rackmount,36,0.00,940000.00,1128000.00,8907300000165,ACTIVE
VAR-0166,PROD-0158,STO-HPE-MSA2060-STD,HPE MSA 2060 16Gb Fibre Channel Hybrid Storage / Dual Controller / 10G/25G iSCSI & 32Gb FC,Dual Storage Processors,64GB - 128GB Cache,38.4TB - 76.8TB Raw,NVMe / SAS Enterprise Flash,N/A,N/A,N/A,Charcoal/Black,10GbE / 25GbE / 32Gb Fibre Channel,Storage OS / SAN OS,2U / 3U Rackmount,36,0.00,480000.00,576000.00,8907300000166,ACTIVE
VAR-0167,PROD-0159,STO-HPE-ALLETRA-STD,HPE Alletra 5000 Cloud-Native All-Flash SAN / Dual Controller / 10G/25G iSCSI & 32Gb FC,Dual Storage Processors,64GB - 128GB Cache,38.4TB - 76.8TB Raw,NVMe / SAS Enterprise Flash,N/A,N/A,N/A,Charcoal/Black,10GbE / 25GbE / 32Gb Fibre Channel,Storage OS / SAN OS,2U / 3U Rackmount,36,0.00,1850000.00,2220000.00,8907300000167,ACTIVE
VAR-0168,PROD-0160,STO-NET-A150-STD,NetApp AFF A150 All-Flash SAN/NAS Array 24x 1.92TB / Dual Controller / 10G/25G iSCSI & 32Gb FC,Dual Storage Processors,64GB - 128GB Cache,38.4TB - 76.8TB Raw,NVMe / SAS Enterprise Flash,N/A,N/A,N/A,Charcoal/Black,10GbE / 25GbE / 32Gb Fibre Channel,Storage OS / SAN OS,2U / 3U Rackmount,36,0.00,1450000.00,1740000.00,8907300000168,ACTIVE
VAR-0169,PROD-0161,STO-NET-A250-STD,NetApp AFF A250 NVMe End-to-End Enterprise Storage / Dual Controller / 10G/25G iSCSI & 32Gb FC,Dual Storage Processors,64GB - 128GB Cache,38.4TB - 76.8TB Raw,NVMe / SAS Enterprise Flash,N/A,N/A,N/A,Charcoal/Black,10GbE / 25GbE / 32Gb Fibre Channel,Storage OS / SAN OS,2U / 3U Rackmount,36,0.00,2200000.00,2640000.00,8907300000169,ACTIVE
VAR-0170,PROD-0162,STO-NET-FAS2820-STD,NetApp FAS2820 Hybrid Cloud Storage Architecture / Dual Controller / 10G/25G iSCSI & 32Gb FC,Dual Storage Processors,64GB - 128GB Cache,38.4TB - 76.8TB Raw,NVMe / SAS Enterprise Flash,N/A,N/A,N/A,Charcoal/Black,10GbE / 25GbE / 32Gb Fibre Channel,Storage OS / SAN OS,2U / 3U Rackmount,36,0.00,890000.00,1068000.00,8907300000170,ACTIVE
VAR-0171,PROD-0163,STO-SYN-FS3410-STD,Synology FlashStation FS3410 24-Bay All-Flash NAS / Dual Controller / 10G/25G iSCSI & 32Gb FC,Dual Storage Processors,64GB - 128GB Cache,38.4TB - 76.8TB Raw,NVMe / SAS Enterprise Flash,N/A,N/A,N/A,Charcoal/Black,10GbE / 25GbE / 32Gb Fibre Channel,Storage OS / SAN OS,2U / 3U Rackmount,36,0.00,420000.00,504000.00,8907300000171,ACTIVE
VAR-0172,PROD-0164,STO-SYN-RS2423-STD,Synology RackStation RS2423+ 12-Bay 2U Storage / Dual Controller / 10G/25G iSCSI & 32Gb FC,Dual Storage Processors,64GB - 128GB Cache,38.4TB - 76.8TB Raw,NVMe / SAS Enterprise Flash,N/A,N/A,N/A,Charcoal/Black,10GbE / 25GbE / 32Gb Fibre Channel,Storage OS / SAN OS,2U / 3U Rackmount,36,0.00,165000.00,198000.00,8907300000172,ACTIVE
VAR-0173,PROD-0165,STO-SYN-RS3621-STD,Synology RackStation RS3621xs+ 12-Bay High-IOPS / Dual Controller / 10G/25G iSCSI & 32Gb FC,Dual Storage Processors,64GB - 128GB Cache,38.4TB - 76.8TB Raw,NVMe / SAS Enterprise Flash,N/A,N/A,N/A,Charcoal/Black,10GbE / 25GbE / 32Gb Fibre Channel,Storage OS / SAN OS,2U / 3U Rackmount,36,0.00,295000.00,354000.00,8907300000173,ACTIVE
VAR-0174,PROD-0166,STO-SYN-RS4021-STD,Synology RackStation RS4021xs+ 16-Bay 3U SAN/NAS / Dual Controller / 10G/25G iSCSI & 32Gb FC,Dual Storage Processors,64GB - 128GB Cache,38.4TB - 76.8TB Raw,NVMe / SAS Enterprise Flash,N/A,N/A,N/A,Charcoal/Black,10GbE / 25GbE / 32Gb Fibre Channel,Storage OS / SAN OS,2U / 3U Rackmount,36,0.00,440000.00,528000.00,8907300000174,ACTIVE
VAR-0175,PROD-0167,STO-SYN-DS1821-STD,Synology DiskStation DS1821+ 8-Bay Desktop NAS / Dual Controller / 10G/25G iSCSI & 32Gb FC,Dual Storage Processors,64GB - 128GB Cache,38.4TB - 76.8TB Raw,NVMe / SAS Enterprise Flash,N/A,N/A,N/A,Charcoal/Black,10GbE / 25GbE / 32Gb Fibre Channel,Storage OS / SAN OS,2U / 3U Rackmount,36,0.00,88000.00,106000.00,8907300000175,ACTIVE
VAR-0176,PROD-0168,STO-SYN-DS3622-STD,Synology DiskStation DS3622xs+ 12-Bay Enterprise Tower / Dual Controller / 10G/25G iSCSI & 32Gb FC,Dual Storage Processors,64GB - 128GB Cache,38.4TB - 76.8TB Raw,NVMe / SAS Enterprise Flash,N/A,N/A,N/A,Charcoal/Black,10GbE / 25GbE / 32Gb Fibre Channel,Storage OS / SAN OS,2U / 3U Rackmount,36,0.00,235000.00,282000.00,8907300000176,ACTIVE
VAR-0177,PROD-0169,STO-QNP-TS1677-STD,QNAP TS-h1677XU-RP 16-Bay ZFS QuTS hero 3U NAS / Dual Controller / 10G/25G iSCSI & 32Gb FC,Dual Storage Processors,64GB - 128GB Cache,38.4TB - 76.8TB Raw,NVMe / SAS Enterprise Flash,N/A,N/A,N/A,Charcoal/Black,10GbE / 25GbE / 32Gb Fibre Channel,Storage OS / SAN OS,2U / 3U Rackmount,36,0.00,380000.00,456000.00,8907300000177,ACTIVE
VAR-0178,PROD-0170,STO-QNP-TVS888-STD,QNAP TVS-h1688X 16-Bay ZFS Enterprise Desktop NAS / Dual Controller / 10G/25G iSCSI & 32Gb FC,Dual Storage Processors,64GB - 128GB Cache,38.4TB - 76.8TB Raw,NVMe / SAS Enterprise Flash,N/A,N/A,N/A,Charcoal/Black,10GbE / 25GbE / 32Gb Fibre Channel,Storage OS / SAN OS,2U / 3U Rackmount,36,0.00,290000.00,348000.00,8907300000178,ACTIVE
VAR-0179,PROD-0171,STO-QNP-TS873A-STD,QNAP TS-873A 8-Bay AMD Ryzen PCIe Expansion NAS / Dual Controller / 10G/25G iSCSI & 32Gb FC,Dual Storage Processors,64GB - 128GB Cache,38.4TB - 76.8TB Raw,NVMe / SAS Enterprise Flash,N/A,N/A,N/A,Charcoal/Black,10GbE / 25GbE / 32Gb Fibre Channel,Storage OS / SAN OS,2U / 3U Rackmount,36,0.00,94000.00,113000.00,8907300000179,ACTIVE
VAR-0180,PROD-0172,STO-WD-DATA60-STD,Western Digital Ultrastar Data60 60-Bay JBOD Storage / Dual Controller / 10G/25G iSCSI & 32Gb FC,Dual Storage Processors,64GB - 128GB Cache,38.4TB - 76.8TB Raw,NVMe / SAS Enterprise Flash,N/A,N/A,N/A,Charcoal/Black,10GbE / 25GbE / 32Gb Fibre Channel,Storage OS / SAN OS,2U / 3U Rackmount,36,0.00,720000.00,864000.00,8907300000180,ACTIVE
VAR-0181,PROD-0173,STO-SEA-EXOSX-STD,Seagate Exos E 4U106 106-Bay High-Density Enclosure / Dual Controller / 10G/25G iSCSI & 32Gb FC,Dual Storage Processors,64GB - 128GB Cache,38.4TB - 76.8TB Raw,NVMe / SAS Enterprise Flash,N/A,N/A,N/A,Charcoal/Black,10GbE / 25GbE / 32Gb Fibre Channel,Storage OS / SAN OS,2U / 3U Rackmount,36,0.00,1150000.00,1380000.00,8907300000181,ACTIVE
VAR-0182,PROD-0174,STO-SAM-PM9A3-STD,Samsung PM9A3 7.68TB U.2 NVMe PCIe 4.0 SSD (Pack of 4) / Dual Controller / 10G/25G iSCSI & 32Gb FC,Dual Storage Processors,64GB - 128GB Cache,38.4TB - 76.8TB Raw,NVMe / SAS Enterprise Flash,N/A,N/A,N/A,Charcoal/Black,10GbE / 25GbE / 32Gb Fibre Channel,Storage OS / SAN OS,2U / 3U Rackmount,36,0.00,195000.00,234000.00,8907300000182,ACTIVE
VAR-0183,PROD-0175,STO-SAM-883DCT-STD,Samsung 883 DCT 3.84TB SATA 2.5-inch SSD (Pack of 4) / Dual Controller / 10G/25G iSCSI & 32Gb FC,Dual Storage Processors,64GB - 128GB Cache,38.4TB - 76.8TB Raw,NVMe / SAS Enterprise Flash,N/A,N/A,N/A,Charcoal/Black,10GbE / 25GbE / 32Gb Fibre Channel,Storage OS / SAN OS,2U / 3U Rackmount,36,0.00,92000.00,110000.00,8907300000183,ACTIVE
VAR-0184,PROD-0176,STO-WD-SN650-STD,Western Digital Ultrastar DC SN650 15.36TB NVMe SSD / Dual Controller / 10G/25G iSCSI & 32Gb FC,Dual Storage Processors,64GB - 128GB Cache,38.4TB - 76.8TB Raw,NVMe / SAS Enterprise Flash,N/A,N/A,N/A,Charcoal/Black,10GbE / 25GbE / 32Gb Fibre Channel,Storage OS / SAN OS,2U / 3U Rackmount,36,0.00,145000.00,174000.00,8907300000184,ACTIVE
VAR-0185,PROD-0177,STO-SEA-EXOS20-STD,Seagate Exos X20 20TB Enterprise SAS 12Gbps 7.2K (Pack of 4) / Dual Controller / 10G/25G iSCSI & 32Gb FC,Dual Storage Processors,64GB - 128GB Cache,38.4TB - 76.8TB Raw,NVMe / SAS Enterprise Flash,N/A,N/A,N/A,Charcoal/Black,10GbE / 25GbE / 32Gb Fibre Channel,Storage OS / SAN OS,2U / 3U Rackmount,36,0.00,112000.00,134000.00,8907300000185,ACTIVE
VAR-0186,PROD-0178,NET-CIS-C9200L-24P-STD,Cisco Catalyst 9200L 24-Port Gigabit PoE+ 4x10G Switch / 19-inch Rackmount / Redundant Power Ready,Network Processor,2GB - 4GB,512MB Flash,Flash Storage,N/A,N/A,N/A,Cisco Grey/Teal,10G/25G SFP+ Uplinks,IOS-XE / ArubaOS-CX / UniFi,1U Rackmount,36,0.00,125000.00,150000.00,8907300000186,ACTIVE
VAR-0187,PROD-0179,NET-CIS-C9200L-48P-STD,Cisco Catalyst 9200L 48-Port Gigabit PoE+ 4x10G Switch / 19-inch Rackmount / Redundant Power Ready,Network Processor,2GB - 4GB,512MB Flash,Flash Storage,N/A,N/A,N/A,Cisco Grey/Teal,10G/25G SFP+ Uplinks,IOS-XE / ArubaOS-CX / UniFi,1U Rackmount,36,0.00,185000.00,222000.00,8907300000187,ACTIVE
VAR-0188,PROD-0180,NET-CIS-C9300-24P-STD,Cisco Catalyst 9300 24-Port Multi-Gigabit PoE+ Network / 19-inch Rackmount / Redundant Power Ready,Network Processor,2GB - 4GB,512MB Flash,Flash Storage,N/A,N/A,N/A,Cisco Grey/Teal,10G/25G SFP+ Uplinks,IOS-XE / ArubaOS-CX / UniFi,1U Rackmount,36,0.00,240000.00,288000.00,8907300000188,ACTIVE
VAR-0189,PROD-0181,NET-CIS-C9300-48P-STD,Cisco Catalyst 9300 48-Port UPOE StackWise 480 Switch / 19-inch Rackmount / Redundant Power Ready,Network Processor,2GB - 4GB,512MB Flash,Flash Storage,N/A,N/A,N/A,Cisco Grey/Teal,10G/25G SFP+ Uplinks,IOS-XE / ArubaOS-CX / UniFi,1U Rackmount,36,0.00,320000.00,384000.00,8907300000189,ACTIVE
VAR-0190,PROD-0182,NET-CIS-C9500-24Y-STD,Cisco Catalyst 9500 24-Port 25G Fiber Core Switch / 19-inch Rackmount / Redundant Power Ready,Network Processor,2GB - 4GB,512MB Flash,Flash Storage,N/A,N/A,N/A,Cisco Grey/Teal,10G/25G SFP+ Uplinks,IOS-XE / ArubaOS-CX / UniFi,1U Rackmount,36,0.00,680000.00,816000.00,8907300000190,ACTIVE
VAR-0191,PROD-0183,NET-CIS-C9500-48Y-STD,Cisco Catalyst 9500 48-Port 25G/100G Leaf-Spine Core / 19-inch Rackmount / Redundant Power Ready,Network Processor,2GB - 4GB,512MB Flash,Flash Storage,N/A,N/A,N/A,Cisco Grey/Teal,10G/25G SFP+ Uplinks,IOS-XE / ArubaOS-CX / UniFi,1U Rackmount,36,0.00,950000.00,1140000.00,8907300000191,ACTIVE
VAR-0192,PROD-0184,NET-CIS-MS120-24P-STD,Cisco Meraki MS120-24P Cloud-Managed 24-Port PoE Switch / 19-inch Rackmount / Redundant Power Ready,Network Processor,2GB - 4GB,512MB Flash,Flash Storage,N/A,N/A,N/A,Cisco Grey/Teal,10G/25G SFP+ Uplinks,IOS-XE / ArubaOS-CX / UniFi,1U Rackmount,36,0.00,110000.00,132000.00,8907300000192,ACTIVE
VAR-0193,PROD-0185,NET-CIS-MS225-48P-STD,Cisco Meraki MS225-48P L2 Cloud Switch with 10G SFP+ / 19-inch Rackmount / Redundant Power Ready,Network Processor,2GB - 4GB,512MB Flash,Flash Storage,N/A,N/A,N/A,Cisco Grey/Teal,10G/25G SFP+ Uplinks,IOS-XE / ArubaOS-CX / UniFi,1U Rackmount,36,0.00,175000.00,210000.00,8907300000193,ACTIVE
VAR-0194,PROD-0186,NET-CIS-MS390-48P-STD,Cisco Meraki MS390-48P Multi-Gigabit Modular Uplinks / 19-inch Rackmount / Redundant Power Ready,Network Processor,2GB - 4GB,512MB Flash,Flash Storage,N/A,N/A,N/A,Cisco Grey/Teal,10G/25G SFP+ Uplinks,IOS-XE / ArubaOS-CX / UniFi,1U Rackmount,36,0.00,295000.00,354000.00,8907300000194,ACTIVE
VAR-0195,PROD-0187,NET-ARU-6100-24G-STD,Aruba CX 6100 24G 4SFP+ Enterprise Access Switch / 19-inch Rackmount / Redundant Power Ready,Network Processor,2GB - 4GB,512MB Flash,Flash Storage,N/A,N/A,N/A,Cisco Grey/Teal,10G/25G SFP+ Uplinks,IOS-XE / ArubaOS-CX / UniFi,1U Rackmount,36,0.00,78000.00,94000.00,8907300000195,ACTIVE
VAR-0196,PROD-0188,NET-ARU-6200F-24P-STD,Aruba CX 6200F 24G Class 4 PoE 4SFP+ 370W Switch / 19-inch Rackmount / Redundant Power Ready,Network Processor,2GB - 4GB,512MB Flash,Flash Storage,N/A,N/A,N/A,Cisco Grey/Teal,10G/25G SFP+ Uplinks,IOS-XE / ArubaOS-CX / UniFi,1U Rackmount,36,0.00,115000.00,138000.00,8907300000196,ACTIVE
VAR-0197,PROD-0189,NET-ARU-6200F-48P-STD,Aruba CX 6200F 48G Class 4 PoE 4SFP+ 740W Switch / 19-inch Rackmount / Redundant Power Ready,Network Processor,2GB - 4GB,512MB Flash,Flash Storage,N/A,N/A,N/A,Cisco Grey/Teal,10G/25G SFP+ Uplinks,IOS-XE / ArubaOS-CX / UniFi,1U Rackmount,36,0.00,178000.00,214000.00,8907300000197,ACTIVE
VAR-0198,PROD-0190,NET-ARU-6300M-24P-STD,Aruba CX 6300M 24-Port Modular Core/Aggregation Switch / 19-inch Rackmount / Redundant Power Ready,Network Processor,2GB - 4GB,512MB Flash,Flash Storage,N/A,N/A,N/A,Cisco Grey/Teal,10G/25G SFP+ Uplinks,IOS-XE / ArubaOS-CX / UniFi,1U Rackmount,36,0.00,285000.00,342000.00,8907300000198,ACTIVE
VAR-0199,PROD-0191,NET-ARU-6300M-48P-STD,Aruba CX 6300M 48-Port Smart Rate 10G PoE Switch / 19-inch Rackmount / Redundant Power Ready,Network Processor,2GB - 4GB,512MB Flash,Flash Storage,N/A,N/A,N/A,Cisco Grey/Teal,10G/25G SFP+ Uplinks,IOS-XE / ArubaOS-CX / UniFi,1U Rackmount,36,0.00,390000.00,468000.00,8907300000199,ACTIVE
VAR-0200,PROD-0192,NET-ARU-AP515-STD,Aruba AP-515 Unified Campus Wi-Fi 6 Access Point / 19-inch Rackmount / Redundant Power Ready,Network Processor,2GB - 4GB,512MB Flash,Flash Storage,N/A,N/A,N/A,Cisco Grey/Teal,10G/25G SFP+ Uplinks,IOS-XE / ArubaOS-CX / UniFi,1U Rackmount,36,0.00,38000.00,45600.00,8907300000200,ACTIVE
VAR-0201,PROD-0193,NET-ARU-AP635-STD,Aruba AP-635 Enterprise Wi-Fi 6E Tri-Band Access Point / 19-inch Rackmount / Redundant Power Ready,Network Processor,2GB - 4GB,512MB Flash,Flash Storage,N/A,N/A,N/A,Cisco Grey/Teal,10G/25G SFP+ Uplinks,IOS-XE / ArubaOS-CX / UniFi,1U Rackmount,36,0.00,58000.00,69600.00,8907300000201,ACTIVE
VAR-0202,PROD-0194,NET-CIS-CW9164-STD,Cisco Catalyst 9164I Wi-Fi 6E Tri-Band AP / 19-inch Rackmount / Redundant Power Ready,Network Processor,2GB - 4GB,512MB Flash,Flash Storage,N/A,N/A,N/A,Cisco Grey/Teal,10G/25G SFP+ Uplinks,IOS-XE / ArubaOS-CX / UniFi,1U Rackmount,36,0.00,62000.00,74400.00,8907300000202,ACTIVE
VAR-0203,PROD-0195,NET-UBI-USW-24P-STD,Ubiquiti UniFi Pro 24 PoE Layer 2/3 Enterprise Switch / 19-inch Rackmount / Redundant Power Ready,Network Processor,2GB - 4GB,512MB Flash,Flash Storage,N/A,N/A,N/A,Cisco Grey/Teal,10G/25G SFP+ Uplinks,IOS-XE / ArubaOS-CX / UniFi,1U Rackmount,36,0.00,42000.00,50400.00,8907300000203,ACTIVE
VAR-0204,PROD-0196,NET-UBI-USW-48P-STD,Ubiquiti UniFi Pro 48 PoE Layer 3 600W 4x 10G SFP+ / 19-inch Rackmount / Redundant Power Ready,Network Processor,2GB - 4GB,512MB Flash,Flash Storage,N/A,N/A,N/A,Cisco Grey/Teal,10G/25G SFP+ Uplinks,IOS-XE / ArubaOS-CX / UniFi,1U Rackmount,36,0.00,74000.00,88800.00,8907300000204,ACTIVE
VAR-0205,PROD-0197,NET-UBI-USW-ENT24-STD,Ubiquiti UniFi Enterprise 24 PoE 2.5G Multi-Gigabit / 19-inch Rackmount / Redundant Power Ready,Network Processor,2GB - 4GB,512MB Flash,Flash Storage,N/A,N/A,N/A,Cisco Grey/Teal,10G/25G SFP+ Uplinks,IOS-XE / ArubaOS-CX / UniFi,1U Rackmount,36,0.00,62000.00,74400.00,8907300000205,ACTIVE
VAR-0206,PROD-0198,NET-UBI-U6-PRO-STD,Ubiquiti UniFi U6 Pro Dual-Band Wi-Fi 6 AP / 19-inch Rackmount / Redundant Power Ready,Network Processor,2GB - 4GB,512MB Flash,Flash Storage,N/A,N/A,N/A,Cisco Grey/Teal,10G/25G SFP+ Uplinks,IOS-XE / ArubaOS-CX / UniFi,1U Rackmount,36,0.00,14000.00,16800.00,8907300000206,ACTIVE
VAR-0207,PROD-0199,NET-UBI-U6-ENT-STD,Ubiquiti UniFi U6 Enterprise Tri-Band Wi-Fi 6E AP / 19-inch Rackmount / Redundant Power Ready,Network Processor,2GB - 4GB,512MB Flash,Flash Storage,N/A,N/A,N/A,Cisco Grey/Teal,10G/25G SFP+ Uplinks,IOS-XE / ArubaOS-CX / UniFi,1U Rackmount,36,0.00,26000.00,31200.00,8907300000207,ACTIVE
VAR-0208,PROD-0200,NET-JUN-EX2300-STD,Juniper EX2300 24-Port Gigabit PoE+ Compact Switch / 19-inch Rackmount / Redundant Power Ready,Network Processor,2GB - 4GB,512MB Flash,Flash Storage,N/A,N/A,N/A,Cisco Grey/Teal,10G/25G SFP+ Uplinks,IOS-XE / ArubaOS-CX / UniFi,1U Rackmount,36,0.00,82000.00,98400.00,8907300000208,ACTIVE
VAR-0209,PROD-0201,NET-JUN-EX3400-STD,Juniper EX3400 48-Port Gigabit PoE+ Virtual Chassis / 19-inch Rackmount / Redundant Power Ready,Network Processor,2GB - 4GB,512MB Flash,Flash Storage,N/A,N/A,N/A,Cisco Grey/Teal,10G/25G SFP+ Uplinks,IOS-XE / ArubaOS-CX / UniFi,1U Rackmount,36,0.00,165000.00,198000.00,8907300000209,ACTIVE
VAR-0210,PROD-0202,NET-JUN-EX4400-STD,Juniper EX4400 24-Port Multi-Gigabit Cloud-Ready Switch / 19-inch Rackmount / Redundant Power Ready,Network Processor,2GB - 4GB,512MB Flash,Flash Storage,N/A,N/A,N/A,Cisco Grey/Teal,10G/25G SFP+ Uplinks,IOS-XE / ArubaOS-CX / UniFi,1U Rackmount,36,0.00,255000.00,306000.00,8907300000210,ACTIVE
VAR-0211,PROD-0203,NET-FOR-FS124F-STD,Fortinet FortiSwitch 124F 24-Port GE Layer 2 PoE Switch / 19-inch Rackmount / Redundant Power Ready,Network Processor,2GB - 4GB,512MB Flash,Flash Storage,N/A,N/A,N/A,Cisco Grey/Teal,10G/25G SFP+ Uplinks,IOS-XE / ArubaOS-CX / UniFi,1U Rackmount,36,0.00,58000.00,69600.00,8907300000211,ACTIVE
VAR-0212,PROD-0204,NET-FOR-FS148F-STD,Fortinet FortiSwitch 148F 48-Port GE PoE+ 4x 10G SFP+ / 19-inch Rackmount / Redundant Power Ready,Network Processor,2GB - 4GB,512MB Flash,Flash Storage,N/A,N/A,N/A,Cisco Grey/Teal,10G/25G SFP+ Uplinks,IOS-XE / ArubaOS-CX / UniFi,1U Rackmount,36,0.00,98000.00,117600.00,8907300000212,ACTIVE
VAR-0213,PROD-0205,NET-FOR-FS424E-STD,Fortinet FortiSwitch 424E-FIBER 24x 1G/10G SFP+ Aggregation / 19-inch Rackmount / Redundant Power Ready,Network Processor,2GB - 4GB,512MB Flash,Flash Storage,N/A,N/A,N/A,Cisco Grey/Teal,10G/25G SFP+ Uplinks,IOS-XE / ArubaOS-CX / UniFi,1U Rackmount,36,0.00,195000.00,234000.00,8907300000213,ACTIVE
VAR-0214,PROD-0206,NET-CIS-SFP-10G-STD,Cisco 10GBASE-SR SFP+ Optical Transceiver (Pack of 4) / 19-inch Rackmount / Redundant Power Ready,Network Processor,2GB - 4GB,512MB Flash,Flash Storage,N/A,N/A,N/A,Cisco Grey/Teal,10G/25G SFP+ Uplinks,IOS-XE / ArubaOS-CX / UniFi,1U Rackmount,36,0.00,32000.00,38400.00,8907300000214,ACTIVE
VAR-0215,PROD-0207,NET-CIS-SFP-25G-STD,Cisco 25GBASE-SR SFP28 Optical Transceiver (Pack of 2) / 19-inch Rackmount / Redundant Power Ready,Network Processor,2GB - 4GB,512MB Flash,Flash Storage,N/A,N/A,N/A,Cisco Grey/Teal,10G/25G SFP+ Uplinks,IOS-XE / ArubaOS-CX / UniFi,1U Rackmount,36,0.00,44000.00,52800.00,8907300000215,ACTIVE
VAR-0216,PROD-0208,NET-ARU-SFP-10G-STD,Aruba 10G SFP+ LC SR 300m MMF Transceiver (Pack of 4) / 19-inch Rackmount / Redundant Power Ready,Network Processor,2GB - 4GB,512MB Flash,Flash Storage,N/A,N/A,N/A,Cisco Grey/Teal,10G/25G SFP+ Uplinks,IOS-XE / ArubaOS-CX / UniFi,1U Rackmount,36,0.00,28000.00,33600.00,8907300000216,ACTIVE
VAR-0217,PROD-0209,NET-CIS-DAC-10G-STD,Cisco 10G SFP+ Twinax Direct Attach Copper Cable 3m (Pack of 5) / 19-inch Rackmount / Redundant Power Ready,Network Processor,2GB - 4GB,512MB Flash,Flash Storage,N/A,N/A,N/A,Cisco Grey/Teal,10G/25G SFP+ Uplinks,IOS-XE / ArubaOS-CX / UniFi,1U Rackmount,36,0.00,16000.00,19200.00,8907300000217,ACTIVE
VAR-0218,PROD-0210,NET-UBI-AGGREG-STD,Ubiquiti UniFi Switch Aggregation 8-Port 10G SFP+ / 19-inch Rackmount / Redundant Power Ready,Network Processor,2GB - 4GB,512MB Flash,Flash Storage,N/A,N/A,N/A,Cisco Grey/Teal,10G/25G SFP+ Uplinks,IOS-XE / ArubaOS-CX / UniFi,1U Rackmount,36,0.00,25000.00,30000.00,8907300000218,ACTIVE
VAR-0219,PROD-0211,NET-CIS-C9200-24T-STD,Cisco Catalyst 9200 24-Port Data Only Modular Uplink / 19-inch Rackmount / Redundant Power Ready,Network Processor,2GB - 4GB,512MB Flash,Flash Storage,N/A,N/A,N/A,Cisco Grey/Teal,10G/25G SFP+ Uplinks,IOS-XE / ArubaOS-CX / UniFi,1U Rackmount,36,0.00,95000.00,114000.00,8907300000219,ACTIVE
VAR-0220,PROD-0212,NET-ARU-AP655-STD,Aruba AP-655 High-Density Campus Wi-Fi 6E AP / 19-inch Rackmount / Redundant Power Ready,Network Processor,2GB - 4GB,512MB Flash,Flash Storage,N/A,N/A,N/A,Cisco Grey/Teal,10G/25G SFP+ Uplinks,IOS-XE / ArubaOS-CX / UniFi,1U Rackmount,36,0.00,72000.00,86400.00,8907300000220,ACTIVE
VAR-0221,PROD-0213,SEC-FOR-FG40F-STD,Fortinet FortiGate 40F Secure SD-WAN Firewall / Hardware Appliance / Base Bundle,Security Processing Unit ASIC,4GB - 16GB,32GB - 128GB eMMC/SSD,Encrypted Solid State,N/A,N/A,N/A,Matte White/Grey,1G/10G SFP+ Dual WAN,FortiOS / PAN-OS / SophosOS,Desktop / 1U Rack,36,0.00,38000.00,45600.00,8907300000221,ACTIVE
VAR-0222,PROD-0214,SEC-FOR-FG60F-STD,Fortinet FortiGate 60F Enterprise Branch Firewall / Hardware Appliance / Base Bundle,Security Processing Unit ASIC,4GB - 16GB,32GB - 128GB eMMC/SSD,Encrypted Solid State,N/A,N/A,N/A,Matte White/Grey,1G/10G SFP+ Dual WAN,FortiOS / PAN-OS / SophosOS,Desktop / 1U Rack,36,0.00,58000.00,69600.00,8907300000222,ACTIVE
VAR-0223,PROD-0215,SEC-FOR-FG70F-STD,Fortinet FortiGate 70F High-Performance NGFW / Hardware Appliance / Base Bundle,Security Processing Unit ASIC,4GB - 16GB,32GB - 128GB eMMC/SSD,Encrypted Solid State,N/A,N/A,N/A,Matte White/Grey,1G/10G SFP+ Dual WAN,FortiOS / PAN-OS / SophosOS,Desktop / 1U Rack,36,0.00,78000.00,93600.00,8907300000223,ACTIVE
VAR-0224,PROD-0216,SEC-FOR-FG80F-STD,Fortinet FortiGate 80F Dual WAN Bypass Firewall / Hardware Appliance / Base Bundle,Security Processing Unit ASIC,4GB - 16GB,32GB - 128GB eMMC/SSD,Encrypted Solid State,N/A,N/A,N/A,Matte White/Grey,1G/10G SFP+ Dual WAN,FortiOS / PAN-OS / SophosOS,Desktop / 1U Rack,36,0.00,110000.00,132000.00,8907300000224,ACTIVE
VAR-0225,PROD-0217,SEC-FOR-FG100F-STD,Fortinet FortiGate 100F Campus Core NGFW 10G SFP+ / Hardware Appliance / Base Bundle,Security Processing Unit ASIC,4GB - 16GB,32GB - 128GB eMMC/SSD,Encrypted Solid State,N/A,N/A,N/A,Matte White/Grey,1G/10G SFP+ Dual WAN,FortiOS / PAN-OS / SophosOS,Desktop / 1U Rack,36,0.00,195000.00,234000.00,8907300000225,ACTIVE
VAR-0226,PROD-0218,SEC-FOR-FG200F-STD,Fortinet FortiGate 200F High-Throughput Perimeter Firewall / Hardware Appliance / Base Bundle,Security Processing Unit ASIC,4GB - 16GB,32GB - 128GB eMMC/SSD,Encrypted Solid State,N/A,N/A,N/A,Matte White/Grey,1G/10G SFP+ Dual WAN,FortiOS / PAN-OS / SophosOS,Desktop / 1U Rack,36,0.00,340000.00,408000.00,8907300000226,ACTIVE
VAR-0227,PROD-0219,SEC-FOR-FG400F-STD,Fortinet FortiGate 400F Datacenter Security Gateway / Hardware Appliance / Base Bundle,Security Processing Unit ASIC,4GB - 16GB,32GB - 128GB eMMC/SSD,Encrypted Solid State,N/A,N/A,N/A,Matte White/Grey,1G/10G SFP+ Dual WAN,FortiOS / PAN-OS / SophosOS,Desktop / 1U Rack,36,0.00,650000.00,780000.00,8907300000227,ACTIVE
VAR-0228,PROD-0220,SEC-PAL-PA410-STD,Palo Alto Networks PA-410 Machine Learning NGFW / Hardware Appliance / Base Bundle,Security Processing Unit ASIC,4GB - 16GB,32GB - 128GB eMMC/SSD,Encrypted Solid State,N/A,N/A,N/A,Matte White/Grey,1G/10G SFP+ Dual WAN,FortiOS / PAN-OS / SophosOS,Desktop / 1U Rack,36,0.00,88000.00,105600.00,8907300000228,ACTIVE
VAR-0229,PROD-0221,SEC-PAL-PA440-STD,Palo Alto Networks PA-440 Branch Security Appliance / Hardware Appliance / Base Bundle,Security Processing Unit ASIC,4GB - 16GB,32GB - 128GB eMMC/SSD,Encrypted Solid State,N/A,N/A,N/A,Matte White/Grey,1G/10G SFP+ Dual WAN,FortiOS / PAN-OS / SophosOS,Desktop / 1U Rack,36,0.00,145000.00,174000.00,8907300000229,ACTIVE
VAR-0230,PROD-0222,SEC-PAL-PA450-STD,Palo Alto Networks PA-450 High-Availability Firewall / Hardware Appliance / Base Bundle,Security Processing Unit ASIC,4GB - 16GB,32GB - 128GB eMMC/SSD,Encrypted Solid State,N/A,N/A,N/A,Matte White/Grey,1G/10G SFP+ Dual WAN,FortiOS / PAN-OS / SophosOS,Desktop / 1U Rack,36,0.00,210000.00,252000.00,8907300000230,ACTIVE
VAR-0231,PROD-0223,SEC-PAL-PA460-STD,Palo Alto Networks PA-460 Multi-Gigabit NGFW / Hardware Appliance / Base Bundle,Security Processing Unit ASIC,4GB - 16GB,32GB - 128GB eMMC/SSD,Encrypted Solid State,N/A,N/A,N/A,Matte White/Grey,1G/10G SFP+ Dual WAN,FortiOS / PAN-OS / SophosOS,Desktop / 1U Rack,36,0.00,280000.00,336000.00,8907300000231,ACTIVE
VAR-0232,PROD-0224,SEC-PAL-PA1410-STD,Palo Alto Networks PA-1410 10G Fiber Perimeter Gateway / Hardware Appliance / Base Bundle,Security Processing Unit ASIC,4GB - 16GB,32GB - 128GB eMMC/SSD,Encrypted Solid State,N/A,N/A,N/A,Matte White/Grey,1G/10G SFP+ Dual WAN,FortiOS / PAN-OS / SophosOS,Desktop / 1U Rack,36,0.00,580000.00,696000.00,8907300000232,ACTIVE
VAR-0233,PROD-0225,SEC-PAL-PA3410-STD,Palo Alto Networks PA-3410 Datacenter Inspection Firewall / Hardware Appliance / Base Bundle,Security Processing Unit ASIC,4GB - 16GB,32GB - 128GB eMMC/SSD,Encrypted Solid State,N/A,N/A,N/A,Matte White/Grey,1G/10G SFP+ Dual WAN,FortiOS / PAN-OS / SophosOS,Desktop / 1U Rack,36,0.00,980000.00,1176000.00,8907300000233,ACTIVE
VAR-0234,PROD-0226,SEC-SOP-XGS116-STD,Sophos XGS 116 Desktop Next-Gen Firewall with PoE / Hardware Appliance / Base Bundle,Security Processing Unit ASIC,4GB - 16GB,32GB - 128GB eMMC/SSD,Encrypted Solid State,N/A,N/A,N/A,Matte White/Grey,1G/10G SFP+ Dual WAN,FortiOS / PAN-OS / SophosOS,Desktop / 1U Rack,36,0.00,48000.00,57600.00,8907300000234,ACTIVE
VAR-0235,PROD-0227,SEC-SOP-XGS136-STD,Sophos XGS 136 High-Capacity Branch Firewall / Hardware Appliance / Base Bundle,Security Processing Unit ASIC,4GB - 16GB,32GB - 128GB eMMC/SSD,Encrypted Solid State,N/A,N/A,N/A,Matte White/Grey,1G/10G SFP+ Dual WAN,FortiOS / PAN-OS / SophosOS,Desktop / 1U Rack,36,0.00,74000.00,88800.00,8907300000235,ACTIVE
VAR-0236,PROD-0228,SEC-SOP-XGS2100-STD,Sophos XGS 2100 1U Enterprise Rackmount Firewall / Hardware Appliance / Base Bundle,Security Processing Unit ASIC,4GB - 16GB,32GB - 128GB eMMC/SSD,Encrypted Solid State,N/A,N/A,N/A,Matte White/Grey,1G/10G SFP+ Dual WAN,FortiOS / PAN-OS / SophosOS,Desktop / 1U Rack,36,0.00,160000.00,192000.00,8907300000236,ACTIVE
VAR-0237,PROD-0229,SEC-SOP-XGS2300-STD,Sophos XGS 2300 Redundant Power NGFW Appliance / Hardware Appliance / Base Bundle,Security Processing Unit ASIC,4GB - 16GB,32GB - 128GB eMMC/SSD,Encrypted Solid State,N/A,N/A,N/A,Matte White/Grey,1G/10G SFP+ Dual WAN,FortiOS / PAN-OS / SophosOS,Desktop / 1U Rack,36,0.00,240000.00,288000.00,8907300000237,ACTIVE
VAR-0238,PROD-0230,SEC-SOP-XGS3100-STD,Sophos XGS 3100 Datacenter Protection Appliance / Hardware Appliance / Base Bundle,Security Processing Unit ASIC,4GB - 16GB,32GB - 128GB eMMC/SSD,Encrypted Solid State,N/A,N/A,N/A,Matte White/Grey,1G/10G SFP+ Dual WAN,FortiOS / PAN-OS / SophosOS,Desktop / 1U Rack,36,0.00,380000.00,456000.00,8907300000238,ACTIVE
VAR-0239,PROD-0231,SEC-CHK-1570-STD,Check Point Quantum Spark 1570 Enterprise Security / Hardware Appliance / Base Bundle,Security Processing Unit ASIC,4GB - 16GB,32GB - 128GB eMMC/SSD,Encrypted Solid State,N/A,N/A,N/A,Matte White/Grey,1G/10G SFP+ Dual WAN,FortiOS / PAN-OS / SophosOS,Desktop / 1U Rack,36,0.00,72000.00,86400.00,8907300000239,ACTIVE
VAR-0240,PROD-0232,SEC-CHK-1600-STD,Check Point Quantum Spark 1600 1GbE High Performance / Hardware Appliance / Base Bundle,Security Processing Unit ASIC,4GB - 16GB,32GB - 128GB eMMC/SSD,Encrypted Solid State,N/A,N/A,N/A,Matte White/Grey,1G/10G SFP+ Dual WAN,FortiOS / PAN-OS / SophosOS,Desktop / 1U Rack,36,0.00,125000.00,150000.00,8907300000240,ACTIVE
VAR-0241,PROD-0233,SEC-CHK-1800-STD,Check Point Quantum Spark 1800 10GbE Security Gateway / Hardware Appliance / Base Bundle,Security Processing Unit ASIC,4GB - 16GB,32GB - 128GB eMMC/SSD,Encrypted Solid State,N/A,N/A,N/A,Matte White/Grey,1G/10G SFP+ Dual WAN,FortiOS / PAN-OS / SophosOS,Desktop / 1U Rack,36,0.00,210000.00,252000.00,8907300000241,ACTIVE
VAR-0242,PROD-0234,SEC-CIS-FPR1010-STD,Cisco Secure Firewall Firepower 1010 Desktop NGFW / Hardware Appliance / Base Bundle,Security Processing Unit ASIC,4GB - 16GB,32GB - 128GB eMMC/SSD,Encrypted Solid State,N/A,N/A,N/A,Matte White/Grey,1G/10G SFP+ Dual WAN,FortiOS / PAN-OS / SophosOS,Desktop / 1U Rack,36,0.00,68000.00,81600.00,8907300000242,ACTIVE
VAR-0243,PROD-0235,SEC-CIS-FPR1120-STD,Cisco Secure Firewall Firepower 1120 1U Appliance / Hardware Appliance / Base Bundle,Security Processing Unit ASIC,4GB - 16GB,32GB - 128GB eMMC/SSD,Encrypted Solid State,N/A,N/A,N/A,Matte White/Grey,1G/10G SFP+ Dual WAN,FortiOS / PAN-OS / SophosOS,Desktop / 1U Rack,36,0.00,155000.00,186000.00,8907300000243,ACTIVE
VAR-0244,PROD-0236,SEC-CIS-FPR2110-STD,Cisco Secure Firewall Firepower 2110 Campus Perimeter / Hardware Appliance / Base Bundle,Security Processing Unit ASIC,4GB - 16GB,32GB - 128GB eMMC/SSD,Encrypted Solid State,N/A,N/A,N/A,Matte White/Grey,1G/10G SFP+ Dual WAN,FortiOS / PAN-OS / SophosOS,Desktop / 1U Rack,36,0.00,320000.00,384000.00,8907300000244,ACTIVE
VAR-0245,PROD-0237,SEC-FOR-FG600F-STD,Fortinet FortiGate 600F Datacenter Core 25G/40G Security / Hardware Appliance / Base Bundle,Security Processing Unit ASIC,4GB - 16GB,32GB - 128GB eMMC/SSD,Encrypted Solid State,N/A,N/A,N/A,Matte White/Grey,1G/10G SFP+ Dual WAN,FortiOS / PAN-OS / SophosOS,Desktop / 1U Rack,36,0.00,920000.00,1104000.00,8907300000245,ACTIVE
VAR-0246,PROD-0238,MON-DEL-P2422H-STD,Dell P2422H 24-inch ComfortView Plus Business Monitor / Factory Calibrated / Tilt-Swivel-Pivot,Display Processor,N/A,N/A,N/A,N/A,"24.0"" - 49.0""",FHD / QHD / 4K / Dual QHD,Silver / Black,DisplayPort / HDMI / USB-C 90W PD,VESA Standard,Monitor,36,0.00,11500.00,13800.00,8907300000246,ACTIVE
VAR-0247,PROD-0239,MON-DEL-P2722H-STD,Dell P2722H 27-inch Ergonomic Corporate Display / Factory Calibrated / Tilt-Swivel-Pivot,Display Processor,N/A,N/A,N/A,N/A,"24.0"" - 49.0""",FHD / QHD / 4K / Dual QHD,Silver / Black,DisplayPort / HDMI / USB-C 90W PD,VESA Standard,Monitor,36,0.00,16000.00,19200.00,8907300000247,ACTIVE
VAR-0248,PROD-0240,MON-DEL-U2424H-STD,Dell UltraSharp U2424H 24-inch 120Hz Ambient Sensor / Factory Calibrated / Tilt-Swivel-Pivot,Display Processor,N/A,N/A,N/A,N/A,"24.0"" - 49.0""",FHD / QHD / 4K / Dual QHD,Silver / Black,DisplayPort / HDMI / USB-C 90W PD,VESA Standard,Monitor,36,0.00,18500.00,22200.00,8907300000248,ACTIVE
VAR-0249,PROD-0241,MON-DEL-U2724D-STD,Dell UltraSharp U2724D 27-inch QHD 120Hz IPS Black / Factory Calibrated / Tilt-Swivel-Pivot,Display Processor,N/A,N/A,N/A,N/A,"24.0"" - 49.0""",FHD / QHD / 4K / Dual QHD,Silver / Black,DisplayPort / HDMI / USB-C 90W PD,VESA Standard,Monitor,36,0.00,31000.00,37200.00,8907300000249,ACTIVE
VAR-0250,PROD-0242,MON-DEL-U2723QE-STD,Dell UltraSharp U2723QE 27-inch 4K USB-C Hub Monitor / Factory Calibrated / Tilt-Swivel-Pivot,Display Processor,N/A,N/A,N/A,N/A,"24.0"" - 49.0""",FHD / QHD / 4K / Dual QHD,Silver / Black,DisplayPort / HDMI / USB-C 90W PD,VESA Standard,Monitor,36,0.00,48000.00,57600.00,8907300000250,ACTIVE
VAR-0251,PROD-0243,MON-DEL-U3223QE-STD,Dell UltraSharp U3223QE 31.5-inch 4K IPS Black 2000:1 / Factory Calibrated / Tilt-Swivel-Pivot,Display Processor,N/A,N/A,N/A,N/A,"24.0"" - 49.0""",FHD / QHD / 4K / Dual QHD,Silver / Black,DisplayPort / HDMI / USB-C 90W PD,VESA Standard,Monitor,36,0.00,62000.00,74400.00,8907300000251,ACTIVE
VAR-0252,PROD-0244,MON-DEL-U3423WE-STD,Dell UltraSharp U3423WE 34-inch WQHD Curved USB-C Hub / Factory Calibrated / Tilt-Swivel-Pivot,Display Processor,N/A,N/A,N/A,N/A,"24.0"" - 49.0""",FHD / QHD / 4K / Dual QHD,Silver / Black,DisplayPort / HDMI / USB-C 90W PD,VESA Standard,Monitor,36,0.00,68000.00,81600.00,8907300000252,ACTIVE
VAR-0253,PROD-0245,MON-DEL-U3824DW-STD,Dell UltraSharp U3824DW 37.5-inch WQHD+ Financial Ultrawide / Factory Calibrated / Tilt-Swivel-Pivot,Display Processor,N/A,N/A,N/A,N/A,"24.0"" - 49.0""",FHD / QHD / 4K / Dual QHD,Silver / Black,DisplayPort / HDMI / USB-C 90W PD,VESA Standard,Monitor,36,0.00,98000.00,117600.00,8907300000253,ACTIVE
VAR-0254,PROD-0246,MON-DEL-U4924DW-STD,Dell UltraSharp U4924DW 49-inch Dual QHD Trading Station Display / Factory Calibrated / Tilt-Swivel-Pivot,Display Processor,N/A,N/A,N/A,N/A,"24.0"" - 49.0""",FHD / QHD / 4K / Dual QHD,Silver / Black,DisplayPort / HDMI / USB-C 90W PD,VESA Standard,Monitor,36,0.00,125000.00,150000.00,8907300000254,ACTIVE
VAR-0255,PROD-0247,MON-LG-27UK850-STD,LG 27-inch 4K UHD IPS USB-C Display with HDR10 / Factory Calibrated / Tilt-Swivel-Pivot,Display Processor,N/A,N/A,N/A,N/A,"24.0"" - 49.0""",FHD / QHD / 4K / Dual QHD,Silver / Black,DisplayPort / HDMI / USB-C 90W PD,VESA Standard,Monitor,36,0.00,29000.00,34800.00,8907300000255,ACTIVE
VAR-0256,PROD-0248,MON-LG-32UN880-STD,LG 32UN880 Ergo Arm 32-inch 4K UHD UltraFine Display / Factory Calibrated / Tilt-Swivel-Pivot,Display Processor,N/A,N/A,N/A,N/A,"24.0"" - 49.0""",FHD / QHD / 4K / Dual QHD,Silver / Black,DisplayPort / HDMI / USB-C 90W PD,VESA Standard,Monitor,36,0.00,46000.00,55200.00,8907300000256,ACTIVE
VAR-0257,PROD-0249,MON-LG-34WN80C-STD,LG 34WN80C-B 34-inch 21:9 Curved Ultrawide USB-C Display / Factory Calibrated / Tilt-Swivel-Pivot,Display Processor,N/A,N/A,N/A,N/A,"24.0"" - 49.0""",FHD / QHD / 4K / Dual QHD,Silver / Black,DisplayPort / HDMI / USB-C 90W PD,VESA Standard,Monitor,36,0.00,42000.00,50400.00,8907300000257,ACTIVE
VAR-0258,PROD-0250,MON-LG-38WN95C-STD,LG 38WN95C-W 38-inch 144Hz Nano IPS Thunderbolt 3 Display / Factory Calibrated / Tilt-Swivel-Pivot,Display Processor,N/A,N/A,N/A,N/A,"24.0"" - 49.0""",FHD / QHD / 4K / Dual QHD,Silver / Black,DisplayPort / HDMI / USB-C 90W PD,VESA Standard,Monitor,36,0.00,92000.00,110400.00,8907300000258,ACTIVE
VAR-0259,PROD-0251,MON-LG-49WL95C-STD,LG 49WL95C-W 49-inch 32:9 Dual QHD Curved Trading Screen / Factory Calibrated / Tilt-Swivel-Pivot,Display Processor,N/A,N/A,N/A,N/A,"24.0"" - 49.0""",FHD / QHD / 4K / Dual QHD,Silver / Black,DisplayPort / HDMI / USB-C 90W PD,VESA Standard,Monitor,36,0.00,118000.00,141600.00,8907300000259,ACTIVE
VAR-0260,PROD-0252,MON-HP-E24G5-STD,HP E24 G5 23.8-inch FHD Ergonomic Business Monitor / Factory Calibrated / Tilt-Swivel-Pivot,Display Processor,N/A,N/A,N/A,N/A,"24.0"" - 49.0""",FHD / QHD / 4K / Dual QHD,Silver / Black,DisplayPort / HDMI / USB-C 90W PD,VESA Standard,Monitor,36,0.00,12000.00,14400.00,8907300000260,ACTIVE
VAR-0261,PROD-0253,MON-HP-E27QG5-STD,HP E27q G5 27-inch QHD Corporate Workstation Display / Factory Calibrated / Tilt-Swivel-Pivot,Display Processor,N/A,N/A,N/A,N/A,"24.0"" - 49.0""",FHD / QHD / 4K / Dual QHD,Silver / Black,DisplayPort / HDMI / USB-C 90W PD,VESA Standard,Monitor,36,0.00,22000.00,26400.00,8907300000261,ACTIVE
VAR-0262,PROD-0254,MON-HP-Z27KG3-STD,HP Z27k G3 27-inch 4K USB-C Color-Calibrated Display / Factory Calibrated / Tilt-Swivel-Pivot,Display Processor,N/A,N/A,N/A,N/A,"24.0"" - 49.0""",FHD / QHD / 4K / Dual QHD,Silver / Black,DisplayPort / HDMI / USB-C 90W PD,VESA Standard,Monitor,36,0.00,44000.00,52800.00,8907300000262,ACTIVE
VAR-0263,PROD-0255,MON-HP-Z34CG4-STD,HP Z34c G4 34-inch WQHD Curved Conferencing Display / Factory Calibrated / Tilt-Swivel-Pivot,Display Processor,N/A,N/A,N/A,N/A,"24.0"" - 49.0""",FHD / QHD / 4K / Dual QHD,Silver / Black,DisplayPort / HDMI / USB-C 90W PD,VESA Standard,Monitor,36,0.00,64000.00,76800.00,8907300000263,ACTIVE
VAR-0264,PROD-0256,MON-LEN-T24I30-STD,Lenovo ThinkVision T24i-30 23.8-inch FHD IPS Screen / Factory Calibrated / Tilt-Swivel-Pivot,Display Processor,N/A,N/A,N/A,N/A,"24.0"" - 49.0""",FHD / QHD / 4K / Dual QHD,Silver / Black,DisplayPort / HDMI / USB-C 90W PD,VESA Standard,Monitor,36,0.00,10800.00,12960.00,8907300000264,ACTIVE
VAR-0265,PROD-0257,MON-LEN-T27H30-STD,Lenovo ThinkVision T27h-30 27-inch QHD USB-C Hub Monitor / Factory Calibrated / Tilt-Swivel-Pivot,Display Processor,N/A,N/A,N/A,N/A,"24.0"" - 49.0""",FHD / QHD / 4K / Dual QHD,Silver / Black,DisplayPort / HDMI / USB-C 90W PD,VESA Standard,Monitor,36,0.00,26000.00,31200.00,8907300000265,ACTIVE
VAR-0266,PROD-0258,MON-LEN-P27U20-STD,Lenovo ThinkVision P27u-20 27-inch 4K Thunderbolt 4 Display / Factory Calibrated / Tilt-Swivel-Pivot,Display Processor,N/A,N/A,N/A,N/A,"24.0"" - 49.0""",FHD / QHD / 4K / Dual QHD,Silver / Black,DisplayPort / HDMI / USB-C 90W PD,VESA Standard,Monitor,36,0.00,49000.00,58800.00,8907300000266,ACTIVE
VAR-0267,PROD-0259,MON-LEN-P34W20-STD,Lenovo ThinkVision P34w-20 34.1-inch WQHD Curved Display / Factory Calibrated / Tilt-Swivel-Pivot,Display Processor,N/A,N/A,N/A,N/A,"24.0"" - 49.0""",FHD / QHD / 4K / Dual QHD,Silver / Black,DisplayPort / HDMI / USB-C 90W PD,VESA Standard,Monitor,36,0.00,58000.00,69600.00,8907300000267,ACTIVE
VAR-0268,PROD-0260,MON-VIEW-VP2768-STD,ViewSonic ColorPro VP2768a 27-inch Factory Calibrated QHD / Factory Calibrated / Tilt-Swivel-Pivot,Display Processor,N/A,N/A,N/A,N/A,"24.0"" - 49.0""",FHD / QHD / 4K / Dual QHD,Silver / Black,DisplayPort / HDMI / USB-C 90W PD,VESA Standard,Monitor,36,0.00,34000.00,40800.00,8907300000268,ACTIVE
VAR-0269,PROD-0261,MON-VIEW-VP3481-STD,ViewSonic ColorPro VP3481a 34-inch Curved Ultrawide USB-C / Factory Calibrated / Tilt-Swivel-Pivot,Display Processor,N/A,N/A,N/A,N/A,"24.0"" - 49.0""",FHD / QHD / 4K / Dual QHD,Silver / Black,DisplayPort / HDMI / USB-C 90W PD,VESA Standard,Monitor,36,0.00,68000.00,81600.00,8907300000269,ACTIVE
VAR-0270,PROD-0262,MON-SAM-S80PB-STD,Samsung ViewFinity S8 27-inch 4K Matte Anti-Glare Display / Factory Calibrated / Tilt-Swivel-Pivot,Display Processor,N/A,N/A,N/A,N/A,"24.0"" - 49.0""",FHD / QHD / 4K / Dual QHD,Silver / Black,DisplayPort / HDMI / USB-C 90W PD,VESA Standard,Monitor,36,0.00,36000.00,43200.00,8907300000270,ACTIVE
VAR-0271,PROD-0263,MON-SAM-S95UA-STD,Samsung ViewFinity S9 49-inch 120Hz Dual QHD Ultrawide / Factory Calibrated / Tilt-Swivel-Pivot,Display Processor,N/A,N/A,N/A,N/A,"24.0"" - 49.0""",FHD / QHD / 4K / Dual QHD,Silver / Black,DisplayPort / HDMI / USB-C 90W PD,VESA Standard,Monitor,36,0.00,112000.00,134400.00,8907300000271,ACTIVE
VAR-0272,PROD-0264,MON-ASUS-PA279C-STD,ASUS ProArt PA279CV 27-inch 4K 100% sRGB Color Grading / Factory Calibrated / Tilt-Swivel-Pivot,Display Processor,N/A,N/A,N/A,N/A,"24.0"" - 49.0""",FHD / QHD / 4K / Dual QHD,Silver / Black,DisplayPort / HDMI / USB-C 90W PD,VESA Standard,Monitor,36,0.00,39000.00,46800.00,8907300000272,ACTIVE
VAR-0273,PROD-0265,MON-ASUS-PA329C-STD,ASUS ProArt PA329CV 32-inch 4K HDR-400 Professional / Factory Calibrated / Tilt-Swivel-Pivot,Display Processor,N/A,N/A,N/A,N/A,"24.0"" - 49.0""",FHD / QHD / 4K / Dual QHD,Silver / Black,DisplayPort / HDMI / USB-C 90W PD,VESA Standard,Monitor,36,0.00,56000.00,67200.00,8907300000273,ACTIVE
VAR-0274,PROD-0266,MON-DEL-C2423H-STD,Dell C2423H 24-inch Video Conferencing FHD Display / Factory Calibrated / Tilt-Swivel-Pivot,Display Processor,N/A,N/A,N/A,N/A,"24.0"" - 49.0""",FHD / QHD / 4K / Dual QHD,Silver / Black,DisplayPort / HDMI / USB-C 90W PD,VESA Standard,Monitor,36,0.00,19500.00,23400.00,8907300000274,ACTIVE
VAR-0275,PROD-0267,MON-HP-E24MCG4-STD,HP E24m G4 23.8-inch Zoom Certified USB-C Web Display / Factory Calibrated / Tilt-Swivel-Pivot,Display Processor,N/A,N/A,N/A,N/A,"24.0"" - 49.0""",FHD / QHD / 4K / Dual QHD,Silver / Black,DisplayPort / HDMI / USB-C 90W PD,VESA Standard,Monitor,36,0.00,21000.00,25200.00,8907300000275,ACTIVE
VAR-0276,PROD-0268,MON-DEL-P3424WEB-STD,Dell P3424WEB 34-inch Curved Video Conferencing Ultrawide / Factory Calibrated / Tilt-Swivel-Pivot,Display Processor,N/A,N/A,N/A,N/A,"24.0"" - 49.0""",FHD / QHD / 4K / Dual QHD,Silver / Black,DisplayPort / HDMI / USB-C 90W PD,VESA Standard,Monitor,36,0.00,76000.00,91200.00,8907300000276,ACTIVE
VAR-0277,PROD-0269,MON-LG-29WN600-STD,LG 29WN600-W 29-inch 21:9 UltraWide Spreadsheets Display / Factory Calibrated / Tilt-Swivel-Pivot,Display Processor,N/A,N/A,N/A,N/A,"24.0"" - 49.0""",FHD / QHD / 4K / Dual QHD,Silver / Black,DisplayPort / HDMI / USB-C 90W PD,VESA Standard,Monitor,36,0.00,16500.00,19800.00,8907300000277,ACTIVE
VAR-0278,PROD-0270,UPS-APC-SRT1K-STD,APC Smart-UPS On-Line SRT 1000VA 230V 1U Rack/Tower / Sealed Lead-Acid Battery / LCD Display,Power Inverter DSP,N/A,N/A,N/A,N/A,N/A,230V Pure Sine,Black,SNMP / USB / Relay Card,Embedded Firmware,2U / 3U / Tower,24,0.00,42000.00,50400.00,8907300000278,ACTIVE
VAR-0279,PROD-0271,UPS-APC-SRT2K2-STD,APC Smart-UPS On-Line SRT 2200VA 230V 2U Rack/Tower / Sealed Lead-Acid Battery / LCD Display,Power Inverter DSP,N/A,N/A,N/A,N/A,N/A,230V Pure Sine,Black,SNMP / USB / Relay Card,Embedded Firmware,2U / 3U / Tower,24,0.00,72000.00,86400.00,8907300000279,ACTIVE
VAR-0280,PROD-0272,UPS-APC-SRT3K-STD,APC Smart-UPS On-Line SRT 3000VA 230V 2U Pure Sine-Wave / Sealed Lead-Acid Battery / LCD Display,Power Inverter DSP,N/A,N/A,N/A,N/A,N/A,230V Pure Sine,Black,SNMP / USB / Relay Card,Embedded Firmware,2U / 3U / Tower,24,0.00,98000.00,117600.00,8907300000280,ACTIVE
VAR-0281,PROD-0273,UPS-APC-SRT5K-STD,APC Smart-UPS On-Line SRT 5000VA 230V 3U Enterprise Core / Sealed Lead-Acid Battery / LCD Display,Power Inverter DSP,N/A,N/A,N/A,N/A,N/A,230V Pure Sine,Black,SNMP / USB / Relay Card,Embedded Firmware,2U / 3U / Tower,24,0.00,175000.00,210000.00,8907300000281,ACTIVE
VAR-0282,PROD-0274,UPS-APC-SRT6K-STD,APC Smart-UPS On-Line SRT 6000VA 230V 4U Server Room / Sealed Lead-Acid Battery / LCD Display,Power Inverter DSP,N/A,N/A,N/A,N/A,N/A,230V Pure Sine,Black,SNMP / USB / Relay Card,Embedded Firmware,2U / 3U / Tower,24,0.00,215000.00,258000.00,8907300000282,ACTIVE
VAR-0283,PROD-0275,UPS-APC-SRT10K-STD,APC Smart-UPS On-Line SRT 10kVA 230V 6U Datacenter Row / Sealed Lead-Acid Battery / LCD Display,Power Inverter DSP,N/A,N/A,N/A,N/A,N/A,230V Pure Sine,Black,SNMP / USB / Relay Card,Embedded Firmware,2U / 3U / Tower,24,0.00,360000.00,432000.00,8907300000283,ACTIVE
VAR-0284,PROD-0276,UPS-EAT-9PX1500-STD,Eaton 9PX 1500VA 2U Online Double-Conversion UPS / Sealed Lead-Acid Battery / LCD Display,Power Inverter DSP,N/A,N/A,N/A,N/A,N/A,230V Pure Sine,Black,SNMP / USB / Relay Card,Embedded Firmware,2U / 3U / Tower,24,0.00,48000.00,57600.00,8907300000284,ACTIVE
VAR-0285,PROD-0277,UPS-EAT-9PX3000-STD,Eaton 9PX 3000VA 2U Energy Star Certified Online UPS / Sealed Lead-Acid Battery / LCD Display,Power Inverter DSP,N/A,N/A,N/A,N/A,N/A,230V Pure Sine,Black,SNMP / USB / Relay Card,Embedded Firmware,2U / 3U / Tower,24,0.00,94000.00,112800.00,8907300000285,ACTIVE
VAR-0286,PROD-0278,UPS-EAT-9PX6000-STD,Eaton 9PX 6000VA 3U Hot-Swappable Maintenance Bypass / Sealed Lead-Acid Battery / LCD Display,Power Inverter DSP,N/A,N/A,N/A,N/A,N/A,230V Pure Sine,Black,SNMP / USB / Relay Card,Embedded Firmware,2U / 3U / Tower,24,0.00,185000.00,222000.00,8907300000286,ACTIVE
VAR-0287,PROD-0279,UPS-EAT-9PX11K-STD,Eaton 9PX 11000VA 6U Redundant Datacenter Power / Sealed Lead-Acid Battery / LCD Display,Power Inverter DSP,N/A,N/A,N/A,N/A,N/A,230V Pure Sine,Black,SNMP / USB / Relay Card,Embedded Firmware,2U / 3U / Tower,24,0.00,380000.00,456000.00,8907300000287,ACTIVE
VAR-0288,PROD-0280,UPS-VER-GXT5-1K-STD,Vertiv Liebert GXT5 1000VA 2U Online Double-Conversion / Sealed Lead-Acid Battery / LCD Display,Power Inverter DSP,N/A,N/A,N/A,N/A,N/A,230V Pure Sine,Black,SNMP / USB / Relay Card,Embedded Firmware,2U / 3U / Tower,24,0.00,39000.00,46800.00,8907300000288,ACTIVE
VAR-0289,PROD-0281,UPS-VER-GXT5-2K-STD,Vertiv Liebert GXT5 2000VA 2U High-Density Pure Sine / Sealed Lead-Acid Battery / LCD Display,Power Inverter DSP,N/A,N/A,N/A,N/A,N/A,230V Pure Sine,Black,SNMP / USB / Relay Card,Embedded Firmware,2U / 3U / Tower,24,0.00,68000.00,81600.00,8907300000289,ACTIVE
VAR-0290,PROD-0282,UPS-VER-GXT5-3K-STD,Vertiv Liebert GXT5 3000VA 2U Mission-Critical Server UPS / Sealed Lead-Acid Battery / LCD Display,Power Inverter DSP,N/A,N/A,N/A,N/A,N/A,230V Pure Sine,Black,SNMP / USB / Relay Card,Embedded Firmware,2U / 3U / Tower,24,0.00,92000.00,110400.00,8907300000290,ACTIVE
VAR-0291,PROD-0283,UPS-VER-GXT5-5K-STD,Vertiv Liebert GXT5 5000VA 5U Intelligent Power Solution / Sealed Lead-Acid Battery / LCD Display,Power Inverter DSP,N/A,N/A,N/A,N/A,N/A,230V Pure Sine,Black,SNMP / USB / Relay Card,Embedded Firmware,2U / 3U / Tower,24,0.00,168000.00,201600.00,8907300000291,ACTIVE
VAR-0292,PROD-0284,UPS-VER-GXT5-10K-STD,Vertiv Liebert GXT5 10kVA 6U Integrated Maintenance Bypass / Sealed Lead-Acid Battery / LCD Display,Power Inverter DSP,N/A,N/A,N/A,N/A,N/A,230V Pure Sine,Black,SNMP / USB / Relay Card,Embedded Firmware,2U / 3U / Tower,24,0.00,345000.00,414000.00,8907300000292,ACTIVE
VAR-0293,PROD-0285,UPS-APC-SMT1500-STD,APC Smart-UPS 1500VA LCD 230V Line-Interactive Desktop / Sealed Lead-Acid Battery / LCD Display,Power Inverter DSP,N/A,N/A,N/A,N/A,N/A,230V Pure Sine,Black,SNMP / USB / Relay Card,Embedded Firmware,2U / 3U / Tower,24,0.00,26000.00,31200.00,8907300000293,ACTIVE
VAR-0294,PROD-0286,UPS-APC-SMT2200-STD,APC Smart-UPS 2200VA LCD 230V Workstation Tower / Sealed Lead-Acid Battery / LCD Display,Power Inverter DSP,N/A,N/A,N/A,N/A,N/A,230V Pure Sine,Black,SNMP / USB / Relay Card,Embedded Firmware,2U / 3U / Tower,24,0.00,48000.00,57600.00,8907300000294,ACTIVE
VAR-0295,PROD-0287,UPS-EAT-5P1500-STD,Eaton 5P 1500VA 1U High-Density Rackmount UPS / Sealed Lead-Acid Battery / LCD Display,Power Inverter DSP,N/A,N/A,N/A,N/A,N/A,230V Pure Sine,Black,SNMP / USB / Relay Card,Embedded Firmware,2U / 3U / Tower,24,0.00,32000.00,38400.00,8907300000295,ACTIVE
VAR-0296,PROD-0288,UPS-VER-PSI5-15-STD,Vertiv Liebert PSI5 1500VA 2U AVR Enterprise Rack UPS / Sealed Lead-Acid Battery / LCD Display,Power Inverter DSP,N/A,N/A,N/A,N/A,N/A,230V Pure Sine,Black,SNMP / USB / Relay Card,Embedded Firmware,2U / 3U / Tower,24,0.00,29000.00,34800.00,8907300000296,ACTIVE
VAR-0297,PROD-0289,UPS-APC-PDU8G-STD,APC NetShelter Metered Rack PDU 16A 230V (8 Outlets) / Sealed Lead-Acid Battery / LCD Display,Power Inverter DSP,N/A,N/A,N/A,N/A,N/A,230V Pure Sine,Black,SNMP / USB / Relay Card,Embedded Firmware,2U / 3U / Tower,24,0.00,14000.00,16800.00,8907300000297,ACTIVE
VAR-0298,PROD-0290,SMP-APL-IP16P-256-BLK,iPhone 16 Pro 256GB / Black Titanium,Apple A18 Pro,8GB,256GB,NVMe,Apple 6-Core GPU,"6.3""",2622x1206 OLED 120Hz,Black Titanium,5G Sub-6 + Wi-Fi 7,iOS 18,Smartphone,12,0.00,108000.00,129900.00,8907300000298,ACTIVE
VAR-0299,PROD-0290,SMP-APL-IP16P-256-NAT,iPhone 16 Pro 256GB / Natural Titanium,Apple A18 Pro,8GB,256GB,NVMe,Apple 6-Core GPU,"6.3""",2622x1206 OLED 120Hz,Natural Titanium,5G Sub-6 + Wi-Fi 7,iOS 18,Smartphone,12,0.00,108000.00,129900.00,8907300000299,ACTIVE
VAR-0300,PROD-0291,SMP-APL-IP16PM-512-NAT,iPhone 16 Pro Max 512GB / Natural Titanium,Apple A18 Pro,8GB,512GB,NVMe,Apple 6-Core GPU,"6.9""",2868x1320 OLED 120Hz,Natural Titanium,5G Sub-6 + Wi-Fi 7,iOS 18,Smartphone,12,0.00,138000.00,164900.00,8907300000300,ACTIVE
VAR-0301,PROD-0292,SMP-APL-IP16-128-BLK,iPhone 16 128GB / Black,Apple A18,8GB,128GB,NVMe,Apple 5-Core GPU,"6.1""",2556x1179 OLED,Black,5G + Wi-Fi 7,iOS 18,Smartphone,12,0.00,68000.00,79900.00,8907300000301,ACTIVE
VAR-0302,PROD-0293,SMP-APL-IP15-128-BLK,iPhone 15 128GB / Black,Apple A16 Bionic,6GB,128GB,NVMe,Apple 5-Core GPU,"6.1""",2556x1179 OLED,Black,5G + Wi-Fi 6,iOS 17,Smartphone,12,0.00,58000.00,69900.00,8907300000302,ACTIVE
VAR-0303,PROD-0294,SMP-SAM-S24U-256-GRY,Galaxy S24 Ultra 256GB / Titanium Gray,Snapdragon 8 Gen 3,12GB,256GB,UFS 4.0,Adreno 750,"6.8""",3120x1440 AMOLED 120Hz,Titanium Gray,5G + Wi-Fi 7,Android 14 / One UI 6,Smartphone,12,0.00,108000.00,129999.00,8907300000303,ACTIVE
VAR-0304,PROD-0294,SMP-SAM-S24U-512-BLK,Galaxy S24 Ultra 512GB / Titanium Black,Snapdragon 8 Gen 3,12GB,512GB,UFS 4.0,Adreno 750,"6.8""",3120x1440 AMOLED 120Hz,Titanium Black,5G + Wi-Fi 7,Android 14 / One UI 6,Smartphone,12,14000.00,120000.00,143999.00,8907300000304,ACTIVE
VAR-0305,PROD-0295,SMP-SAM-S24-256-BLK,Galaxy S24 256GB / Onyx Black,Exynos 2400,8GB,256GB,UFS 4.0,Xclipse 940,"6.2""",2340x1080 AMOLED 120Hz,Onyx Black,5G + Wi-Fi 6E,Android 14 / One UI 6,Smartphone,12,0.00,65000.00,79999.00,8907300000305,ACTIVE
VAR-0306,PROD-0296,SMP-SAM-ZFLD5-512-BLK,Galaxy Z Fold5 512GB / Phantom Black,Snapdragon 8 Gen 2,12GB,512GB,UFS 4.0,Adreno 740,"7.6"" Foldable",2176x1812 AMOLED 120Hz,Phantom Black,5G + Wi-Fi 6E,Android 13 / One UI 5,Foldable,12,0.00,138000.00,164999.00,8907300000306,ACTIVE
VAR-0307,PROD-0297,SMP-SAM-A55-128-NVY,Galaxy A55 5G 128GB / Awesome Navy,Exynos 1480,8GB,128GB,UFS 3.1,Xclipse 530,"6.6""",2340x1080 AMOLED 120Hz,Awesome Navy,5G + Wi-Fi 6,Android 14,Smartphone,12,0.00,32000.00,39999.00,8907300000307,ACTIVE
VAR-0308,PROD-0298,SMP-GOOG-PX8P-256-OBS,Pixel 8 Pro 256GB / Obsidian,Google Tensor G3,12GB,256GB,UFS 3.1,Immortalis-G715,"6.7""",2992x1344 LTPO OLED,Obsidian,5G + Wi-Fi 7,Android 14 (Stock),Smartphone,12,0.00,88000.00,106999.00,8907300000308,ACTIVE
VAR-0309,PROD-0299,SMP-GOOG-PX8-128-HAZ,Pixel 8 128GB / Hazel,Google Tensor G3,8GB,128GB,UFS 3.1,Immortalis-G715,"6.2""",2400x1080 OLED 120Hz,Hazel,5G + Wi-Fi 7,Android 14,Smartphone,12,0.00,61000.00,75999.00,8907300000309,ACTIVE
VAR-0310,PROD-0300,SMP-ONE-12-256-BLK,OnePlus 12 256GB / Silky Black,Snapdragon 8 Gen 3,12GB,256GB,UFS 4.0,Adreno 750,"6.82""",3168x1440 AMOLED 120Hz,Silky Black,5G + Wi-Fi 7,OxygenOS 14,Smartphone,12,0.00,54000.00,64999.00,8907300000310,ACTIVE
VAR-0311,PROD-0301,SMP-ONE-12R-256-GRY,OnePlus 12R 256GB / Iron Gray,Snapdragon 8 Gen 2,16GB,256GB,UFS 3.1,Adreno 740,"6.78""",2780x1264 AMOLED,Iron Gray,5G + Wi-Fi 7,OxygenOS 14,Smartphone,12,0.00,38000.00,45999.00,8907300000311,ACTIVE
VAR-0312,PROD-0302,SMP-MOT-THINK-256-BLK,ThinkPhone 256GB / Carbon Black,Snapdragon 8+ Gen 1,8GB,256GB,UFS 3.1,Adreno 730,"6.6""",2400x1080 pOLED 144Hz,Carbon Black,5G + Wi-Fi 6E,Android 13 Enterprise,Smartphone,12,0.00,44000.00,53999.00,8907300000312,ACTIVE
VAR-0313,PROD-0303,SMP-MOT-E50P-256-BLK,Edge 50 Pro 256GB / Black Beauty,Snapdragon 7 Gen 3,12GB,256GB,UFS 2.2,Adreno 720,"6.7""",2712x1220 pOLED 144Hz,Black Beauty,5G + Wi-Fi 6E,Hello UI / Android 14,Smartphone,12,0.00,31000.00,37999.00,8907300000313,ACTIVE
VAR-0314,PROD-0304,SMP-APL-IP15P-128-BLU,iPhone 15 Pro 128GB / Blue Titanium,Apple A17 Pro,8GB,128GB,NVMe,Apple 6-Core GPU,"6.1""",2556x1179 OLED 120Hz,Blue Titanium,5G + Wi-Fi 6E,iOS 17,Smartphone,12,0.00,98000.00,119900.00,8907300000314,ACTIVE
VAR-0315,PROD-0305,SMP-SAM-S23-128-BLK,Galaxy S23 128GB / Phantom Black,Snapdragon 8 Gen 2,8GB,128GB,UFS 3.1,Adreno 740,"6.1""",2340x1080 AMOLED 120Hz,Phantom Black,5G + Wi-Fi 6E,Android 13 / One UI 5,Smartphone,12,0.00,48000.00,58999.00,8907300000315,ACTIVE
VAR-0316,PROD-0306,SMP-SAM-S24P-256-BLK,Galaxy S24+ 256GB / Cobalt Violet,Exynos 2400,12GB,256GB,UFS 4.0,Xclipse 940,"6.7""",3120x1440 AMOLED 120Hz,Cobalt Violet,5G + Wi-Fi 6E,Android 14 / One UI 6,Smartphone,12,0.00,82000.00,99999.00,8907300000316,ACTIVE
VAR-0317,PROD-0307,SMP-SAM-ZFLP5-256-GRY,Galaxy Z Flip5 256GB / Graphite,Snapdragon 8 Gen 2,8GB,256GB,UFS 4.0,Adreno 740,"6.7"" Foldable",2640x1080 AMOLED 120Hz,Graphite,5G + Wi-Fi 6E,Android 13 / One UI 5,Foldable,12,0.00,81000.00,99999.00,8907300000317,ACTIVE
VAR-0318,PROD-0308,SMP-SAM-XCOV6P-128-BLK,XCover6 Pro 128GB / Rugged Black,Snapdragon 778G,6GB,128GB,microSD up to 1TB,Adreno 642L,"6.6""",2408x1080 120Hz Wet Touch,Black Rugged,5G + Wi-Fi 6E,Android 13 Enterprise,Rugged Smartphone,24,0.00,42000.00,51999.00,8907300000318,ACTIVE
VAR-0319,PROD-0309,SMP-APL-IP16P-1TB-DSRT,iPhone 16 Pro 1TB / Desert Titanium,Apple A18 Pro,8GB,1TB,NVMe,Apple 6-Core GPU,"6.3""",2622x1206 OLED 120Hz,Desert Titanium,5G + Wi-Fi 7,iOS 18,Smartphone,12,0.00,138000.00,169900.00,8907300000319,ACTIVE
VAR-0320,PROD-0310,TAB-APL-IPAD10-STD,Apple iPad 10th Gen 10.9-inch Wi-Fi 64GB / Stylus Support / Enterprise Security,Apple M-Series / Snapdragon / Intel,8GB - 16GB,128GB - 256GB,Fast Flash,Integrated,"10.9"" - 14.6""",Retina / AMOLED High-Res,Space Grey/Silver,Wi-Fi 6E + Bluetooth 5.3,iPadOS / Android / Windows 11,Tablet Slate,12,0.00,33000.00,39900.00,8907300000320,ACTIVE
VAR-0321,PROD-0311,TAB-APL-AIR11-STD,Apple iPad Air 11-inch M2 Chip 128GB Liquid Retina / Stylus Support / Enterprise Security,Apple M-Series / Snapdragon / Intel,8GB - 16GB,128GB - 256GB,Fast Flash,Integrated,"10.9"" - 14.6""",Retina / AMOLED High-Res,Space Grey/Silver,Wi-Fi 6E + Bluetooth 5.3,iPadOS / Android / Windows 11,Tablet Slate,12,0.00,51000.00,59900.00,8907300000321,ACTIVE
VAR-0322,PROD-0312,TAB-APL-AIR13-STD,Apple iPad Air 13-inch M2 Chip 128GB Large Canvas / Stylus Support / Enterprise Security,Apple M-Series / Snapdragon / Intel,8GB - 16GB,128GB - 256GB,Fast Flash,Integrated,"10.9"" - 14.6""",Retina / AMOLED High-Res,Space Grey/Silver,Wi-Fi 6E + Bluetooth 5.3,iPadOS / Android / Windows 11,Tablet Slate,12,0.00,68000.00,79900.00,8907300000322,ACTIVE
VAR-0323,PROD-0313,TAB-APL-PRO11-STD,Apple iPad Pro 11-inch M4 Ultra-Thin Tandem OLED 256GB / Stylus Support / Enterprise Security,Apple M-Series / Snapdragon / Intel,8GB - 16GB,128GB - 256GB,Fast Flash,Integrated,"10.9"" - 14.6""",Retina / AMOLED High-Res,Space Grey/Silver,Wi-Fi 6E + Bluetooth 5.3,iPadOS / Android / Windows 11,Tablet Slate,12,0.00,85000.00,99900.00,8907300000323,ACTIVE
VAR-0324,PROD-0314,TAB-APL-PRO13-STD,Apple iPad Pro 13-inch M4 Ultra-Thin Tandem OLED 256GB / Stylus Support / Enterprise Security,Apple M-Series / Snapdragon / Intel,8GB - 16GB,128GB - 256GB,Fast Flash,Integrated,"10.9"" - 14.6""",Retina / AMOLED High-Res,Space Grey/Silver,Wi-Fi 6E + Bluetooth 5.3,iPadOS / Android / Windows 11,Tablet Slate,12,0.00,110000.00,129900.00,8907300000324,ACTIVE
VAR-0325,PROD-0315,TAB-SAM-S9-128-STD,Samsung Galaxy Tab S9 11-inch Dynamic AMOLED 2X 128GB / Stylus Support / Enterprise Security,Apple M-Series / Snapdragon / Intel,8GB - 16GB,128GB - 256GB,Fast Flash,Integrated,"10.9"" - 14.6""",Retina / AMOLED High-Res,Space Grey/Silver,Wi-Fi 6E + Bluetooth 5.3,iPadOS / Android / Windows 11,Tablet Slate,12,0.00,61000.00,72999.00,8907300000325,ACTIVE
VAR-0326,PROD-0316,TAB-SAM-S9P-256-STD,Samsung Galaxy Tab S9+ 12.4-inch AMOLED 256GB with S Pen / Stylus Support / Enterprise Security,Apple M-Series / Snapdragon / Intel,8GB - 16GB,128GB - 256GB,Fast Flash,Integrated,"10.9"" - 14.6""",Retina / AMOLED High-Res,Space Grey/Silver,Wi-Fi 6E + Bluetooth 5.3,iPadOS / Android / Windows 11,Tablet Slate,12,0.00,76000.00,90999.00,8907300000326,ACTIVE
VAR-0327,PROD-0317,TAB-SAM-S9U-256-STD,Samsung Galaxy Tab S9 Ultra 14.6-inch Laptop Alternative / Stylus Support / Enterprise Security,Apple M-Series / Snapdragon / Intel,8GB - 16GB,128GB - 256GB,Fast Flash,Integrated,"10.9"" - 14.6""",Retina / AMOLED High-Res,Space Grey/Silver,Wi-Fi 6E + Bluetooth 5.3,iPadOS / Android / Windows 11,Tablet Slate,12,0.00,92000.00,108999.00,8907300000327,ACTIVE
VAR-0328,PROD-0318,TAB-SAM-FE-128-STD,Samsung Galaxy Tab S9 FE 10.9-inch 128GB Corporate Tab / Stylus Support / Enterprise Security,Apple M-Series / Snapdragon / Intel,8GB - 16GB,128GB - 256GB,Fast Flash,Integrated,"10.9"" - 14.6""",Retina / AMOLED High-Res,Space Grey/Silver,Wi-Fi 6E + Bluetooth 5.3,iPadOS / Android / Windows 11,Tablet Slate,12,0.00,36000.00,44999.00,8907300000328,ACTIVE
VAR-0329,PROD-0319,TAB-SAM-ACT4-STD,Samsung Galaxy Tab Active4 Pro 10.1 Rugged Field Tablet / Stylus Support / Enterprise Security,Apple M-Series / Snapdragon / Intel,8GB - 16GB,128GB - 256GB,Fast Flash,Integrated,"10.9"" - 14.6""",Retina / AMOLED High-Res,Space Grey/Silver,Wi-Fi 6E + Bluetooth 5.3,iPadOS / Android / Windows 11,Tablet Slate,12,0.00,52000.00,62999.00,8907300000329,ACTIVE
VAR-0330,PROD-0320,TAB-MS-SP9-I5-STD,Microsoft Surface Pro 9 13-inch Core i5 8GB 256GB / Stylus Support / Enterprise Security,Apple M-Series / Snapdragon / Intel,8GB - 16GB,128GB - 256GB,Fast Flash,Integrated,"10.9"" - 14.6""",Retina / AMOLED High-Res,Space Grey/Silver,Wi-Fi 6E + Bluetooth 5.3,iPadOS / Android / Windows 11,Tablet Slate,12,0.00,88000.00,105999.00,8907300000330,ACTIVE
VAR-0331,PROD-0321,TAB-MS-SP10-U7-STD,Microsoft Surface Pro 10 for Business Intel Core Ultra 7 / Stylus Support / Enterprise Security,Apple M-Series / Snapdragon / Intel,8GB - 16GB,128GB - 256GB,Fast Flash,Integrated,"10.9"" - 14.6""",Retina / AMOLED High-Res,Space Grey/Silver,Wi-Fi 6E + Bluetooth 5.3,iPadOS / Android / Windows 11,Tablet Slate,12,0.00,125000.00,149999.00,8907300000331,ACTIVE
VAR-0332,PROD-0322,PRN-HP-E507DN-STD,HP LaserJet Enterprise M507dn High-Volume Monochrome / Duplex Network / Secure Pull Print,Internal Print SoC,1GB - 2GB,16GB - 32GB eMMC,Print Spool Storage,N/A,N/A,1200x1200 dpi,White/Charcoal,Gigabit Ethernet + USB,PCL6 / PostScript 3,Floor / Desktop MFP,36,0.00,48000.00,57600.00,8907300000332,ACTIVE
VAR-0333,PROD-0323,PRN-HP-E528DN-STD,HP LaserJet Enterprise MFP M528dn Secure Departmental MFP / Duplex Network / Secure Pull Print,Internal Print SoC,1GB - 2GB,16GB - 32GB eMMC,Print Spool Storage,N/A,N/A,1200x1200 dpi,White/Charcoal,Gigabit Ethernet + USB,PCL6 / PostScript 3,Floor / Desktop MFP,36,0.00,88000.00,105600.00,8907300000333,ACTIVE
VAR-0334,PROD-0324,PRN-HP-E555DN-STD,HP Color LaserJet Enterprise M555dn Workgroup Printer / Duplex Network / Secure Pull Print,Internal Print SoC,1GB - 2GB,16GB - 32GB eMMC,Print Spool Storage,N/A,N/A,1200x1200 dpi,White/Charcoal,Gigabit Ethernet + USB,PCL6 / PostScript 3,Floor / Desktop MFP,36,0.00,72000.00,86400.00,8907300000334,ACTIVE
VAR-0335,PROD-0325,PRN-HP-E578DN-STD,HP Color LaserJet Enterprise MFP M578dn A4 Multifunction / Duplex Network / Secure Pull Print,Internal Print SoC,1GB - 2GB,16GB - 32GB eMMC,Print Spool Storage,N/A,N/A,1200x1200 dpi,White/Charcoal,Gigabit Ethernet + USB,PCL6 / PostScript 3,Floor / Desktop MFP,36,0.00,125000.00,150000.00,8907300000335,ACTIVE
VAR-0336,PROD-0326,PRN-CAN-2625I-STD,Canon imageRUNNER 2625i A3 Monochrome Departmental Copier / Duplex Network / Secure Pull Print,Internal Print SoC,1GB - 2GB,16GB - 32GB eMMC,Print Spool Storage,N/A,N/A,1200x1200 dpi,White/Charcoal,Gigabit Ethernet + USB,PCL6 / PostScript 3,Floor / Desktop MFP,36,0.00,135000.00,162000.00,8907300000336,ACTIVE
VAR-0337,PROD-0327,PRN-CAN-C3226-STD,Canon imageRUNNER C3226i A3 Color Multifunction Photocopier / Duplex Network / Secure Pull Print,Internal Print SoC,1GB - 2GB,16GB - 32GB eMMC,Print Spool Storage,N/A,N/A,1200x1200 dpi,White/Charcoal,Gigabit Ethernet + USB,PCL6 / PostScript 3,Floor / Desktop MFP,36,0.00,195000.00,234000.00,8907300000337,ACTIVE
VAR-0338,PROD-0328,PRN-BRO-L6400-STD,Brother HL-L6400DW Enterprise Workgroup Monochrome Laser / Duplex Network / Secure Pull Print,Internal Print SoC,1GB - 2GB,16GB - 32GB eMMC,Print Spool Storage,N/A,N/A,1200x1200 dpi,White/Charcoal,Gigabit Ethernet + USB,PCL6 / PostScript 3,Floor / Desktop MFP,36,0.00,42000.00,50400.00,8907300000338,ACTIVE
VAR-0339,PROD-0329,PRN-BRO-L6900-STD,Brother MFC-L6900DW Enterprise High-Speed All-in-One MFP / Duplex Network / Secure Pull Print,Internal Print SoC,1GB - 2GB,16GB - 32GB eMMC,Print Spool Storage,N/A,N/A,1200x1200 dpi,White/Charcoal,Gigabit Ethernet + USB,PCL6 / PostScript 3,Floor / Desktop MFP,36,0.00,68000.00,81600.00,8907300000339,ACTIVE
VAR-0340,PROD-0330,PRN-EPS-C579R-STD,Epson WorkForce Pro WF-C579R Replaceable Ink Pack MFP / Duplex Network / Secure Pull Print,Internal Print SoC,1GB - 2GB,16GB - 32GB eMMC,Print Spool Storage,N/A,N/A,1200x1200 dpi,White/Charcoal,Gigabit Ethernet + USB,PCL6 / PostScript 3,Floor / Desktop MFP,36,0.00,54000.00,64800.00,8907300000340,ACTIVE
VAR-0341,PROD-0331,PRN-CAN-LBP226-STD,Canon imageCLASS LBP226dw Compact Corporate Laser Printer / Duplex Network / Secure Pull Print,Internal Print SoC,1GB - 2GB,16GB - 32GB eMMC,Print Spool Storage,N/A,N/A,1200x1200 dpi,White/Charcoal,Gigabit Ethernet + USB,PCL6 / PostScript 3,Floor / Desktop MFP,36,0.00,24000.00,28800.00,8907300000341,ACTIVE
VAR-0342,PROD-0332,COL-LOG-RALLY-STD,Logitech Rally Plus Ultra-HD Modular Conference System / Teams & Zoom Certified / Table Mic Included,DSP Acoustic Audio Processor,4GB,32GB,Solid State,Integrated 4K,N/A,4K Ultra HD 60fps,Anthracite/Black,HDMI Dual Out + Gigabit Ethernet,Teams Rooms / Zoom Rooms / Webex,Wall Mount / Tabletop,24,0.00,240000.00,288000.00,8907300000342,ACTIVE
VAR-0343,PROD-0333,COL-LOG-RBAR-STD,Logitech Rally Bar All-in-One 4K Video Bar with AI Viewfinder / Teams & Zoom Certified / Table Mic Included,DSP Acoustic Audio Processor,4GB,32GB,Solid State,Integrated 4K,N/A,4K Ultra HD 60fps,Anthracite/Black,HDMI Dual Out + Gigabit Ethernet,Teams Rooms / Zoom Rooms / Webex,Wall Mount / Tabletop,24,0.00,280000.00,336000.00,8907300000343,ACTIVE
VAR-0344,PROD-0334,COL-LOG-RMINI-STD,Logitech Rally Bar Mini Huddle Room 4K Video Bar / Teams & Zoom Certified / Table Mic Included,DSP Acoustic Audio Processor,4GB,32GB,Solid State,Integrated 4K,N/A,4K Ultra HD 60fps,Anthracite/Black,HDMI Dual Out + Gigabit Ethernet,Teams Rooms / Zoom Rooms / Webex,Wall Mount / Tabletop,24,0.00,195000.00,234000.00,8907300000344,ACTIVE
VAR-0345,PROD-0335,COL-LOG-MEET-STD,Logitech MeetUp 4K Ultra-Wide 120-degree ConferenceCam / Teams & Zoom Certified / Table Mic Included,DSP Acoustic Audio Processor,4GB,32GB,Solid State,Integrated 4K,N/A,4K Ultra HD 60fps,Anthracite/Black,HDMI Dual Out + Gigabit Ethernet,Teams Rooms / Zoom Rooms / Webex,Wall Mount / Tabletop,24,0.00,62000.00,74400.00,8907300000345,ACTIVE
VAR-0346,PROD-0336,COL-LOG-TAP-STD,Logitech Tap Touch Controller for Microsoft Teams Rooms / Teams & Zoom Certified / Table Mic Included,DSP Acoustic Audio Processor,4GB,32GB,Solid State,Integrated 4K,N/A,4K Ultra HD 60fps,Anthracite/Black,HDMI Dual Out + Gigabit Ethernet,Teams Rooms / Zoom Rooms / Webex,Wall Mount / Tabletop,24,0.00,72000.00,86400.00,8907300000346,ACTIVE
VAR-0347,PROD-0337,COL-PLY-X50-STD,Poly Studio X50 4K All-in-One Video Bar with Dual Display Support / Teams & Zoom Certified / Table Mic Included,DSP Acoustic Audio Processor,4GB,32GB,Solid State,Integrated 4K,N/A,4K Ultra HD 60fps,Anthracite/Black,HDMI Dual Out + Gigabit Ethernet,Teams Rooms / Zoom Rooms / Webex,Wall Mount / Tabletop,24,0.00,250000.00,300000.00,8907300000347,ACTIVE
VAR-0348,PROD-0338,COL-PLY-X70-STD,Poly Studio X70 Large Boardroom Dual 4K Sensor Video Bar / Teams & Zoom Certified / Table Mic Included,DSP Acoustic Audio Processor,4GB,32GB,Solid State,Integrated 4K,N/A,4K Ultra HD 60fps,Anthracite/Black,HDMI Dual Out + Gigabit Ethernet,Teams Rooms / Zoom Rooms / Webex,Wall Mount / Tabletop,24,0.00,380000.00,456000.00,8907300000348,ACTIVE
VAR-0349,PROD-0339,COL-PLY-TC8-STD,Poly TC8 8-inch High-Resolution Touch Control Pad / Teams & Zoom Certified / Table Mic Included,DSP Acoustic Audio Processor,4GB,32GB,Solid State,Integrated 4K,N/A,4K Ultra HD 60fps,Anthracite/Black,HDMI Dual Out + Gigabit Ethernet,Teams Rooms / Zoom Rooms / Webex,Wall Mount / Tabletop,24,0.00,58000.00,69600.00,8907300000349,ACTIVE
VAR-0350,PROD-0340,COL-CIS-ROOMMINI-STD,Cisco Webex Room Kit Mini 4K Boardroom Video Endpoint / Teams & Zoom Certified / Table Mic Included,DSP Acoustic Audio Processor,4GB,32GB,Solid State,Integrated 4K,N/A,4K Ultra HD 60fps,Anthracite/Black,HDMI Dual Out + Gigabit Ethernet,Teams Rooms / Zoom Rooms / Webex,Wall Mount / Tabletop,24,0.00,295000.00,354000.00,8907300000350,ACTIVE
VAR-0351,PROD-0341,COL-CIS-ROOMPLS-STD,Cisco Webex Room Kit Plus Quad Camera Conference System / Teams & Zoom Certified / Table Mic Included,DSP Acoustic Audio Processor,4GB,32GB,Solid State,Integrated 4K,N/A,4K Ultra HD 60fps,Anthracite/Black,HDMI Dual Out + Gigabit Ethernet,Teams Rooms / Zoom Rooms / Webex,Wall Mount / Tabletop,24,0.00,680000.00,816000.00,8907300000351,ACTIVE
VAR-0352,PROD-0342,ACC-DEL-WD19S-STD,Dell WD19S 180W High-Speed USB-C Business Docking Station / Commercial Retail Pack,Embedded Controller,N/A,N/A,N/A,N/A,N/A,N/A,Matte Black / Charcoal,USB-C / Thunderbolt / Bluetooth,Universal Plug-and-Play,Accessory,24,0.00,14500.00,17400.00,8907300000352,ACTIVE
VAR-0353,PROD-0343,ACC-DEL-WD22TB4-STD,Dell WD22TB4 Thunderbolt 4 Modular Dual 4K 180W Dock / Commercial Retail Pack,Embedded Controller,N/A,N/A,N/A,N/A,N/A,N/A,Matte Black / Charcoal,USB-C / Thunderbolt / Bluetooth,Universal Plug-and-Play,Accessory,24,0.00,22500.00,27000.00,8907300000353,ACTIVE
VAR-0354,PROD-0344,ACC-DEL-UD22-STD,Dell Universal Dock UD22 DisplayLink Quad 4K USB-C Dock / Commercial Retail Pack,Embedded Controller,N/A,N/A,N/A,N/A,N/A,N/A,Matte Black / Charcoal,USB-C / Thunderbolt / Bluetooth,Universal Plug-and-Play,Accessory,24,0.00,18500.00,22200.00,8907300000354,ACTIVE
VAR-0355,PROD-0345,ACC-LEN-TB4DOCK-STD,Lenovo ThinkPad Universal Thunderbolt 4 Dock 100W / Commercial Retail Pack,Embedded Controller,N/A,N/A,N/A,N/A,N/A,N/A,Matte Black / Charcoal,USB-C / Thunderbolt / Bluetooth,Universal Plug-and-Play,Accessory,24,0.00,21000.00,25200.00,8907300000355,ACTIVE
VAR-0356,PROD-0346,ACC-LEN-USBCDOCK-STD,Lenovo ThinkPad Universal USB-C Dock v2 Triple Display / Commercial Retail Pack,Embedded Controller,N/A,N/A,N/A,N/A,N/A,N/A,Matte Black / Charcoal,USB-C / Thunderbolt / Bluetooth,Universal Plug-and-Play,Accessory,24,0.00,13500.00,16200.00,8907300000356,ACTIVE
VAR-0357,PROD-0347,ACC-HP-TBG4-STD,HP Thunderbolt Dock 120W G4 with Sure Start Security / Commercial Retail Pack,Embedded Controller,N/A,N/A,N/A,N/A,N/A,N/A,Matte Black / Charcoal,USB-C / Thunderbolt / Bluetooth,Universal Plug-and-Play,Accessory,24,0.00,19500.00,23400.00,8907300000357,ACTIVE
VAR-0358,PROD-0348,ACC-ANK-737C-STD,Anker 737 GaNPrime 120W Multi-Port Fast Wall Charger / Commercial Retail Pack,Embedded Controller,N/A,N/A,N/A,N/A,N/A,N/A,Matte Black / Charcoal,USB-C / Thunderbolt / Bluetooth,Universal Plug-and-Play,Accessory,24,0.00,6500.00,7800.00,8907300000358,ACTIVE
VAR-0359,PROD-0349,ACC-ANK-PB24K-STD,Anker 737 24000mAh 140W Portable Power Bank with Display / Commercial Retail Pack,Embedded Controller,N/A,N/A,N/A,N/A,N/A,N/A,Matte Black / Charcoal,USB-C / Thunderbolt / Bluetooth,Universal Plug-and-Play,Accessory,24,0.00,11000.00,13200.00,8907300000359,ACTIVE
VAR-0360,PROD-0350,ACC-LOG-MXM3S-STD,Logitech MX Master 3S Performance Wireless Ergonomic Mouse / Commercial Retail Pack,Embedded Controller,N/A,N/A,N/A,N/A,N/A,N/A,Matte Black / Charcoal,USB-C / Thunderbolt / Bluetooth,Universal Plug-and-Play,Accessory,24,0.00,7500.00,9000.00,8907300000360,ACTIVE
VAR-0361,PROD-0351,ACC-LOG-MXKEYS-STD,Logitech MX Keys S Advanced Illuminated Wireless Keyboard / Commercial Retail Pack,Embedded Controller,N/A,N/A,N/A,N/A,N/A,N/A,Matte Black / Charcoal,USB-C / Thunderbolt / Bluetooth,Universal Plug-and-Play,Accessory,24,0.00,8800.00,10560.00,8907300000361,ACTIVE
VAR-0362,PROD-0352,ACC-LOG-MK370-STD,Logitech MK370 Combo for Business Silent Wireless Set / Commercial Retail Pack,Embedded Controller,N/A,N/A,N/A,N/A,N/A,N/A,Matte Black / Charcoal,USB-C / Thunderbolt / Bluetooth,Universal Plug-and-Play,Accessory,24,0.00,2800.00,3360.00,8907300000362,ACTIVE
VAR-0363,PROD-0353,ACC-JAB-EV265-STD,Jabra Evolve2 65 MS Wireless Noise-Cancelling Headset / Commercial Retail Pack,Embedded Controller,N/A,N/A,N/A,N/A,N/A,N/A,Matte Black / Charcoal,USB-C / Thunderbolt / Bluetooth,Universal Plug-and-Play,Accessory,24,0.00,15500.00,18600.00,8907300000363,ACTIVE
VAR-0364,PROD-0354,ACC-JAB-EV275-STD,Jabra Evolve2 75 Advanced ANC Hybrid Work Bluetooth Headset / Commercial Retail Pack,Embedded Controller,N/A,N/A,N/A,N/A,N/A,N/A,Matte Black / Charcoal,USB-C / Thunderbolt / Bluetooth,Universal Plug-and-Play,Accessory,24,0.00,24000.00,28800.00,8907300000364,ACTIVE
VAR-0365,PROD-0355,ACC-JAB-EV285-STD,Jabra Evolve2 85 Over-Ear Executive ANC Wireless Headset / Commercial Retail Pack,Embedded Controller,N/A,N/A,N/A,N/A,N/A,N/A,Matte Black / Charcoal,USB-C / Thunderbolt / Bluetooth,Universal Plug-and-Play,Accessory,24,0.00,34000.00,40800.00,8907300000365,ACTIVE
VAR-0366,PROD-0356,ACC-PLY-VOY4320-STD,Poly Voyager Focus 2 UC Stereo ANC Wireless Bluetooth Headset / Commercial Retail Pack,Embedded Controller,N/A,N/A,N/A,N/A,N/A,N/A,Matte Black / Charcoal,USB-C / Thunderbolt / Bluetooth,Universal Plug-and-Play,Accessory,24,0.00,18000.00,21600.00,8907300000366,ACTIVE
VAR-0367,PROD-0357,ACC-LOG-BRIO-STD,Logitech Brio 4K Ultra HD HDR Webcam with RightLight 3 / Commercial Retail Pack,Embedded Controller,N/A,N/A,N/A,N/A,N/A,N/A,Matte Black / Charcoal,USB-C / Thunderbolt / Bluetooth,Universal Plug-and-Play,Accessory,24,0.00,16500.00,19800.00,8907300000367,ACTIVE
VAR-0368,PROD-0358,ACC-DEL-ECO15-STD,Dell EcoLoop Pro Backpack 15-inch Ballistic Nylon / Commercial Retail Pack,Embedded Controller,N/A,N/A,N/A,N/A,N/A,N/A,Matte Black / Charcoal,USB-C / Thunderbolt / Bluetooth,Universal Plug-and-Play,Accessory,24,0.00,3200.00,3840.00,8907300000368,ACTIVE
VAR-0369,PROD-0359,ACC-LEN-BP15-STD,Lenovo ThinkPad Professional 15.6-inch Backpack / Commercial Retail Pack,Embedded Controller,N/A,N/A,N/A,N/A,N/A,N/A,Matte Black / Charcoal,USB-C / Thunderbolt / Bluetooth,Universal Plug-and-Play,Accessory,24,0.00,2900.00,3480.00,8907300000369,ACTIVE
VAR-0370,PROD-0360,ACC-TARG-15-STD,Targus CityLite Pro 15.6 Security Corporate Backpack / Commercial Retail Pack,Embedded Controller,N/A,N/A,N/A,N/A,N/A,N/A,Matte Black / Charcoal,USB-C / Thunderbolt / Bluetooth,Universal Plug-and-Play,Accessory,24,0.00,3600.00,4320.00,8907300000370,ACTIVE
VAR-0371,PROD-0361,ACC-DEL-MS5320W-STD,Dell Multi-Device Wireless Mouse MS5320W Bluetooth/2.4G / Commercial Retail Pack,Embedded Controller,N/A,N/A,N/A,N/A,N/A,N/A,Matte Black / Charcoal,USB-C / Thunderbolt / Bluetooth,Universal Plug-and-Play,Accessory,24,0.00,2400.00,2880.00,8907300000371,ACTIVE
VAR-0372,PROD-0002,LAP-DEL-5540-I7-16-512-32G-1TB,Core i7-1355U / 32GB DDR5 / 1TB NVMe / Win 11 Pro,Intel Core i7-1355U,32GB DDR5,1TB,NVMe PCIe 4.0,Intel Iris Xe,"15.6""",1920x1080 FHD,Titan Grey,Wi-Fi 6E + BT 5.3,Windows 11 Pro,Clamshell,36,19580.00,89272.40,108580.00,8907300000373,ACTIVE
VAR-0373,PROD-0005,LAP-DEL-9440-I7-32-1TB-32G-1TB,Core i7-1370P / 32GB DDR5 / 1TB NVMe / Win 11 Pro,Intel Core i7-1370P vPro,32GB DDR5,1TB,NVMe PCIe 4.0,Intel Iris Xe,"14.0""",2560x1600 QHD+ Touch,Graphite CNC,Wi-Fi 6E + 5G LTE,Windows 11 Pro,Convertible,36,40700.00,186746.00,225700.00,8907300000374,ACTIVE
VAR-0374,PROD-0006,LAP-DEL-XPS14-U7-32-1TB-32G-1TB,Core Ultra 7 / 32GB DDR5 / 1TB NVMe / Win 11 Pro,Intel Core Ultra 7 155H,32GB DDR5,1TB,NVMe Gen4,NVIDIA RTX 4050 6GB,"14.5""",3200x2000 3.2K OLED,Platinum Silver,Wi-Fi 7 + BT 5.4,Windows 11 Pro,Ultrabook,36,46200.00,211036.00,256200.00,8907300000375,ACTIVE
VAR-0375,PROD-0007,LAP-DEL-XPS16-U9-64-2TB-32G-1TB,Core Ultra 9 / 32GB DDR5 / 1TB NVMe / Win 11 Pro,Intel Core Ultra 9 185H,32GB DDR5,1TB,NVMe Gen4,NVIDIA RTX 4070 8GB,"16.3""",3840x2400 4K+ OLED,Graphite,Wi-Fi 7 + BT 5.4,Windows 11 Pro,Workstation,36,59400.00,271332.00,329400.00,8907300000376,ACTIVE
VAR-0376,PROD-0010,LAP-LEN-X1C11-I7-32-1TB-32G-1TB,Core i7-1365U / 32GB DDR5 / 1TB NVMe / Win 11 Pro,Intel Core i7-1365U vPro,32GB DDR5,1TB,NVMe PCIe 4.0,Intel Iris Xe,"14.0""",2880x1800 2.8K OLED,Carbon Fiber Weave,Wi-Fi 6E + 4G LTE,Windows 11 Pro,Ultrabook,36,38500.00,175030.00,213500.00,8907300000377,ACTIVE
VAR-0377,PROD-0011,LAP-LEN-X1C12-U7-32-1TB-32G-1TB,Core Ultra 7 / 32GB DDR5 / 1TB NVMe / Win 11 Pro,Intel Core Ultra 7 165H,32GB DDR5,1TB,NVMe Gen4,Intel Arc Graphics,"14.0""",2880x1800 120Hz OLED,Black Eclipse,Wi-Fi 7 + BT 5.4,Windows 11 Pro,Ultrabook,36,44440.00,202663.20,246440.00,8907300000378,ACTIVE
VAR-0378,PROD-0012,LAP-LEN-X1Y8-I7-32-1TB-32G-1TB,Core i7-1370P / 32GB DDR5 / 1TB NVMe / Win 11 Pro,Intel Core i7-1370P vPro,32GB DDR5,1TB,NVMe PCIe 4.0,Intel Iris Xe,"14.0""",3840x2400 4K OLED Touch,Storm Grey CNC,Wi-Fi 6E + BT 5.3,Windows 11 Pro,Convertible,36,40040.00,183231.20,222040.00,8907300000379,ACTIVE
VAR-0379,PROD-0013,LAP-LEN-P14S-R7-32-1TB-32G-1TB,Ryzen 7 Pro / 32GB DDR5 / 1TB NVMe / Win 11 Pro,AMD Ryzen 7 Pro 7840U,32GB DDR5,1TB,NVMe PCIe 4.0,AMD Radeon 780M,"14.0""",2880x1800 2.8K OLED,Thunder Black,Wi-Fi 6E + BT 5.3,Windows 11 Pro,Mobile Workstation,36,27720.00,126621.60,153720.00,8907300000380,ACTIVE
VAR-0380,PROD-0014,LAP-LEN-P1G6-I9-64-2TB-32G-1TB,Core i9-13900H / 32GB DDR5 / 1TB NVMe / Win 11 Pro,Intel Core i9-13900H,32GB DDR5,1TB,NVMe Gen4 Performance,NVIDIA RTX 4080 12GB,"16.0""",2560x1600 165Hz,Carbon Fiber Weave,Wi-Fi 6E + BT 5.3,Windows 11 Pro,Workstation,36,63360.00,289420.80,351360.00,8907300000381,ACTIVE
VAR-0381,PROD-0015,LAP-HP-EB840G10-I5-16-512-32G-1TB,Core i5-1335U / 32GB DDR5 / 1TB NVMe / Win 11 Pro,Intel Core i5-1335U,32GB DDR5,1TB,NVMe PCIe 4.0,Intel Iris Xe,"14.0""",1920x1200 WUXGA,Natural Silver,Wi-Fi 6E + BT 5.3,Windows 11 Pro,Clamshell,36,18700.00,85586.00,103700.00,8907300000382,ACTIVE
VAR-0382,PROD-0016,LAP-HP-EB840G11-U7-32-1TB-32G-1TB,Core Ultra 7 / 32GB DDR5 / 1TB NVMe / Win 11 Pro,Intel Core Ultra 7 155H,32GB DDR5,1TB,NVMe Gen4,Intel Arc Graphics,"14.0""",2560x1600 2.5K 120Hz,Pike Silver,Wi-Fi 7 + BT 5.4,Windows 11 Pro,Ultrabook,36,31240.00,142367.20,173240.00,8907300000383,ACTIVE
VAR-0383,PROD-0017,LAP-HP-EB1040G10-I7-32-1TB-32G-1TB,Core i7-1365U / 32GB DDR5 / 1TB NVMe / Win 11 Pro,Intel Core i7-1365U vPro,32GB DDR5,1TB,NVMe PCIe 4.0,Intel Iris Xe,"14.0""",1920x1200 Privacy Screen,Pike Silver,Wi-Fi 6E + 4G LTE,Windows 11 Pro,Ultrabook,36,33000.00,150740.00,183000.00,8907300000384,ACTIVE
VAR-0384,PROD-0018,LAP-HP-DFLYG4-I7-32-1TB-32G-1TB,Core i7-1365U / 32GB DDR5 / 1TB NVMe / Win 11 Pro,Intel Core i7-1365U vPro,32GB DDR5,1TB,NVMe PCIe 4.0,Intel Iris Xe,"13.5""",3000x2000 3:2 OLED,Slate Blue Magnesium,Wi-Fi 6E + 5G LTE,Windows 11 Pro,Ultrabook,36,42240.00,192947.20,234240.00,8907300000385,ACTIVE
VAR-0385,PROD-0019,LAP-HP-ZBOOK16G10-I7-32-1TB-32G-1TB,Core i7-13800H / 32GB DDR5 / 1TB NVMe / Win 11 Pro,Intel Core i7-13800H vPro,32GB DDR5,1TB,NVMe Gen4,NVIDIA RTX 2000 Ada 8GB,"16.0""",2560x1600 QHD+,Dark Ash Silver,Wi-Fi 6E + BT 5.3,Windows 11 Pro,Workstation,36,43560.00,198976.80,241560.00,8907300000386,ACTIVE
VAR-0386,PROD-0021,LAP-APL-MBA15-M3-16-512-SGR-32G-1TB,M3 / 32GB DDR5 / 1TB NVMe / Win 11 Pro,Apple M3 (8C CPU / 10C GPU),32GB DDR5,1TB,Apple Unified NVMe,Apple 10-Core GPU,"15.3""",2880x1864 Retina,Space Grey,Wi-Fi 6E + MagSafe 3,macOS Sonoma,Ultrabook,36,31878.00,149864.84,176778.00,8907300000387,ACTIVE
VAR-0387,PROD-0024,LAP-ASUS-B9403-I7-32-1TB-32G-1TB,Core i7-1355U / 32GB DDR5 / 1TB NVMe / Win 11 Pro,Intel Core i7-1355U vPro,32GB DDR5,1TB,NVMe PCIe 4.0,Intel Iris Xe,"14.0""",2880x1800 2.8K OLED,Star Black,Wi-Fi 6E + BT 5.3,Windows 11 Pro,Ultrabook,36,34760.00,159112.80,192760.00,8907300000388,ACTIVE
VAR-0388,PROD-0025,LAP-ACER-TMP6-I7-16-1TB-32G-1TB,Core i7-1355U / 32GB DDR5 / 1TB NVMe / Win 11 Pro,Intel Core i7-1355U,32GB DDR5,1TB,NVMe PCIe 4.0,Intel Iris Xe,"14.0""",2880x1800 OLED,Iron Black,Wi-Fi 6E + 5G,Windows 11 Pro,Ultrabook,36,25080.00,114562.40,139080.00,8907300000389,ACTIVE
VAR-0389,PROD-0026,LAP-DEL-5340-16-512-32G-1TB,Dell Latitude 5340 13.3-inch Ultra-Portable / 32GB DDR5 / 1TB NVMe / Win 11 Pro,Intel/AMD Multi-Core,32GB DDR5,1TB,NVMe Gen4,Integrated,"14.0""",1920x1200 FHD+,Matte Black/Silver,Wi-Fi 6E + BT,Windows 11 Pro,Clamshell,36,17160.00,78384.80,95160.00,8907300000390,ACTIVE
VAR-0390,PROD-0027,LAP-DEL-5450-16-512-32G-1TB,Dell Latitude 5450 Core Ultra 5 Mainstream / 32GB DDR5 / 1TB NVMe / Win 11 Pro,Intel/AMD Multi-Core,32GB DDR5,1TB,NVMe Gen4,Integrated,"14.0""",1920x1200 FHD+,Matte Black/Silver,Wi-Fi 6E + BT,Windows 11 Pro,Clamshell,36,20020.00,91615.60,111020.00,8907300000391,ACTIVE
VAR-0391,PROD-0028,LAP-DEL-7340-16-512-32G-1TB,Dell Latitude 7340 13.3-inch Executive Lightweight / 32GB DDR5 / 1TB NVMe / Win 11 Pro,Intel/AMD Multi-Core,32GB DDR5,1TB,NVMe Gen4,Integrated,"14.0""",1920x1200 FHD+,Matte Black/Silver,Wi-Fi 6E + BT,Windows 11 Pro,Clamshell,36,24860.00,113390.80,137860.00,8907300000392,ACTIVE
VAR-0392,PROD-0029,LAP-DEL-7650-16-512-32G-1TB,Dell Latitude 7650 16-inch Executive Spreadsheets / 32GB DDR5 / 1TB NVMe / Win 11 Pro,Intel/AMD Multi-Core,32GB DDR5,1TB,NVMe Gen4,Integrated,"14.0""",1920x1200 FHD+,Matte Black/Silver,Wi-Fi 6E + BT,Windows 11 Pro,Clamshell,36,28600.00,130308.00,158600.00,8907300000393,ACTIVE
VAR-0393,PROD-0030,LAP-LEN-E14G5-16-512-32G-1TB,Lenovo ThinkPad E14 Gen 5 SMB Corporate / 32GB DDR5 / 1TB NVMe / Win 11 Pro,Intel/AMD Multi-Core,32GB DDR5,1TB,NVMe Gen4,Integrated,"14.0""",1920x1200 FHD+,Matte Black/Silver,Wi-Fi 6E + BT,Windows 11 Pro,Clamshell,36,13640.00,62639.20,75640.00,8907300000394,ACTIVE
VAR-0394,PROD-0031,LAP-LEN-E16G1-16-512-32G-1TB,Lenovo ThinkPad E16 Gen 1 Finance Desktop Alternative / 32GB DDR5 / 1TB NVMe / Win 11 Pro,Intel/AMD Multi-Core,32GB DDR5,1TB,NVMe Gen4,Integrated,"14.0""",1920x1200 FHD+,Matte Black/Silver,Wi-Fi 6E + BT,Windows 11 Pro,Clamshell,36,14740.00,67497.20,81740.00,8907300000395,ACTIVE
VAR-0395,PROD-0032,LAP-LEN-L14G4-16-512-32G-1TB,Lenovo ThinkPad L14 Gen 4 Enterprise Deployment / 32GB DDR5 / 1TB NVMe / Win 11 Pro,Intel/AMD Multi-Core,32GB DDR5,1TB,NVMe Gen4,Integrated,"14.0""",1920x1200 FHD+,Matte Black/Silver,Wi-Fi 6E + BT,Windows 11 Pro,Clamshell,36,16280.00,74698.40,90280.00,8907300000396,ACTIVE
VAR-0396,PROD-0033,LAP-LEN-T16G2-16-512-32G-1TB,Lenovo ThinkPad T16 Gen 2 16.0 Large Screen / 32GB DDR5 / 1TB NVMe / Win 11 Pro,Intel/AMD Multi-Core,32GB DDR5,1TB,NVMe Gen4,Integrated,"14.0""",1920x1200 FHD+,Matte Black/Silver,Wi-Fi 6E + BT,Windows 11 Pro,Clamshell,36,21560.00,98816.80,119560.00,8907300000397,ACTIVE
VAR-0397,PROD-0034,LAP-LEN-P16SG2-16-512-32G-1TB,Lenovo ThinkPad P16s Gen 2 Mobile CAD Workstation / 32GB DDR5 / 1TB NVMe / Win 11 Pro,Intel/AMD Multi-Core,32GB DDR5,1TB,NVMe Gen4,Integrated,"14.0""",1920x1200 FHD+,Matte Black/Silver,Wi-Fi 6E + BT,Windows 11 Pro,Clamshell,36,29480.00,134994.40,163480.00,8907300000398,ACTIVE
VAR-0398,PROD-0035,LAP-LEN-Z13G2-16-512-32G-1TB,Lenovo ThinkPad Z13 Gen 2 Sustainable Bronze / 32GB DDR5 / 1TB NVMe / Win 11 Pro,Intel/AMD Multi-Core,32GB DDR5,1TB,NVMe Gen4,Integrated,"14.0""",1920x1200 FHD+,Matte Black/Silver,Wi-Fi 6E + BT,Windows 11 Pro,Clamshell,36,33000.00,150740.00,183000.00,8907300000399,ACTIVE
VAR-0399,PROD-0036,LAP-HP-EB860G10-16-512-32G-1TB,HP EliteBook 860 G10 16.0 Corporate Numeric / 32GB DDR5 / 1TB NVMe / Win 11 Pro,Intel/AMD Multi-Core,32GB DDR5,1TB,NVMe Gen4,Integrated,"14.0""",1920x1200 FHD+,Matte Black/Silver,Wi-Fi 6E + BT,Windows 11 Pro,Clamshell,36,20680.00,94130.40,114680.00,8907300000400,ACTIVE
VAR-0400,PROD-0037,LAP-HP-PB440G10-16-512-32G-1TB,HP ProBook 440 G10 Commercial Fleet Notebook / 32GB DDR5 / 1TB NVMe / Win 11 Pro,Intel/AMD Multi-Core,32GB DDR5,1TB,NVMe Gen4,Integrated,"14.0""",1920x1200 FHD+,Matte Black/Silver,Wi-Fi 6E + BT,Windows 11 Pro,Clamshell,36,14300.00,65154.00,79300.00,8907300000401,ACTIVE
VAR-0401,PROD-0038,LAP-HP-PB450G10-16-512-32G-1TB,HP ProBook 450 G10 15.6 Mainstream Business / 32GB DDR5 / 1TB NVMe / Win 11 Pro,Intel/AMD Multi-Core,32GB DDR5,1TB,NVMe Gen4,Integrated,"14.0""",1920x1200 FHD+,Matte Black/Silver,Wi-Fi 6E + BT,Windows 11 Pro,Clamshell,36,15400.00,70012.00,85400.00,8907300000402,ACTIVE
VAR-0402,PROD-0039,LAP-HP-ZBSTUDIO-16-512-32G-1TB,HP ZBook Studio G10 Thin Creative Workstation / 32GB DDR5 / 1TB NVMe / Win 11 Pro,Intel/AMD Multi-Core,32GB DDR5,1TB,NVMe Gen4,Integrated,"14.0""",1920x1200 FHD+,Matte Black/Silver,Wi-Fi 6E + BT,Windows 11 Pro,Clamshell,36,51700.00,235326.00,286700.00,8907300000403,ACTIVE
VAR-0403,PROD-0040,LAP-HP-ZBFURY-16-512-32G-1TB,HP ZBook Fury 16 G10 Desktop Replacement / 32GB DDR5 / 1TB NVMe / Win 11 Pro,Intel/AMD Multi-Core,32GB DDR5,1TB,NVMe Gen4,Integrated,"14.0""",1920x1200 FHD+,Matte Black/Silver,Wi-Fi 6E + BT,Windows 11 Pro,Clamshell,36,68640.00,313539.20,380640.00,8907300000404,ACTIVE
VAR-0404,PROD-0041,LAP-APL-MBP14-M3B-16-512-32G-1TB,Apple MacBook Pro 14-inch Base M3 Chip / 32GB DDR5 / 1TB NVMe / Win 11 Pro,Intel/AMD Multi-Core,32GB DDR5,1TB,NVMe Gen4,Integrated,"14.0""",1920x1200 FHD+,Matte Black/Silver,Wi-Fi 6E + BT,Windows 11 Pro,Clamshell,36,37378.00,171154.84,207278.00,8907300000405,ACTIVE
VAR-0405,PROD-0042,LAP-ASUS-B5402-16-512-32G-1TB,ASUS ExpertBook B5 Flip 14-inch Convertible / 32GB DDR5 / 1TB NVMe / Win 11 Pro,Intel/AMD Multi-Core,32GB DDR5,1TB,NVMe Gen4,Integrated,"14.0""",1920x1200 FHD+,Matte Black/Silver,Wi-Fi 6E + BT,Windows 11 Pro,Clamshell,36,23100.00,106018.00,128100.00,8907300000406,ACTIVE
VAR-0406,PROD-0043,LAP-ASUS-B7402-16-512-32G-1TB,ASUS ExpertBook B7 5G Enterprise Mobility / 32GB DDR5 / 1TB NVMe / Win 11 Pro,Intel/AMD Multi-Core,32GB DDR5,1TB,NVMe Gen4,Integrated,"14.0""",1920x1200 FHD+,Matte Black/Silver,Wi-Fi 6E + BT,Windows 11 Pro,Clamshell,36,30360.00,138680.80,168360.00,8907300000407,ACTIVE
VAR-0407,PROD-0044,LAP-ACER-TMP4-16-512-32G-1TB,Acer TravelMate P4 14 Commercial Fleet / 32GB DDR5 / 1TB NVMe / Win 11 Pro,Intel/AMD Multi-Core,32GB DDR5,1TB,NVMe Gen4,Integrated,"14.0""",1920x1200 FHD+,Matte Black/Silver,Wi-Fi 6E + BT,Windows 11 Pro,Clamshell,36,15180.00,69840.40,84180.00,8907300000408,ACTIVE
VAR-0408,PROD-0045,LAP-MS-SL6-13-16-512-32G-1TB,Microsoft Surface Laptop 6 13.5 Core Ultra 5 / 32GB DDR5 / 1TB NVMe / Win 11 Pro,Intel/AMD Multi-Core,32GB DDR5,1TB,NVMe Gen4,Integrated,"14.0""",1920x1200 FHD+,Matte Black/Silver,Wi-Fi 6E + BT,Windows 11 Pro,Clamshell,36,28599.78,130307.83,158598.78,8907300000409,ACTIVE
VAR-0409,PROD-0046,LAP-MS-SL6-15-16-512-32G-1TB,Microsoft Surface Laptop 6 15.0 Core Ultra 7 / 32GB DDR5 / 1TB NVMe / Win 11 Pro,Intel/AMD Multi-Core,32GB DDR5,1TB,NVMe Gen4,Integrated,"14.0""",1920x1200 FHD+,Matte Black/Silver,Wi-Fi 6E + BT,Windows 11 Pro,Clamshell,36,35859.78,162970.63,198858.78,8907300000410,ACTIVE
VAR-0410,PROD-0047,LAP-MS-SLS2-16-512-32G-1TB,Microsoft Surface Laptop Studio 2 Dynamic Woven Hinge / 32GB DDR5 / 1TB NVMe / Win 11 Pro,Intel/AMD Multi-Core,32GB DDR5,1TB,NVMe Gen4,Integrated,"14.0""",1920x1200 FHD+,Matte Black/Silver,Wi-Fi 6E + BT,Windows 11 Pro,Clamshell,36,49059.78,223266.63,272058.78,8907300000411,ACTIVE
VAR-0411,PROD-0048,LAP-DEL-LAT3440-16-512-32G-1TB,Dell Latitude 3440 Entry Commercial Laptop / 32GB DDR5 / 1TB NVMe / Win 11 Pro,Intel/AMD Multi-Core,32GB DDR5,1TB,NVMe Gen4,Integrated,"14.0""",1920x1200 FHD+,Matte Black/Silver,Wi-Fi 6E + BT,Windows 11 Pro,Clamshell,36,12760.00,57952.80,70760.00,8907300000412,ACTIVE
VAR-0412,PROD-0049,LAP-DEL-LAT3540-16-512-32G-1TB,Dell Latitude 3540 15.6 Entry Commercial / 32GB DDR5 / 1TB NVMe / Win 11 Pro,Intel/AMD Multi-Core,32GB DDR5,1TB,NVMe Gen4,Integrated,"14.0""",1920x1200 FHD+,Matte Black/Silver,Wi-Fi 6E + BT,Windows 11 Pro,Clamshell,36,13420.00,61467.60,74420.00,8907300000413,ACTIVE
VAR-0413,PROD-0050,LAP-LEN-V15G4-16-512-32G-1TB,Lenovo V15 Gen 4 Cost-Effective Commercial / 32GB DDR5 / 1TB NVMe / Win 11 Pro,Intel/AMD Multi-Core,32GB DDR5,1TB,NVMe Gen4,Integrated,"14.0""",1920x1200 FHD+,Matte Black/Silver,Wi-Fi 6E + BT,Windows 11 Pro,Clamshell,36,10120.00,45893.60,56120.00,8907300000414,ACTIVE
VAR-0414,PROD-0051,LAP-HP-240G9-16-512-32G-1TB,HP 240 G9 Essential Business Notebook / 32GB DDR5 / 1TB NVMe / Win 11 Pro,Intel/AMD Multi-Core,32GB DDR5,1TB,NVMe Gen4,Integrated,"14.0""",1920x1200 FHD+,Matte Black/Silver,Wi-Fi 6E + BT,Windows 11 Pro,Clamshell,36,10340.00,47065.20,57340.00,8907300000415,ACTIVE
VAR-0415,PROD-0052,LAP-DEL-PR3580-16-512-32G-1TB,Dell Precision 3580 Affordable Mobile CAD Workstation / 32GB DDR5 / 1TB NVMe / Win 11 Pro,Intel/AMD Multi-Core,32GB DDR5,1TB,NVMe Gen4,Integrated,"14.0""",1920x1200 FHD+,Matte Black/Silver,Wi-Fi 6E + BT,Windows 11 Pro,Clamshell,36,25960.00,118248.80,143960.00,8907300000416,ACTIVE
VAR-0416,PROD-0053,LAP-DEL-PR5680-16-512-32G-1TB,Dell Precision 5680 16-inch Creator Workstation / 32GB DDR5 / 1TB NVMe / Win 11 Pro,Intel/AMD Multi-Core,32GB DDR5,1TB,NVMe Gen4,Integrated,"14.0""",1920x1200 FHD+,Matte Black/Silver,Wi-Fi 6E + BT,Windows 11 Pro,Clamshell,36,55440.00,253243.20,307440.00,8907300000417,ACTIVE
VAR-0417,PROD-0054,LAP-LEN-T14G4-AMD-16-512-32G-1TB,Lenovo ThinkPad T14 Gen 4 AMD Ryzen 5 Pro / 32GB DDR5 / 1TB NVMe / Win 11 Pro,Intel/AMD Multi-Core,32GB DDR5,1TB,NVMe Gen4,Integrated,"14.0""",1920x1200 FHD+,Matte Black/Silver,Wi-Fi 6E + BT,Windows 11 Pro,Clamshell,36,18260.00,83242.80,101260.00,8907300000418,ACTIVE
VAR-0418,PROD-0055,LAP-HP-EB845G10-16-512-32G-1TB,HP EliteBook 845 G10 AMD Ryzen 7 Pro 7840U / 32GB DDR5 / 1TB NVMe / Win 11 Pro,Intel/AMD Multi-Core,32GB DDR5,1TB,NVMe Gen4,Integrated,"14.0""",1920x1200 FHD+,Matte Black/Silver,Wi-Fi 6E + BT,Windows 11 Pro,Clamshell,36,21560.00,98816.80,119560.00,8907300000419,ACTIVE
VAR-0419,PROD-0056,DSK-DEL-7010M-16-512-32G-1TB,Dell OptiPlex 7010 Micro Form Factor / 32GB DDR5 / 1TB NVMe / Win 11 Pro,Intel Core i5 / AMD,32GB DDR5,1TB,NVMe PCIe,Integrated Graphics,N/A,N/A,Black,Gigabit Ethernet + Wi-Fi,Windows 11 Pro,Micro / SFF,36,12760.00,57952.80,70760.00,8907300000420,ACTIVE
VAR-0420,PROD-0057,DSK-DEL-7010S-16-512-32G-1TB,Dell OptiPlex 7010 Small Form Factor / 32GB DDR5 / 1TB NVMe / Win 11 Pro,Intel Core i5 / AMD,32GB DDR5,1TB,NVMe PCIe,Integrated Graphics,N/A,N/A,Black,Gigabit Ethernet + Wi-Fi,Windows 11 Pro,Micro / SFF,36,13640.00,62639.20,75640.00,8907300000421,ACTIVE
VAR-0421,PROD-0058,DSK-DEL-7010T-16-512-32G-1TB,Dell OptiPlex 7010 Mini Tower Desktop / 32GB DDR5 / 1TB NVMe / Win 11 Pro,Intel Core i5 / AMD,32GB DDR5,1TB,NVMe PCIe,Integrated Graphics,N/A,N/A,Black,Gigabit Ethernet + Wi-Fi,Windows 11 Pro,Micro / SFF,36,14740.00,67497.20,81740.00,8907300000422,ACTIVE
VAR-0422,PROD-0059,DSK-DEL-7410AIO-16-512-32G-1TB,Dell OptiPlex 7410 24-inch All-in-One / 32GB DDR5 / 1TB NVMe / Win 11 Pro,Intel Core i5 / AMD,32GB DDR5,1TB,NVMe PCIe,Integrated Graphics,N/A,N/A,Black,Gigabit Ethernet + Wi-Fi,Windows 11 Pro,Micro / SFF,36,18040.00,82071.20,100040.00,8907300000423,ACTIVE
VAR-0423,PROD-0060,DSK-DEL-7020M-16-512-32G-1TB,Dell OptiPlex Micro Plus 7020 Core i7 vPro / 32GB DDR5 / 1TB NVMe / Win 11 Pro,Intel Core i5 / AMD,32GB DDR5,1TB,NVMe PCIe,Integrated Graphics,N/A,N/A,Black,Gigabit Ethernet + Wi-Fi,Windows 11 Pro,Micro / SFF,36,16500.00,74870.00,91500.00,8907300000424,ACTIVE
VAR-0424,PROD-0061,DSK-LEN-M70Q-16-512-32G-1TB,Lenovo ThinkCentre M70q Gen 4 Tiny PC / 32GB DDR5 / 1TB NVMe / Win 11 Pro,Intel Core i5 / AMD,32GB DDR5,1TB,NVMe PCIe,Integrated Graphics,N/A,N/A,Black,Gigabit Ethernet + Wi-Fi,Windows 11 Pro,Micro / SFF,36,12100.00,55438.00,67100.00,8907300000425,ACTIVE
VAR-0425,PROD-0062,DSK-LEN-M80Q-16-512-32G-1TB,Lenovo ThinkCentre M80q Gen 4 High Security / 32GB DDR5 / 1TB NVMe / Win 11 Pro,Intel Core i5 / AMD,32GB DDR5,1TB,NVMe PCIe,Integrated Graphics,N/A,N/A,Black,Gigabit Ethernet + Wi-Fi,Windows 11 Pro,Micro / SFF,36,14300.00,65154.00,79300.00,8907300000426,ACTIVE
VAR-0426,PROD-0063,DSK-LEN-M90Q-16-512-32G-1TB,Lenovo ThinkCentre M90q Gen 4 Tiny Desktop / 32GB DDR5 / 1TB NVMe / Win 11 Pro,Intel Core i5 / AMD,32GB DDR5,1TB,NVMe PCIe,Integrated Graphics,N/A,N/A,Black,Gigabit Ethernet + Wi-Fi,Windows 11 Pro,Micro / SFF,36,17160.00,78384.80,95160.00,8907300000427,ACTIVE
VAR-0427,PROD-0064,DSK-LEN-NEO50S-16-512-32G-1TB,Lenovo ThinkCentre Neo 50s Gen 4 SFF / 32GB DDR5 / 1TB NVMe / Win 11 Pro,Intel Core i5 / AMD,32GB DDR5,1TB,NVMe PCIe,Integrated Graphics,N/A,N/A,Black,Gigabit Ethernet + Wi-Fi,Windows 11 Pro,Micro / SFF,36,11000.00,50580.00,61000.00,8907300000428,ACTIVE
VAR-0428,PROD-0065,DSK-LEN-M70A-16-512-32G-1TB,Lenovo ThinkCentre M70a Gen 3 21.5 AIO / 32GB DDR5 / 1TB NVMe / Win 11 Pro,Intel Core i5 / AMD,32GB DDR5,1TB,NVMe PCIe,Integrated Graphics,N/A,N/A,Black,Gigabit Ethernet + Wi-Fi,Windows 11 Pro,Micro / SFF,36,16940.00,77213.20,93940.00,8907300000429,ACTIVE
VAR-0429,PROD-0066,DSK-HP-PD400G9-16-512-32G-1TB,HP ProDesk 400 G9 Mini Desktop PC / 32GB DDR5 / 1TB NVMe / Win 11 Pro,Intel Core i5 / AMD,32GB DDR5,1TB,NVMe PCIe,Integrated Graphics,N/A,N/A,Black,Gigabit Ethernet + Wi-Fi,Windows 11 Pro,Micro / SFF,36,11880.00,54266.40,65880.00,8907300000430,ACTIVE
VAR-0430,PROD-0067,DSK-HP-ED800G9M-16-512-32G-1TB,HP EliteDesk 800 G9 Desktop Mini PC / 32GB DDR5 / 1TB NVMe / Win 11 Pro,Intel Core i5 / AMD,32GB DDR5,1TB,NVMe PCIe,Integrated Graphics,N/A,N/A,Black,Gigabit Ethernet + Wi-Fi,Windows 11 Pro,Micro / SFF,36,15400.00,70012.00,85400.00,8907300000431,ACTIVE
VAR-0431,PROD-0068,DSK-HP-ED800G9S-16-512-32G-1TB,HP EliteDesk 800 G9 Small Form Factor / 32GB DDR5 / 1TB NVMe / Win 11 Pro,Intel Core i5 / AMD,32GB DDR5,1TB,NVMe PCIe,Integrated Graphics,N/A,N/A,Black,Gigabit Ethernet + Wi-Fi,Windows 11 Pro,Micro / SFF,36,16500.00,74870.00,91500.00,8907300000432,ACTIVE
VAR-0432,PROD-0069,DSK-HP-ED800G9T-16-512-32G-1TB,HP EliteDesk 800 G9 Tower High Expandability / 32GB DDR5 / 1TB NVMe / Win 11 Pro,Intel Core i5 / AMD,32GB DDR5,1TB,NVMe PCIe,Integrated Graphics,N/A,N/A,Black,Gigabit Ethernet + Wi-Fi,Windows 11 Pro,Micro / SFF,36,17380.00,79556.40,96380.00,8907300000433,ACTIVE
VAR-0433,PROD-0070,DSK-HP-EL800AIO-16-512-32G-1TB,HP EliteOne 800 G9 27-inch 4K All-in-One / 32GB DDR5 / 1TB NVMe / Win 11 Pro,Intel Core i5 / AMD,32GB DDR5,1TB,NVMe PCIe,Integrated Graphics,N/A,N/A,Black,Gigabit Ethernet + Wi-Fi,Windows 11 Pro,Micro / SFF,36,25960.00,118248.80,143960.00,8907300000434,ACTIVE
VAR-0434,PROD-0071,DSK-APL-MM-M2-16-512-32G-1TB,Apple Mac mini M2 8-Core CPU 10-Core GPU / 32GB DDR5 / 1TB NVMe / Win 11 Pro,Intel Core i5 / AMD,32GB DDR5,1TB,NVMe PCIe,Integrated Graphics,N/A,N/A,Black,Gigabit Ethernet + Wi-Fi,Windows 11 Pro,Micro / SFF,36,13178.00,62278.84,73078.00,8907300000435,ACTIVE
VAR-0435,PROD-0072,DSK-APL-MM-M2P-16-512-32G-1TB,Apple Mac mini M2 Pro 10-Core CPU 16-Core GPU / 32GB DDR5 / 1TB NVMe / Win 11 Pro,Intel Core i5 / AMD,32GB DDR5,1TB,NVMe PCIe,Integrated Graphics,N/A,N/A,Black,Gigabit Ethernet + Wi-Fi,Windows 11 Pro,Micro / SFF,36,28578.00,130290.84,158478.00,8907300000436,ACTIVE
VAR-0436,PROD-0073,DSK-APL-MS-M2M-16-512-32G-1TB,Apple Mac Studio M2 Max 12-Core CPU 30-Core GPU / 32GB DDR5 / 1TB NVMe / Win 11 Pro,Intel Core i5 / AMD,32GB DDR5,1TB,NVMe PCIe,Integrated Graphics,N/A,N/A,Black,Gigabit Ethernet + Wi-Fi,Windows 11 Pro,Micro / SFF,36,46178.00,211018.84,256078.00,8907300000437,ACTIVE
VAR-0437,PROD-0074,DSK-APL-MS-M2U-16-512-32G-1TB,Apple Mac Studio M2 Ultra 24-Core CPU 60-Core GPU / 32GB DDR5 / 1TB NVMe / Win 11 Pro,Intel Core i5 / AMD,32GB DDR5,1TB,NVMe PCIe,Integrated Graphics,N/A,N/A,Black,Gigabit Ethernet + Wi-Fi,Windows 11 Pro,Micro / SFF,36,91278.00,416196.84,506178.00,8907300000438,ACTIVE
VAR-0438,PROD-0075,DSK-APL-IMAC-M3-16-512-32G-1TB,Apple iMac 24-inch M3 4.5K Retina All-in-One / 32GB DDR5 / 1TB NVMe / Win 11 Pro,Intel Core i5 / AMD,32GB DDR5,1TB,NVMe PCIe,Integrated Graphics,N/A,N/A,Black,Gigabit Ethernet + Wi-Fi,Windows 11 Pro,Micro / SFF,36,29678.00,138148.84,164578.00,8907300000439,ACTIVE
VAR-0439,PROD-0076,DSK-ASUS-D700-16-512-32G-1TB,ASUS ExpertCenter D7 SFF Compact Business / 32GB DDR5 / 1TB NVMe / Win 11 Pro,Intel Core i5 / AMD,32GB DDR5,1TB,NVMe PCIe,Integrated Graphics,N/A,N/A,Black,Gigabit Ethernet + Wi-Fi,Windows 11 Pro,Micro / SFF,36,11660.00,53094.80,64660.00,8907300000440,ACTIVE
VAR-0440,PROD-0077,DSK-ASUS-D900-16-512-32G-1TB,ASUS ExpertCenter D9 Mini Tower Enterprise / 32GB DDR5 / 1TB NVMe / Win 11 Pro,Intel Core i5 / AMD,32GB DDR5,1TB,NVMe PCIe,Integrated Graphics,N/A,N/A,Black,Gigabit Ethernet + Wi-Fi,Windows 11 Pro,Micro / SFF,36,15620.00,71183.60,86620.00,8907300000441,ACTIVE
VAR-0441,PROD-0078,DSK-ACER-VM469-16-512-32G-1TB,Acer Veriton M4690G Tower Corporate / 32GB DDR5 / 1TB NVMe / Win 11 Pro,Intel Core i5 / AMD,32GB DDR5,1TB,NVMe PCIe,Integrated Graphics,N/A,N/A,Black,Gigabit Ethernet + Wi-Fi,Windows 11 Pro,Micro / SFF,36,10780.00,49408.40,59780.00,8907300000442,ACTIVE
VAR-0442,PROD-0079,DSK-ACER-VX269-16-512-32G-1TB,Acer Veriton X2690G Small Form Factor / 32GB DDR5 / 1TB NVMe / Win 11 Pro,Intel Core i5 / AMD,32GB DDR5,1TB,NVMe PCIe,Integrated Graphics,N/A,N/A,Black,Gigabit Ethernet + Wi-Fi,Windows 11 Pro,Micro / SFF,36,10340.00,47065.20,57340.00,8907300000443,ACTIVE
VAR-0443,PROD-0080,DSK-DEL-3000TC-16-512-32G-1TB,Dell OptiPlex 3000 Thin Client Dual 4K / 32GB DDR5 / 1TB NVMe / Win 11 Pro,Intel Core i5 / AMD,32GB DDR5,1TB,NVMe PCIe,Integrated Graphics,N/A,N/A,Black,Gigabit Ethernet + Wi-Fi,Windows 11 Pro,Micro / SFF,36,8580.00,38692.40,47580.00,8907300000444,ACTIVE
VAR-0444,PROD-0081,DSK-HP-T640TC-16-512-32G-1TB,HP t640 Quad-Core Enterprise Thin Client / 32GB DDR5 / 1TB NVMe / Win 11 Pro,Intel Core i5 / AMD,32GB DDR5,1TB,NVMe PCIe,Integrated Graphics,N/A,N/A,Black,Gigabit Ethernet + Wi-Fi,Windows 11 Pro,Micro / SFF,36,9020.00,41035.60,50020.00,8907300000445,ACTIVE
VAR-0445,PROD-0082,DSK-HP-T740TC-16-512-32G-1TB,HP t740 High-Performance Quad 4K Thin Client / 32GB DDR5 / 1TB NVMe / Win 11 Pro,Intel Core i5 / AMD,32GB DDR5,1TB,NVMe PCIe,Integrated Graphics,N/A,N/A,Black,Gigabit Ethernet + Wi-Fi,Windows 11 Pro,Micro / SFF,36,12760.00,57952.80,70760.00,8907300000446,ACTIVE
VAR-0446,PROD-0083,DSK-LEN-M75Q-16-512-32G-1TB,Lenovo ThinkCentre M75q Gen 2 AMD Tiny / 32GB DDR5 / 1TB NVMe / Win 11 Pro,Intel Core i5 / AMD,32GB DDR5,1TB,NVMe PCIe,Integrated Graphics,N/A,N/A,Black,Gigabit Ethernet + Wi-Fi,Windows 11 Pro,Micro / SFF,36,12320.00,56609.60,68320.00,8907300000447,ACTIVE
VAR-0447,PROD-0084,DSK-DEL-7010S-I7-16-512-32G-1TB,Dell OptiPlex 7010 SFF Intel Core i7 32GB / 32GB DDR5 / 1TB NVMe / Win 11 Pro,Intel Core i5 / AMD,32GB DDR5,1TB,NVMe PCIe,Integrated Graphics,N/A,N/A,Black,Gigabit Ethernet + Wi-Fi,Windows 11 Pro,Micro / SFF,36,18040.00,82071.20,100040.00,8907300000448,ACTIVE
VAR-0448,PROD-0085,DSK-HP-ED805G9-16-512-32G-1TB,HP EliteDesk 805 G9 AMD Ryzen Pro Mini / 32GB DDR5 / 1TB NVMe / Win 11 Pro,Intel Core i5 / AMD,32GB DDR5,1TB,NVMe PCIe,Integrated Graphics,N/A,N/A,Black,Gigabit Ethernet + Wi-Fi,Windows 11 Pro,Micro / SFF,36,14960.00,68668.80,82960.00,8907300000449,ACTIVE
VAR-0449,PROD-0086,DSK-LEN-NEO30A-16-512-32G-1TB,Lenovo ThinkCentre Neo 30a 24-inch AIO / 32GB DDR5 / 1TB NVMe / Win 11 Pro,Intel Core i5 / AMD,32GB DDR5,1TB,NVMe PCIe,Integrated Graphics,N/A,N/A,Black,Gigabit Ethernet + Wi-Fi,Windows 11 Pro,Micro / SFF,36,13640.00,62639.20,75640.00,8907300000450,ACTIVE
VAR-0450,PROD-0087,DSK-DEL-5400AIO-16-512-32G-1TB,Dell OptiPlex 5400 All-in-One 23.8 FHD / 32GB DDR5 / 1TB NVMe / Win 11 Pro,Intel Core i5 / AMD,32GB DDR5,1TB,NVMe PCIe,Integrated Graphics,N/A,N/A,Black,Gigabit Ethernet + Wi-Fi,Windows 11 Pro,Micro / SFF,36,16060.00,73526.80,89060.00,8907300000451,ACTIVE
VAR-0451,PROD-0088,DSK-HP-PRO400S-16-512-32G-1TB,HP Pro SFF 400 G9 Compact Desktop / 32GB DDR5 / 1TB NVMe / Win 11 Pro,Intel Core i5 / AMD,32GB DDR5,1TB,NVMe PCIe,Integrated Graphics,N/A,N/A,Black,Gigabit Ethernet + Wi-Fi,Windows 11 Pro,Micro / SFF,36,12100.00,55438.00,67100.00,8907300000452,ACTIVE
VAR-0452,PROD-0089,DSK-LEN-M90A-16-512-32G-1TB,Lenovo ThinkCentre M90a Pro Gen 4 27 QHD AIO / 32GB DDR5 / 1TB NVMe / Win 11 Pro,Intel Core i5 / AMD,32GB DDR5,1TB,NVMe PCIe,Integrated Graphics,N/A,N/A,Black,Gigabit Ethernet + Wi-Fi,Windows 11 Pro,Micro / SFF,36,23100.00,106018.00,128100.00,8907300000453,ACTIVE
VAR-0453,PROD-0090,DSK-ASUS-PB62-16-512-32G-1TB,ASUS Mini PC PB62 Rugged Enterprise Mini / 32GB DDR5 / 1TB NVMe / Win 11 Pro,Intel Core i5 / AMD,32GB DDR5,1TB,NVMe PCIe,Integrated Graphics,N/A,N/A,Black,Gigabit Ethernet + Wi-Fi,Windows 11 Pro,Micro / SFF,36,11220.00,50751.60,62220.00,8907300000454,ACTIVE
VAR-0454,PROD-0091,WKS-DEL-PR3660-64-1TB-128G-2TB,Dell Precision 3660 Tower Financial Workstation / 128GB ECC / 2TB NVMe Gen5 / Dual GPU Ready,Intel Xeon W / Core i9,128GB DDR5 ECC,2TB NVMe,PCIe 4.0 Enterprise NVMe,NVIDIA RTX A2000 12GB,N/A,N/A,Black Metallic,Dual 10GbE LAN + PCIe Gen5,Windows 11 Pro for Workstations,Tower / SFF,36,41300.00,130214.00,159300.00,8907300000455,ACTIVE
VAR-0455,PROD-0092,WKS-DEL-PR5820-64-1TB-128G-2TB,Dell Precision 5820 Intel Xeon W High-Frequency Trading / 128GB ECC / 2TB NVMe Gen5 / Dual GPU Ready,Intel Xeon W / Core i9,128GB DDR5 ECC,2TB NVMe,PCIe 4.0 Enterprise NVMe,NVIDIA RTX A2000 12GB,N/A,N/A,Black Metallic,Dual 10GbE LAN + PCIe Gen5,Windows 11 Pro for Workstations,Tower / SFF,36,69300.00,219054.00,267300.00,8907300000456,ACTIVE
VAR-0456,PROD-0093,WKS-DEL-PR7920-64-1TB-128G-2TB,Dell Precision 7920 Dual Xeon Scalable Compute Workstation / 128GB ECC / 2TB NVMe Gen5 / Dual GPU Ready,Intel Xeon W / Core i9,128GB DDR5 ECC,2TB NVMe,PCIe 4.0 Enterprise NVMe,NVIDIA RTX A2000 12GB,N/A,N/A,Black Metallic,Dual 10GbE LAN + PCIe Gen5,Windows 11 Pro for Workstations,Tower / SFF,36,117600.00,371728.00,453600.00,8907300000457,ACTIVE
VAR-0457,PROD-0094,WKS-DEL-PR3460-64-1TB-128G-2TB,Dell Precision 3460 Small Form Factor Trading Workstation / 128GB ECC / 2TB NVMe Gen5 / Dual GPU Ready,Intel Xeon W / Core i9,128GB DDR5 ECC,2TB NVMe,PCIe 4.0 Enterprise NVMe,NVIDIA RTX A2000 12GB,N/A,N/A,Black Metallic,Dual 10GbE LAN + PCIe Gen5,Windows 11 Pro for Workstations,Tower / SFF,36,37100.00,116938.00,143100.00,8907300000458,ACTIVE
VAR-0458,PROD-0095,WKS-DEL-PR7960-64-1TB-128G-2TB,Dell Precision 7960 Rackmount 2U Remote Workstation / 128GB ECC / 2TB NVMe Gen5 / Dual GPU Ready,Intel Xeon W / Core i9,128GB DDR5 ECC,2TB NVMe,PCIe 4.0 Enterprise NVMe,NVIDIA RTX A2000 12GB,N/A,N/A,Black Metallic,Dual 10GbE LAN + PCIe Gen5,Windows 11 Pro for Workstations,Tower / SFF,36,142800.00,451384.00,550800.00,8907300000459,ACTIVE
VAR-0459,PROD-0096,WKS-LEN-P3TINY-64-1TB-128G-2TB,Lenovo ThinkStation P3 Tiny Micro Trading Rig / 128GB ECC / 2TB NVMe Gen5 / Dual GPU Ready,Intel Xeon W / Core i9,128GB DDR5 ECC,2TB NVMe,PCIe 4.0 Enterprise NVMe,NVIDIA RTX A2000 12GB,N/A,N/A,Black Metallic,Dual 10GbE LAN + PCIe Gen5,Windows 11 Pro for Workstations,Tower / SFF,36,34650.00,109027.00,133650.00,8907300000460,ACTIVE
VAR-0460,PROD-0097,WKS-LEN-P3TOWER-64-1TB-128G-2TB,Lenovo ThinkStation P3 Tower Quantitative Rig / 128GB ECC / 2TB NVMe Gen5 / Dual GPU Ready,Intel Xeon W / Core i9,128GB DDR5 ECC,2TB NVMe,PCIe 4.0 Enterprise NVMe,NVIDIA RTX A2000 12GB,N/A,N/A,Black Metallic,Dual 10GbE LAN + PCIe Gen5,Windows 11 Pro for Workstations,Tower / SFF,36,44100.00,139398.00,170100.00,8907300000461,ACTIVE
VAR-0461,PROD-0098,WKS-LEN-P5-64-1TB-128G-2TB,Lenovo ThinkStation P5 Aston Martin Co-Designed Workstation / 128GB ECC / 2TB NVMe Gen5 / Dual GPU Ready,Intel Xeon W / Core i9,128GB DDR5 ECC,2TB NVMe,PCIe 4.0 Enterprise NVMe,NVIDIA RTX A2000 12GB,N/A,N/A,Black Metallic,Dual 10GbE LAN + PCIe Gen5,Windows 11 Pro for Workstations,Tower / SFF,36,81900.00,258882.00,315900.00,8907300000462,ACTIVE
VAR-0462,PROD-0099,WKS-LEN-P7-64-1TB-128G-2TB,Lenovo ThinkStation P7 Single-Socket Intel Xeon W-3400 / 128GB ECC / 2TB NVMe Gen5 / Dual GPU Ready,Intel Xeon W / Core i9,128GB DDR5 ECC,2TB NVMe,PCIe 4.0 Enterprise NVMe,NVIDIA RTX A2000 12GB,N/A,N/A,Black Metallic,Dual 10GbE LAN + PCIe Gen5,Windows 11 Pro for Workstations,Tower / SFF,36,121800.00,385004.00,469800.00,8907300000463,ACTIVE
VAR-0463,PROD-0100,WKS-LEN-PX-64-1TB-128G-2TB,Lenovo ThinkStation PX Dual Xeon Platinum 120-Core Rig / 128GB ECC / 2TB NVMe Gen5 / Dual GPU Ready,Intel Xeon W / Core i9,128GB DDR5 ECC,2TB NVMe,PCIe 4.0 Enterprise NVMe,NVIDIA RTX A2000 12GB,N/A,N/A,Black Metallic,Dual 10GbE LAN + PCIe Gen5,Windows 11 Pro for Workstations,Tower / SFF,36,201600.00,637248.00,777600.00,8907300000464,ACTIVE
VAR-0464,PROD-0101,WKS-HP-Z2MINI-64-1TB-128G-2TB,HP Z2 Mini G9 Micro Engineering Workstation / 128GB ECC / 2TB NVMe Gen5 / Dual GPU Ready,Intel Xeon W / Core i9,128GB DDR5 ECC,2TB NVMe,PCIe 4.0 Enterprise NVMe,NVIDIA RTX A2000 12GB,N/A,N/A,Black Metallic,Dual 10GbE LAN + PCIe Gen5,Windows 11 Pro for Workstations,Tower / SFF,36,36050.00,114119.00,139050.00,8907300000465,ACTIVE
VAR-0465,PROD-0102,WKS-HP-Z2SFF-64-1TB-128G-2TB,HP Z2 SFF G9 Compact Multi-Display Trading Desk / 128GB ECC / 2TB NVMe Gen5 / Dual GPU Ready,Intel Xeon W / Core i9,128GB DDR5 ECC,2TB NVMe,PCIe 4.0 Enterprise NVMe,NVIDIA RTX A2000 12GB,N/A,N/A,Black Metallic,Dual 10GbE LAN + PCIe Gen5,Windows 11 Pro for Workstations,Tower / SFF,36,38500.00,122030.00,148500.00,8907300000466,ACTIVE
VAR-0466,PROD-0103,WKS-HP-Z2TWR-64-1TB-128G-2TB,HP Z2 Tower G9 CAD & Computational Finance Rig / 128GB ECC / 2TB NVMe Gen5 / Dual GPU Ready,Intel Xeon W / Core i9,128GB DDR5 ECC,2TB NVMe,PCIe 4.0 Enterprise NVMe,NVIDIA RTX A2000 12GB,N/A,N/A,Black Metallic,Dual 10GbE LAN + PCIe Gen5,Windows 11 Pro for Workstations,Tower / SFF,36,46200.00,146036.00,178200.00,8907300000467,ACTIVE
VAR-0467,PROD-0104,WKS-HP-Z4G5-64-1TB-128G-2TB,HP Z4 G5 Intel Xeon W Mainstream High-Compute / 128GB ECC / 2TB NVMe Gen5 / Dual GPU Ready,Intel Xeon W / Core i9,128GB DDR5 ECC,2TB NVMe,PCIe 4.0 Enterprise NVMe,NVIDIA RTX A2000 12GB,N/A,N/A,Black Metallic,Dual 10GbE LAN + PCIe Gen5,Windows 11 Pro for Workstations,Tower / SFF,36,77700.00,245606.00,299700.00,8907300000468,ACTIVE
VAR-0468,PROD-0105,WKS-HP-Z6G5-64-1TB-128G-2TB,HP Z6 G5 A AMD Threadripper PRO 96-Core Compute / 128GB ECC / 2TB NVMe Gen5 / Dual GPU Ready,Intel Xeon W / Core i9,128GB DDR5 ECC,2TB NVMe,PCIe 4.0 Enterprise NVMe,NVIDIA RTX A2000 12GB,N/A,N/A,Black Metallic,Dual 10GbE LAN + PCIe Gen5,Windows 11 Pro for Workstations,Tower / SFF,36,134400.00,424832.00,518400.00,8907300000469,ACTIVE
VAR-0469,PROD-0106,WKS-HP-Z8G5-64-1TB-128G-2TB,HP Z8 G5 Dual Xeon Scalable AI Deep Learning Rig / 128GB ECC / 2TB NVMe Gen5 / Dual GPU Ready,Intel Xeon W / Core i9,128GB DDR5 ECC,2TB NVMe,PCIe 4.0 Enterprise NVMe,NVIDIA RTX A2000 12GB,N/A,N/A,Black Metallic,Dual 10GbE LAN + PCIe Gen5,Windows 11 Pro for Workstations,Tower / SFF,36,193200.00,610696.00,745200.00,8907300000470,ACTIVE
VAR-0470,PROD-0107,WKS-APL-MP-M2U-64-1TB-128G-2TB,Apple Mac Pro M2 Ultra Tower PCIe Expansion / 128GB ECC / 2TB NVMe Gen5 / Dual GPU Ready,Intel Xeon W / Core i9,128GB DDR5 ECC,2TB NVMe,PCIe 4.0 Enterprise NVMe,NVIDIA RTX A2000 12GB,N/A,N/A,Black Metallic,Dual 10GbE LAN + PCIe Gen5,Windows 11 Pro for Workstations,Tower / SFF,36,255465.00,789262.70,985365.00,8907300000471,ACTIVE
VAR-0471,PROD-0108,WKS-APL-MP-RCK-64-1TB-128G-2TB,Apple Mac Pro M2 Ultra 5U Rackmount Enclosure / 128GB ECC / 2TB NVMe Gen5 / Dual GPU Ready,Intel Xeon W / Core i9,128GB DDR5 ECC,2TB NVMe,PCIe 4.0 Enterprise NVMe,NVIDIA RTX A2000 12GB,N/A,N/A,Black Metallic,Dual 10GbE LAN + PCIe Gen5,Windows 11 Pro for Workstations,Tower / SFF,36,272965.00,852912.70,1052865.00,8907300000472,ACTIVE
VAR-0472,PROD-0109,WKS-ASUS-E900-64-1TB-128G-2TB,ASUS ESC700 G4 High-Performance GPU Workstation / 128GB ECC / 2TB NVMe Gen5 / Dual GPU Ready,Intel Xeon W / Core i9,128GB DDR5 ECC,2TB NVMe,PCIe 4.0 Enterprise NVMe,NVIDIA RTX A2000 12GB,N/A,N/A,Black Metallic,Dual 10GbE LAN + PCIe Gen5,Windows 11 Pro for Workstations,Tower / SFF,36,88200.00,278796.00,340200.00,8907300000473,ACTIVE
VAR-0473,PROD-0110,WKS-ASUS-PROART-64-1TB-128G-2TB,ASUS ProArt Station PD5 Professional Compute Rig / 128GB ECC / 2TB NVMe Gen5 / Dual GPU Ready,Intel Xeon W / Core i9,128GB DDR5 ECC,2TB NVMe,PCIe 4.0 Enterprise NVMe,NVIDIA RTX A2000 12GB,N/A,N/A,Black Metallic,Dual 10GbE LAN + PCIe Gen5,Windows 11 Pro for Workstations,Tower / SFF,36,60900.00,192502.00,234900.00,8907300000474,ACTIVE
VAR-0474,PROD-0111,WKS-DEL-PR3260-64-1TB-128G-2TB,Dell Precision 3260 Compact Financial Algo Node / 128GB ECC / 2TB NVMe Gen5 / Dual GPU Ready,Intel Xeon W / Core i9,128GB DDR5 ECC,2TB NVMe,PCIe 4.0 Enterprise NVMe,NVIDIA RTX A2000 12GB,N/A,N/A,Black Metallic,Dual 10GbE LAN + PCIe Gen5,Windows 11 Pro for Workstations,Tower / SFF,36,32900.00,103662.00,126900.00,8907300000475,ACTIVE
VAR-0475,PROD-0112,WKS-HP-Z240S-64-1TB-128G-2TB,HP Z2 SFF Entry Trading Screen Station / 128GB ECC / 2TB NVMe Gen5 / Dual GPU Ready,Intel Xeon W / Core i9,128GB DDR5 ECC,2TB NVMe,PCIe 4.0 Enterprise NVMe,NVIDIA RTX A2000 12GB,N/A,N/A,Black Metallic,Dual 10GbE LAN + PCIe Gen5,Windows 11 Pro for Workstations,Tower / SFF,36,31150.00,98297.00,120150.00,8907300000476,ACTIVE
VAR-0476,PROD-0113,WKS-LEN-P360T-64-1TB-128G-2TB,Lenovo ThinkStation P360 Tiny Quad Display Hub / 128GB ECC / 2TB NVMe Gen5 / Dual GPU Ready,Intel Xeon W / Core i9,128GB DDR5 ECC,2TB NVMe,PCIe 4.0 Enterprise NVMe,NVIDIA RTX A2000 12GB,N/A,N/A,Black Metallic,Dual 10GbE LAN + PCIe Gen5,Windows 11 Pro for Workstations,Tower / SFF,36,33250.00,104935.00,128250.00,8907300000477,ACTIVE
VAR-0477,PROD-0114,WKS-DEL-PR5860-64-1TB-128G-2TB,Dell Precision 5860 Tower Intel Xeon W-2400 / 128GB ECC / 2TB NVMe Gen5 / Dual GPU Ready,Intel Xeon W / Core i9,128GB DDR5 ECC,2TB NVMe,PCIe 4.0 Enterprise NVMe,NVIDIA RTX A2000 12GB,N/A,N/A,Black Metallic,Dual 10GbE LAN + PCIe Gen5,Windows 11 Pro for Workstations,Tower / SFF,36,94500.00,298710.00,364500.00,8907300000478,ACTIVE
VAR-0478,PROD-0115,WKS-HP-Z4T-ADV-64-1TB-128G-2TB,HP Z4 Tower Advanced ISV Certified Modeling / 128GB ECC / 2TB NVMe Gen5 / Dual GPU Ready,Intel Xeon W / Core i9,128GB DDR5 ECC,2TB NVMe,PCIe 4.0 Enterprise NVMe,NVIDIA RTX A2000 12GB,N/A,N/A,Black Metallic,Dual 10GbE LAN + PCIe Gen5,Windows 11 Pro for Workstations,Tower / SFF,36,83300.00,262974.00,321300.00,8907300000479,ACTIVE
VAR-0479,PROD-0116,WKS-LEN-P3U-TRD-64-1TB-128G-2TB,Lenovo ThinkStation P3 Ultra Dual GPU Trading / 128GB ECC / 2TB NVMe Gen5 / Dual GPU Ready,Intel Xeon W / Core i9,128GB DDR5 ECC,2TB NVMe,PCIe 4.0 Enterprise NVMe,NVIDIA RTX A2000 12GB,N/A,N/A,Black Metallic,Dual 10GbE LAN + PCIe Gen5,Windows 11 Pro for Workstations,Tower / SFF,36,56700.00,179226.00,218700.00,8907300000480,ACTIVE
VAR-0480,PROD-0117,WKS-DEL-PR3680-64-1TB-128G-2TB,Dell Precision 3680 Tower 14th Gen Intel Core i9 / 128GB ECC / 2TB NVMe Gen5 / Dual GPU Ready,Intel Xeon W / Core i9,128GB DDR5 ECC,2TB NVMe,PCIe 4.0 Enterprise NVMe,NVIDIA RTX A2000 12GB,N/A,N/A,Black Metallic,Dual 10GbE LAN + PCIe Gen5,Windows 11 Pro for Workstations,Tower / SFF,36,53900.00,170042.00,207900.00,8907300000481,ACTIVE
VAR-0481,PROD-0118,WKS-HP-Z2G9-TRD-64-1TB-128G-2TB,HP Z2 Mini G9 Dedicated Dual LAN Trading Node / 128GB ECC / 2TB NVMe Gen5 / Dual GPU Ready,Intel Xeon W / Core i9,128GB DDR5 ECC,2TB NVMe,PCIe 4.0 Enterprise NVMe,NVIDIA RTX A2000 12GB,N/A,N/A,Black Metallic,Dual 10GbE LAN + PCIe Gen5,Windows 11 Pro for Workstations,Tower / SFF,36,40250.00,127395.00,155250.00,8907300000482,ACTIVE
VAR-0482,PROD-0119,WKS-LEN-P620-64-1TB-128G-2TB,Lenovo ThinkStation P620 AMD Threadripper PRO 64C / 128GB ECC / 2TB NVMe Gen5 / Dual GPU Ready,Intel Xeon W / Core i9,128GB DDR5 ECC,2TB NVMe,PCIe 4.0 Enterprise NVMe,NVIDIA RTX A2000 12GB,N/A,N/A,Black Metallic,Dual 10GbE LAN + PCIe Gen5,Windows 11 Pro for Workstations,Tower / SFF,36,113400.00,358452.00,437400.00,8907300000483,ACTIVE
VAR-0483,PROD-0120,WKS-ASUS-E500-64-1TB-128G-2TB,ASUS ExpertCenter E500 G9 Intel Xeon Tower / 128GB ECC / 2TB NVMe Gen5 / Dual GPU Ready,Intel Xeon W / Core i9,128GB DDR5 ECC,2TB NVMe,PCIe 4.0 Enterprise NVMe,NVIDIA RTX A2000 12GB,N/A,N/A,Black Metallic,Dual 10GbE LAN + PCIe Gen5,Windows 11 Pro for Workstations,Tower / SFF,36,48300.00,152674.00,186300.00,8907300000484,ACTIVE
VAR-0484,PROD-0121,SRV-DEL-R250-128-2TB-256G-8TB,Dell PowerEdge R250 1U Single-Socket Entry Server / 256GB ECC / 8x 1.92TB Enterprise SAS SSD / Dual 1400W,Dual Intel Xeon Silver/Gold / AMD EPYC,256GB DDR5 ECC Reg,15.36TB Raw,Enterprise SAS SSD RAID-1,Integrated Matrox,N/A,N/A,Silver/Metallic,Quad 10G/25G SFP28 + OOBM iDRAC/iLO,RHEL / VMware / Windows Server Ready,1U / 2U Rackmount,36,59400.00,157520.00,191400.00,8907300000485,ACTIVE
VAR-0485,PROD-0122,SRV-DEL-R350-128-2TB-256G-8TB,Dell PowerEdge R350 1U Redundant Power Server / 256GB ECC / 8x 1.92TB Enterprise SAS SSD / Dual 1400W,Dual Intel Xeon Silver/Gold / AMD EPYC,256GB DDR5 ECC Reg,15.36TB Raw,Enterprise SAS SSD RAID-1,Integrated Matrox,N/A,N/A,Silver/Metallic,Quad 10G/25G SFP28 + OOBM iDRAC/iLO,RHEL / VMware / Windows Server Ready,1U / 2U Rackmount,36,78300.00,207640.00,252300.00,8907300000486,ACTIVE
VAR-0486,PROD-0123,SRV-DEL-R450-128-2TB-256G-8TB,Dell PowerEdge R450 1U Dual-Socket Dense Compute / 256GB ECC / 8x 1.92TB Enterprise SAS SSD / Dual 1400W,Dual Intel Xeon Silver/Gold / AMD EPYC,256GB DDR5 ECC Reg,15.36TB Raw,Enterprise SAS SSD RAID-1,Integrated Matrox,N/A,N/A,Silver/Metallic,Quad 10G/25G SFP28 + OOBM iDRAC/iLO,RHEL / VMware / Windows Server Ready,1U / 2U Rackmount,36,105300.00,279240.00,339300.00,8907300000487,ACTIVE
VAR-0487,PROD-0124,SRV-DEL-R550-128-2TB-256G-8TB,Dell PowerEdge R550 2U Storage-Optimized Server / 256GB ECC / 8x 1.92TB Enterprise SAS SSD / Dual 1400W,Dual Intel Xeon Silver/Gold / AMD EPYC,256GB DDR5 ECC Reg,15.36TB Raw,Enterprise SAS SSD RAID-1,Integrated Matrox,N/A,N/A,Silver/Metallic,Quad 10G/25G SFP28 + OOBM iDRAC/iLO,RHEL / VMware / Windows Server Ready,1U / 2U Rackmount,36,129600.00,343680.00,417600.00,8907300000488,ACTIVE
VAR-0488,PROD-0125,SRV-DEL-R660-128-2TB-256G-8TB,Dell PowerEdge R660 1U Ultra-Dense Dual 4th/5th Gen Xeon / 256GB ECC / 8x 1.92TB Enterprise SAS SSD / Dual 1400W,Dual Intel Xeon Silver/Gold / AMD EPYC,256GB DDR5 ECC Reg,15.36TB Raw,Enterprise SAS SSD RAID-1,Integrated Matrox,N/A,N/A,Silver/Metallic,Quad 10G/25G SFP28 + OOBM iDRAC/iLO,RHEL / VMware / Windows Server Ready,1U / 2U Rackmount,36,172800.00,458240.00,556800.00,8907300000489,ACTIVE
VAR-0489,PROD-0126,SRV-DEL-R760-128-2TB-256G-8TB,Dell PowerEdge R760 2U Enterprise Workhorse Flagship / 256GB ECC / 8x 1.92TB Enterprise SAS SSD / Dual 1400W,Dual Intel Xeon Silver/Gold / AMD EPYC,256GB DDR5 ECC Reg,15.36TB Raw,Enterprise SAS SSD RAID-1,Integrated Matrox,N/A,N/A,Silver/Metallic,Quad 10G/25G SFP28 + OOBM iDRAC/iLO,RHEL / VMware / Windows Server Ready,1U / 2U Rackmount,36,226800.00,601440.00,730800.00,8907300000490,ACTIVE
VAR-0490,PROD-0127,SRV-DEL-R760XS-128-2TB-256G-8TB,Dell PowerEdge R760xs 2U Cloud Scale Optimized / 256GB ECC / 8x 1.92TB Enterprise SAS SSD / Dual 1400W,Dual Intel Xeon Silver/Gold / AMD EPYC,256GB DDR5 ECC Reg,15.36TB Raw,Enterprise SAS SSD RAID-1,Integrated Matrox,N/A,N/A,Silver/Metallic,Quad 10G/25G SFP28 + OOBM iDRAC/iLO,RHEL / VMware / Windows Server Ready,1U / 2U Rackmount,36,194400.00,515520.00,626400.00,8907300000491,ACTIVE
VAR-0491,PROD-0128,SRV-DEL-R860-128-2TB-256G-8TB,Dell PowerEdge R860 2U 4-Socket Dense Enterprise Core / 256GB ECC / 8x 1.92TB Enterprise SAS SSD / Dual 1400W,Dual Intel Xeon Silver/Gold / AMD EPYC,256GB DDR5 ECC Reg,15.36TB Raw,Enterprise SAS SSD RAID-1,Integrated Matrox,N/A,N/A,Silver/Metallic,Quad 10G/25G SFP28 + OOBM iDRAC/iLO,RHEL / VMware / Windows Server Ready,1U / 2U Rackmount,36,388800.00,1031040.00,1252800.00,8907300000492,ACTIVE
VAR-0492,PROD-0129,SRV-DEL-R960-128-2TB-256G-8TB,Dell PowerEdge R960 4U 4-Socket Mission-Critical DB / 256GB ECC / 8x 1.92TB Enterprise SAS SSD / Dual 1400W,Dual Intel Xeon Silver/Gold / AMD EPYC,256GB DDR5 ECC Reg,15.36TB Raw,Enterprise SAS SSD RAID-1,Integrated Matrox,N/A,N/A,Silver/Metallic,Quad 10G/25G SFP28 + OOBM iDRAC/iLO,RHEL / VMware / Windows Server Ready,1U / 2U Rackmount,36,529200.00,1403360.00,1705200.00,8907300000493,ACTIVE
VAR-0493,PROD-0130,SRV-HPE-DL20-128-2TB-256G-8TB,HPE ProLiant DL20 Gen11 1U Short-Depth Edge Server / 256GB ECC / 8x 1.92TB Enterprise SAS SSD / Dual 1400W,Dual Intel Xeon Silver/Gold / AMD EPYC,256GB DDR5 ECC Reg,15.36TB Raw,Enterprise SAS SSD RAID-1,Integrated Matrox,N/A,N/A,Silver/Metallic,Quad 10G/25G SFP28 + OOBM iDRAC/iLO,RHEL / VMware / Windows Server Ready,1U / 2U Rackmount,36,63900.00,169120.00,205900.00,8907300000494,ACTIVE
VAR-0494,PROD-0131,SRV-HPE-DL320-128-2TB-256G-8TB,HPE ProLiant DL320 Gen11 1U Single-Socket Compute / 256GB ECC / 8x 1.92TB Enterprise SAS SSD / Dual 1400W,Dual Intel Xeon Silver/Gold / AMD EPYC,256GB DDR5 ECC Reg,15.36TB Raw,Enterprise SAS SSD RAID-1,Integrated Matrox,N/A,N/A,Silver/Metallic,Quad 10G/25G SFP28 + OOBM iDRAC/iLO,RHEL / VMware / Windows Server Ready,1U / 2U Rackmount,36,97200.00,257760.00,313200.00,8907300000495,ACTIVE
VAR-0495,PROD-0132,SRV-HPE-DL360-128-2TB-256G-8TB,HPE ProLiant DL360 Gen11 1U Dual Intel Xeon Scalable / 256GB ECC / 8x 1.92TB Enterprise SAS SSD / Dual 1400W,Dual Intel Xeon Silver/Gold / AMD EPYC,256GB DDR5 ECC Reg,15.36TB Raw,Enterprise SAS SSD RAID-1,Integrated Matrox,N/A,N/A,Silver/Metallic,Quad 10G/25G SFP28 + OOBM iDRAC/iLO,RHEL / VMware / Windows Server Ready,1U / 2U Rackmount,36,178200.00,472560.00,574200.00,8907300000496,ACTIVE
VAR-0496,PROD-0133,SRV-HPE-DL380-128-2TB-256G-8TB,HPE ProLiant DL380 Gen11 2U 2P World Best-Selling Server / 256GB ECC / 8x 1.92TB Enterprise SAS SSD / Dual 1400W,Dual Intel Xeon Silver/Gold / AMD EPYC,256GB DDR5 ECC Reg,15.36TB Raw,Enterprise SAS SSD RAID-1,Integrated Matrox,N/A,N/A,Silver/Metallic,Quad 10G/25G SFP28 + OOBM iDRAC/iLO,RHEL / VMware / Windows Server Ready,1U / 2U Rackmount,36,234900.00,622920.00,756900.00,8907300000497,ACTIVE
VAR-0497,PROD-0134,SRV-HPE-DL385-128-2TB-256G-8TB,HPE ProLiant DL385 Gen11 2U Dual AMD EPYC 9004 / 256GB ECC / 8x 1.92TB Enterprise SAS SSD / Dual 1400W,Dual Intel Xeon Silver/Gold / AMD EPYC,256GB DDR5 ECC Reg,15.36TB Raw,Enterprise SAS SSD RAID-1,Integrated Matrox,N/A,N/A,Silver/Metallic,Quad 10G/25G SFP28 + OOBM iDRAC/iLO,RHEL / VMware / Windows Server Ready,1U / 2U Rackmount,36,243000.00,644400.00,783000.00,8907300000498,ACTIVE
VAR-0498,PROD-0135,SRV-HPE-ML350-128-2TB-256G-8TB,HPE ProLiant ML350 Gen11 4U Tower Enterprise Expandable / 256GB ECC / 8x 1.92TB Enterprise SAS SSD / Dual 1400W,Dual Intel Xeon Silver/Gold / AMD EPYC,256GB DDR5 ECC Reg,15.36TB Raw,Enterprise SAS SSD RAID-1,Integrated Matrox,N/A,N/A,Silver/Metallic,Quad 10G/25G SFP28 + OOBM iDRAC/iLO,RHEL / VMware / Windows Server Ready,1U / 2U Rackmount,36,156600.00,415280.00,504600.00,8907300000499,ACTIVE
VAR-0499,PROD-0136,SRV-HPE-DL560-128-2TB-256G-8TB,HPE ProLiant DL560 Gen11 2U 4-Socket High-Density / 256GB ECC / 8x 1.92TB Enterprise SAS SSD / Dual 1400W,Dual Intel Xeon Silver/Gold / AMD EPYC,256GB DDR5 ECC Reg,15.36TB Raw,Enterprise SAS SSD RAID-1,Integrated Matrox,N/A,N/A,Silver/Metallic,Quad 10G/25G SFP28 + OOBM iDRAC/iLO,RHEL / VMware / Windows Server Ready,1U / 2U Rackmount,36,421200.00,1116960.00,1357200.00,8907300000500,ACTIVE
VAR-0500,PROD-0137,SRV-LEN-SR250-128-2TB-256G-8TB,Lenovo ThinkSystem SR250 V2 1U Compact Rack Server / 256GB ECC / 8x 1.92TB Enterprise SAS SSD / Dual 1400W,Dual Intel Xeon Silver/Gold / AMD EPYC,256GB DDR5 ECC Reg,15.36TB Raw,Enterprise SAS SSD RAID-1,Integrated Matrox,N/A,N/A,Silver/Metallic,Quad 10G/25G SFP28 + OOBM iDRAC/iLO,RHEL / VMware / Windows Server Ready,1U / 2U Rackmount,36,60750.00,160600.00,195750.00,8907300000501,ACTIVE
VAR-0501,PROD-0138,SRV-LEN-SR630-128-2TB-256G-8TB,Lenovo ThinkSystem SR630 V3 1U High-Performance Dual-Socket / 256GB ECC / 8x 1.92TB Enterprise SAS SSD / Dual 1400W,Dual Intel Xeon Silver/Gold / AMD EPYC,256GB DDR5 ECC Reg,15.36TB Raw,Enterprise SAS SSD RAID-1,Integrated Matrox,N/A,N/A,Silver/Metallic,Quad 10G/25G SFP28 + OOBM iDRAC/iLO,RHEL / VMware / Windows Server Ready,1U / 2U Rackmount,36,170100.00,451080.00,548100.00,8907300000502,ACTIVE
VAR-0502,PROD-0139,SRV-LEN-SR650-128-2TB-256G-8TB,Lenovo ThinkSystem SR650 V3 2U Flagship Core Database / 256GB ECC / 8x 1.92TB Enterprise SAS SSD / Dual 1400W,Dual Intel Xeon Silver/Gold / AMD EPYC,256GB DDR5 ECC Reg,15.36TB Raw,Enterprise SAS SSD RAID-1,Integrated Matrox,N/A,N/A,Silver/Metallic,Quad 10G/25G SFP28 + OOBM iDRAC/iLO,RHEL / VMware / Windows Server Ready,1U / 2U Rackmount,36,221400.00,587120.00,713400.00,8907300000503,ACTIVE
VAR-0503,PROD-0140,SRV-LEN-SR655-128-2TB-256G-8TB,Lenovo ThinkSystem SR655 V3 2U High-Core AMD EPYC Single-P / 256GB ECC / 8x 1.92TB Enterprise SAS SSD / Dual 1400W,Dual Intel Xeon Silver/Gold / AMD EPYC,256GB DDR5 ECC Reg,15.36TB Raw,Enterprise SAS SSD RAID-1,Integrated Matrox,N/A,N/A,Silver/Metallic,Quad 10G/25G SFP28 + OOBM iDRAC/iLO,RHEL / VMware / Windows Server Ready,1U / 2U Rackmount,36,183600.00,486880.00,591600.00,8907300000504,ACTIVE
VAR-0504,PROD-0141,SRV-LEN-SR850-128-2TB-256G-8TB,Lenovo ThinkSystem SR850 V3 2U 4-Socket Mission-Critical / 256GB ECC / 8x 1.92TB Enterprise SAS SSD / Dual 1400W,Dual Intel Xeon Silver/Gold / AMD EPYC,256GB DDR5 ECC Reg,15.36TB Raw,Enterprise SAS SSD RAID-1,Integrated Matrox,N/A,N/A,Silver/Metallic,Quad 10G/25G SFP28 + OOBM iDRAC/iLO,RHEL / VMware / Windows Server Ready,1U / 2U Rackmount,36,399600.00,1059680.00,1287600.00,8907300000505,ACTIVE
VAR-0505,PROD-0142,SRV-LEN-ST550-128-2TB-256G-8TB,Lenovo ThinkSystem ST550 4U Enterprise Tower/Rack Server / 256GB ECC / 8x 1.92TB Enterprise SAS SSD / Dual 1400W,Dual Intel Xeon Silver/Gold / AMD EPYC,256GB DDR5 ECC Reg,15.36TB Raw,Enterprise SAS SSD RAID-1,Integrated Matrox,N/A,N/A,Silver/Metallic,Quad 10G/25G SFP28 + OOBM iDRAC/iLO,RHEL / VMware / Windows Server Ready,1U / 2U Rackmount,36,124200.00,329360.00,400200.00,8907300000506,ACTIVE
VAR-0506,PROD-0143,SRV-CISCO-C220-128-2TB-256G-8TB,Cisco UCS C220 M7 1U High-Density Rack Server / 256GB ECC / 8x 1.92TB Enterprise SAS SSD / Dual 1400W,Dual Intel Xeon Silver/Gold / AMD EPYC,256GB DDR5 ECC Reg,15.36TB Raw,Enterprise SAS SSD RAID-1,Integrated Matrox,N/A,N/A,Silver/Metallic,Quad 10G/25G SFP28 + OOBM iDRAC/iLO,RHEL / VMware / Windows Server Ready,1U / 2U Rackmount,36,186300.00,494040.00,600300.00,8907300000507,ACTIVE
VAR-0507,PROD-0144,SRV-CISCO-C240-128-2TB-256G-8TB,Cisco UCS C240 M7 2U Multi-Storage Enterprise Server / 256GB ECC / 8x 1.92TB Enterprise SAS SSD / Dual 1400W,Dual Intel Xeon Silver/Gold / AMD EPYC,256GB DDR5 ECC Reg,15.36TB Raw,Enterprise SAS SSD RAID-1,Integrated Matrox,N/A,N/A,Silver/Metallic,Quad 10G/25G SFP28 + OOBM iDRAC/iLO,RHEL / VMware / Windows Server Ready,1U / 2U Rackmount,36,240300.00,637240.00,774300.00,8907300000508,ACTIVE
VAR-0508,PROD-0145,SRV-DEL-T150-128-2TB-256G-8TB,Dell PowerEdge T150 4U Tower Branch Office Server / 256GB ECC / 8x 1.92TB Enterprise SAS SSD / Dual 1400W,Dual Intel Xeon Silver/Gold / AMD EPYC,256GB DDR5 ECC Reg,15.36TB Raw,Enterprise SAS SSD RAID-1,Integrated Matrox,N/A,N/A,Silver/Metallic,Quad 10G/25G SFP28 + OOBM iDRAC/iLO,RHEL / VMware / Windows Server Ready,1U / 2U Rackmount,36,44550.00,117640.00,143550.00,8907300000509,ACTIVE
VAR-0509,PROD-0146,SRV-DEL-T350-128-2TB-256G-8TB,Dell PowerEdge T350 1-Socket Tower Hot-Plug Storage / 256GB ECC / 8x 1.92TB Enterprise SAS SSD / Dual 1400W,Dual Intel Xeon Silver/Gold / AMD EPYC,256GB DDR5 ECC Reg,15.36TB Raw,Enterprise SAS SSD RAID-1,Integrated Matrox,N/A,N/A,Silver/Metallic,Quad 10G/25G SFP28 + OOBM iDRAC/iLO,RHEL / VMware / Windows Server Ready,1U / 2U Rackmount,36,67500.00,179000.00,217500.00,8907300000510,ACTIVE
VAR-0510,PROD-0147,SRV-DEL-T550-128-2TB-256G-8TB,Dell PowerEdge T550 2-Socket Tower Enterprise Compute / 256GB ECC / 8x 1.92TB Enterprise SAS SSD / Dual 1400W,Dual Intel Xeon Silver/Gold / AMD EPYC,256GB DDR5 ECC Reg,15.36TB Raw,Enterprise SAS SSD RAID-1,Integrated Matrox,N/A,N/A,Silver/Metallic,Quad 10G/25G SFP28 + OOBM iDRAC/iLO,RHEL / VMware / Windows Server Ready,1U / 2U Rackmount,36,140400.00,372320.00,452400.00,8907300000511,ACTIVE
VAR-0511,PROD-0148,SRV-HPE-ML110-128-2TB-256G-8TB,HPE ProLiant ML110 Gen11 Single-Processor Tower / 256GB ECC / 8x 1.92TB Enterprise SAS SSD / Dual 1400W,Dual Intel Xeon Silver/Gold / AMD EPYC,256GB DDR5 ECC Reg,15.36TB Raw,Enterprise SAS SSD RAID-1,Integrated Matrox,N/A,N/A,Silver/Metallic,Quad 10G/25G SFP28 + OOBM iDRAC/iLO,RHEL / VMware / Windows Server Ready,1U / 2U Rackmount,36,72900.00,193320.00,234900.00,8907300000512,ACTIVE
VAR-0512,PROD-0149,SRV-DEL-R6625-128-2TB-256G-8TB,Dell PowerEdge R6625 1U Dual AMD EPYC 9004 Gen / 256GB ECC / 8x 1.92TB Enterprise SAS SSD / Dual 1400W,Dual Intel Xeon Silver/Gold / AMD EPYC,256GB DDR5 ECC Reg,15.36TB Raw,Enterprise SAS SSD RAID-1,Integrated Matrox,N/A,N/A,Silver/Metallic,Quad 10G/25G SFP28 + OOBM iDRAC/iLO,RHEL / VMware / Windows Server Ready,1U / 2U Rackmount,36,189000.00,501200.00,609000.00,8907300000513,ACTIVE
VAR-0513,PROD-0150,SRV-DEL-R7625-128-2TB-256G-8TB,Dell PowerEdge R7625 2U Dual AMD EPYC High IOPS / 256GB ECC / 8x 1.92TB Enterprise SAS SSD / Dual 1400W,Dual Intel Xeon Silver/Gold / AMD EPYC,256GB DDR5 ECC Reg,15.36TB Raw,Enterprise SAS SSD RAID-1,Integrated Matrox,N/A,N/A,Silver/Metallic,Quad 10G/25G SFP28 + OOBM iDRAC/iLO,RHEL / VMware / Windows Server Ready,1U / 2U Rackmount,36,248400.00,658720.00,800400.00,8907300000514,ACTIVE
VAR-0514,PROD-0151,SRV-HPE-DL345-128-2TB-256G-8TB,HPE ProLiant DL345 Gen11 2U 1P AMD Storage Server / 256GB ECC / 8x 1.92TB Enterprise SAS SSD / Dual 1400W,Dual Intel Xeon Silver/Gold / AMD EPYC,256GB DDR5 ECC Reg,15.36TB Raw,Enterprise SAS SSD RAID-1,Integrated Matrox,N/A,N/A,Silver/Metallic,Quad 10G/25G SFP28 + OOBM iDRAC/iLO,RHEL / VMware / Windows Server Ready,1U / 2U Rackmount,36,151200.00,400960.00,487200.00,8907300000515,ACTIVE
VAR-0515,PROD-0152,SRV-LEN-SR665-128-2TB-256G-8TB,Lenovo ThinkSystem SR665 V3 2U Dual AMD 128-Core / 256GB ECC / 8x 1.92TB Enterprise SAS SSD / Dual 1400W,Dual Intel Xeon Silver/Gold / AMD EPYC,256GB DDR5 ECC Reg,15.36TB Raw,Enterprise SAS SSD RAID-1,Integrated Matrox,N/A,N/A,Silver/Metallic,Quad 10G/25G SFP28 + OOBM iDRAC/iLO,RHEL / VMware / Windows Server Ready,1U / 2U Rackmount,36,253800.00,673040.00,817800.00,8907300000516,ACTIVE
VAR-0516,PROD-0153,STO-DEL-PS500T-STD-HIGH-IOPS,Dell PowerStore 500T All-Flash Unified Storage Array / 128TB Raw / 32Gb Fibre Channel SAN Gateway,Dual Storage Processors,128GB Cache,128TB Raw,NVMe / SAS Enterprise Flash,N/A,N/A,N/A,Charcoal/Black,10GbE / 25GbE / 32Gb Fibre Channel,Storage OS / SAN OS,2U / 3U Rackmount,36,470400.00,1356320.00,1646400.00,8907300000517,ACTIVE
VAR-0517,PROD-0154,STO-DEL-PS1000T-STD-HIGH-IOPS,Dell PowerStore 1000T Enterprise NVMe SAN Array / 128TB Raw / 32Gb Fibre Channel SAN Gateway,Dual Storage Processors,128GB Cache,128TB Raw,NVMe / SAS Enterprise Flash,N/A,N/A,N/A,Charcoal/Black,10GbE / 25GbE / 32Gb Fibre Channel,Storage OS / SAN OS,2U / 3U Rackmount,36,792000.00,2283600.00,2772000.00,8907300000518,ACTIVE
VAR-0518,PROD-0155,STO-DEL-PS3000T-STD-HIGH-IOPS,Dell PowerStore 3000T High-IOPS NVMe End-to-End / 128TB Raw / 32Gb Fibre Channel SAN Gateway,Dual Storage Processors,128GB Cache,128TB Raw,NVMe / SAS Enterprise Flash,N/A,N/A,N/A,Charcoal/Black,10GbE / 25GbE / 32Gb Fibre Channel,Storage OS / SAN OS,2U / 3U Rackmount,36,1176000.00,3390800.00,4116000.00,8907300000519,ACTIVE
VAR-0519,PROD-0156,STO-DEL-ME5024-STD-HIGH-IOPS,Dell PowerVault ME5024 2U 24-Bay SAS/FC Storage / 128TB Raw / 32Gb Fibre Channel SAN Gateway,Dual Storage Processors,128GB Cache,128TB Raw,NVMe / SAS Enterprise Flash,N/A,N/A,N/A,Charcoal/Black,10GbE / 25GbE / 32Gb Fibre Channel,Storage OS / SAN OS,2U / 3U Rackmount,36,249600.00,719680.00,873600.00,8907300000520,ACTIVE
VAR-0520,PROD-0157,STO-DEL-ME5084-STD-HIGH-IOPS,Dell PowerVault ME5084 5U 84-Bay High-Density Storage / 128TB Raw / 32Gb Fibre Channel SAN Gateway,Dual Storage Processors,128GB Cache,128TB Raw,NVMe / SAS Enterprise Flash,N/A,N/A,N/A,Charcoal/Black,10GbE / 25GbE / 32Gb Fibre Channel,Storage OS / SAN OS,2U / 3U Rackmount,36,451200.00,1300960.00,1579200.00,8907300000521,ACTIVE
VAR-0521,PROD-0158,STO-HPE-MSA2060-STD-HIGH-IOPS,HPE MSA 2060 16Gb Fibre Channel Hybrid Storage / 128TB Raw / 32Gb Fibre Channel SAN Gateway,Dual Storage Processors,128GB Cache,128TB Raw,NVMe / SAS Enterprise Flash,N/A,N/A,N/A,Charcoal/Black,10GbE / 25GbE / 32Gb Fibre Channel,Storage OS / SAN OS,2U / 3U Rackmount,36,230400.00,664320.00,806400.00,8907300000522,ACTIVE
VAR-0522,PROD-0159,STO-HPE-ALLETRA-STD-HIGH-IOPS,HPE Alletra 5000 Cloud-Native All-Flash SAN / 128TB Raw / 32Gb Fibre Channel SAN Gateway,Dual Storage Processors,128GB Cache,128TB Raw,NVMe / SAS Enterprise Flash,N/A,N/A,N/A,Charcoal/Black,10GbE / 25GbE / 32Gb Fibre Channel,Storage OS / SAN OS,2U / 3U Rackmount,36,888000.00,2560400.00,3108000.00,8907300000523,ACTIVE
VAR-0523,PROD-0160,STO-NET-A150-STD-HIGH-IOPS,NetApp AFF A150 All-Flash SAN/NAS Array 24x 1.92TB / 128TB Raw / 32Gb Fibre Channel SAN Gateway,Dual Storage Processors,128GB Cache,128TB Raw,NVMe / SAS Enterprise Flash,N/A,N/A,N/A,Charcoal/Black,10GbE / 25GbE / 32Gb Fibre Channel,Storage OS / SAN OS,2U / 3U Rackmount,36,696000.00,2006800.00,2436000.00,8907300000524,ACTIVE
VAR-0524,PROD-0161,STO-NET-A250-STD-HIGH-IOPS,NetApp AFF A250 NVMe End-to-End Enterprise Storage / 128TB Raw / 32Gb Fibre Channel SAN Gateway,Dual Storage Processors,128GB Cache,128TB Raw,NVMe / SAS Enterprise Flash,N/A,N/A,N/A,Charcoal/Black,10GbE / 25GbE / 32Gb Fibre Channel,Storage OS / SAN OS,2U / 3U Rackmount,36,1056000.00,3044800.00,3696000.00,8907300000525,ACTIVE
VAR-0525,PROD-0162,STO-NET-FAS2820-STD-HIGH-IOPS,NetApp FAS2820 Hybrid Cloud Storage Architecture / 128TB Raw / 32Gb Fibre Channel SAN Gateway,Dual Storage Processors,128GB Cache,128TB Raw,NVMe / SAS Enterprise Flash,N/A,N/A,N/A,Charcoal/Black,10GbE / 25GbE / 32Gb Fibre Channel,Storage OS / SAN OS,2U / 3U Rackmount,36,427200.00,1231760.00,1495200.00,8907300000526,ACTIVE
VAR-0526,PROD-0163,STO-SYN-FS3410-STD-HIGH-IOPS,Synology FlashStation FS3410 24-Bay All-Flash NAS / 128TB Raw / 32Gb Fibre Channel SAN Gateway,Dual Storage Processors,128GB Cache,128TB Raw,NVMe / SAS Enterprise Flash,N/A,N/A,N/A,Charcoal/Black,10GbE / 25GbE / 32Gb Fibre Channel,Storage OS / SAN OS,2U / 3U Rackmount,36,201600.00,581280.00,705600.00,8907300000527,ACTIVE
VAR-0527,PROD-0164,STO-SYN-RS2423-STD-HIGH-IOPS,Synology RackStation RS2423+ 12-Bay 2U Storage / 128TB Raw / 32Gb Fibre Channel SAN Gateway,Dual Storage Processors,128GB Cache,128TB Raw,NVMe / SAS Enterprise Flash,N/A,N/A,N/A,Charcoal/Black,10GbE / 25GbE / 32Gb Fibre Channel,Storage OS / SAN OS,2U / 3U Rackmount,36,79200.00,228360.00,277200.00,8907300000528,ACTIVE
VAR-0528,PROD-0165,STO-SYN-RS3621-STD-HIGH-IOPS,Synology RackStation RS3621xs+ 12-Bay High-IOPS / 128TB Raw / 32Gb Fibre Channel SAN Gateway,Dual Storage Processors,128GB Cache,128TB Raw,NVMe / SAS Enterprise Flash,N/A,N/A,N/A,Charcoal/Black,10GbE / 25GbE / 32Gb Fibre Channel,Storage OS / SAN OS,2U / 3U Rackmount,36,141600.00,408280.00,495600.00,8907300000529,ACTIVE
VAR-0529,PROD-0166,STO-SYN-RS4021-STD-HIGH-IOPS,Synology RackStation RS4021xs+ 16-Bay 3U SAN/NAS / 128TB Raw / 32Gb Fibre Channel SAN Gateway,Dual Storage Processors,128GB Cache,128TB Raw,NVMe / SAS Enterprise Flash,N/A,N/A,N/A,Charcoal/Black,10GbE / 25GbE / 32Gb Fibre Channel,Storage OS / SAN OS,2U / 3U Rackmount,36,211200.00,608960.00,739200.00,8907300000530,ACTIVE
VAR-0530,PROD-0167,STO-SYN-DS1821-STD-HIGH-IOPS,Synology DiskStation DS1821+ 8-Bay Desktop NAS / 128TB Raw / 32Gb Fibre Channel SAN Gateway,Dual Storage Processors,128GB Cache,128TB Raw,NVMe / SAS Enterprise Flash,N/A,N/A,N/A,Charcoal/Black,10GbE / 25GbE / 32Gb Fibre Channel,Storage OS / SAN OS,2U / 3U Rackmount,36,42400.00,121920.00,148400.00,8907300000531,ACTIVE
VAR-0531,PROD-0168,STO-SYN-DS3622-STD-HIGH-IOPS,Synology DiskStation DS3622xs+ 12-Bay Enterprise Tower / 128TB Raw / 32Gb Fibre Channel SAN Gateway,Dual Storage Processors,128GB Cache,128TB Raw,NVMe / SAS Enterprise Flash,N/A,N/A,N/A,Charcoal/Black,10GbE / 25GbE / 32Gb Fibre Channel,Storage OS / SAN OS,2U / 3U Rackmount,36,112800.00,325240.00,394800.00,8907300000532,ACTIVE
VAR-0532,PROD-0169,STO-QNP-TS1677-STD-HIGH-IOPS,QNAP TS-h1677XU-RP 16-Bay ZFS QuTS hero 3U NAS / 128TB Raw / 32Gb Fibre Channel SAN Gateway,Dual Storage Processors,128GB Cache,128TB Raw,NVMe / SAS Enterprise Flash,N/A,N/A,N/A,Charcoal/Black,10GbE / 25GbE / 32Gb Fibre Channel,Storage OS / SAN OS,2U / 3U Rackmount,36,182400.00,525920.00,638400.00,8907300000533,ACTIVE
VAR-0533,PROD-0170,STO-QNP-TVS888-STD-HIGH-IOPS,QNAP TVS-h1688X 16-Bay ZFS Enterprise Desktop NAS / 128TB Raw / 32Gb Fibre Channel SAN Gateway,Dual Storage Processors,128GB Cache,128TB Raw,NVMe / SAS Enterprise Flash,N/A,N/A,N/A,Charcoal/Black,10GbE / 25GbE / 32Gb Fibre Channel,Storage OS / SAN OS,2U / 3U Rackmount,36,139200.00,401360.00,487200.00,8907300000534,ACTIVE
VAR-0534,PROD-0171,STO-QNP-TS873A-STD-HIGH-IOPS,QNAP TS-873A 8-Bay AMD Ryzen PCIe Expansion NAS / 128TB Raw / 32Gb Fibre Channel SAN Gateway,Dual Storage Processors,128GB Cache,128TB Raw,NVMe / SAS Enterprise Flash,N/A,N/A,N/A,Charcoal/Black,10GbE / 25GbE / 32Gb Fibre Channel,Storage OS / SAN OS,2U / 3U Rackmount,36,45200.00,130160.00,158200.00,8907300000535,ACTIVE
VAR-0535,PROD-0172,STO-WD-DATA60-STD-HIGH-IOPS,Western Digital Ultrastar Data60 60-Bay JBOD Storage / 128TB Raw / 32Gb Fibre Channel SAN Gateway,Dual Storage Processors,128GB Cache,128TB Raw,NVMe / SAS Enterprise Flash,N/A,N/A,N/A,Charcoal/Black,10GbE / 25GbE / 32Gb Fibre Channel,Storage OS / SAN OS,2U / 3U Rackmount,36,345600.00,996480.00,1209600.00,8907300000536,ACTIVE
VAR-0536,PROD-0173,STO-SEA-EXOSX-STD-HIGH-IOPS,Seagate Exos E 4U106 106-Bay High-Density Enclosure / 128TB Raw / 32Gb Fibre Channel SAN Gateway,Dual Storage Processors,128GB Cache,128TB Raw,NVMe / SAS Enterprise Flash,N/A,N/A,N/A,Charcoal/Black,10GbE / 25GbE / 32Gb Fibre Channel,Storage OS / SAN OS,2U / 3U Rackmount,36,552000.00,1591600.00,1932000.00,8907300000537,ACTIVE
VAR-0537,PROD-0174,STO-SAM-PM9A3-STD-HIGH-IOPS,Samsung PM9A3 7.68TB U.2 NVMe PCIe 4.0 SSD (Pack of 4) / 128TB Raw / 32Gb Fibre Channel SAN Gateway,Dual Storage Processors,128GB Cache,128TB Raw,NVMe / SAS Enterprise Flash,N/A,N/A,N/A,Charcoal/Black,10GbE / 25GbE / 32Gb Fibre Channel,Storage OS / SAN OS,2U / 3U Rackmount,36,93600.00,269880.00,327600.00,8907300000538,ACTIVE
VAR-0538,PROD-0175,STO-SAM-883DCT-STD-HIGH-IOPS,Samsung 883 DCT 3.84TB SATA 2.5-inch SSD (Pack of 4) / 128TB Raw / 32Gb Fibre Channel SAN Gateway,Dual Storage Processors,128GB Cache,128TB Raw,NVMe / SAS Enterprise Flash,N/A,N/A,N/A,Charcoal/Black,10GbE / 25GbE / 32Gb Fibre Channel,Storage OS / SAN OS,2U / 3U Rackmount,36,44000.00,127200.00,154000.00,8907300000539,ACTIVE
VAR-0539,PROD-0176,STO-WD-SN650-STD-HIGH-IOPS,Western Digital Ultrastar DC SN650 15.36TB NVMe SSD / 128TB Raw / 32Gb Fibre Channel SAN Gateway,Dual Storage Processors,128GB Cache,128TB Raw,NVMe / SAS Enterprise Flash,N/A,N/A,N/A,Charcoal/Black,10GbE / 25GbE / 32Gb Fibre Channel,Storage OS / SAN OS,2U / 3U Rackmount,36,69600.00,200680.00,243600.00,8907300000540,ACTIVE
VAR-0540,PROD-0177,STO-SEA-EXOS20-STD-HIGH-IOPS,Seagate Exos X20 20TB Enterprise SAS 12Gbps 7.2K (Pack of 4) / 128TB Raw / 32Gb Fibre Channel SAN Gateway,Dual Storage Processors,128GB Cache,128TB Raw,NVMe / SAS Enterprise Flash,N/A,N/A,N/A,Charcoal/Black,10GbE / 25GbE / 32Gb Fibre Channel,Storage OS / SAN OS,2U / 3U Rackmount,36,53600.00,154880.00,187600.00,8907300000541,ACTIVE
VAR-0541,PROD-0178,NET-CIS-C9200L-24P-STD-DUAL-PWR,Cisco Catalyst 9200L 24-Port Gigabit PoE+ 4x10G Switch / Redundant AC Power Supply & Stacking Module,Network Processor,2GB - 4GB,512MB Flash,Flash Storage,N/A,N/A,N/A,Cisco Grey/Teal,10G/25G SFP+ Uplinks,IOS-XE / ArubaOS-CX / UniFi,1U Rackmount,36,30000.00,147500.00,180000.00,8907300000542,ACTIVE
VAR-0542,PROD-0179,NET-CIS-C9200L-48P-STD-DUAL-PWR,Cisco Catalyst 9200L 48-Port Gigabit PoE+ 4x10G Switch / Redundant AC Power Supply & Stacking Module,Network Processor,2GB - 4GB,512MB Flash,Flash Storage,N/A,N/A,N/A,Cisco Grey/Teal,10G/25G SFP+ Uplinks,IOS-XE / ArubaOS-CX / UniFi,1U Rackmount,36,44400.00,218300.00,266400.00,8907300000543,ACTIVE
VAR-0543,PROD-0180,NET-CIS-C9300-24P-STD-DUAL-PWR,Cisco Catalyst 9300 24-Port Multi-Gigabit PoE+ Network / Redundant AC Power Supply & Stacking Module,Network Processor,2GB - 4GB,512MB Flash,Flash Storage,N/A,N/A,N/A,Cisco Grey/Teal,10G/25G SFP+ Uplinks,IOS-XE / ArubaOS-CX / UniFi,1U Rackmount,36,57600.00,283200.00,345600.00,8907300000544,ACTIVE
VAR-0544,PROD-0181,NET-CIS-C9300-48P-STD-DUAL-PWR,Cisco Catalyst 9300 48-Port UPOE StackWise 480 Switch / Redundant AC Power Supply & Stacking Module,Network Processor,2GB - 4GB,512MB Flash,Flash Storage,N/A,N/A,N/A,Cisco Grey/Teal,10G/25G SFP+ Uplinks,IOS-XE / ArubaOS-CX / UniFi,1U Rackmount,36,76800.00,377600.00,460800.00,8907300000545,ACTIVE
VAR-0545,PROD-0182,NET-CIS-C9500-24Y-STD-DUAL-PWR,Cisco Catalyst 9500 24-Port 25G Fiber Core Switch / Redundant AC Power Supply & Stacking Module,Network Processor,2GB - 4GB,512MB Flash,Flash Storage,N/A,N/A,N/A,Cisco Grey/Teal,10G/25G SFP+ Uplinks,IOS-XE / ArubaOS-CX / UniFi,1U Rackmount,36,163200.00,802400.00,979200.00,8907300000546,ACTIVE
VAR-0546,PROD-0183,NET-CIS-C9500-48Y-STD-DUAL-PWR,Cisco Catalyst 9500 48-Port 25G/100G Leaf-Spine Core / Redundant AC Power Supply & Stacking Module,Network Processor,2GB - 4GB,512MB Flash,Flash Storage,N/A,N/A,N/A,Cisco Grey/Teal,10G/25G SFP+ Uplinks,IOS-XE / ArubaOS-CX / UniFi,1U Rackmount,36,228000.00,1121000.00,1368000.00,8907300000547,ACTIVE
VAR-0547,PROD-0184,NET-CIS-MS120-24P-STD-DUAL-PWR,Cisco Meraki MS120-24P Cloud-Managed 24-Port PoE Switch / Redundant AC Power Supply & Stacking Module,Network Processor,2GB - 4GB,512MB Flash,Flash Storage,N/A,N/A,N/A,Cisco Grey/Teal,10G/25G SFP+ Uplinks,IOS-XE / ArubaOS-CX / UniFi,1U Rackmount,36,26400.00,129800.00,158400.00,8907300000548,ACTIVE
VAR-0548,PROD-0185,NET-CIS-MS225-48P-STD-DUAL-PWR,Cisco Meraki MS225-48P L2 Cloud Switch with 10G SFP+ / Redundant AC Power Supply & Stacking Module,Network Processor,2GB - 4GB,512MB Flash,Flash Storage,N/A,N/A,N/A,Cisco Grey/Teal,10G/25G SFP+ Uplinks,IOS-XE / ArubaOS-CX / UniFi,1U Rackmount,36,42000.00,206500.00,252000.00,8907300000549,ACTIVE
VAR-0549,PROD-0186,NET-CIS-MS390-48P-STD-DUAL-PWR,Cisco Meraki MS390-48P Multi-Gigabit Modular Uplinks / Redundant AC Power Supply & Stacking Module,Network Processor,2GB - 4GB,512MB Flash,Flash Storage,N/A,N/A,N/A,Cisco Grey/Teal,10G/25G SFP+ Uplinks,IOS-XE / ArubaOS-CX / UniFi,1U Rackmount,36,70800.00,348100.00,424800.00,8907300000550,ACTIVE
VAR-0550,PROD-0187,NET-ARU-6100-24G-STD-DUAL-PWR,Aruba CX 6100 24G 4SFP+ Enterprise Access Switch / Redundant AC Power Supply & Stacking Module,Network Processor,2GB - 4GB,512MB Flash,Flash Storage,N/A,N/A,N/A,Cisco Grey/Teal,10G/25G SFP+ Uplinks,IOS-XE / ArubaOS-CX / UniFi,1U Rackmount,36,18800.00,92100.00,112800.00,8907300000551,ACTIVE
VAR-0551,PROD-0188,NET-ARU-6200F-24P-STD-DUAL-PWR,Aruba CX 6200F 24G Class 4 PoE 4SFP+ 370W Switch / Redundant AC Power Supply & Stacking Module,Network Processor,2GB - 4GB,512MB Flash,Flash Storage,N/A,N/A,N/A,Cisco Grey/Teal,10G/25G SFP+ Uplinks,IOS-XE / ArubaOS-CX / UniFi,1U Rackmount,36,27600.00,135700.00,165600.00,8907300000552,ACTIVE
VAR-0552,PROD-0189,NET-ARU-6200F-48P-STD-DUAL-PWR,Aruba CX 6200F 48G Class 4 PoE 4SFP+ 740W Switch / Redundant AC Power Supply & Stacking Module,Network Processor,2GB - 4GB,512MB Flash,Flash Storage,N/A,N/A,N/A,Cisco Grey/Teal,10G/25G SFP+ Uplinks,IOS-XE / ArubaOS-CX / UniFi,1U Rackmount,36,42800.00,210100.00,256800.00,8907300000553,ACTIVE
VAR-0553,PROD-0190,NET-ARU-6300M-24P-STD-DUAL-PWR,Aruba CX 6300M 24-Port Modular Core/Aggregation Switch / Redundant AC Power Supply & Stacking Module,Network Processor,2GB - 4GB,512MB Flash,Flash Storage,N/A,N/A,N/A,Cisco Grey/Teal,10G/25G SFP+ Uplinks,IOS-XE / ArubaOS-CX / UniFi,1U Rackmount,36,68400.00,336300.00,410400.00,8907300000554,ACTIVE
VAR-0554,PROD-0191,NET-ARU-6300M-48P-STD-DUAL-PWR,Aruba CX 6300M 48-Port Smart Rate 10G PoE Switch / Redundant AC Power Supply & Stacking Module,Network Processor,2GB - 4GB,512MB Flash,Flash Storage,N/A,N/A,N/A,Cisco Grey/Teal,10G/25G SFP+ Uplinks,IOS-XE / ArubaOS-CX / UniFi,1U Rackmount,36,93600.00,460200.00,561600.00,8907300000555,ACTIVE
VAR-0555,PROD-0192,NET-ARU-AP515-STD-DUAL-PWR,Aruba AP-515 Unified Campus Wi-Fi 6 Access Point / Redundant AC Power Supply & Stacking Module,Network Processor,2GB - 4GB,512MB Flash,Flash Storage,N/A,N/A,N/A,Cisco Grey/Teal,10G/25G SFP+ Uplinks,IOS-XE / ArubaOS-CX / UniFi,1U Rackmount,36,9120.00,44840.00,54720.00,8907300000556,ACTIVE
VAR-0556,PROD-0193,NET-ARU-AP635-STD-DUAL-PWR,Aruba AP-635 Enterprise Wi-Fi 6E Tri-Band Access Point / Redundant AC Power Supply & Stacking Module,Network Processor,2GB - 4GB,512MB Flash,Flash Storage,N/A,N/A,N/A,Cisco Grey/Teal,10G/25G SFP+ Uplinks,IOS-XE / ArubaOS-CX / UniFi,1U Rackmount,36,13920.00,68440.00,83520.00,8907300000557,ACTIVE
VAR-0557,PROD-0194,NET-CIS-CW9164-STD-DUAL-PWR,Cisco Catalyst 9164I Wi-Fi 6E Tri-Band AP / Redundant AC Power Supply & Stacking Module,Network Processor,2GB - 4GB,512MB Flash,Flash Storage,N/A,N/A,N/A,Cisco Grey/Teal,10G/25G SFP+ Uplinks,IOS-XE / ArubaOS-CX / UniFi,1U Rackmount,36,14880.00,73160.00,89280.00,8907300000558,ACTIVE
VAR-0558,PROD-0195,NET-UBI-USW-24P-STD-DUAL-PWR,Ubiquiti UniFi Pro 24 PoE Layer 2/3 Enterprise Switch / Redundant AC Power Supply & Stacking Module,Network Processor,2GB - 4GB,512MB Flash,Flash Storage,N/A,N/A,N/A,Cisco Grey/Teal,10G/25G SFP+ Uplinks,IOS-XE / ArubaOS-CX / UniFi,1U Rackmount,36,10080.00,49560.00,60480.00,8907300000559,ACTIVE
VAR-0559,PROD-0196,NET-UBI-USW-48P-STD-DUAL-PWR,Ubiquiti UniFi Pro 48 PoE Layer 3 600W 4x 10G SFP+ / Redundant AC Power Supply & Stacking Module,Network Processor,2GB - 4GB,512MB Flash,Flash Storage,N/A,N/A,N/A,Cisco Grey/Teal,10G/25G SFP+ Uplinks,IOS-XE / ArubaOS-CX / UniFi,1U Rackmount,36,17760.00,87320.00,106560.00,8907300000560,ACTIVE
VAR-0560,PROD-0197,NET-UBI-USW-ENT24-STD-DUAL-PWR,Ubiquiti UniFi Enterprise 24 PoE 2.5G Multi-Gigabit / Redundant AC Power Supply & Stacking Module,Network Processor,2GB - 4GB,512MB Flash,Flash Storage,N/A,N/A,N/A,Cisco Grey/Teal,10G/25G SFP+ Uplinks,IOS-XE / ArubaOS-CX / UniFi,1U Rackmount,36,14880.00,73160.00,89280.00,8907300000561,ACTIVE
VAR-0561,PROD-0198,NET-UBI-U6-PRO-STD-DUAL-PWR,Ubiquiti UniFi U6 Pro Dual-Band Wi-Fi 6 AP / Redundant AC Power Supply & Stacking Module,Network Processor,2GB - 4GB,512MB Flash,Flash Storage,N/A,N/A,N/A,Cisco Grey/Teal,10G/25G SFP+ Uplinks,IOS-XE / ArubaOS-CX / UniFi,1U Rackmount,36,3360.00,16520.00,20160.00,8907300000562,ACTIVE
VAR-0562,PROD-0199,NET-UBI-U6-ENT-STD-DUAL-PWR,Ubiquiti UniFi U6 Enterprise Tri-Band Wi-Fi 6E AP / Redundant AC Power Supply & Stacking Module,Network Processor,2GB - 4GB,512MB Flash,Flash Storage,N/A,N/A,N/A,Cisco Grey/Teal,10G/25G SFP+ Uplinks,IOS-XE / ArubaOS-CX / UniFi,1U Rackmount,36,6240.00,30680.00,37440.00,8907300000563,ACTIVE
VAR-0563,PROD-0200,NET-JUN-EX2300-STD-DUAL-PWR,Juniper EX2300 24-Port Gigabit PoE+ Compact Switch / Redundant AC Power Supply & Stacking Module,Network Processor,2GB - 4GB,512MB Flash,Flash Storage,N/A,N/A,N/A,Cisco Grey/Teal,10G/25G SFP+ Uplinks,IOS-XE / ArubaOS-CX / UniFi,1U Rackmount,36,19680.00,96760.00,118080.00,8907300000564,ACTIVE
VAR-0564,PROD-0201,NET-JUN-EX3400-STD-DUAL-PWR,Juniper EX3400 48-Port Gigabit PoE+ Virtual Chassis / Redundant AC Power Supply & Stacking Module,Network Processor,2GB - 4GB,512MB Flash,Flash Storage,N/A,N/A,N/A,Cisco Grey/Teal,10G/25G SFP+ Uplinks,IOS-XE / ArubaOS-CX / UniFi,1U Rackmount,36,39600.00,194700.00,237600.00,8907300000565,ACTIVE
VAR-0565,PROD-0202,NET-JUN-EX4400-STD-DUAL-PWR,Juniper EX4400 24-Port Multi-Gigabit Cloud-Ready Switch / Redundant AC Power Supply & Stacking Module,Network Processor,2GB - 4GB,512MB Flash,Flash Storage,N/A,N/A,N/A,Cisco Grey/Teal,10G/25G SFP+ Uplinks,IOS-XE / ArubaOS-CX / UniFi,1U Rackmount,36,61200.00,300900.00,367200.00,8907300000566,ACTIVE
VAR-0566,PROD-0203,NET-FOR-FS124F-STD-DUAL-PWR,Fortinet FortiSwitch 124F 24-Port GE Layer 2 PoE Switch / Redundant AC Power Supply & Stacking Module,Network Processor,2GB - 4GB,512MB Flash,Flash Storage,N/A,N/A,N/A,Cisco Grey/Teal,10G/25G SFP+ Uplinks,IOS-XE / ArubaOS-CX / UniFi,1U Rackmount,36,13920.00,68440.00,83520.00,8907300000567,ACTIVE
VAR-0567,PROD-0204,NET-FOR-FS148F-STD-DUAL-PWR,Fortinet FortiSwitch 148F 48-Port GE PoE+ 4x 10G SFP+ / Redundant AC Power Supply & Stacking Module,Network Processor,2GB - 4GB,512MB Flash,Flash Storage,N/A,N/A,N/A,Cisco Grey/Teal,10G/25G SFP+ Uplinks,IOS-XE / ArubaOS-CX / UniFi,1U Rackmount,36,23520.00,115640.00,141120.00,8907300000568,ACTIVE
VAR-0568,PROD-0205,NET-FOR-FS424E-STD-DUAL-PWR,Fortinet FortiSwitch 424E-FIBER 24x 1G/10G SFP+ Aggregation / Redundant AC Power Supply & Stacking Module,Network Processor,2GB - 4GB,512MB Flash,Flash Storage,N/A,N/A,N/A,Cisco Grey/Teal,10G/25G SFP+ Uplinks,IOS-XE / ArubaOS-CX / UniFi,1U Rackmount,36,46800.00,230100.00,280800.00,8907300000569,ACTIVE
VAR-0569,PROD-0206,NET-CIS-SFP-10G-STD-DUAL-PWR,Cisco 10GBASE-SR SFP+ Optical Transceiver (Pack of 4) / Redundant AC Power Supply & Stacking Module,Network Processor,2GB - 4GB,512MB Flash,Flash Storage,N/A,N/A,N/A,Cisco Grey/Teal,10G/25G SFP+ Uplinks,IOS-XE / ArubaOS-CX / UniFi,1U Rackmount,36,7680.00,37760.00,46080.00,8907300000570,ACTIVE
VAR-0570,PROD-0207,NET-CIS-SFP-25G-STD-DUAL-PWR,Cisco 25GBASE-SR SFP28 Optical Transceiver (Pack of 2) / Redundant AC Power Supply & Stacking Module,Network Processor,2GB - 4GB,512MB Flash,Flash Storage,N/A,N/A,N/A,Cisco Grey/Teal,10G/25G SFP+ Uplinks,IOS-XE / ArubaOS-CX / UniFi,1U Rackmount,36,10560.00,51920.00,63360.00,8907300000571,ACTIVE
VAR-0571,PROD-0208,NET-ARU-SFP-10G-STD-DUAL-PWR,Aruba 10G SFP+ LC SR 300m MMF Transceiver (Pack of 4) / Redundant AC Power Supply & Stacking Module,Network Processor,2GB - 4GB,512MB Flash,Flash Storage,N/A,N/A,N/A,Cisco Grey/Teal,10G/25G SFP+ Uplinks,IOS-XE / ArubaOS-CX / UniFi,1U Rackmount,36,6720.00,33040.00,40320.00,8907300000572,ACTIVE
VAR-0572,PROD-0209,NET-CIS-DAC-10G-STD-DUAL-PWR,Cisco 10G SFP+ Twinax Direct Attach Copper Cable 3m (Pack of 5) / Redundant AC Power Supply & Stacking Module,Network Processor,2GB - 4GB,512MB Flash,Flash Storage,N/A,N/A,N/A,Cisco Grey/Teal,10G/25G SFP+ Uplinks,IOS-XE / ArubaOS-CX / UniFi,1U Rackmount,36,3840.00,18880.00,23040.00,8907300000573,ACTIVE
VAR-0573,PROD-0210,NET-UBI-AGGREG-STD-DUAL-PWR,Ubiquiti UniFi Switch Aggregation 8-Port 10G SFP+ / Redundant AC Power Supply & Stacking Module,Network Processor,2GB - 4GB,512MB Flash,Flash Storage,N/A,N/A,N/A,Cisco Grey/Teal,10G/25G SFP+ Uplinks,IOS-XE / ArubaOS-CX / UniFi,1U Rackmount,36,6000.00,29500.00,36000.00,8907300000574,ACTIVE
VAR-0574,PROD-0211,NET-CIS-C9200-24T-STD-DUAL-PWR,Cisco Catalyst 9200 24-Port Data Only Modular Uplink / Redundant AC Power Supply & Stacking Module,Network Processor,2GB - 4GB,512MB Flash,Flash Storage,N/A,N/A,N/A,Cisco Grey/Teal,10G/25G SFP+ Uplinks,IOS-XE / ArubaOS-CX / UniFi,1U Rackmount,36,22800.00,112100.00,136800.00,8907300000575,ACTIVE
VAR-0575,PROD-0212,NET-ARU-AP655-STD-DUAL-PWR,Aruba AP-655 High-Density Campus Wi-Fi 6E AP / Redundant AC Power Supply & Stacking Module,Network Processor,2GB - 4GB,512MB Flash,Flash Storage,N/A,N/A,N/A,Cisco Grey/Teal,10G/25G SFP+ Uplinks,IOS-XE / ArubaOS-CX / UniFi,1U Rackmount,36,17280.00,84960.00,103680.00,8907300000576,ACTIVE
VAR-0576,PROD-0213,SEC-FOR-FG40F-STD-UTP-1YR,Fortinet FortiGate 40F Secure SD-WAN Firewall / + 1-Year Enterprise Unified Threat Protection Suite,Security Processing Unit ASIC,4GB - 16GB,32GB - 128GB eMMC/SSD,Encrypted Solid State,N/A,N/A,N/A,Matte White/Grey,1G/10G SFP+ Dual WAN,FortiOS / PAN-OS / SophosOS,Desktop / 1U Rack,36,25000.00,56750.00,70600.00,8907300000577,ACTIVE
VAR-0577,PROD-0214,SEC-FOR-FG60F-STD-UTP-1YR,Fortinet FortiGate 60F Enterprise Branch Firewall / + 1-Year Enterprise Unified Threat Protection Suite,Security Processing Unit ASIC,4GB - 16GB,32GB - 128GB eMMC/SSD,Encrypted Solid State,N/A,N/A,N/A,Matte White/Grey,1G/10G SFP+ Dual WAN,FortiOS / PAN-OS / SophosOS,Desktop / 1U Rack,36,25000.00,76750.00,94600.00,8907300000578,ACTIVE
VAR-0578,PROD-0215,SEC-FOR-FG70F-STD-UTP-1YR,Fortinet FortiGate 70F High-Performance NGFW / + 1-Year Enterprise Unified Threat Protection Suite,Security Processing Unit ASIC,4GB - 16GB,32GB - 128GB eMMC/SSD,Encrypted Solid State,N/A,N/A,N/A,Matte White/Grey,1G/10G SFP+ Dual WAN,FortiOS / PAN-OS / SophosOS,Desktop / 1U Rack,36,25000.00,96750.00,118600.00,8907300000579,ACTIVE
VAR-0579,PROD-0216,SEC-FOR-FG80F-STD-UTP-1YR,Fortinet FortiGate 80F Dual WAN Bypass Firewall / + 1-Year Enterprise Unified Threat Protection Suite,Security Processing Unit ASIC,4GB - 16GB,32GB - 128GB eMMC/SSD,Encrypted Solid State,N/A,N/A,N/A,Matte White/Grey,1G/10G SFP+ Dual WAN,FortiOS / PAN-OS / SophosOS,Desktop / 1U Rack,36,25000.00,128750.00,157000.00,8907300000580,ACTIVE
VAR-0580,PROD-0217,SEC-FOR-FG100F-STD-UTP-1YR,Fortinet FortiGate 100F Campus Core NGFW 10G SFP+ / + 1-Year Enterprise Unified Threat Protection Suite,Security Processing Unit ASIC,4GB - 16GB,32GB - 128GB eMMC/SSD,Encrypted Solid State,N/A,N/A,N/A,Matte White/Grey,1G/10G SFP+ Dual WAN,FortiOS / PAN-OS / SophosOS,Desktop / 1U Rack,36,25000.00,213750.00,259000.00,8907300000581,ACTIVE
VAR-0581,PROD-0218,SEC-FOR-FG200F-STD-UTP-1YR,Fortinet FortiGate 200F High-Throughput Perimeter Firewall / + 1-Year Enterprise Unified Threat Protection Suite,Security Processing Unit ASIC,4GB - 16GB,32GB - 128GB eMMC/SSD,Encrypted Solid State,N/A,N/A,N/A,Matte White/Grey,1G/10G SFP+ Dual WAN,FortiOS / PAN-OS / SophosOS,Desktop / 1U Rack,36,25000.00,358750.00,433000.00,8907300000582,ACTIVE
VAR-0582,PROD-0219,SEC-FOR-FG400F-STD-UTP-1YR,Fortinet FortiGate 400F Datacenter Security Gateway / + 1-Year Enterprise Unified Threat Protection Suite,Security Processing Unit ASIC,4GB - 16GB,32GB - 128GB eMMC/SSD,Encrypted Solid State,N/A,N/A,N/A,Matte White/Grey,1G/10G SFP+ Dual WAN,FortiOS / PAN-OS / SophosOS,Desktop / 1U Rack,36,25000.00,668750.00,805000.00,8907300000583,ACTIVE
VAR-0583,PROD-0220,SEC-PAL-PA410-STD-UTP-1YR,Palo Alto Networks PA-410 Machine Learning NGFW / + 1-Year Enterprise Unified Threat Protection Suite,Security Processing Unit ASIC,4GB - 16GB,32GB - 128GB eMMC/SSD,Encrypted Solid State,N/A,N/A,N/A,Matte White/Grey,1G/10G SFP+ Dual WAN,FortiOS / PAN-OS / SophosOS,Desktop / 1U Rack,36,25000.00,106750.00,130600.00,8907300000584,ACTIVE
VAR-0584,PROD-0221,SEC-PAL-PA440-STD-UTP-1YR,Palo Alto Networks PA-440 Branch Security Appliance / + 1-Year Enterprise Unified Threat Protection Suite,Security Processing Unit ASIC,4GB - 16GB,32GB - 128GB eMMC/SSD,Encrypted Solid State,N/A,N/A,N/A,Matte White/Grey,1G/10G SFP+ Dual WAN,FortiOS / PAN-OS / SophosOS,Desktop / 1U Rack,36,25000.00,163750.00,199000.00,8907300000585,ACTIVE
VAR-0585,PROD-0222,SEC-PAL-PA450-STD-UTP-1YR,Palo Alto Networks PA-450 High-Availability Firewall / + 1-Year Enterprise Unified Threat Protection Suite,Security Processing Unit ASIC,4GB - 16GB,32GB - 128GB eMMC/SSD,Encrypted Solid State,N/A,N/A,N/A,Matte White/Grey,1G/10G SFP+ Dual WAN,FortiOS / PAN-OS / SophosOS,Desktop / 1U Rack,36,25000.00,228750.00,277000.00,8907300000586,ACTIVE
VAR-0586,PROD-0223,SEC-PAL-PA460-STD-UTP-1YR,Palo Alto Networks PA-460 Multi-Gigabit NGFW / + 1-Year Enterprise Unified Threat Protection Suite,Security Processing Unit ASIC,4GB - 16GB,32GB - 128GB eMMC/SSD,Encrypted Solid State,N/A,N/A,N/A,Matte White/Grey,1G/10G SFP+ Dual WAN,FortiOS / PAN-OS / SophosOS,Desktop / 1U Rack,36,25000.00,298750.00,361000.00,8907300000587,ACTIVE
VAR-0587,PROD-0224,SEC-PAL-PA1410-STD-UTP-1YR,Palo Alto Networks PA-1410 10G Fiber Perimeter Gateway / + 1-Year Enterprise Unified Threat Protection Suite,Security Processing Unit ASIC,4GB - 16GB,32GB - 128GB eMMC/SSD,Encrypted Solid State,N/A,N/A,N/A,Matte White/Grey,1G/10G SFP+ Dual WAN,FortiOS / PAN-OS / SophosOS,Desktop / 1U Rack,36,25000.00,598750.00,721000.00,8907300000588,ACTIVE
VAR-0588,PROD-0225,SEC-PAL-PA3410-STD-UTP-1YR,Palo Alto Networks PA-3410 Datacenter Inspection Firewall / + 1-Year Enterprise Unified Threat Protection Suite,Security Processing Unit ASIC,4GB - 16GB,32GB - 128GB eMMC/SSD,Encrypted Solid State,N/A,N/A,N/A,Matte White/Grey,1G/10G SFP+ Dual WAN,FortiOS / PAN-OS / SophosOS,Desktop / 1U Rack,36,25000.00,998750.00,1201000.00,8907300000589,ACTIVE
VAR-0589,PROD-0226,SEC-SOP-XGS116-STD-UTP-1YR,Sophos XGS 116 Desktop Next-Gen Firewall with PoE / + 1-Year Enterprise Unified Threat Protection Suite,Security Processing Unit ASIC,4GB - 16GB,32GB - 128GB eMMC/SSD,Encrypted Solid State,N/A,N/A,N/A,Matte White/Grey,1G/10G SFP+ Dual WAN,FortiOS / PAN-OS / SophosOS,Desktop / 1U Rack,36,25000.00,66750.00,82600.00,8907300000590,ACTIVE
VAR-0590,PROD-0227,SEC-SOP-XGS136-STD-UTP-1YR,Sophos XGS 136 High-Capacity Branch Firewall / + 1-Year Enterprise Unified Threat Protection Suite,Security Processing Unit ASIC,4GB - 16GB,32GB - 128GB eMMC/SSD,Encrypted Solid State,N/A,N/A,N/A,Matte White/Grey,1G/10G SFP+ Dual WAN,FortiOS / PAN-OS / SophosOS,Desktop / 1U Rack,36,25000.00,92750.00,113800.00,8907300000591,ACTIVE
VAR-0591,PROD-0228,SEC-SOP-XGS2100-STD-UTP-1YR,Sophos XGS 2100 1U Enterprise Rackmount Firewall / + 1-Year Enterprise Unified Threat Protection Suite,Security Processing Unit ASIC,4GB - 16GB,32GB - 128GB eMMC/SSD,Encrypted Solid State,N/A,N/A,N/A,Matte White/Grey,1G/10G SFP+ Dual WAN,FortiOS / PAN-OS / SophosOS,Desktop / 1U Rack,36,25000.00,178750.00,217000.00,8907300000592,ACTIVE
VAR-0592,PROD-0229,SEC-SOP-XGS2300-STD-UTP-1YR,Sophos XGS 2300 Redundant Power NGFW Appliance / + 1-Year Enterprise Unified Threat Protection Suite,Security Processing Unit ASIC,4GB - 16GB,32GB - 128GB eMMC/SSD,Encrypted Solid State,N/A,N/A,N/A,Matte White/Grey,1G/10G SFP+ Dual WAN,FortiOS / PAN-OS / SophosOS,Desktop / 1U Rack,36,25000.00,258750.00,313000.00,8907300000593,ACTIVE
VAR-0593,PROD-0230,SEC-SOP-XGS3100-STD-UTP-1YR,Sophos XGS 3100 Datacenter Protection Appliance / + 1-Year Enterprise Unified Threat Protection Suite,Security Processing Unit ASIC,4GB - 16GB,32GB - 128GB eMMC/SSD,Encrypted Solid State,N/A,N/A,N/A,Matte White/Grey,1G/10G SFP+ Dual WAN,FortiOS / PAN-OS / SophosOS,Desktop / 1U Rack,36,25000.00,398750.00,481000.00,8907300000594,ACTIVE
VAR-0594,PROD-0231,SEC-CHK-1570-STD-UTP-1YR,Check Point Quantum Spark 1570 Enterprise Security / + 1-Year Enterprise Unified Threat Protection Suite,Security Processing Unit ASIC,4GB - 16GB,32GB - 128GB eMMC/SSD,Encrypted Solid State,N/A,N/A,N/A,Matte White/Grey,1G/10G SFP+ Dual WAN,FortiOS / PAN-OS / SophosOS,Desktop / 1U Rack,36,25000.00,90750.00,111400.00,8907300000595,ACTIVE
VAR-0595,PROD-0232,SEC-CHK-1600-STD-UTP-1YR,Check Point Quantum Spark 1600 1GbE High Performance / + 1-Year Enterprise Unified Threat Protection Suite,Security Processing Unit ASIC,4GB - 16GB,32GB - 128GB eMMC/SSD,Encrypted Solid State,N/A,N/A,N/A,Matte White/Grey,1G/10G SFP+ Dual WAN,FortiOS / PAN-OS / SophosOS,Desktop / 1U Rack,36,25000.00,143750.00,175000.00,8907300000596,ACTIVE
VAR-0596,PROD-0233,SEC-CHK-1800-STD-UTP-1YR,Check Point Quantum Spark 1800 10GbE Security Gateway / + 1-Year Enterprise Unified Threat Protection Suite,Security Processing Unit ASIC,4GB - 16GB,32GB - 128GB eMMC/SSD,Encrypted Solid State,N/A,N/A,N/A,Matte White/Grey,1G/10G SFP+ Dual WAN,FortiOS / PAN-OS / SophosOS,Desktop / 1U Rack,36,25000.00,228750.00,277000.00,8907300000597,ACTIVE
VAR-0597,PROD-0234,SEC-CIS-FPR1010-STD-UTP-1YR,Cisco Secure Firewall Firepower 1010 Desktop NGFW / + 1-Year Enterprise Unified Threat Protection Suite,Security Processing Unit ASIC,4GB - 16GB,32GB - 128GB eMMC/SSD,Encrypted Solid State,N/A,N/A,N/A,Matte White/Grey,1G/10G SFP+ Dual WAN,FortiOS / PAN-OS / SophosOS,Desktop / 1U Rack,36,25000.00,86750.00,106600.00,8907300000598,ACTIVE
VAR-0598,PROD-0235,SEC-CIS-FPR1120-STD-UTP-1YR,Cisco Secure Firewall Firepower 1120 1U Appliance / + 1-Year Enterprise Unified Threat Protection Suite,Security Processing Unit ASIC,4GB - 16GB,32GB - 128GB eMMC/SSD,Encrypted Solid State,N/A,N/A,N/A,Matte White/Grey,1G/10G SFP+ Dual WAN,FortiOS / PAN-OS / SophosOS,Desktop / 1U Rack,36,25000.00,173750.00,211000.00,8907300000599,ACTIVE
VAR-0599,PROD-0236,SEC-CIS-FPR2110-STD-UTP-1YR,Cisco Secure Firewall Firepower 2110 Campus Perimeter / + 1-Year Enterprise Unified Threat Protection Suite,Security Processing Unit ASIC,4GB - 16GB,32GB - 128GB eMMC/SSD,Encrypted Solid State,N/A,N/A,N/A,Matte White/Grey,1G/10G SFP+ Dual WAN,FortiOS / PAN-OS / SophosOS,Desktop / 1U Rack,36,25000.00,338750.00,409000.00,8907300000600,ACTIVE
VAR-0600,PROD-0237,SEC-FOR-FG600F-STD-UTP-1YR,Fortinet FortiGate 600F Datacenter Core 25G/40G Security / + 1-Year Enterprise Unified Threat Protection Suite,Security Processing Unit ASIC,4GB - 16GB,32GB - 128GB eMMC/SSD,Encrypted Solid State,N/A,N/A,N/A,Matte White/Grey,1G/10G SFP+ Dual WAN,FortiOS / PAN-OS / SophosOS,Desktop / 1U Rack,36,25000.00,938750.00,1129000.00,8907300000601,ACTIVE
VAR-0601,PROD-0238,MON-DEL-P2422H-STD-ERGO-ARM,Dell P2422H 24-inch ComfortView Plus Business Monitor / + Heavy-Duty Gas-Spring Ergonomic Desk Mount,Display Processor,N/A,N/A,N/A,N/A,"24.0"" - 49.0""",FHD / QHD / 4K / Dual QHD,Silver / Black,DisplayPort / HDMI / USB-C 90W PD,VESA Standard,Monitor,36,4500.00,14650.00,18300.00,8907300000602,ACTIVE
VAR-0602,PROD-0239,MON-DEL-P2722H-STD-ERGO-ARM,Dell P2722H 27-inch Ergonomic Corporate Display / + Heavy-Duty Gas-Spring Ergonomic Desk Mount,Display Processor,N/A,N/A,N/A,N/A,"24.0"" - 49.0""",FHD / QHD / 4K / Dual QHD,Silver / Black,DisplayPort / HDMI / USB-C 90W PD,VESA Standard,Monitor,36,4500.00,19150.00,23700.00,8907300000603,ACTIVE
VAR-0603,PROD-0240,MON-DEL-U2424H-STD-ERGO-ARM,Dell UltraSharp U2424H 24-inch 120Hz Ambient Sensor / + Heavy-Duty Gas-Spring Ergonomic Desk Mount,Display Processor,N/A,N/A,N/A,N/A,"24.0"" - 49.0""",FHD / QHD / 4K / Dual QHD,Silver / Black,DisplayPort / HDMI / USB-C 90W PD,VESA Standard,Monitor,36,4500.00,21650.00,26700.00,8907300000604,ACTIVE
VAR-0604,PROD-0241,MON-DEL-U2724D-STD-ERGO-ARM,Dell UltraSharp U2724D 27-inch QHD 120Hz IPS Black / + Heavy-Duty Gas-Spring Ergonomic Desk Mount,Display Processor,N/A,N/A,N/A,N/A,"24.0"" - 49.0""",FHD / QHD / 4K / Dual QHD,Silver / Black,DisplayPort / HDMI / USB-C 90W PD,VESA Standard,Monitor,36,4500.00,34150.00,41700.00,8907300000605,ACTIVE
VAR-0605,PROD-0242,MON-DEL-U2723QE-STD-ERGO-ARM,Dell UltraSharp U2723QE 27-inch 4K USB-C Hub Monitor / + Heavy-Duty Gas-Spring Ergonomic Desk Mount,Display Processor,N/A,N/A,N/A,N/A,"24.0"" - 49.0""",FHD / QHD / 4K / Dual QHD,Silver / Black,DisplayPort / HDMI / USB-C 90W PD,VESA Standard,Monitor,36,4500.00,51150.00,62100.00,8907300000606,ACTIVE
VAR-0606,PROD-0243,MON-DEL-U3223QE-STD-ERGO-ARM,Dell UltraSharp U3223QE 31.5-inch 4K IPS Black 2000:1 / + Heavy-Duty Gas-Spring Ergonomic Desk Mount,Display Processor,N/A,N/A,N/A,N/A,"24.0"" - 49.0""",FHD / QHD / 4K / Dual QHD,Silver / Black,DisplayPort / HDMI / USB-C 90W PD,VESA Standard,Monitor,36,4500.00,65150.00,78900.00,8907300000607,ACTIVE
VAR-0607,PROD-0244,MON-DEL-U3423WE-STD-ERGO-ARM,Dell UltraSharp U3423WE 34-inch WQHD Curved USB-C Hub / + Heavy-Duty Gas-Spring Ergonomic Desk Mount,Display Processor,N/A,N/A,N/A,N/A,"24.0"" - 49.0""",FHD / QHD / 4K / Dual QHD,Silver / Black,DisplayPort / HDMI / USB-C 90W PD,VESA Standard,Monitor,36,4500.00,71150.00,86100.00,8907300000608,ACTIVE
VAR-0608,PROD-0245,MON-DEL-U3824DW-STD-ERGO-ARM,Dell UltraSharp U3824DW 37.5-inch WQHD+ Financial Ultrawide / + Heavy-Duty Gas-Spring Ergonomic Desk Mount,Display Processor,N/A,N/A,N/A,N/A,"24.0"" - 49.0""",FHD / QHD / 4K / Dual QHD,Silver / Black,DisplayPort / HDMI / USB-C 90W PD,VESA Standard,Monitor,36,4500.00,101150.00,122100.00,8907300000609,ACTIVE
VAR-0609,PROD-0246,MON-DEL-U4924DW-STD-ERGO-ARM,Dell UltraSharp U4924DW 49-inch Dual QHD Trading Station Display / + Heavy-Duty Gas-Spring Ergonomic Desk Mount,Display Processor,N/A,N/A,N/A,N/A,"24.0"" - 49.0""",FHD / QHD / 4K / Dual QHD,Silver / Black,DisplayPort / HDMI / USB-C 90W PD,VESA Standard,Monitor,36,4500.00,128150.00,154500.00,8907300000610,ACTIVE
VAR-0610,PROD-0247,MON-LG-27UK850-STD-ERGO-ARM,LG 27-inch 4K UHD IPS USB-C Display with HDR10 / + Heavy-Duty Gas-Spring Ergonomic Desk Mount,Display Processor,N/A,N/A,N/A,N/A,"24.0"" - 49.0""",FHD / QHD / 4K / Dual QHD,Silver / Black,DisplayPort / HDMI / USB-C 90W PD,VESA Standard,Monitor,36,4500.00,32150.00,39300.00,8907300000611,ACTIVE
VAR-0611,PROD-0248,MON-LG-32UN880-STD-ERGO-ARM,LG 32UN880 Ergo Arm 32-inch 4K UHD UltraFine Display / + Heavy-Duty Gas-Spring Ergonomic Desk Mount,Display Processor,N/A,N/A,N/A,N/A,"24.0"" - 49.0""",FHD / QHD / 4K / Dual QHD,Silver / Black,DisplayPort / HDMI / USB-C 90W PD,VESA Standard,Monitor,36,4500.00,49150.00,59700.00,8907300000612,ACTIVE
VAR-0612,PROD-0249,MON-LG-34WN80C-STD-ERGO-ARM,LG 34WN80C-B 34-inch 21:9 Curved Ultrawide USB-C Display / + Heavy-Duty Gas-Spring Ergonomic Desk Mount,Display Processor,N/A,N/A,N/A,N/A,"24.0"" - 49.0""",FHD / QHD / 4K / Dual QHD,Silver / Black,DisplayPort / HDMI / USB-C 90W PD,VESA Standard,Monitor,36,4500.00,45150.00,54900.00,8907300000613,ACTIVE
VAR-0613,PROD-0250,MON-LG-38WN95C-STD-ERGO-ARM,LG 38WN95C-W 38-inch 144Hz Nano IPS Thunderbolt 3 Display / + Heavy-Duty Gas-Spring Ergonomic Desk Mount,Display Processor,N/A,N/A,N/A,N/A,"24.0"" - 49.0""",FHD / QHD / 4K / Dual QHD,Silver / Black,DisplayPort / HDMI / USB-C 90W PD,VESA Standard,Monitor,36,4500.00,95150.00,114900.00,8907300000614,ACTIVE
VAR-0614,PROD-0251,MON-LG-49WL95C-STD-ERGO-ARM,LG 49WL95C-W 49-inch 32:9 Dual QHD Curved Trading Screen / + Heavy-Duty Gas-Spring Ergonomic Desk Mount,Display Processor,N/A,N/A,N/A,N/A,"24.0"" - 49.0""",FHD / QHD / 4K / Dual QHD,Silver / Black,DisplayPort / HDMI / USB-C 90W PD,VESA Standard,Monitor,36,4500.00,121150.00,146100.00,8907300000615,ACTIVE
VAR-0615,PROD-0252,MON-HP-E24G5-STD-ERGO-ARM,HP E24 G5 23.8-inch FHD Ergonomic Business Monitor / + Heavy-Duty Gas-Spring Ergonomic Desk Mount,Display Processor,N/A,N/A,N/A,N/A,"24.0"" - 49.0""",FHD / QHD / 4K / Dual QHD,Silver / Black,DisplayPort / HDMI / USB-C 90W PD,VESA Standard,Monitor,36,4500.00,15150.00,18900.00,8907300000616,ACTIVE
VAR-0616,PROD-0253,MON-HP-E27QG5-STD-ERGO-ARM,HP E27q G5 27-inch QHD Corporate Workstation Display / + Heavy-Duty Gas-Spring Ergonomic Desk Mount,Display Processor,N/A,N/A,N/A,N/A,"24.0"" - 49.0""",FHD / QHD / 4K / Dual QHD,Silver / Black,DisplayPort / HDMI / USB-C 90W PD,VESA Standard,Monitor,36,4500.00,25150.00,30900.00,8907300000617,ACTIVE
VAR-0617,PROD-0254,MON-HP-Z27KG3-STD-ERGO-ARM,HP Z27k G3 27-inch 4K USB-C Color-Calibrated Display / + Heavy-Duty Gas-Spring Ergonomic Desk Mount,Display Processor,N/A,N/A,N/A,N/A,"24.0"" - 49.0""",FHD / QHD / 4K / Dual QHD,Silver / Black,DisplayPort / HDMI / USB-C 90W PD,VESA Standard,Monitor,36,4500.00,47150.00,57300.00,8907300000618,ACTIVE
VAR-0618,PROD-0255,MON-HP-Z34CG4-STD-ERGO-ARM,HP Z34c G4 34-inch WQHD Curved Conferencing Display / + Heavy-Duty Gas-Spring Ergonomic Desk Mount,Display Processor,N/A,N/A,N/A,N/A,"24.0"" - 49.0""",FHD / QHD / 4K / Dual QHD,Silver / Black,DisplayPort / HDMI / USB-C 90W PD,VESA Standard,Monitor,36,4500.00,67150.00,81300.00,8907300000619,ACTIVE
VAR-0619,PROD-0256,MON-LEN-T24I30-STD-ERGO-ARM,Lenovo ThinkVision T24i-30 23.8-inch FHD IPS Screen / + Heavy-Duty Gas-Spring Ergonomic Desk Mount,Display Processor,N/A,N/A,N/A,N/A,"24.0"" - 49.0""",FHD / QHD / 4K / Dual QHD,Silver / Black,DisplayPort / HDMI / USB-C 90W PD,VESA Standard,Monitor,36,4500.00,13950.00,17460.00,8907300000620,ACTIVE
VAR-0620,PROD-0257,MON-LEN-T27H30-STD-ERGO-ARM,Lenovo ThinkVision T27h-30 27-inch QHD USB-C Hub Monitor / + Heavy-Duty Gas-Spring Ergonomic Desk Mount,Display Processor,N/A,N/A,N/A,N/A,"24.0"" - 49.0""",FHD / QHD / 4K / Dual QHD,Silver / Black,DisplayPort / HDMI / USB-C 90W PD,VESA Standard,Monitor,36,4500.00,29150.00,35700.00,8907300000621,ACTIVE
VAR-0621,PROD-0258,MON-LEN-P27U20-STD-ERGO-ARM,Lenovo ThinkVision P27u-20 27-inch 4K Thunderbolt 4 Display / + Heavy-Duty Gas-Spring Ergonomic Desk Mount,Display Processor,N/A,N/A,N/A,N/A,"24.0"" - 49.0""",FHD / QHD / 4K / Dual QHD,Silver / Black,DisplayPort / HDMI / USB-C 90W PD,VESA Standard,Monitor,36,4500.00,52150.00,63300.00,8907300000622,ACTIVE
VAR-0622,PROD-0259,MON-LEN-P34W20-STD-ERGO-ARM,Lenovo ThinkVision P34w-20 34.1-inch WQHD Curved Display / + Heavy-Duty Gas-Spring Ergonomic Desk Mount,Display Processor,N/A,N/A,N/A,N/A,"24.0"" - 49.0""",FHD / QHD / 4K / Dual QHD,Silver / Black,DisplayPort / HDMI / USB-C 90W PD,VESA Standard,Monitor,36,4500.00,61150.00,74100.00,8907300000623,ACTIVE
VAR-0623,PROD-0260,MON-VIEW-VP2768-STD-ERGO-ARM,ViewSonic ColorPro VP2768a 27-inch Factory Calibrated QHD / + Heavy-Duty Gas-Spring Ergonomic Desk Mount,Display Processor,N/A,N/A,N/A,N/A,"24.0"" - 49.0""",FHD / QHD / 4K / Dual QHD,Silver / Black,DisplayPort / HDMI / USB-C 90W PD,VESA Standard,Monitor,36,4500.00,37150.00,45300.00,8907300000624,ACTIVE
VAR-0624,PROD-0261,MON-VIEW-VP3481-STD-ERGO-ARM,ViewSonic ColorPro VP3481a 34-inch Curved Ultrawide USB-C / + Heavy-Duty Gas-Spring Ergonomic Desk Mount,Display Processor,N/A,N/A,N/A,N/A,"24.0"" - 49.0""",FHD / QHD / 4K / Dual QHD,Silver / Black,DisplayPort / HDMI / USB-C 90W PD,VESA Standard,Monitor,36,4500.00,71150.00,86100.00,8907300000625,ACTIVE
VAR-0625,PROD-0262,MON-SAM-S80PB-STD-ERGO-ARM,Samsung ViewFinity S8 27-inch 4K Matte Anti-Glare Display / + Heavy-Duty Gas-Spring Ergonomic Desk Mount,Display Processor,N/A,N/A,N/A,N/A,"24.0"" - 49.0""",FHD / QHD / 4K / Dual QHD,Silver / Black,DisplayPort / HDMI / USB-C 90W PD,VESA Standard,Monitor,36,4500.00,39150.00,47700.00,8907300000626,ACTIVE
VAR-0626,PROD-0263,MON-SAM-S95UA-STD-ERGO-ARM,Samsung ViewFinity S9 49-inch 120Hz Dual QHD Ultrawide / + Heavy-Duty Gas-Spring Ergonomic Desk Mount,Display Processor,N/A,N/A,N/A,N/A,"24.0"" - 49.0""",FHD / QHD / 4K / Dual QHD,Silver / Black,DisplayPort / HDMI / USB-C 90W PD,VESA Standard,Monitor,36,4500.00,115150.00,138900.00,8907300000627,ACTIVE
VAR-0627,PROD-0264,MON-ASUS-PA279C-STD-ERGO-ARM,ASUS ProArt PA279CV 27-inch 4K 100% sRGB Color Grading / + Heavy-Duty Gas-Spring Ergonomic Desk Mount,Display Processor,N/A,N/A,N/A,N/A,"24.0"" - 49.0""",FHD / QHD / 4K / Dual QHD,Silver / Black,DisplayPort / HDMI / USB-C 90W PD,VESA Standard,Monitor,36,4500.00,42150.00,51300.00,8907300000628,ACTIVE
VAR-0628,PROD-0265,MON-ASUS-PA329C-STD-ERGO-ARM,ASUS ProArt PA329CV 32-inch 4K HDR-400 Professional / + Heavy-Duty Gas-Spring Ergonomic Desk Mount,Display Processor,N/A,N/A,N/A,N/A,"24.0"" - 49.0""",FHD / QHD / 4K / Dual QHD,Silver / Black,DisplayPort / HDMI / USB-C 90W PD,VESA Standard,Monitor,36,4500.00,59150.00,71700.00,8907300000629,ACTIVE
VAR-0629,PROD-0266,MON-DEL-C2423H-STD-ERGO-ARM,Dell C2423H 24-inch Video Conferencing FHD Display / + Heavy-Duty Gas-Spring Ergonomic Desk Mount,Display Processor,N/A,N/A,N/A,N/A,"24.0"" - 49.0""",FHD / QHD / 4K / Dual QHD,Silver / Black,DisplayPort / HDMI / USB-C 90W PD,VESA Standard,Monitor,36,4500.00,22650.00,27900.00,8907300000630,ACTIVE
VAR-0630,PROD-0267,MON-HP-E24MCG4-STD-ERGO-ARM,HP E24m G4 23.8-inch Zoom Certified USB-C Web Display / + Heavy-Duty Gas-Spring Ergonomic Desk Mount,Display Processor,N/A,N/A,N/A,N/A,"24.0"" - 49.0""",FHD / QHD / 4K / Dual QHD,Silver / Black,DisplayPort / HDMI / USB-C 90W PD,VESA Standard,Monitor,36,4500.00,24150.00,29700.00,8907300000631,ACTIVE
VAR-0631,PROD-0268,MON-DEL-P3424WEB-STD-ERGO-ARM,Dell P3424WEB 34-inch Curved Video Conferencing Ultrawide / + Heavy-Duty Gas-Spring Ergonomic Desk Mount,Display Processor,N/A,N/A,N/A,N/A,"24.0"" - 49.0""",FHD / QHD / 4K / Dual QHD,Silver / Black,DisplayPort / HDMI / USB-C 90W PD,VESA Standard,Monitor,36,4500.00,79150.00,95700.00,8907300000632,ACTIVE
VAR-0632,PROD-0269,MON-LG-29WN600-STD-ERGO-ARM,LG 29WN600-W 29-inch 21:9 UltraWide Spreadsheets Display / + Heavy-Duty Gas-Spring Ergonomic Desk Mount,Display Processor,N/A,N/A,N/A,N/A,"24.0"" - 49.0""",FHD / QHD / 4K / Dual QHD,Silver / Black,DisplayPort / HDMI / USB-C 90W PD,VESA Standard,Monitor,36,4500.00,19650.00,24300.00,8907300000633,ACTIVE
VAR-0633,PROD-0270,UPS-APC-SRT1K-STD-EBM,APC Smart-UPS On-Line SRT 1000VA 230V 1U Rack/Tower / + Extended Battery Module (EBM) 2U Pack,Power Inverter DSP,N/A,N/A,N/A,N/A,N/A,230V Pure Sine,Black,SNMP / USB / Relay Card,Embedded Firmware,2U / 3U / Tower,24,28000.00,63000.00,78400.00,8907300000634,ACTIVE
VAR-0634,PROD-0271,UPS-APC-SRT2K2-STD-EBM,APC Smart-UPS On-Line SRT 2200VA 230V 2U Rack/Tower / + Extended Battery Module (EBM) 2U Pack,Power Inverter DSP,N/A,N/A,N/A,N/A,N/A,230V Pure Sine,Black,SNMP / USB / Relay Card,Embedded Firmware,2U / 3U / Tower,24,28000.00,93000.00,114400.00,8907300000635,ACTIVE
VAR-0635,PROD-0272,UPS-APC-SRT3K-STD-EBM,APC Smart-UPS On-Line SRT 3000VA 230V 2U Pure Sine-Wave / + Extended Battery Module (EBM) 2U Pack,Power Inverter DSP,N/A,N/A,N/A,N/A,N/A,230V Pure Sine,Black,SNMP / USB / Relay Card,Embedded Firmware,2U / 3U / Tower,24,28000.00,119000.00,145600.00,8907300000636,ACTIVE
VAR-0636,PROD-0273,UPS-APC-SRT5K-STD-EBM,APC Smart-UPS On-Line SRT 5000VA 230V 3U Enterprise Core / + Extended Battery Module (EBM) 2U Pack,Power Inverter DSP,N/A,N/A,N/A,N/A,N/A,230V Pure Sine,Black,SNMP / USB / Relay Card,Embedded Firmware,2U / 3U / Tower,24,28000.00,196000.00,238000.00,8907300000637,ACTIVE
VAR-0637,PROD-0274,UPS-APC-SRT6K-STD-EBM,APC Smart-UPS On-Line SRT 6000VA 230V 4U Server Room / + Extended Battery Module (EBM) 2U Pack,Power Inverter DSP,N/A,N/A,N/A,N/A,N/A,230V Pure Sine,Black,SNMP / USB / Relay Card,Embedded Firmware,2U / 3U / Tower,24,28000.00,236000.00,286000.00,8907300000638,ACTIVE
VAR-0638,PROD-0275,UPS-APC-SRT10K-STD-EBM,APC Smart-UPS On-Line SRT 10kVA 230V 6U Datacenter Row / + Extended Battery Module (EBM) 2U Pack,Power Inverter DSP,N/A,N/A,N/A,N/A,N/A,230V Pure Sine,Black,SNMP / USB / Relay Card,Embedded Firmware,2U / 3U / Tower,24,28000.00,381000.00,460000.00,8907300000639,ACTIVE
VAR-0639,PROD-0276,UPS-EAT-9PX1500-STD-EBM,Eaton 9PX 1500VA 2U Online Double-Conversion UPS / + Extended Battery Module (EBM) 2U Pack,Power Inverter DSP,N/A,N/A,N/A,N/A,N/A,230V Pure Sine,Black,SNMP / USB / Relay Card,Embedded Firmware,2U / 3U / Tower,24,28000.00,69000.00,85600.00,8907300000640,ACTIVE
VAR-0640,PROD-0277,UPS-EAT-9PX3000-STD-EBM,Eaton 9PX 3000VA 2U Energy Star Certified Online UPS / + Extended Battery Module (EBM) 2U Pack,Power Inverter DSP,N/A,N/A,N/A,N/A,N/A,230V Pure Sine,Black,SNMP / USB / Relay Card,Embedded Firmware,2U / 3U / Tower,24,28000.00,115000.00,140800.00,8907300000641,ACTIVE
VAR-0641,PROD-0278,UPS-EAT-9PX6000-STD-EBM,Eaton 9PX 6000VA 3U Hot-Swappable Maintenance Bypass / + Extended Battery Module (EBM) 2U Pack,Power Inverter DSP,N/A,N/A,N/A,N/A,N/A,230V Pure Sine,Black,SNMP / USB / Relay Card,Embedded Firmware,2U / 3U / Tower,24,28000.00,206000.00,250000.00,8907300000642,ACTIVE
VAR-0642,PROD-0279,UPS-EAT-9PX11K-STD-EBM,Eaton 9PX 11000VA 6U Redundant Datacenter Power / + Extended Battery Module (EBM) 2U Pack,Power Inverter DSP,N/A,N/A,N/A,N/A,N/A,230V Pure Sine,Black,SNMP / USB / Relay Card,Embedded Firmware,2U / 3U / Tower,24,28000.00,401000.00,484000.00,8907300000643,ACTIVE
VAR-0643,PROD-0280,UPS-VER-GXT5-1K-STD-EBM,Vertiv Liebert GXT5 1000VA 2U Online Double-Conversion / + Extended Battery Module (EBM) 2U Pack,Power Inverter DSP,N/A,N/A,N/A,N/A,N/A,230V Pure Sine,Black,SNMP / USB / Relay Card,Embedded Firmware,2U / 3U / Tower,24,28000.00,60000.00,74800.00,8907300000644,ACTIVE
VAR-0644,PROD-0281,UPS-VER-GXT5-2K-STD-EBM,Vertiv Liebert GXT5 2000VA 2U High-Density Pure Sine / + Extended Battery Module (EBM) 2U Pack,Power Inverter DSP,N/A,N/A,N/A,N/A,N/A,230V Pure Sine,Black,SNMP / USB / Relay Card,Embedded Firmware,2U / 3U / Tower,24,28000.00,89000.00,109600.00,8907300000645,ACTIVE
VAR-0645,PROD-0282,UPS-VER-GXT5-3K-STD-EBM,Vertiv Liebert GXT5 3000VA 2U Mission-Critical Server UPS / + Extended Battery Module (EBM) 2U Pack,Power Inverter DSP,N/A,N/A,N/A,N/A,N/A,230V Pure Sine,Black,SNMP / USB / Relay Card,Embedded Firmware,2U / 3U / Tower,24,28000.00,113000.00,138400.00,8907300000646,ACTIVE
VAR-0646,PROD-0283,UPS-VER-GXT5-5K-STD-EBM,Vertiv Liebert GXT5 5000VA 5U Intelligent Power Solution / + Extended Battery Module (EBM) 2U Pack,Power Inverter DSP,N/A,N/A,N/A,N/A,N/A,230V Pure Sine,Black,SNMP / USB / Relay Card,Embedded Firmware,2U / 3U / Tower,24,28000.00,189000.00,229600.00,8907300000647,ACTIVE
VAR-0647,PROD-0284,UPS-VER-GXT5-10K-STD-EBM,Vertiv Liebert GXT5 10kVA 6U Integrated Maintenance Bypass / + Extended Battery Module (EBM) 2U Pack,Power Inverter DSP,N/A,N/A,N/A,N/A,N/A,230V Pure Sine,Black,SNMP / USB / Relay Card,Embedded Firmware,2U / 3U / Tower,24,28000.00,366000.00,442000.00,8907300000648,ACTIVE
VAR-0648,PROD-0285,UPS-APC-SMT1500-STD-EBM,APC Smart-UPS 1500VA LCD 230V Line-Interactive Desktop / + Extended Battery Module (EBM) 2U Pack,Power Inverter DSP,N/A,N/A,N/A,N/A,N/A,230V Pure Sine,Black,SNMP / USB / Relay Card,Embedded Firmware,2U / 3U / Tower,24,28000.00,47000.00,59200.00,8907300000649,ACTIVE
VAR-0649,PROD-0286,UPS-APC-SMT2200-STD-EBM,APC Smart-UPS 2200VA LCD 230V Workstation Tower / + Extended Battery Module (EBM) 2U Pack,Power Inverter DSP,N/A,N/A,N/A,N/A,N/A,230V Pure Sine,Black,SNMP / USB / Relay Card,Embedded Firmware,2U / 3U / Tower,24,28000.00,69000.00,85600.00,8907300000650,ACTIVE
VAR-0650,PROD-0287,UPS-EAT-5P1500-STD-EBM,Eaton 5P 1500VA 1U High-Density Rackmount UPS / + Extended Battery Module (EBM) 2U Pack,Power Inverter DSP,N/A,N/A,N/A,N/A,N/A,230V Pure Sine,Black,SNMP / USB / Relay Card,Embedded Firmware,2U / 3U / Tower,24,28000.00,53000.00,66400.00,8907300000651,ACTIVE
VAR-0651,PROD-0288,UPS-VER-PSI5-15-STD-EBM,Vertiv Liebert PSI5 1500VA 2U AVR Enterprise Rack UPS / + Extended Battery Module (EBM) 2U Pack,Power Inverter DSP,N/A,N/A,N/A,N/A,N/A,230V Pure Sine,Black,SNMP / USB / Relay Card,Embedded Firmware,2U / 3U / Tower,24,28000.00,50000.00,62800.00,8907300000652,ACTIVE
VAR-0652,PROD-0289,UPS-APC-PDU8G-STD-EBM,APC NetShelter Metered Rack PDU 16A 230V (8 Outlets) / + Extended Battery Module (EBM) 2U Pack,Power Inverter DSP,N/A,N/A,N/A,N/A,N/A,230V Pure Sine,Black,SNMP / USB / Relay Card,Embedded Firmware,2U / 3U / Tower,24,28000.00,35000.00,44800.00,8907300000653,ACTIVE
