product_id,product_code,product_name,brand,category_id,subcategory_id,product_type,description,manufacturer_part_number,unit,base_cost,base_price,tax_rate,warranty_months,status,is_serialized,is_recurring,created_at,updated_at
PROD-0001,LAP-DEL-5440,Dell Latitude 5440 14-inch Business Laptop,Dell Technologies,CAT-COMP,CAT-LAP,PHYSICAL,"Intel Core i5-1335U, 14.0 FHD, Carbon Neutral Chassis",LAT5440-BASE,UNIT,68000.00,82000.00,18.0,36,ACTIVE,True,False,2026-01-15T09:00:00Z,2026-02-28T18:00:00Z
PROD-0002,LAP-DEL-5540,Dell Latitude 5540 15.6-inch Numeric Business Laptop,Dell Technologies,CAT-COMP,CAT-LAP,PHYSICAL,"Intel Core i7-1355U, 15.6 FHD, Dedicated Numeric Keypad",LAT5540-BASE,UNIT,74000.00,89000.00,18.0,36,ACTIVE,True,False,2026-01-15T09:00:00Z,2026-02-28T18:00:00Z
PROD-0003,LAP-DEL-7440,Dell Latitude 7440 Ultralight Magnesium Laptop,Dell Technologies,CAT-COMP,CAT-LAP,PHYSICAL,"Intel Core i7-1365U vPro, 14.0 QHD+ 16:10, 1.05kg Featherweight",LAT7440-BASE,UNIT,98000.00,118000.00,18.0,36,ACTIVE,True,False,2026-01-15T09:00:00Z,2026-02-28T18:00:00Z
PROD-0004,LAP-DEL-7450,Dell Latitude 7450 AI-Ready Core Ultra Laptop,Dell Technologies,CAT-COMP,CAT-LAP,PHYSICAL,"Intel Core Ultra 7 165U with NPU, 14.0 FHD+, On-Device AI",LAT7450-BASE,UNIT,115000.00,138000.00,18.0,36,ACTIVE,True,False,2026-01-15T09:00:00Z,2026-02-28T18:00:00Z
PROD-0005,LAP-DEL-9440,Dell Latitude 9440 2-in-1 Executive CNC Aluminum,Dell Technologies,CAT-COMP,CAT-LAP,PHYSICAL,"Intel Core i7-1370P vPro, Zero-Lattice Keyboard, Haptic Touchpad",LAT9440-BASE,UNIT,155000.00,185000.00,18.0,36,ACTIVE,True,False,2026-01-15T09:00:00Z,2026-02-28T18:00:00Z
PROD-0006,LAP-DEL-XPS14,Dell XPS 14 9440 High-Performance Executive,Dell Technologies,CAT-COMP,CAT-LAP,PHYSICAL,"Intel Core Ultra 7 155H, RTX 4050 6GB, 3.2K OLED InfinityEdge",XPS14-9440,UNIT,175000.00,210000.00,18.0,36,ACTIVE,True,False,2026-01-15T09:00:00Z,2026-02-28T18:00:00Z
PROD-0007,LAP-DEL-XPS16,Dell XPS 16 9640 Power Executive Flagship,Dell Technologies,CAT-COMP,CAT-LAP,PHYSICAL,"Intel Core Ultra 9 185H, RTX 4070 8GB, 4K+ OLED Touch",XPS16-9640,UNIT,225000.00,270000.00,18.0,36,ACTIVE,True,False,2026-01-15T09:00:00Z,2026-02-28T18:00:00Z
PROD-0008,LAP-LEN-T14G4,Lenovo ThinkPad T14 Gen 4 Enterprise Workhorse,Lenovo Enterprise,CAT-COMP,CAT-LAP,PHYSICAL,"Intel Core i5-1335U, 14.0 WUXGA 16:10, Spill-Resistant Keyboard",21HD001EIG,UNIT,72000.00,86000.00,18.0,36,ACTIVE,True,False,2026-01-15T09:00:00Z,2026-02-28T18:00:00Z
PROD-0009,LAP-LEN-T14S,Lenovo ThinkPad T14s Gen 4 Ultralight Enterprise,Lenovo Enterprise,CAT-COMP,CAT-LAP,PHYSICAL,"Intel Core i7-1365U vPro, 1.25kg Carbon Fiber Top, 57Wh Battery",21F6003RIG,UNIT,92000.00,110000.00,18.0,36,ACTIVE,True,False,2026-01-15T09:00:00Z,2026-02-28T18:00:00Z
PROD-0010,LAP-LEN-X1C11,Lenovo ThinkPad X1 Carbon Gen 11 Flagship,Lenovo Enterprise,CAT-COMP,CAT-LAP,PHYSICAL,"Intel Core i7-1365U vPro, 2.8K OLED, Sub-1kg Carbon Weave",21HM004RIG,UNIT,145000.00,175000.00,18.0,36,ACTIVE,True,False,2026-01-15T09:00:00Z,2026-02-28T18:00:00Z
PROD-0011,LAP-LEN-X1C12,Lenovo ThinkPad X1 Carbon Gen 12 Core Ultra,Lenovo Enterprise,CAT-COMP,CAT-LAP,PHYSICAL,"Intel Core Ultra 7 165H with NPU, Communications Bar, 120Hz OLED",21KC0027IG,UNIT,168000.00,202000.00,18.0,36,ACTIVE,True,False,2026-01-15T09:00:00Z,2026-02-28T18:00:00Z
PROD-0012,LAP-LEN-X1Y8,Lenovo ThinkPad X1 Yoga Gen 8 2-in-1 Executive,Lenovo Enterprise,CAT-COMP,CAT-LAP,PHYSICAL,"Intel Core i7-1370P vPro, 360-degree Hinge, Integrated Garaged Pen",21HQ0031IG,UNIT,152000.00,182000.00,18.0,36,ACTIVE,True,False,2026-01-15T09:00:00Z,2026-02-28T18:00:00Z
PROD-0013,LAP-LEN-P14S,Lenovo ThinkPad P14s Gen 4 Mobile Workstation,Lenovo Enterprise,CAT-COMP,CAT-LAP,PHYSICAL,"AMD Ryzen 7 Pro 7840U, 14.0 OLED, ISV Certified Financial CAD",21K5001UIG,UNIT,105000.00,126000.00,18.0,36,ACTIVE,True,False,2026-01-15T09:00:00Z,2026-02-28T18:00:00Z
PROD-0014,LAP-LEN-P1G6,Lenovo ThinkPad P1 Gen 6 Powerhouse Workstation,Lenovo Enterprise,CAT-COMP,CAT-LAP,PHYSICAL,"Intel Core i9-13900H, RTX 4080 12GB, 16.0 165Hz WQXGA Liquid Metal",21FV002FIG,UNIT,240000.00,288000.00,18.0,36,ACTIVE,True,False,2026-01-15T09:00:00Z,2026-02-28T18:00:00Z
PROD-0015,LAP-HP-EB840G10,HP EliteBook 840 G10 Enterprise Laptop,HP Inc.,CAT-COMP,CAT-LAP,PHYSICAL,"Intel Core i5-1335U, 14.0 WUXGA, HP Sure Start Gen7 Hardware Security",8A4X6PA,UNIT,71000.00,85000.00,18.0,36,ACTIVE,True,False,2026-01-15T09:00:00Z,2026-02-28T18:00:00Z
PROD-0016,LAP-HP-EB840G11,HP EliteBook 840 G11 AI Core Ultra Laptop,HP Inc.,CAT-COMP,CAT-LAP,PHYSICAL,"Intel Core Ultra 7 155H, 14.0 2.5K 120Hz, Poly Studio 5MP AI Camera",9E8Y2PA,UNIT,118000.00,142000.00,18.0,36,ACTIVE,True,False,2026-01-15T09:00:00Z,2026-02-28T18:00:00Z
PROD-0017,LAP-HP-EB1040G10,HP EliteBook 1040 G10 Executive Magnesium,HP Inc.,CAT-COMP,CAT-LAP,PHYSICAL,"Intel Core i7-1365U vPro, 14.0 WUXGA Sure View Privacy, 1.18kg",7N0C4PA,UNIT,125000.00,150000.00,18.0,36,ACTIVE,True,False,2026-01-15T09:00:00Z,2026-02-28T18:00:00Z
PROD-0018,LAP-HP-DFLYG4,HP Dragonfly G4 Executive Ultra-Premium,HP Inc.,CAT-COMP,CAT-LAP,PHYSICAL,"Intel Core i7-1365U vPro, 13.5 3:2 OLED 1000-nit, 0.99kg Weight",8B1F8PA,UNIT,160000.00,192000.00,18.0,36,ACTIVE,True,False,2026-01-15T09:00:00Z,2026-02-28T18:00:00Z
PROD-0019,LAP-HP-ZBOOK16G10,HP ZBook Power G10 Mobile Studio Workstation,HP Inc.,CAT-COMP,CAT-LAP,PHYSICAL,"Intel Core i7-13800H vPro, RTX 2000 Ada 8GB, ISV Financial Modeling",8D8W9PA,UNIT,165000.00,198000.00,18.0,36,ACTIVE,True,False,2026-01-15T09:00:00Z,2026-02-28T18:00:00Z
PROD-0020,LAP-APL-MBA13-M3,Apple MacBook Air 13-inch M3 Chip,Apple Inc.,CAT-COMP,CAT-LAP,PHYSICAL,"Apple M3 8-Core CPU, 10-Core GPU, 13.6 Liquid Retina, Fanless Silence",MRXV3HN/A,UNIT,105000.00,124900.00,18.0,36,ACTIVE,True,False,2026-01-15T09:00:00Z,2026-02-28T18:00:00Z
PROD-0021,LAP-APL-MBA15-M3,Apple MacBook Air 15-inch M3 Large Display,Apple Inc.,CAT-COMP,CAT-LAP,PHYSICAL,"Apple M3 8-Core CPU, 10-Core GPU, 15.3 Liquid Retina, Six-Speaker Sound",MXD13HN/A,UNIT,125000.00,144900.00,18.0,36,ACTIVE,True,False,2026-01-15T09:00:00Z,2026-02-28T18:00:00Z
PROD-0022,LAP-APL-MBP14-M3P,Apple MacBook Pro 14-inch M3 Pro Developer Flagship,Apple Inc.,CAT-COMP,CAT-LAP,PHYSICAL,"Apple M3 Pro 11-Core CPU, 14-Core GPU, Liquid Retina XDR 120Hz",MRX33HN/A,UNIT,168000.00,199900.00,18.0,36,ACTIVE,True,False,2026-01-15T09:00:00Z,2026-02-28T18:00:00Z
PROD-0023,LAP-APL-MBP16-M3M,Apple MacBook Pro 16-inch M3 Max Quantitative Model,Apple Inc.,CAT-COMP,CAT-LAP,PHYSICAL,"Apple M3 Max 14-Core CPU, 30-Core GPU, Liquid Retina XDR, Up to 128GB",MUW63HN/A,UNIT,295000.00,349900.00,18.0,36,ACTIVE,True,False,2026-01-15T09:00:00Z,2026-02-28T18:00:00Z
PROD-0024,LAP-ASUS-B9403,ASUS ExpertBook B9 OLED Executive Ultralight,ASUS Commercial,CAT-COMP,CAT-LAP,PHYSICAL,"Intel Core i7-1355U vPro, 14.0 2.8K OLED, 990g Ultralight Magnesium",B9403CVA-KM0145X,UNIT,132000.00,158000.00,18.0,36,ACTIVE,True,False,2026-01-15T09:00:00Z,2026-02-28T18:00:00Z
PROD-0025,LAP-ACER-TMP6,Acer TravelMate P6 14 Business Executive,Acer Enterprise,CAT-COMP,CAT-LAP,PHYSICAL,"Intel Core i7-1355U, 14.0 OLED 16:10, 1kg Durable Chassis, MIL-STD 810H",TMP614-53-74TL,UNIT,95000.00,114000.00,18.0,36,ACTIVE,True,False,2026-01-15T09:00:00Z,2026-02-28T18:00:00Z
PROD-0026,LAP-DEL-5340,Dell Latitude 5340 13.3-inch Ultra-Portable,Dell Technologies,CAT-COMP,CAT-LAP,PHYSICAL,"Dell Latitude 5340 13.3-inch Ultra-Portable, Enterprise fleet security and docking support",LAP-DEL-5340-BASE,UNIT,65000.00,78000.00,18.0,36,ACTIVE,True,False,2026-01-15T09:00:00Z,2026-02-28T18:00:00Z
PROD-0027,LAP-DEL-5450,Dell Latitude 5450 Core Ultra 5 Mainstream,Dell Technologies,CAT-COMP,CAT-LAP,PHYSICAL,"Dell Latitude 5450 Core Ultra 5 Mainstream, Enterprise fleet security and docking support",LAP-DEL-5450-BASE,UNIT,76000.00,91000.00,18.0,36,ACTIVE,True,False,2026-01-15T09:00:00Z,2026-02-28T18:00:00Z
PROD-0028,LAP-DEL-7340,Dell Latitude 7340 13.3-inch Executive Lightweight,Dell Technologies,CAT-COMP,CAT-LAP,PHYSICAL,"Dell Latitude 7340 13.3-inch Executive Lightweight, Enterprise fleet security and docking support",LAP-DEL-7340-BASE,UNIT,94000.00,113000.00,18.0,36,ACTIVE,True,False,2026-01-15T09:00:00Z,2026-02-28T18:00:00Z
PROD-0029,LAP-DEL-7650,Dell Latitude 7650 16-inch Executive Spreadsheets,Dell Technologies,CAT-COMP,CAT-LAP,PHYSICAL,"Dell Latitude 7650 16-inch Executive Spreadsheets, Enterprise fleet security and docking support",LAP-DEL-7650-BASE,UNIT,108000.00,130000.00,18.0,36,ACTIVE,True,False,2026-01-15T09:00:00Z,2026-02-28T18:00:00Z
PROD-0030,LAP-LEN-E14G5,Lenovo ThinkPad E14 Gen 5 SMB Corporate,Lenovo Enterprise,CAT-COMP,CAT-LAP,PHYSICAL,"Lenovo ThinkPad E14 Gen 5 SMB Corporate, Enterprise fleet security and docking support",LAP-LEN-E14G5-BASE,UNIT,52000.00,62000.00,18.0,36,ACTIVE,True,False,2026-01-15T09:00:00Z,2026-02-28T18:00:00Z
PROD-0031,LAP-LEN-E16G1,Lenovo ThinkPad E16 Gen 1 Finance Desktop Alternative,Lenovo Enterprise,CAT-COMP,CAT-LAP,PHYSICAL,"Lenovo ThinkPad E16 Gen 1 Finance Desktop Alternative, Enterprise fleet security and docking support",LAP-LEN-E16G1-BASE,UNIT,56000.00,67000.00,18.0,36,ACTIVE,True,False,2026-01-15T09:00:00Z,2026-02-28T18:00:00Z
PROD-0032,LAP-LEN-L14G4,Lenovo ThinkPad L14 Gen 4 Enterprise Deployment,Lenovo Enterprise,CAT-COMP,CAT-LAP,PHYSICAL,"Lenovo ThinkPad L14 Gen 4 Enterprise Deployment, Enterprise fleet security and docking support",LAP-LEN-L14G4-BASE,UNIT,62000.00,74000.00,18.0,36,ACTIVE,True,False,2026-01-15T09:00:00Z,2026-02-28T18:00:00Z
PROD-0033,LAP-LEN-T16G2,Lenovo ThinkPad T16 Gen 2 16.0 Large Screen,Lenovo Enterprise,CAT-COMP,CAT-LAP,PHYSICAL,"Lenovo ThinkPad T16 Gen 2 16.0 Large Screen, Enterprise fleet security and docking support",LAP-LEN-T16G2-BASE,UNIT,82000.00,98000.00,18.0,36,ACTIVE,True,False,2026-01-15T09:00:00Z,2026-02-28T18:00:00Z
PROD-0034,LAP-LEN-P16SG2,Lenovo ThinkPad P16s Gen 2 Mobile CAD Workstation,Lenovo Enterprise,CAT-COMP,CAT-LAP,PHYSICAL,"Lenovo ThinkPad P16s Gen 2 Mobile CAD Workstation, Enterprise fleet security and docking support",LAP-LEN-P16SG2-BASE,UNIT,112000.00,134000.00,18.0,36,ACTIVE,True,False,2026-01-15T09:00:00Z,2026-02-28T18:00:00Z
PROD-0035,LAP-LEN-Z13G2,Lenovo ThinkPad Z13 Gen 2 Sustainable Bronze,Lenovo Enterprise,CAT-COMP,CAT-LAP,PHYSICAL,"Lenovo ThinkPad Z13 Gen 2 Sustainable Bronze, Enterprise fleet security and docking support",LAP-LEN-Z13G2-BASE,UNIT,125000.00,150000.00,18.0,36,ACTIVE,True,False,2026-01-15T09:00:00Z,2026-02-28T18:00:00Z
PROD-0036,LAP-HP-EB860G10,HP EliteBook 860 G10 16.0 Corporate Numeric,HP Inc.,CAT-COMP,CAT-LAP,PHYSICAL,"HP EliteBook 860 G10 16.0 Corporate Numeric, Enterprise fleet security and docking support",LAP-HP-EB860G10-BASE,UNIT,78000.00,94000.00,18.0,36,ACTIVE,True,False,2026-01-15T09:00:00Z,2026-02-28T18:00:00Z
PROD-0037,LAP-HP-PB440G10,HP ProBook 440 G10 Commercial Fleet Notebook,HP Inc.,CAT-COMP,CAT-LAP,PHYSICAL,"HP ProBook 440 G10 Commercial Fleet Notebook, Enterprise fleet security and docking support",LAP-HP-PB440G10-BASE,UNIT,54000.00,65000.00,18.0,36,ACTIVE,True,False,2026-01-15T09:00:00Z,2026-02-28T18:00:00Z
PROD-0038,LAP-HP-PB450G10,HP ProBook 450 G10 15.6 Mainstream Business,HP Inc.,CAT-COMP,CAT-LAP,PHYSICAL,"HP ProBook 450 G10 15.6 Mainstream Business, Enterprise fleet security and docking support",LAP-HP-PB450G10-BASE,UNIT,58000.00,70000.00,18.0,36,ACTIVE,True,False,2026-01-15T09:00:00Z,2026-02-28T18:00:00Z
PROD-0039,LAP-HP-ZBSTUDIO,HP ZBook Studio G10 Thin Creative Workstation,HP Inc.,CAT-COMP,CAT-LAP,PHYSICAL,"HP ZBook Studio G10 Thin Creative Workstation, Enterprise fleet security and docking support",LAP-HP-ZBSTUDIO-BASE,UNIT,195000.00,235000.00,18.0,36,ACTIVE,True,False,2026-01-15T09:00:00Z,2026-02-28T18:00:00Z
PROD-0040,LAP-HP-ZBFURY,HP ZBook Fury 16 G10 Desktop Replacement,HP Inc.,CAT-COMP,CAT-LAP,PHYSICAL,"HP ZBook Fury 16 G10 Desktop Replacement, Enterprise fleet security and docking support",LAP-HP-ZBFURY-BASE,UNIT,260000.00,312000.00,18.0,36,ACTIVE,True,False,2026-01-15T09:00:00Z,2026-02-28T18:00:00Z
PROD-0041,LAP-APL-MBP14-M3B,Apple MacBook Pro 14-inch Base M3 Chip,Apple Inc.,CAT-COMP,CAT-LAP,PHYSICAL,"Apple MacBook Pro 14-inch Base M3 Chip, Enterprise fleet security and docking support",LAP-APL-MBP14-M3B-BASE,UNIT,142000.00,169900.00,18.0,36,ACTIVE,True,False,2026-01-15T09:00:00Z,2026-02-28T18:00:00Z
PROD-0042,LAP-ASUS-B5402,ASUS ExpertBook B5 Flip 14-inch Convertible,ASUS Commercial,CAT-COMP,CAT-LAP,PHYSICAL,"ASUS ExpertBook B5 Flip 14-inch Convertible, Enterprise fleet security and docking support",LAP-ASUS-B5402-BASE,UNIT,88000.00,105000.00,18.0,36,ACTIVE,True,False,2026-01-15T09:00:00Z,2026-02-28T18:00:00Z
PROD-0043,LAP-ASUS-B7402,ASUS ExpertBook B7 5G Enterprise Mobility,ASUS Commercial,CAT-COMP,CAT-LAP,PHYSICAL,"ASUS ExpertBook B7 5G Enterprise Mobility, Enterprise fleet security and docking support",LAP-ASUS-B7402-BASE,UNIT,115000.00,138000.00,18.0,36,ACTIVE,True,False,2026-01-15T09:00:00Z,2026-02-28T18:00:00Z
PROD-0044,LAP-ACER-TMP4,Acer TravelMate P4 14 Commercial Fleet,Acer Enterprise,CAT-COMP,CAT-LAP,PHYSICAL,"Acer TravelMate P4 14 Commercial Fleet, Enterprise fleet security and docking support",LAP-ACER-TMP4-BASE,UNIT,58000.00,69000.00,18.0,36,ACTIVE,True,False,2026-01-15T09:00:00Z,2026-02-28T18:00:00Z
PROD-0045,LAP-MS-SL6-13,Microsoft Surface Laptop 6 13.5 Core Ultra 5,Microsoft Surface,CAT-COMP,CAT-LAP,PHYSICAL,"Microsoft Surface Laptop 6 13.5 Core Ultra 5, Enterprise fleet security and docking support",LAP-MS-SL6-13-BASE,UNIT,108000.00,129999.00,18.0,36,ACTIVE,True,False,2026-01-15T09:00:00Z,2026-02-28T18:00:00Z
PROD-0046,LAP-MS-SL6-15,Microsoft Surface Laptop 6 15.0 Core Ultra 7,Microsoft Surface,CAT-COMP,CAT-LAP,PHYSICAL,"Microsoft Surface Laptop 6 15.0 Core Ultra 7, Enterprise fleet security and docking support",LAP-MS-SL6-15-BASE,UNIT,135000.00,162999.00,18.0,36,ACTIVE,True,False,2026-01-15T09:00:00Z,2026-02-28T18:00:00Z
PROD-0047,LAP-MS-SLS2,Microsoft Surface Laptop Studio 2 Dynamic Woven Hinge,Microsoft Surface,CAT-COMP,CAT-LAP,PHYSICAL,"Microsoft Surface Laptop Studio 2 Dynamic Woven Hinge, Enterprise fleet security and docking support",LAP-MS-SLS2-BASE,UNIT,185000.00,222999.00,18.0,36,ACTIVE,True,False,2026-01-15T09:00:00Z,2026-02-28T18:00:00Z
PROD-0048,LAP-DEL-LAT3440,Dell Latitude 3440 Entry Commercial Laptop,Dell Technologies,CAT-COMP,CAT-LAP,PHYSICAL,"Dell Latitude 3440 Entry Commercial Laptop, Enterprise fleet security and docking support",LAP-DEL-LAT3440-BASE,UNIT,48000.00,58000.00,18.0,36,ACTIVE,True,False,2026-01-15T09:00:00Z,2026-02-28T18:00:00Z
PROD-0049,LAP-DEL-LAT3540,Dell Latitude 3540 15.6 Entry Commercial,Dell Technologies,CAT-COMP,CAT-LAP,PHYSICAL,"Dell Latitude 3540 15.6 Entry Commercial, Enterprise fleet security and docking support",LAP-DEL-LAT3540-BASE,UNIT,51000.00,61000.00,18.0,36,ACTIVE,True,False,2026-01-15T09:00:00Z,2026-02-28T18:00:00Z
PROD-0050,LAP-LEN-V15G4,Lenovo V15 Gen 4 Cost-Effective Commercial,Lenovo Enterprise,CAT-COMP,CAT-LAP,PHYSICAL,"Lenovo V15 Gen 4 Cost-Effective Commercial, Enterprise fleet security and docking support",LAP-LEN-V15G4-BASE,UNIT,38000.00,46000.00,18.0,36,ACTIVE,True,False,2026-01-15T09:00:00Z,2026-02-28T18:00:00Z
PROD-0051,LAP-HP-240G9,HP 240 G9 Essential Business Notebook,HP Inc.,CAT-COMP,CAT-LAP,PHYSICAL,"HP 240 G9 Essential Business Notebook, Enterprise fleet security and docking support",LAP-HP-240G9-BASE,UNIT,39000.00,47000.00,18.0,36,ACTIVE,True,False,2026-01-15T09:00:00Z,2026-02-28T18:00:00Z
PROD-0052,LAP-DEL-PR3580,Dell Precision 3580 Affordable Mobile CAD Workstation,Dell Technologies,CAT-COMP,CAT-LAP,PHYSICAL,"Dell Precision 3580 Affordable Mobile CAD Workstation, Enterprise fleet security and docking support",LAP-DEL-PR3580-BASE,UNIT,98000.00,118000.00,18.0,36,ACTIVE,True,False,2026-01-15T09:00:00Z,2026-02-28T18:00:00Z
PROD-0053,LAP-DEL-PR5680,Dell Precision 5680 16-inch Creator Workstation,Dell Technologies,CAT-COMP,CAT-LAP,PHYSICAL,"Dell Precision 5680 16-inch Creator Workstation, Enterprise fleet security and docking support",LAP-DEL-PR5680-BASE,UNIT,210000.00,252000.00,18.0,36,ACTIVE,True,False,2026-01-15T09:00:00Z,2026-02-28T18:00:00Z
PROD-0054,LAP-LEN-T14G4-AMD,Lenovo ThinkPad T14 Gen 4 AMD Ryzen 5 Pro,Lenovo Enterprise,CAT-COMP,CAT-LAP,PHYSICAL,"Lenovo ThinkPad T14 Gen 4 AMD Ryzen 5 Pro, Enterprise fleet security and docking support",LAP-LEN-T14G4-AMD-BASE,UNIT,69000.00,83000.00,18.0,36,ACTIVE,True,False,2026-01-15T09:00:00Z,2026-02-28T18:00:00Z
PROD-0055,LAP-HP-EB845G10,HP EliteBook 845 G10 AMD Ryzen 7 Pro 7840U,HP Inc.,CAT-COMP,CAT-LAP,PHYSICAL,"HP EliteBook 845 G10 AMD Ryzen 7 Pro 7840U, Enterprise fleet security and docking support",LAP-HP-EB845G10-BASE,UNIT,82000.00,98000.00,18.0,36,ACTIVE,True,False,2026-01-15T09:00:00Z,2026-02-28T18:00:00Z
PROD-0056,DSK-DEL-7010M,Dell OptiPlex 7010 Micro Form Factor,Dell Technologies,CAT-COMP,CAT-DSK,PHYSICAL,"Dell OptiPlex 7010 Micro Form Factor, Enterprise workplace productivity desktop",DSK-DEL-7010M-BASE,UNIT,48000.00,58000.00,18.0,36,ACTIVE,True,False,2026-01-15T09:00:00Z,2026-02-28T18:00:00Z
PROD-0057,DSK-DEL-7010S,Dell OptiPlex 7010 Small Form Factor,Dell Technologies,CAT-COMP,CAT-DSK,PHYSICAL,"Dell OptiPlex 7010 Small Form Factor, Enterprise workplace productivity desktop",DSK-DEL-7010S-BASE,UNIT,52000.00,62000.00,18.0,36,ACTIVE,True,False,2026-01-15T09:00:00Z,2026-02-28T18:00:00Z
PROD-0058,DSK-DEL-7010T,Dell OptiPlex 7010 Mini Tower Desktop,Dell Technologies,CAT-COMP,CAT-DSK,PHYSICAL,"Dell OptiPlex 7010 Mini Tower Desktop, Enterprise workplace productivity desktop",DSK-DEL-7010T-BASE,UNIT,56000.00,67000.00,18.0,36,ACTIVE,True,False,2026-01-15T09:00:00Z,2026-02-28T18:00:00Z
PROD-0059,DSK-DEL-7410AIO,Dell OptiPlex 7410 24-inch All-in-One,Dell Technologies,CAT-COMP,CAT-DSK,PHYSICAL,"Dell OptiPlex 7410 24-inch All-in-One, Enterprise workplace productivity desktop",DSK-DEL-7410AIO-BASE,UNIT,68000.00,82000.00,18.0,36,ACTIVE,True,False,2026-01-15T09:00:00Z,2026-02-28T18:00:00Z
PROD-0060,DSK-DEL-7020M,Dell OptiPlex Micro Plus 7020 Core i7 vPro,Dell Technologies,CAT-COMP,CAT-DSK,PHYSICAL,"Dell OptiPlex Micro Plus 7020 Core i7 vPro, Enterprise workplace productivity desktop",DSK-DEL-7020M-BASE,UNIT,62000.00,75000.00,18.0,36,ACTIVE,True,False,2026-01-15T09:00:00Z,2026-02-28T18:00:00Z
PROD-0061,DSK-LEN-M70Q,Lenovo ThinkCentre M70q Gen 4 Tiny PC,Lenovo Enterprise,CAT-COMP,CAT-DSK,PHYSICAL,"Lenovo ThinkCentre M70q Gen 4 Tiny PC, Enterprise workplace productivity desktop",DSK-LEN-M70Q-BASE,UNIT,46000.00,55000.00,18.0,36,ACTIVE,True,False,2026-01-15T09:00:00Z,2026-02-28T18:00:00Z
PROD-0062,DSK-LEN-M80Q,Lenovo ThinkCentre M80q Gen 4 High Security,Lenovo Enterprise,CAT-COMP,CAT-DSK,PHYSICAL,"Lenovo ThinkCentre M80q Gen 4 High Security, Enterprise workplace productivity desktop",DSK-LEN-M80Q-BASE,UNIT,54000.00,65000.00,18.0,36,ACTIVE,True,False,2026-01-15T09:00:00Z,2026-02-28T18:00:00Z
PROD-0063,DSK-LEN-M90Q,Lenovo ThinkCentre M90q Gen 4 Tiny Desktop,Lenovo Enterprise,CAT-COMP,CAT-DSK,PHYSICAL,"Lenovo ThinkCentre M90q Gen 4 Tiny Desktop, Enterprise workplace productivity desktop",DSK-LEN-M90Q-BASE,UNIT,65000.00,78000.00,18.0,36,ACTIVE,True,False,2026-01-15T09:00:00Z,2026-02-28T18:00:00Z
PROD-0064,DSK-LEN-NEO50S,Lenovo ThinkCentre Neo 50s Gen 4 SFF,Lenovo Enterprise,CAT-COMP,CAT-DSK,PHYSICAL,"Lenovo ThinkCentre Neo 50s Gen 4 SFF, Enterprise workplace productivity desktop",DSK-LEN-NEO50S-BASE,UNIT,42000.00,50000.00,18.0,36,ACTIVE,True,False,2026-01-15T09:00:00Z,2026-02-28T18:00:00Z
PROD-0065,DSK-LEN-M70A,Lenovo ThinkCentre M70a Gen 3 21.5 AIO,Lenovo Enterprise,CAT-COMP,CAT-DSK,PHYSICAL,"Lenovo ThinkCentre M70a Gen 3 21.5 AIO, Enterprise workplace productivity desktop",DSK-LEN-M70A-BASE,UNIT,64000.00,77000.00,18.0,36,ACTIVE,True,False,2026-01-15T09:00:00Z,2026-02-28T18:00:00Z
PROD-0066,DSK-HP-PD400G9,HP ProDesk 400 G9 Mini Desktop PC,HP Inc.,CAT-COMP,CAT-DSK,PHYSICAL,"HP ProDesk 400 G9 Mini Desktop PC, Enterprise workplace productivity desktop",DSK-HP-PD400G9-BASE,UNIT,45000.00,54000.00,18.0,36,ACTIVE,True,False,2026-01-15T09:00:00Z,2026-02-28T18:00:00Z
PROD-0067,DSK-HP-ED800G9M,HP EliteDesk 800 G9 Desktop Mini PC,HP Inc.,CAT-COMP,CAT-DSK,PHYSICAL,"HP EliteDesk 800 G9 Desktop Mini PC, Enterprise workplace productivity desktop",DSK-HP-ED800G9M-BASE,UNIT,58000.00,70000.00,18.0,36,ACTIVE,True,False,2026-01-15T09:00:00Z,2026-02-28T18:00:00Z
PROD-0068,DSK-HP-ED800G9S,HP EliteDesk 800 G9 Small Form Factor,HP Inc.,CAT-COMP,CAT-DSK,PHYSICAL,"HP EliteDesk 800 G9 Small Form Factor, Enterprise workplace productivity desktop",DSK-HP-ED800G9S-BASE,UNIT,62000.00,75000.00,18.0,36,ACTIVE,True,False,2026-01-15T09:00:00Z,2026-02-28T18:00:00Z
PROD-0069,DSK-HP-ED800G9T,HP EliteDesk 800 G9 Tower High Expandability,HP Inc.,CAT-COMP,CAT-DSK,PHYSICAL,"HP EliteDesk 800 G9 Tower High Expandability, Enterprise workplace productivity desktop",DSK-HP-ED800G9T-BASE,UNIT,66000.00,79000.00,18.0,36,ACTIVE,True,False,2026-01-15T09:00:00Z,2026-02-28T18:00:00Z
PROD-0070,DSK-HP-EL800AIO,HP EliteOne 800 G9 27-inch 4K All-in-One,HP Inc.,CAT-COMP,CAT-DSK,PHYSICAL,"HP EliteOne 800 G9 27-inch 4K All-in-One, Enterprise workplace productivity desktop",DSK-HP-EL800AIO-BASE,UNIT,98000.00,118000.00,18.0,36,ACTIVE,True,False,2026-01-15T09:00:00Z,2026-02-28T18:00:00Z
PROD-0071,DSK-APL-MM-M2,Apple Mac mini M2 8-Core CPU 10-Core GPU,Apple Inc.,CAT-COMP,CAT-DSK,PHYSICAL,"Apple Mac mini M2 8-Core CPU 10-Core GPU, Enterprise workplace productivity desktop",DSK-APL-MM-M2-BASE,UNIT,52000.00,59900.00,18.0,36,ACTIVE,True,False,2026-01-15T09:00:00Z,2026-02-28T18:00:00Z
PROD-0072,DSK-APL-MM-M2P,Apple Mac mini M2 Pro 10-Core CPU 16-Core GPU,Apple Inc.,CAT-COMP,CAT-DSK,PHYSICAL,"Apple Mac mini M2 Pro 10-Core CPU 16-Core GPU, Enterprise workplace productivity desktop",DSK-APL-MM-M2P-BASE,UNIT,108000.00,129900.00,18.0,36,ACTIVE,True,False,2026-01-15T09:00:00Z,2026-02-28T18:00:00Z
PROD-0073,DSK-APL-MS-M2M,Apple Mac Studio M2 Max 12-Core CPU 30-Core GPU,Apple Inc.,CAT-COMP,CAT-DSK,PHYSICAL,"Apple Mac Studio M2 Max 12-Core CPU 30-Core GPU, Enterprise workplace productivity desktop",DSK-APL-MS-M2M-BASE,UNIT,175000.00,209900.00,18.0,36,ACTIVE,True,False,2026-01-15T09:00:00Z,2026-02-28T18:00:00Z
PROD-0074,DSK-APL-MS-M2U,Apple Mac Studio M2 Ultra 24-Core CPU 60-Core GPU,Apple Inc.,CAT-COMP,CAT-DSK,PHYSICAL,"Apple Mac Studio M2 Ultra 24-Core CPU 60-Core GPU, Enterprise workplace productivity desktop",DSK-APL-MS-M2U-BASE,UNIT,345000.00,414900.00,18.0,36,ACTIVE,True,False,2026-01-15T09:00:00Z,2026-02-28T18:00:00Z
PROD-0075,DSK-APL-IMAC-M3,Apple iMac 24-inch M3 4.5K Retina All-in-One,Apple Inc.,CAT-COMP,CAT-DSK,PHYSICAL,"Apple iMac 24-inch M3 4.5K Retina All-in-One, Enterprise workplace productivity desktop",DSK-APL-IMAC-M3-BASE,UNIT,115000.00,134900.00,18.0,36,ACTIVE,True,False,2026-01-15T09:00:00Z,2026-02-28T18:00:00Z
PROD-0076,DSK-ASUS-D700,ASUS ExpertCenter D7 SFF Compact Business,ASUS Commercial,CAT-COMP,CAT-DSK,PHYSICAL,"ASUS ExpertCenter D7 SFF Compact Business, Enterprise workplace productivity desktop",DSK-ASUS-D700-BASE,UNIT,44000.00,53000.00,18.0,36,ACTIVE,True,False,2026-01-15T09:00:00Z,2026-02-28T18:00:00Z
PROD-0077,DSK-ASUS-D900,ASUS ExpertCenter D9 Mini Tower Enterprise,ASUS Commercial,CAT-COMP,CAT-DSK,PHYSICAL,"ASUS ExpertCenter D9 Mini Tower Enterprise, Enterprise workplace productivity desktop",DSK-ASUS-D900-BASE,UNIT,59000.00,71000.00,18.0,36,ACTIVE,True,False,2026-01-15T09:00:00Z,2026-02-28T18:00:00Z
PROD-0078,DSK-ACER-VM469,Acer Veriton M4690G Tower Corporate,Acer Enterprise,CAT-COMP,CAT-DSK,PHYSICAL,"Acer Veriton M4690G Tower Corporate, Enterprise workplace productivity desktop",DSK-ACER-VM469-BASE,UNIT,41000.00,49000.00,18.0,36,ACTIVE,True,False,2026-01-15T09:00:00Z,2026-02-28T18:00:00Z
PROD-0079,DSK-ACER-VX269,Acer Veriton X2690G Small Form Factor,Acer Enterprise,CAT-COMP,CAT-DSK,PHYSICAL,"Acer Veriton X2690G Small Form Factor, Enterprise workplace productivity desktop",DSK-ACER-VX269-BASE,UNIT,39000.00,47000.00,18.0,36,ACTIVE,True,False,2026-01-15T09:00:00Z,2026-02-28T18:00:00Z
PROD-0080,DSK-DEL-3000TC,Dell OptiPlex 3000 Thin Client Dual 4K,Dell Technologies,CAT-COMP,CAT-DSK,PHYSICAL,"Dell OptiPlex 3000 Thin Client Dual 4K, Enterprise workplace productivity desktop",DSK-DEL-3000TC-BASE,UNIT,32000.00,39000.00,18.0,36,ACTIVE,True,False,2026-01-15T09:00:00Z,2026-02-28T18:00:00Z
PROD-0081,DSK-HP-T640TC,HP t640 Quad-Core Enterprise Thin Client,HP Inc.,CAT-COMP,CAT-DSK,PHYSICAL,"HP t640 Quad-Core Enterprise Thin Client, Enterprise workplace productivity desktop",DSK-HP-T640TC-BASE,UNIT,34000.00,41000.00,18.0,36,ACTIVE,True,False,2026-01-15T09:00:00Z,2026-02-28T18:00:00Z
PROD-0082,DSK-HP-T740TC,HP t740 High-Performance Quad 4K Thin Client,HP Inc.,CAT-COMP,CAT-DSK,PHYSICAL,"HP t740 High-Performance Quad 4K Thin Client, Enterprise workplace productivity desktop",DSK-HP-T740TC-BASE,UNIT,48000.00,58000.00,18.0,36,ACTIVE,True,False,2026-01-15T09:00:00Z,2026-02-28T18:00:00Z
PROD-0083,DSK-LEN-M75Q,Lenovo ThinkCentre M75q Gen 2 AMD Tiny,Lenovo Enterprise,CAT-COMP,CAT-DSK,PHYSICAL,"Lenovo ThinkCentre M75q Gen 2 AMD Tiny, Enterprise workplace productivity desktop",DSK-LEN-M75Q-BASE,UNIT,47000.00,56000.00,18.0,36,ACTIVE,True,False,2026-01-15T09:00:00Z,2026-02-28T18:00:00Z
PROD-0084,DSK-DEL-7010S-I7,Dell OptiPlex 7010 SFF Intel Core i7 32GB,Dell Technologies,CAT-COMP,CAT-DSK,PHYSICAL,"Dell OptiPlex 7010 SFF Intel Core i7 32GB, Enterprise workplace productivity desktop",DSK-DEL-7010S-I7-BASE,UNIT,68000.00,82000.00,18.0,36,ACTIVE,True,False,2026-01-15T09:00:00Z,2026-02-28T18:00:00Z
PROD-0085,DSK-HP-ED805G9,HP EliteDesk 805 G9 AMD Ryzen Pro Mini,HP Inc.,CAT-COMP,CAT-DSK,PHYSICAL,"HP EliteDesk 805 G9 AMD Ryzen Pro Mini, Enterprise workplace productivity desktop",DSK-HP-ED805G9-BASE,UNIT,57000.00,68000.00,18.0,36,ACTIVE,True,False,2026-01-15T09:00:00Z,2026-02-28T18:00:00Z
PROD-0086,DSK-LEN-NEO30A,Lenovo ThinkCentre Neo 30a 24-inch AIO,Lenovo Enterprise,CAT-COMP,CAT-DSK,PHYSICAL,"Lenovo ThinkCentre Neo 30a 24-inch AIO, Enterprise workplace productivity desktop",DSK-LEN-NEO30A-BASE,UNIT,52000.00,62000.00,18.0,36,ACTIVE,True,False,2026-01-15T09:00:00Z,2026-02-28T18:00:00Z
PROD-0087,DSK-DEL-5400AIO,Dell OptiPlex 5400 All-in-One 23.8 FHD,Dell Technologies,CAT-COMP,CAT-DSK,PHYSICAL,"Dell OptiPlex 5400 All-in-One 23.8 FHD, Enterprise workplace productivity desktop",DSK-DEL-5400AIO-BASE,UNIT,61000.00,73000.00,18.0,36,ACTIVE,True,False,2026-01-15T09:00:00Z,2026-02-28T18:00:00Z
PROD-0088,DSK-HP-PRO400S,HP Pro SFF 400 G9 Compact Desktop,HP Inc.,CAT-COMP,CAT-DSK,PHYSICAL,"HP Pro SFF 400 G9 Compact Desktop, Enterprise workplace productivity desktop",DSK-HP-PRO400S-BASE,UNIT,46000.00,55000.00,18.0,36,ACTIVE,True,False,2026-01-15T09:00:00Z,2026-02-28T18:00:00Z
PROD-0089,DSK-LEN-M90A,Lenovo ThinkCentre M90a Pro Gen 4 27 QHD AIO,Lenovo Enterprise,CAT-COMP,CAT-DSK,PHYSICAL,"Lenovo ThinkCentre M90a Pro Gen 4 27 QHD AIO, Enterprise workplace productivity desktop",DSK-LEN-M90A-BASE,UNIT,88000.00,105000.00,18.0,36,ACTIVE,True,False,2026-01-15T09:00:00Z,2026-02-28T18:00:00Z
PROD-0090,DSK-ASUS-PB62,ASUS Mini PC PB62 Rugged Enterprise Mini,ASUS Commercial,CAT-COMP,CAT-DSK,PHYSICAL,"ASUS Mini PC PB62 Rugged Enterprise Mini, Enterprise workplace productivity desktop",DSK-ASUS-PB62-BASE,UNIT,42000.00,51000.00,18.0,36,ACTIVE,True,False,2026-01-15T09:00:00Z,2026-02-28T18:00:00Z
PROD-0091,WKS-DEL-PR3660,Dell Precision 3660 Tower Financial Workstation,Dell Technologies,CAT-COMP,CAT-WKS,PHYSICAL,"Dell Precision 3660 Tower Financial Workstation, High-frequency financial modeling, multi-screen display and CAD compute",WKS-DEL-PR3660-BASE,UNIT,98000.00,118000.00,18.0,36,ACTIVE,True,False,2026-01-15T09:00:00Z,2026-02-28T18:00:00Z
PROD-0092,WKS-DEL-PR5820,Dell Precision 5820 Intel Xeon W High-Frequency Trading,Dell Technologies,CAT-COMP,CAT-WKS,PHYSICAL,"Dell Precision 5820 Intel Xeon W High-Frequency Trading, High-frequency financial modeling, multi-screen display and CAD compute",WKS-DEL-PR5820-BASE,UNIT,165000.00,198000.00,18.0,36,ACTIVE,True,False,2026-01-15T09:00:00Z,2026-02-28T18:00:00Z
PROD-0093,WKS-DEL-PR7920,Dell Precision 7920 Dual Xeon Scalable Compute Workstation,Dell Technologies,CAT-COMP,CAT-WKS,PHYSICAL,"Dell Precision 7920 Dual Xeon Scalable Compute Workstation, High-frequency financial modeling, multi-screen display and CAD compute",WKS-DEL-PR7920-BASE,UNIT,280000.00,336000.00,18.0,36,ACTIVE,True,False,2026-01-15T09:00:00Z,2026-02-28T18:00:00Z
PROD-0094,WKS-DEL-PR3460,Dell Precision 3460 Small Form Factor Trading Workstation,Dell Technologies,CAT-COMP,CAT-WKS,PHYSICAL,"Dell Precision 3460 Small Form Factor Trading Workstation, High-frequency financial modeling, multi-screen display and CAD compute",WKS-DEL-PR3460-BASE,UNIT,88000.00,106000.00,18.0,36,ACTIVE,True,False,2026-01-15T09:00:00Z,2026-02-28T18:00:00Z
PROD-0095,WKS-DEL-PR7960,Dell Precision 7960 Rackmount 2U Remote Workstation,Dell Technologies,CAT-COMP,CAT-WKS,PHYSICAL,"Dell Precision 7960 Rackmount 2U Remote Workstation, High-frequency financial modeling, multi-screen display and CAD compute",WKS-DEL-PR7960-BASE,UNIT,340000.00,408000.00,18.0,36,ACTIVE,True,False,2026-01-15T09:00:00Z,2026-02-28T18:00:00Z
PROD-0096,WKS-LEN-P3TINY,Lenovo ThinkStation P3 Tiny Micro Trading Rig,Lenovo Enterprise,CAT-COMP,CAT-WKS,PHYSICAL,"Lenovo ThinkStation P3 Tiny Micro Trading Rig, High-frequency financial modeling, multi-screen display and CAD compute",WKS-LEN-P3TINY-BASE,UNIT,82000.00,99000.00,18.0,36,ACTIVE,True,False,2026-01-15T09:00:00Z,2026-02-28T18:00:00Z
PROD-0097,WKS-LEN-P3TOWER,Lenovo ThinkStation P3 Tower Quantitative Rig,Lenovo Enterprise,CAT-COMP,CAT-WKS,PHYSICAL,"Lenovo ThinkStation P3 Tower Quantitative Rig, High-frequency financial modeling, multi-screen display and CAD compute",WKS-LEN-P3TOWER-BASE,UNIT,105000.00,126000.00,18.0,36,ACTIVE,True,False,2026-01-15T09:00:00Z,2026-02-28T18:00:00Z
PROD-0098,WKS-LEN-P5,Lenovo ThinkStation P5 Aston Martin Co-Designed Workstation,Lenovo Enterprise,CAT-COMP,CAT-WKS,PHYSICAL,"Lenovo ThinkStation P5 Aston Martin Co-Designed Workstation, High-frequency financial modeling, multi-screen display and CAD compute",WKS-LEN-P5-BASE,UNIT,195000.00,234000.00,18.0,36,ACTIVE,True,False,2026-01-15T09:00:00Z,2026-02-28T18:00:00Z
PROD-0099,WKS-LEN-P7,Lenovo ThinkStation P7 Single-Socket Intel Xeon W-3400,Lenovo Enterprise,CAT-COMP,CAT-WKS,PHYSICAL,"Lenovo ThinkStation P7 Single-Socket Intel Xeon W-3400, High-frequency financial modeling, multi-screen display and CAD compute",WKS-LEN-P7-BASE,UNIT,290000.00,348000.00,18.0,36,ACTIVE,True,False,2026-01-15T09:00:00Z,2026-02-28T18:00:00Z
PROD-0100,WKS-LEN-PX,Lenovo ThinkStation PX Dual Xeon Platinum 120-Core Rig,Lenovo Enterprise,CAT-COMP,CAT-WKS,PHYSICAL,"Lenovo ThinkStation PX Dual Xeon Platinum 120-Core Rig, High-frequency financial modeling, multi-screen display and CAD compute",WKS-LEN-PX-BASE,UNIT,480000.00,576000.00,18.0,36,ACTIVE,True,False,2026-01-15T09:00:00Z,2026-02-28T18:00:00Z
PROD-0101,WKS-HP-Z2MINI,HP Z2 Mini G9 Micro Engineering Workstation,HP Inc.,CAT-COMP,CAT-WKS,PHYSICAL,"HP Z2 Mini G9 Micro Engineering Workstation, High-frequency financial modeling, multi-screen display and CAD compute",WKS-HP-Z2MINI-BASE,UNIT,86000.00,103000.00,18.0,36,ACTIVE,True,False,2026-01-15T09:00:00Z,2026-02-28T18:00:00Z
PROD-0102,WKS-HP-Z2SFF,HP Z2 SFF G9 Compact Multi-Display Trading Desk,HP Inc.,CAT-COMP,CAT-WKS,PHYSICAL,"HP Z2 SFF G9 Compact Multi-Display Trading Desk, High-frequency financial modeling, multi-screen display and CAD compute",WKS-HP-Z2SFF-BASE,UNIT,92000.00,110000.00,18.0,36,ACTIVE,True,False,2026-01-15T09:00:00Z,2026-02-28T18:00:00Z
PROD-0103,WKS-HP-Z2TWR,HP Z2 Tower G9 CAD & Computational Finance Rig,HP Inc.,CAT-COMP,CAT-WKS,PHYSICAL,"HP Z2 Tower G9 CAD & Computational Finance Rig, High-frequency financial modeling, multi-screen display and CAD compute",WKS-HP-Z2TWR-BASE,UNIT,110000.00,132000.00,18.0,36,ACTIVE,True,False,2026-01-15T09:00:00Z,2026-02-28T18:00:00Z
PROD-0104,WKS-HP-Z4G5,HP Z4 G5 Intel Xeon W Mainstream High-Compute,HP Inc.,CAT-COMP,CAT-WKS,PHYSICAL,"HP Z4 G5 Intel Xeon W Mainstream High-Compute, High-frequency financial modeling, multi-screen display and CAD compute",WKS-HP-Z4G5-BASE,UNIT,185000.00,222000.00,18.0,36,ACTIVE,True,False,2026-01-15T09:00:00Z,2026-02-28T18:00:00Z
PROD-0105,WKS-HP-Z6G5,HP Z6 G5 A AMD Threadripper PRO 96-Core Compute,HP Inc.,CAT-COMP,CAT-WKS,PHYSICAL,"HP Z6 G5 A AMD Threadripper PRO 96-Core Compute, High-frequency financial modeling, multi-screen display and CAD compute",WKS-HP-Z6G5-BASE,UNIT,320000.00,384000.00,18.0,36,ACTIVE,True,False,2026-01-15T09:00:00Z,2026-02-28T18:00:00Z
PROD-0106,WKS-HP-Z8G5,HP Z8 G5 Dual Xeon Scalable AI Deep Learning Rig,HP Inc.,CAT-COMP,CAT-WKS,PHYSICAL,"HP Z8 G5 Dual Xeon Scalable AI Deep Learning Rig, High-frequency financial modeling, multi-screen display and CAD compute",WKS-HP-Z8G5-BASE,UNIT,460000.00,552000.00,18.0,36,ACTIVE,True,False,2026-01-15T09:00:00Z,2026-02-28T18:00:00Z
PROD-0107,WKS-APL-MP-M2U,Apple Mac Pro M2 Ultra Tower PCIe Expansion,Apple Inc.,CAT-COMP,CAT-WKS,PHYSICAL,"Apple Mac Pro M2 Ultra Tower PCIe Expansion, High-frequency financial modeling, multi-screen display and CAD compute",WKS-APL-MP-M2U-BASE,UNIT,590000.00,729900.00,18.0,36,ACTIVE,True,False,2026-01-15T09:00:00Z,2026-02-28T18:00:00Z
PROD-0108,WKS-APL-MP-RCK,Apple Mac Pro M2 Ultra 5U Rackmount Enclosure,Apple Inc.,CAT-COMP,CAT-WKS,PHYSICAL,"Apple Mac Pro M2 Ultra 5U Rackmount Enclosure, High-frequency financial modeling, multi-screen display and CAD compute",WKS-APL-MP-RCK-BASE,UNIT,640000.00,779900.00,18.0,36,ACTIVE,True,False,2026-01-15T09:00:00Z,2026-02-28T18:00:00Z
PROD-0109,WKS-ASUS-E900,ASUS ESC700 G4 High-Performance GPU Workstation,ASUS Commercial,CAT-COMP,CAT-WKS,PHYSICAL,"ASUS ESC700 G4 High-Performance GPU Workstation, High-frequency financial modeling, multi-screen display and CAD compute",WKS-ASUS-E900-BASE,UNIT,210000.00,252000.00,18.0,36,ACTIVE,True,False,2026-01-15T09:00:00Z,2026-02-28T18:00:00Z
PROD-0110,WKS-ASUS-PROART,ASUS ProArt Station PD5 Professional Compute Rig,ASUS Commercial,CAT-COMP,CAT-WKS,PHYSICAL,"ASUS ProArt Station PD5 Professional Compute Rig, High-frequency financial modeling, multi-screen display and CAD compute",WKS-ASUS-PROART-BASE,UNIT,145000.00,174000.00,18.0,36,ACTIVE,True,False,2026-01-15T09:00:00Z,2026-02-28T18:00:00Z
PROD-0111,WKS-DEL-PR3260,Dell Precision 3260 Compact Financial Algo Node,Dell Technologies,CAT-COMP,CAT-WKS,PHYSICAL,"Dell Precision 3260 Compact Financial Algo Node, High-frequency financial modeling, multi-screen display and CAD compute",WKS-DEL-PR3260-BASE,UNIT,78000.00,94000.00,18.0,36,ACTIVE,True,False,2026-01-15T09:00:00Z,2026-02-28T18:00:00Z
PROD-0112,WKS-HP-Z240S,HP Z2 SFF Entry Trading Screen Station,HP Inc.,CAT-COMP,CAT-WKS,PHYSICAL,"HP Z2 SFF Entry Trading Screen Station, High-frequency financial modeling, multi-screen display and CAD compute",WKS-HP-Z240S-BASE,UNIT,74000.00,89000.00,18.0,36,ACTIVE,True,False,2026-01-15T09:00:00Z,2026-02-28T18:00:00Z
PROD-0113,WKS-LEN-P360T,Lenovo ThinkStation P360 Tiny Quad Display Hub,Lenovo Enterprise,CAT-COMP,CAT-WKS,PHYSICAL,"Lenovo ThinkStation P360 Tiny Quad Display Hub, High-frequency financial modeling, multi-screen display and CAD compute",WKS-LEN-P360T-BASE,UNIT,79000.00,95000.00,18.0,36,ACTIVE,True,False,2026-01-15T09:00:00Z,2026-02-28T18:00:00Z
PROD-0114,WKS-DEL-PR5860,Dell Precision 5860 Tower Intel Xeon W-2400,Dell Technologies,CAT-COMP,CAT-WKS,PHYSICAL,"Dell Precision 5860 Tower Intel Xeon W-2400, High-frequency financial modeling, multi-screen display and CAD compute",WKS-DEL-PR5860-BASE,UNIT,225000.00,270000.00,18.0,36,ACTIVE,True,False,2026-01-15T09:00:00Z,2026-02-28T18:00:00Z
PROD-0115,WKS-HP-Z4T-ADV,HP Z4 Tower Advanced ISV Certified Modeling,HP Inc.,CAT-COMP,CAT-WKS,PHYSICAL,"HP Z4 Tower Advanced ISV Certified Modeling, High-frequency financial modeling, multi-screen display and CAD compute",WKS-HP-Z4T-ADV-BASE,UNIT,198000.00,238000.00,18.0,36,ACTIVE,True,False,2026-01-15T09:00:00Z,2026-02-28T18:00:00Z
PROD-0116,WKS-LEN-P3U-TRD,Lenovo ThinkStation P3 Ultra Dual GPU Trading,Lenovo Enterprise,CAT-COMP,CAT-WKS,PHYSICAL,"Lenovo ThinkStation P3 Ultra Dual GPU Trading, High-frequency financial modeling, multi-screen display and CAD compute",WKS-LEN-P3U-TRD-BASE,UNIT,135000.00,162000.00,18.0,36,ACTIVE,True,False,2026-01-15T09:00:00Z,2026-02-28T18:00:00Z
PROD-0117,WKS-DEL-PR3680,Dell Precision 3680 Tower 14th Gen Intel Core i9,Dell Technologies,CAT-COMP,CAT-WKS,PHYSICAL,"Dell Precision 3680 Tower 14th Gen Intel Core i9, High-frequency financial modeling, multi-screen display and CAD compute",WKS-DEL-PR3680-BASE,UNIT,128000.00,154000.00,18.0,36,ACTIVE,True,False,2026-01-15T09:00:00Z,2026-02-28T18:00:00Z
PROD-0118,WKS-HP-Z2G9-TRD,HP Z2 Mini G9 Dedicated Dual LAN Trading Node,HP Inc.,CAT-COMP,CAT-WKS,PHYSICAL,"HP Z2 Mini G9 Dedicated Dual LAN Trading Node, High-frequency financial modeling, multi-screen display and CAD compute",WKS-HP-Z2G9-TRD-BASE,UNIT,96000.00,115000.00,18.0,36,ACTIVE,True,False,2026-01-15T09:00:00Z,2026-02-28T18:00:00Z
PROD-0119,WKS-LEN-P620,Lenovo ThinkStation P620 AMD Threadripper PRO 64C,Lenovo Enterprise,CAT-COMP,CAT-WKS,PHYSICAL,"Lenovo ThinkStation P620 AMD Threadripper PRO 64C, High-frequency financial modeling, multi-screen display and CAD compute",WKS-LEN-P620-BASE,UNIT,270000.00,324000.00,18.0,36,ACTIVE,True,False,2026-01-15T09:00:00Z,2026-02-28T18:00:00Z
PROD-0120,WKS-ASUS-E500,ASUS ExpertCenter E500 G9 Intel Xeon Tower,ASUS Commercial,CAT-COMP,CAT-WKS,PHYSICAL,"ASUS ExpertCenter E500 G9 Intel Xeon Tower, High-frequency financial modeling, multi-screen display and CAD compute",WKS-ASUS-E500-BASE,UNIT,115000.00,138000.00,18.0,36,ACTIVE,True,False,2026-01-15T09:00:00Z,2026-02-28T18:00:00Z
PROD-0121,SRV-DEL-R250,Dell PowerEdge R250 1U Single-Socket Entry Server,Dell Technologies,CAT-COMP,CAT-SRV,PHYSICAL,"Dell PowerEdge R250 1U Single-Socket Entry Server, Mission-critical enterprise datacenter server with redundant power and remote management",SRV-DEL-R250-BASE,UNIT,110000.00,132000.00,18.0,36,ACTIVE,True,False,2026-01-15T09:00:00Z,2026-02-28T18:00:00Z
PROD-0122,SRV-DEL-R350,Dell PowerEdge R350 1U Redundant Power Server,Dell Technologies,CAT-COMP,CAT-SRV,PHYSICAL,"Dell PowerEdge R350 1U Redundant Power Server, Mission-critical enterprise datacenter server with redundant power and remote management",SRV-DEL-R350-BASE,UNIT,145000.00,174000.00,18.0,36,ACTIVE,True,False,2026-01-15T09:00:00Z,2026-02-28T18:00:00Z
PROD-0123,SRV-DEL-R450,Dell PowerEdge R450 1U Dual-Socket Dense Compute,Dell Technologies,CAT-COMP,CAT-SRV,PHYSICAL,"Dell PowerEdge R450 1U Dual-Socket Dense Compute, Mission-critical enterprise datacenter server with redundant power and remote management",SRV-DEL-R450-BASE,UNIT,195000.00,234000.00,18.0,36,ACTIVE,True,False,2026-01-15T09:00:00Z,2026-02-28T18:00:00Z
PROD-0124,SRV-DEL-R550,Dell PowerEdge R550 2U Storage-Optimized Server,Dell Technologies,CAT-COMP,CAT-SRV,PHYSICAL,"Dell PowerEdge R550 2U Storage-Optimized Server, Mission-critical enterprise datacenter server with redundant power and remote management",SRV-DEL-R550-BASE,UNIT,240000.00,288000.00,18.0,36,ACTIVE,True,False,2026-01-15T09:00:00Z,2026-02-28T18:00:00Z
PROD-0125,SRV-DEL-R660,Dell PowerEdge R660 1U Ultra-Dense Dual 4th/5th Gen Xeon,Dell Technologies,CAT-COMP,CAT-SRV,PHYSICAL,"Dell PowerEdge R660 1U Ultra-Dense Dual 4th/5th Gen Xeon, Mission-critical enterprise datacenter server with redundant power and remote management",SRV-DEL-R660-BASE,UNIT,320000.00,384000.00,18.0,36,ACTIVE,True,False,2026-01-15T09:00:00Z,2026-02-28T18:00:00Z
PROD-0126,SRV-DEL-R760,Dell PowerEdge R760 2U Enterprise Workhorse Flagship,Dell Technologies,CAT-COMP,CAT-SRV,PHYSICAL,"Dell PowerEdge R760 2U Enterprise Workhorse Flagship, Mission-critical enterprise datacenter server with redundant power and remote management",SRV-DEL-R760-BASE,UNIT,420000.00,504000.00,18.0,36,ACTIVE,True,False,2026-01-15T09:00:00Z,2026-02-28T18:00:00Z
PROD-0127,SRV-DEL-R760XS,Dell PowerEdge R760xs 2U Cloud Scale Optimized,Dell Technologies,CAT-COMP,CAT-SRV,PHYSICAL,"Dell PowerEdge R760xs 2U Cloud Scale Optimized, Mission-critical enterprise datacenter server with redundant power and remote management",SRV-DEL-R760XS-BASE,UNIT,360000.00,432000.00,18.0,36,ACTIVE,True,False,2026-01-15T09:00:00Z,2026-02-28T18:00:00Z
PROD-0128,SRV-DEL-R860,Dell PowerEdge R860 2U 4-Socket Dense Enterprise Core,Dell Technologies,CAT-COMP,CAT-SRV,PHYSICAL,"Dell PowerEdge R860 2U 4-Socket Dense Enterprise Core, Mission-critical enterprise datacenter server with redundant power and remote management",SRV-DEL-R860-BASE,UNIT,720000.00,864000.00,18.0,36,ACTIVE,True,False,2026-01-15T09:00:00Z,2026-02-28T18:00:00Z
PROD-0129,SRV-DEL-R960,Dell PowerEdge R960 4U 4-Socket Mission-Critical DB,Dell Technologies,CAT-COMP,CAT-SRV,PHYSICAL,"Dell PowerEdge R960 4U 4-Socket Mission-Critical DB, Mission-critical enterprise datacenter server with redundant power and remote management",SRV-DEL-R960-BASE,UNIT,980000.00,1176000.00,18.0,36,ACTIVE,True,False,2026-01-15T09:00:00Z,2026-02-28T18:00:00Z
PROD-0130,SRV-HPE-DL20,HPE ProLiant DL20 Gen11 1U Short-Depth Edge Server,Hewlett Packard Enterprise,CAT-COMP,CAT-SRV,PHYSICAL,"HPE ProLiant DL20 Gen11 1U Short-Depth Edge Server, Mission-critical enterprise datacenter server with redundant power and remote management",SRV-HPE-DL20-BASE,UNIT,118000.00,142000.00,18.0,36,ACTIVE,True,False,2026-01-15T09:00:00Z,2026-02-28T18:00:00Z
PROD-0131,SRV-HPE-DL320,HPE ProLiant DL320 Gen11 1U Single-Socket Compute,Hewlett Packard Enterprise,CAT-COMP,CAT-SRV,PHYSICAL,"HPE ProLiant DL320 Gen11 1U Single-Socket Compute, Mission-critical enterprise datacenter server with redundant power and remote management",SRV-HPE-DL320-BASE,UNIT,180000.00,216000.00,18.0,36,ACTIVE,True,False,2026-01-15T09:00:00Z,2026-02-28T18:00:00Z
PROD-0132,SRV-HPE-DL360,HPE ProLiant DL360 Gen11 1U Dual Intel Xeon Scalable,Hewlett Packard Enterprise,CAT-COMP,CAT-SRV,PHYSICAL,"HPE ProLiant DL360 Gen11 1U Dual Intel Xeon Scalable, Mission-critical enterprise datacenter server with redundant power and remote management",SRV-HPE-DL360-BASE,UNIT,330000.00,396000.00,18.0,36,ACTIVE,True,False,2026-01-15T09:00:00Z,2026-02-28T18:00:00Z
PROD-0133,SRV-HPE-DL380,HPE ProLiant DL380 Gen11 2U 2P World Best-Selling Server,Hewlett Packard Enterprise,CAT-COMP,CAT-SRV,PHYSICAL,"HPE ProLiant DL380 Gen11 2U 2P World Best-Selling Server, Mission-critical enterprise datacenter server with redundant power and remote management",SRV-HPE-DL380-BASE,UNIT,435000.00,522000.00,18.0,36,ACTIVE,True,False,2026-01-15T09:00:00Z,2026-02-28T18:00:00Z
PROD-0134,SRV-HPE-DL385,HPE ProLiant DL385 Gen11 2U Dual AMD EPYC 9004,Hewlett Packard Enterprise,CAT-COMP,CAT-SRV,PHYSICAL,"HPE ProLiant DL385 Gen11 2U Dual AMD EPYC 9004, Mission-critical enterprise datacenter server with redundant power and remote management",SRV-HPE-DL385-BASE,UNIT,450000.00,540000.00,18.0,36,ACTIVE,True,False,2026-01-15T09:00:00Z,2026-02-28T18:00:00Z
PROD-0135,SRV-HPE-ML350,HPE ProLiant ML350 Gen11 4U Tower Enterprise Expandable,Hewlett Packard Enterprise,CAT-COMP,CAT-SRV,PHYSICAL,"HPE ProLiant ML350 Gen11 4U Tower Enterprise Expandable, Mission-critical enterprise datacenter server with redundant power and remote management",SRV-HPE-ML350-BASE,UNIT,290000.00,348000.00,18.0,36,ACTIVE,True,False,2026-01-15T09:00:00Z,2026-02-28T18:00:00Z
PROD-0136,SRV-HPE-DL560,HPE ProLiant DL560 Gen11 2U 4-Socket High-Density,Hewlett Packard Enterprise,CAT-COMP,CAT-SRV,PHYSICAL,"HPE ProLiant DL560 Gen11 2U 4-Socket High-Density, Mission-critical enterprise datacenter server with redundant power and remote management",SRV-HPE-DL560-BASE,UNIT,780000.00,936000.00,18.0,36,ACTIVE,True,False,2026-01-15T09:00:00Z,2026-02-28T18:00:00Z
PROD-0137,SRV-LEN-SR250,Lenovo ThinkSystem SR250 V2 1U Compact Rack Server,Lenovo Enterprise,CAT-COMP,CAT-SRV,PHYSICAL,"Lenovo ThinkSystem SR250 V2 1U Compact Rack Server, Mission-critical enterprise datacenter server with redundant power and remote management",SRV-LEN-SR250-BASE,UNIT,112000.00,135000.00,18.0,36,ACTIVE,True,False,2026-01-15T09:00:00Z,2026-02-28T18:00:00Z
PROD-0138,SRV-LEN-SR630,Lenovo ThinkSystem SR630 V3 1U High-Performance Dual-Socket,Lenovo Enterprise,CAT-COMP,CAT-SRV,PHYSICAL,"Lenovo ThinkSystem SR630 V3 1U High-Performance Dual-Socket, Mission-critical enterprise datacenter server with redundant power and remote management",SRV-LEN-SR630-BASE,UNIT,315000.00,378000.00,18.0,36,ACTIVE,True,False,2026-01-15T09:00:00Z,2026-02-28T18:00:00Z
PROD-0139,SRV-LEN-SR650,Lenovo ThinkSystem SR650 V3 2U Flagship Core Database,Lenovo Enterprise,CAT-COMP,CAT-SRV,PHYSICAL,"Lenovo ThinkSystem SR650 V3 2U Flagship Core Database, Mission-critical enterprise datacenter server with redundant power and remote management",SRV-LEN-SR650-BASE,UNIT,410000.00,492000.00,18.0,36,ACTIVE,True,False,2026-01-15T09:00:00Z,2026-02-28T18:00:00Z
PROD-0140,SRV-LEN-SR655,Lenovo ThinkSystem SR655 V3 2U High-Core AMD EPYC Single-P,Lenovo Enterprise,CAT-COMP,CAT-SRV,PHYSICAL,"Lenovo ThinkSystem SR655 V3 2U High-Core AMD EPYC Single-P, Mission-critical enterprise datacenter server with redundant power and remote management",SRV-LEN-SR655-BASE,UNIT,340000.00,408000.00,18.0,36,ACTIVE,True,False,2026-01-15T09:00:00Z,2026-02-28T18:00:00Z
PROD-0141,SRV-LEN-SR850,Lenovo ThinkSystem SR850 V3 2U 4-Socket Mission-Critical,Lenovo Enterprise,CAT-COMP,CAT-SRV,PHYSICAL,"Lenovo ThinkSystem SR850 V3 2U 4-Socket Mission-Critical, Mission-critical enterprise datacenter server with redundant power and remote management",SRV-LEN-SR850-BASE,UNIT,740000.00,888000.00,18.0,36,ACTIVE,True,False,2026-01-15T09:00:00Z,2026-02-28T18:00:00Z
PROD-0142,SRV-LEN-ST550,Lenovo ThinkSystem ST550 4U Enterprise Tower/Rack Server,Lenovo Enterprise,CAT-COMP,CAT-SRV,PHYSICAL,"Lenovo ThinkSystem ST550 4U Enterprise Tower/Rack Server, Mission-critical enterprise datacenter server with redundant power and remote management",SRV-LEN-ST550-BASE,UNIT,230000.00,276000.00,18.0,36,ACTIVE,True,False,2026-01-15T09:00:00Z,2026-02-28T18:00:00Z
PROD-0143,SRV-CISCO-C220,Cisco UCS C220 M7 1U High-Density Rack Server,Cisco Systems,CAT-COMP,CAT-SRV,PHYSICAL,"Cisco UCS C220 M7 1U High-Density Rack Server, Mission-critical enterprise datacenter server with redundant power and remote management",SRV-CISCO-C220-BASE,UNIT,345000.00,414000.00,18.0,36,ACTIVE,True,False,2026-01-15T09:00:00Z,2026-02-28T18:00:00Z
PROD-0144,SRV-CISCO-C240,Cisco UCS C240 M7 2U Multi-Storage Enterprise Server,Cisco Systems,CAT-COMP,CAT-SRV,PHYSICAL,"Cisco UCS C240 M7 2U Multi-Storage Enterprise Server, Mission-critical enterprise datacenter server with redundant power and remote management",SRV-CISCO-C240-BASE,UNIT,445000.00,534000.00,18.0,36,ACTIVE,True,False,2026-01-15T09:00:00Z,2026-02-28T18:00:00Z
PROD-0145,SRV-DEL-T150,Dell PowerEdge T150 4U Tower Branch Office Server,Dell Technologies,CAT-COMP,CAT-SRV,PHYSICAL,"Dell PowerEdge T150 4U Tower Branch Office Server, Mission-critical enterprise datacenter server with redundant power and remote management",SRV-DEL-T150-BASE,UNIT,82000.00,99000.00,18.0,36,ACTIVE,True,False,2026-01-15T09:00:00Z,2026-02-28T18:00:00Z
PROD-0146,SRV-DEL-T350,Dell PowerEdge T350 1-Socket Tower Hot-Plug Storage,Dell Technologies,CAT-COMP,CAT-SRV,PHYSICAL,"Dell PowerEdge T350 1-Socket Tower Hot-Plug Storage, Mission-critical enterprise datacenter server with redundant power and remote management",SRV-DEL-T350-BASE,UNIT,125000.00,150000.00,18.0,36,ACTIVE,True,False,2026-01-15T09:00:00Z,2026-02-28T18:00:00Z
PROD-0147,SRV-DEL-T550,Dell PowerEdge T550 2-Socket Tower Enterprise Compute,Dell Technologies,CAT-COMP,CAT-SRV,PHYSICAL,"Dell PowerEdge T550 2-Socket Tower Enterprise Compute, Mission-critical enterprise datacenter server with redundant power and remote management",SRV-DEL-T550-BASE,UNIT,260000.00,312000.00,18.0,36,ACTIVE,True,False,2026-01-15T09:00:00Z,2026-02-28T18:00:00Z
PROD-0148,SRV-HPE-ML110,HPE ProLiant ML110 Gen11 Single-Processor Tower,Hewlett Packard Enterprise,CAT-COMP,CAT-SRV,PHYSICAL,"HPE ProLiant ML110 Gen11 Single-Processor Tower, Mission-critical enterprise datacenter server with redundant power and remote management",SRV-HPE-ML110-BASE,UNIT,135000.00,162000.00,18.0,36,ACTIVE,True,False,2026-01-15T09:00:00Z,2026-02-28T18:00:00Z
PROD-0149,SRV-DEL-R6625,Dell PowerEdge R6625 1U Dual AMD EPYC 9004 Gen,Dell Technologies,CAT-COMP,CAT-SRV,PHYSICAL,"Dell PowerEdge R6625 1U Dual AMD EPYC 9004 Gen, Mission-critical enterprise datacenter server with redundant power and remote management",SRV-DEL-R6625-BASE,UNIT,350000.00,420000.00,18.0,36,ACTIVE,True,False,2026-01-15T09:00:00Z,2026-02-28T18:00:00Z
PROD-0150,SRV-DEL-R7625,Dell PowerEdge R7625 2U Dual AMD EPYC High IOPS,Dell Technologies,CAT-COMP,CAT-SRV,PHYSICAL,"Dell PowerEdge R7625 2U Dual AMD EPYC High IOPS, Mission-critical enterprise datacenter server with redundant power and remote management",SRV-DEL-R7625-BASE,UNIT,460000.00,552000.00,18.0,36,ACTIVE,True,False,2026-01-15T09:00:00Z,2026-02-28T18:00:00Z
PROD-0151,SRV-HPE-DL345,HPE ProLiant DL345 Gen11 2U 1P AMD Storage Server,Hewlett Packard Enterprise,CAT-COMP,CAT-SRV,PHYSICAL,"HPE ProLiant DL345 Gen11 2U 1P AMD Storage Server, Mission-critical enterprise datacenter server with redundant power and remote management",SRV-HPE-DL345-BASE,UNIT,280000.00,336000.00,18.0,36,ACTIVE,True,False,2026-01-15T09:00:00Z,2026-02-28T18:00:00Z
PROD-0152,SRV-LEN-SR665,Lenovo ThinkSystem SR665 V3 2U Dual AMD 128-Core,Lenovo Enterprise,CAT-COMP,CAT-SRV,PHYSICAL,"Lenovo ThinkSystem SR665 V3 2U Dual AMD 128-Core, Mission-critical enterprise datacenter server with redundant power and remote management",SRV-LEN-SR665-BASE,UNIT,470000.00,564000.00,18.0,36,ACTIVE,True,False,2026-01-15T09:00:00Z,2026-02-28T18:00:00Z
PROD-0153,STO-DEL-PS500T,Dell PowerStore 500T All-Flash Unified Storage Array,Dell Technologies,CAT-INFRA,CAT-STO,PHYSICAL,"Dell PowerStore 500T All-Flash Unified Storage Array, Enterprise SAN/NAS high-availability storage array with dual controller support",STO-DEL-PS500T-BASE,UNIT,980000.00,1176000.00,18.0,36,ACTIVE,True,False,2026-01-15T09:00:00Z,2026-02-28T18:00:00Z
PROD-0154,STO-DEL-PS1000T,Dell PowerStore 1000T Enterprise NVMe SAN Array,Dell Technologies,CAT-INFRA,CAT-STO,PHYSICAL,"Dell PowerStore 1000T Enterprise NVMe SAN Array, Enterprise SAN/NAS high-availability storage array with dual controller support",STO-DEL-PS1000T-BASE,UNIT,1650000.00,1980000.00,18.0,36,ACTIVE,True,False,2026-01-15T09:00:00Z,2026-02-28T18:00:00Z
PROD-0155,STO-DEL-PS3000T,Dell PowerStore 3000T High-IOPS NVMe End-to-End,Dell Technologies,CAT-INFRA,CAT-STO,PHYSICAL,"Dell PowerStore 3000T High-IOPS NVMe End-to-End, Enterprise SAN/NAS high-availability storage array with dual controller support",STO-DEL-PS3000T-BASE,UNIT,2450000.00,2940000.00,18.0,36,ACTIVE,True,False,2026-01-15T09:00:00Z,2026-02-28T18:00:00Z
PROD-0156,STO-DEL-ME5024,Dell PowerVault ME5024 2U 24-Bay SAS/FC Storage,Dell Technologies,CAT-INFRA,CAT-STO,PHYSICAL,"Dell PowerVault ME5024 2U 24-Bay SAS/FC Storage, Enterprise SAN/NAS high-availability storage array with dual controller support",STO-DEL-ME5024-BASE,UNIT,520000.00,624000.00,18.0,36,ACTIVE,True,False,2026-01-15T09:00:00Z,2026-02-28T18:00:00Z
PROD-0157,STO-DEL-ME5084,Dell PowerVault ME5084 5U 84-Bay High-Density Storage,Dell Technologies,CAT-INFRA,CAT-STO,PHYSICAL,"Dell PowerVault ME5084 5U 84-Bay High-Density Storage, Enterprise SAN/NAS high-availability storage array with dual controller support",STO-DEL-ME5084-BASE,UNIT,940000.00,1128000.00,18.0,36,ACTIVE,True,False,2026-01-15T09:00:00Z,2026-02-28T18:00:00Z
PROD-0158,STO-HPE-MSA2060,HPE MSA 2060 16Gb Fibre Channel Hybrid Storage,Hewlett Packard Enterprise,CAT-INFRA,CAT-STO,PHYSICAL,"HPE MSA 2060 16Gb Fibre Channel Hybrid Storage, Enterprise SAN/NAS high-availability storage array with dual controller support",STO-HPE-MSA2060-BASE,UNIT,480000.00,576000.00,18.0,36,ACTIVE,True,False,2026-01-15T09:00:00Z,2026-02-28T18:00:00Z
PROD-0159,STO-HPE-ALLETRA,HPE Alletra 5000 Cloud-Native All-Flash SAN,Hewlett Packard Enterprise,CAT-INFRA,CAT-STO,PHYSICAL,"HPE Alletra 5000 Cloud-Native All-Flash SAN, Enterprise SAN/NAS high-availability storage array with dual controller support",STO-HPE-ALLETRA-BASE,UNIT,1850000.00,2220000.00,18.0,36,ACTIVE,True,False,2026-01-15T09:00:00Z,2026-02-28T18:00:00Z
PROD-0160,STO-NET-A150,NetApp AFF A150 All-Flash SAN/NAS Array 24x 1.92TB,Western Digital,CAT-INFRA,CAT-STO,PHYSICAL,"NetApp AFF A150 All-Flash SAN/NAS Array 24x 1.92TB, Enterprise SAN/NAS high-availability storage array with dual controller support",STO-NET-A150-BASE,UNIT,1450000.00,1740000.00,18.0,36,ACTIVE,True,False,2026-01-15T09:00:00Z,2026-02-28T18:00:00Z
PROD-0161,STO-NET-A250,NetApp AFF A250 NVMe End-to-End Enterprise Storage,Western Digital,CAT-INFRA,CAT-STO,PHYSICAL,"NetApp AFF A250 NVMe End-to-End Enterprise Storage, Enterprise SAN/NAS high-availability storage array with dual controller support",STO-NET-A250-BASE,UNIT,2200000.00,2640000.00,18.0,36,ACTIVE,True,False,2026-01-15T09:00:00Z,2026-02-28T18:00:00Z
PROD-0162,STO-NET-FAS2820,NetApp FAS2820 Hybrid Cloud Storage Architecture,Western Digital,CAT-INFRA,CAT-STO,PHYSICAL,"NetApp FAS2820 Hybrid Cloud Storage Architecture, Enterprise SAN/NAS high-availability storage array with dual controller support",STO-NET-FAS2820-BASE,UNIT,890000.00,1068000.00,18.0,36,ACTIVE,True,False,2026-01-15T09:00:00Z,2026-02-28T18:00:00Z
PROD-0163,STO-SYN-FS3410,Synology FlashStation FS3410 24-Bay All-Flash NAS,Synology Inc.,CAT-INFRA,CAT-STO,PHYSICAL,"Synology FlashStation FS3410 24-Bay All-Flash NAS, Enterprise SAN/NAS high-availability storage array with dual controller support",STO-SYN-FS3410-BASE,UNIT,420000.00,504000.00,18.0,36,ACTIVE,True,False,2026-01-15T09:00:00Z,2026-02-28T18:00:00Z
PROD-0164,STO-SYN-RS2423,Synology RackStation RS2423+ 12-Bay 2U Storage,Synology Inc.,CAT-INFRA,CAT-STO,PHYSICAL,"Synology RackStation RS2423+ 12-Bay 2U Storage, Enterprise SAN/NAS high-availability storage array with dual controller support",STO-SYN-RS2423-BASE,UNIT,165000.00,198000.00,18.0,36,ACTIVE,True,False,2026-01-15T09:00:00Z,2026-02-28T18:00:00Z
PROD-0165,STO-SYN-RS3621,Synology RackStation RS3621xs+ 12-Bay High-IOPS,Synology Inc.,CAT-INFRA,CAT-STO,PHYSICAL,"Synology RackStation RS3621xs+ 12-Bay High-IOPS, Enterprise SAN/NAS high-availability storage array with dual controller support",STO-SYN-RS3621-BASE,UNIT,295000.00,354000.00,18.0,36,ACTIVE,True,False,2026-01-15T09:00:00Z,2026-02-28T18:00:00Z
PROD-0166,STO-SYN-RS4021,Synology RackStation RS4021xs+ 16-Bay 3U SAN/NAS,Synology Inc.,CAT-INFRA,CAT-STO,PHYSICAL,"Synology RackStation RS4021xs+ 16-Bay 3U SAN/NAS, Enterprise SAN/NAS high-availability storage array with dual controller support",STO-SYN-RS4021-BASE,UNIT,440000.00,528000.00,18.0,36,ACTIVE,True,False,2026-01-15T09:00:00Z,2026-02-28T18:00:00Z
PROD-0167,STO-SYN-DS1821,Synology DiskStation DS1821+ 8-Bay Desktop NAS,Synology Inc.,CAT-INFRA,CAT-STO,PHYSICAL,"Synology DiskStation DS1821+ 8-Bay Desktop NAS, Enterprise SAN/NAS high-availability storage array with dual controller support",STO-SYN-DS1821-BASE,UNIT,88000.00,106000.00,18.0,36,ACTIVE,True,False,2026-01-15T09:00:00Z,2026-02-28T18:00:00Z
PROD-0168,STO-SYN-DS3622,Synology DiskStation DS3622xs+ 12-Bay Enterprise Tower,Synology Inc.,CAT-INFRA,CAT-STO,PHYSICAL,"Synology DiskStation DS3622xs+ 12-Bay Enterprise Tower, Enterprise SAN/NAS high-availability storage array with dual controller support",STO-SYN-DS3622-BASE,UNIT,235000.00,282000.00,18.0,36,ACTIVE,True,False,2026-01-15T09:00:00Z,2026-02-28T18:00:00Z
PROD-0169,STO-QNP-TS1677,QNAP TS-h1677XU-RP 16-Bay ZFS QuTS hero 3U NAS,QNAP Systems,CAT-INFRA,CAT-STO,PHYSICAL,"QNAP TS-h1677XU-RP 16-Bay ZFS QuTS hero 3U NAS, Enterprise SAN/NAS high-availability storage array with dual controller support",STO-QNP-TS1677-BASE,UNIT,380000.00,456000.00,18.0,36,ACTIVE,True,False,2026-01-15T09:00:00Z,2026-02-28T18:00:00Z
PROD-0170,STO-QNP-TVS888,QNAP TVS-h1688X 16-Bay ZFS Enterprise Desktop NAS,QNAP Systems,CAT-INFRA,CAT-STO,PHYSICAL,"QNAP TVS-h1688X 16-Bay ZFS Enterprise Desktop NAS, Enterprise SAN/NAS high-availability storage array with dual controller support",STO-QNP-TVS888-BASE,UNIT,290000.00,348000.00,18.0,36,ACTIVE,True,False,2026-01-15T09:00:00Z,2026-02-28T18:00:00Z
PROD-0171,STO-QNP-TS873A,QNAP TS-873A 8-Bay AMD Ryzen PCIe Expansion NAS,QNAP Systems,CAT-INFRA,CAT-STO,PHYSICAL,"QNAP TS-873A 8-Bay AMD Ryzen PCIe Expansion NAS, Enterprise SAN/NAS high-availability storage array with dual controller support",STO-QNP-TS873A-BASE,UNIT,94000.00,113000.00,18.0,36,ACTIVE,True,False,2026-01-15T09:00:00Z,2026-02-28T18:00:00Z
PROD-0172,STO-WD-DATA60,Western Digital Ultrastar Data60 60-Bay JBOD Storage,Western Digital,CAT-INFRA,CAT-STO,PHYSICAL,"Western Digital Ultrastar Data60 60-Bay JBOD Storage, Enterprise SAN/NAS high-availability storage array with dual controller support",STO-WD-DATA60-BASE,UNIT,720000.00,864000.00,18.0,36,ACTIVE,True,False,2026-01-15T09:00:00Z,2026-02-28T18:00:00Z
PROD-0173,STO-SEA-EXOSX,Seagate Exos E 4U106 106-Bay High-Density Enclosure,Seagate Technology,CAT-INFRA,CAT-STO,PHYSICAL,"Seagate Exos E 4U106 106-Bay High-Density Enclosure, Enterprise SAN/NAS high-availability storage array with dual controller support",STO-SEA-EXOSX-BASE,UNIT,1150000.00,1380000.00,18.0,36,ACTIVE,True,False,2026-01-15T09:00:00Z,2026-02-28T18:00:00Z
PROD-0174,STO-SAM-PM9A3,Samsung PM9A3 7.68TB U.2 NVMe PCIe 4.0 SSD (Pack of 4),Samsung Electronics,CAT-INFRA,CAT-STO,PHYSICAL,"Samsung PM9A3 7.68TB U.2 NVMe PCIe 4.0 SSD (Pack of 4), Enterprise SAN/NAS high-availability storage array with dual controller support",STO-SAM-PM9A3-BASE,UNIT,195000.00,234000.00,18.0,36,ACTIVE,True,False,2026-01-15T09:00:00Z,2026-02-28T18:00:00Z
PROD-0175,STO-SAM-883DCT,Samsung 883 DCT 3.84TB SATA 2.5-inch SSD (Pack of 4),Samsung Electronics,CAT-INFRA,CAT-STO,PHYSICAL,"Samsung 883 DCT 3.84TB SATA 2.5-inch SSD (Pack of 4), Enterprise SAN/NAS high-availability storage array with dual controller support",STO-SAM-883DCT-BASE,UNIT,92000.00,110000.00,18.0,36,ACTIVE,True,False,2026-01-15T09:00:00Z,2026-02-28T18:00:00Z
PROD-0176,STO-WD-SN650,Western Digital Ultrastar DC SN650 15.36TB NVMe SSD,Western Digital,CAT-INFRA,CAT-STO,PHYSICAL,"Western Digital Ultrastar DC SN650 15.36TB NVMe SSD, Enterprise SAN/NAS high-availability storage array with dual controller support",STO-WD-SN650-BASE,UNIT,145000.00,174000.00,18.0,36,ACTIVE,True,False,2026-01-15T09:00:00Z,2026-02-28T18:00:00Z
PROD-0177,STO-SEA-EXOS20,Seagate Exos X20 20TB Enterprise SAS 12Gbps 7.2K (Pack of 4),Seagate Technology,CAT-INFRA,CAT-STO,PHYSICAL,"Seagate Exos X20 20TB Enterprise SAS 12Gbps 7.2K (Pack of 4), Enterprise SAN/NAS high-availability storage array with dual controller support",STO-SEA-EXOS20-BASE,UNIT,112000.00,134000.00,18.0,36,ACTIVE,True,False,2026-01-15T09:00:00Z,2026-02-28T18:00:00Z
PROD-0178,NET-CIS-C9200L-24P,Cisco Catalyst 9200L 24-Port Gigabit PoE+ 4x10G Switch,Cisco Systems,CAT-INFRA,CAT-NET,PHYSICAL,"Cisco Catalyst 9200L 24-Port Gigabit PoE+ 4x10G Switch, High-throughput low-latency enterprise campus network infrastructure",NET-CIS-C9200L-24P-BASE,UNIT,125000.00,150000.00,18.0,36,ACTIVE,True,False,2026-01-15T09:00:00Z,2026-02-28T18:00:00Z
PROD-0179,NET-CIS-C9200L-48P,Cisco Catalyst 9200L 48-Port Gigabit PoE+ 4x10G Switch,Cisco Systems,CAT-INFRA,CAT-NET,PHYSICAL,"Cisco Catalyst 9200L 48-Port Gigabit PoE+ 4x10G Switch, High-throughput low-latency enterprise campus network infrastructure",NET-CIS-C9200L-48P-BASE,UNIT,185000.00,222000.00,18.0,36,ACTIVE,True,False,2026-01-15T09:00:00Z,2026-02-28T18:00:00Z
PROD-0180,NET-CIS-C9300-24P,Cisco Catalyst 9300 24-Port Multi-Gigabit PoE+ Network,Cisco Systems,CAT-INFRA,CAT-NET,PHYSICAL,"Cisco Catalyst 9300 24-Port Multi-Gigabit PoE+ Network, High-throughput low-latency enterprise campus network infrastructure",NET-CIS-C9300-24P-BASE,UNIT,240000.00,288000.00,18.0,36,ACTIVE,True,False,2026-01-15T09:00:00Z,2026-02-28T18:00:00Z
PROD-0181,NET-CIS-C9300-48P,Cisco Catalyst 9300 48-Port UPOE StackWise 480 Switch,Cisco Systems,CAT-INFRA,CAT-NET,PHYSICAL,"Cisco Catalyst 9300 48-Port UPOE StackWise 480 Switch, High-throughput low-latency enterprise campus network infrastructure",NET-CIS-C9300-48P-BASE,UNIT,320000.00,384000.00,18.0,36,ACTIVE,True,False,2026-01-15T09:00:00Z,2026-02-28T18:00:00Z
PROD-0182,NET-CIS-C9500-24Y,Cisco Catalyst 9500 24-Port 25G Fiber Core Switch,Cisco Systems,CAT-INFRA,CAT-NET,PHYSICAL,"Cisco Catalyst 9500 24-Port 25G Fiber Core Switch, High-throughput low-latency enterprise campus network infrastructure",NET-CIS-C9500-24Y-BASE,UNIT,680000.00,816000.00,18.0,36,ACTIVE,True,False,2026-01-15T09:00:00Z,2026-02-28T18:00:00Z
PROD-0183,NET-CIS-C9500-48Y,Cisco Catalyst 9500 48-Port 25G/100G Leaf-Spine Core,Cisco Systems,CAT-INFRA,CAT-NET,PHYSICAL,"Cisco Catalyst 9500 48-Port 25G/100G Leaf-Spine Core, High-throughput low-latency enterprise campus network infrastructure",NET-CIS-C9500-48Y-BASE,UNIT,950000.00,1140000.00,18.0,36,ACTIVE,True,False,2026-01-15T09:00:00Z,2026-02-28T18:00:00Z
PROD-0184,NET-CIS-MS120-24P,Cisco Meraki MS120-24P Cloud-Managed 24-Port PoE Switch,Cisco Systems,CAT-INFRA,CAT-NET,PHYSICAL,"Cisco Meraki MS120-24P Cloud-Managed 24-Port PoE Switch, High-throughput low-latency enterprise campus network infrastructure",NET-CIS-MS120-24P-BASE,UNIT,110000.00,132000.00,18.0,36,ACTIVE,True,False,2026-01-15T09:00:00Z,2026-02-28T18:00:00Z
PROD-0185,NET-CIS-MS225-48P,Cisco Meraki MS225-48P L2 Cloud Switch with 10G SFP+,Cisco Systems,CAT-INFRA,CAT-NET,PHYSICAL,"Cisco Meraki MS225-48P L2 Cloud Switch with 10G SFP+, High-throughput low-latency enterprise campus network infrastructure",NET-CIS-MS225-48P-BASE,UNIT,175000.00,210000.00,18.0,36,ACTIVE,True,False,2026-01-15T09:00:00Z,2026-02-28T18:00:00Z
PROD-0186,NET-CIS-MS390-48P,Cisco Meraki MS390-48P Multi-Gigabit Modular Uplinks,Cisco Systems,CAT-INFRA,CAT-NET,PHYSICAL,"Cisco Meraki MS390-48P Multi-Gigabit Modular Uplinks, High-throughput low-latency enterprise campus network infrastructure",NET-CIS-MS390-48P-BASE,UNIT,295000.00,354000.00,18.0,36,ACTIVE,True,False,2026-01-15T09:00:00Z,2026-02-28T18:00:00Z
PROD-0187,NET-ARU-6100-24G,Aruba CX 6100 24G 4SFP+ Enterprise Access Switch,Aruba Networks,CAT-INFRA,CAT-NET,PHYSICAL,"Aruba CX 6100 24G 4SFP+ Enterprise Access Switch, High-throughput low-latency enterprise campus network infrastructure",NET-ARU-6100-24G-BASE,UNIT,78000.00,94000.00,18.0,36,ACTIVE,True,False,2026-01-15T09:00:00Z,2026-02-28T18:00:00Z
PROD-0188,NET-ARU-6200F-24P,Aruba CX 6200F 24G Class 4 PoE 4SFP+ 370W Switch,Aruba Networks,CAT-INFRA,CAT-NET,PHYSICAL,"Aruba CX 6200F 24G Class 4 PoE 4SFP+ 370W Switch, High-throughput low-latency enterprise campus network infrastructure",NET-ARU-6200F-24P-BASE,UNIT,115000.00,138000.00,18.0,36,ACTIVE,True,False,2026-01-15T09:00:00Z,2026-02-28T18:00:00Z
PROD-0189,NET-ARU-6200F-48P,Aruba CX 6200F 48G Class 4 PoE 4SFP+ 740W Switch,Aruba Networks,CAT-INFRA,CAT-NET,PHYSICAL,"Aruba CX 6200F 48G Class 4 PoE 4SFP+ 740W Switch, High-throughput low-latency enterprise campus network infrastructure",NET-ARU-6200F-48P-BASE,UNIT,178000.00,214000.00,18.0,36,ACTIVE,True,False,2026-01-15T09:00:00Z,2026-02-28T18:00:00Z
PROD-0190,NET-ARU-6300M-24P,Aruba CX 6300M 24-Port Modular Core/Aggregation Switch,Aruba Networks,CAT-INFRA,CAT-NET,PHYSICAL,"Aruba CX 6300M 24-Port Modular Core/Aggregation Switch, High-throughput low-latency enterprise campus network infrastructure",NET-ARU-6300M-24P-BASE,UNIT,285000.00,342000.00,18.0,36,ACTIVE,True,False,2026-01-15T09:00:00Z,2026-02-28T18:00:00Z
PROD-0191,NET-ARU-6300M-48P,Aruba CX 6300M 48-Port Smart Rate 10G PoE Switch,Aruba Networks,CAT-INFRA,CAT-NET,PHYSICAL,"Aruba CX 6300M 48-Port Smart Rate 10G PoE Switch, High-throughput low-latency enterprise campus network infrastructure",NET-ARU-6300M-48P-BASE,UNIT,390000.00,468000.00,18.0,36,ACTIVE,True,False,2026-01-15T09:00:00Z,2026-02-28T18:00:00Z
PROD-0192,NET-ARU-AP515,Aruba AP-515 Unified Campus Wi-Fi 6 Access Point,Aruba Networks,CAT-INFRA,CAT-NET,PHYSICAL,"Aruba AP-515 Unified Campus Wi-Fi 6 Access Point, High-throughput low-latency enterprise campus network infrastructure",NET-ARU-AP515-BASE,UNIT,38000.00,45600.00,18.0,36,ACTIVE,True,False,2026-01-15T09:00:00Z,2026-02-28T18:00:00Z
PROD-0193,NET-ARU-AP635,Aruba AP-635 Enterprise Wi-Fi 6E Tri-Band Access Point,Aruba Networks,CAT-INFRA,CAT-NET,PHYSICAL,"Aruba AP-635 Enterprise Wi-Fi 6E Tri-Band Access Point, High-throughput low-latency enterprise campus network infrastructure",NET-ARU-AP635-BASE,UNIT,58000.00,69600.00,18.0,36,ACTIVE,True,False,2026-01-15T09:00:00Z,2026-02-28T18:00:00Z
PROD-0194,NET-CIS-CW9164,Cisco Catalyst 9164I Wi-Fi 6E Tri-Band AP,Cisco Systems,CAT-INFRA,CAT-NET,PHYSICAL,"Cisco Catalyst 9164I Wi-Fi 6E Tri-Band AP, High-throughput low-latency enterprise campus network infrastructure",NET-CIS-CW9164-BASE,UNIT,62000.00,74400.00,18.0,36,ACTIVE,True,False,2026-01-15T09:00:00Z,2026-02-28T18:00:00Z
PROD-0195,NET-UBI-USW-24P,Ubiquiti UniFi Pro 24 PoE Layer 2/3 Enterprise Switch,Ubiquiti Networks,CAT-INFRA,CAT-NET,PHYSICAL,"Ubiquiti UniFi Pro 24 PoE Layer 2/3 Enterprise Switch, High-throughput low-latency enterprise campus network infrastructure",NET-UBI-USW-24P-BASE,UNIT,42000.00,50400.00,18.0,36,ACTIVE,True,False,2026-01-15T09:00:00Z,2026-02-28T18:00:00Z
PROD-0196,NET-UBI-USW-48P,Ubiquiti UniFi Pro 48 PoE Layer 3 600W 4x 10G SFP+,Ubiquiti Networks,CAT-INFRA,CAT-NET,PHYSICAL,"Ubiquiti UniFi Pro 48 PoE Layer 3 600W 4x 10G SFP+, High-throughput low-latency enterprise campus network infrastructure",NET-UBI-USW-48P-BASE,UNIT,74000.00,88800.00,18.0,36,ACTIVE,True,False,2026-01-15T09:00:00Z,2026-02-28T18:00:00Z
PROD-0197,NET-UBI-USW-ENT24,Ubiquiti UniFi Enterprise 24 PoE 2.5G Multi-Gigabit,Ubiquiti Networks,CAT-INFRA,CAT-NET,PHYSICAL,"Ubiquiti UniFi Enterprise 24 PoE 2.5G Multi-Gigabit, High-throughput low-latency enterprise campus network infrastructure",NET-UBI-USW-ENT24-BASE,UNIT,62000.00,74400.00,18.0,36,ACTIVE,True,False,2026-01-15T09:00:00Z,2026-02-28T18:00:00Z
PROD-0198,NET-UBI-U6-PRO,Ubiquiti UniFi U6 Pro Dual-Band Wi-Fi 6 AP,Ubiquiti Networks,CAT-INFRA,CAT-NET,PHYSICAL,"Ubiquiti UniFi U6 Pro Dual-Band Wi-Fi 6 AP, High-throughput low-latency enterprise campus network infrastructure",NET-UBI-U6-PRO-BASE,UNIT,14000.00,16800.00,18.0,36,ACTIVE,True,False,2026-01-15T09:00:00Z,2026-02-28T18:00:00Z
PROD-0199,NET-UBI-U6-ENT,Ubiquiti UniFi U6 Enterprise Tri-Band Wi-Fi 6E AP,Ubiquiti Networks,CAT-INFRA,CAT-NET,PHYSICAL,"Ubiquiti UniFi U6 Enterprise Tri-Band Wi-Fi 6E AP, High-throughput low-latency enterprise campus network infrastructure",NET-UBI-U6-ENT-BASE,UNIT,26000.00,31200.00,18.0,36,ACTIVE,True,False,2026-01-15T09:00:00Z,2026-02-28T18:00:00Z
PROD-0200,NET-JUN-EX2300,Juniper EX2300 24-Port Gigabit PoE+ Compact Switch,Aruba Networks,CAT-INFRA,CAT-NET,PHYSICAL,"Juniper EX2300 24-Port Gigabit PoE+ Compact Switch, High-throughput low-latency enterprise campus network infrastructure",NET-JUN-EX2300-BASE,UNIT,82000.00,98400.00,18.0,36,ACTIVE,True,False,2026-01-15T09:00:00Z,2026-02-28T18:00:00Z
PROD-0201,NET-JUN-EX3400,Juniper EX3400 48-Port Gigabit PoE+ Virtual Chassis,Aruba Networks,CAT-INFRA,CAT-NET,PHYSICAL,"Juniper EX3400 48-Port Gigabit PoE+ Virtual Chassis, High-throughput low-latency enterprise campus network infrastructure",NET-JUN-EX3400-BASE,UNIT,165000.00,198000.00,18.0,36,ACTIVE,True,False,2026-01-15T09:00:00Z,2026-02-28T18:00:00Z
PROD-0202,NET-JUN-EX4400,Juniper EX4400 24-Port Multi-Gigabit Cloud-Ready Switch,Aruba Networks,CAT-INFRA,CAT-NET,PHYSICAL,"Juniper EX4400 24-Port Multi-Gigabit Cloud-Ready Switch, High-throughput low-latency enterprise campus network infrastructure",NET-JUN-EX4400-BASE,UNIT,255000.00,306000.00,18.0,36,ACTIVE,True,False,2026-01-15T09:00:00Z,2026-02-28T18:00:00Z
PROD-0203,NET-FOR-FS124F,Fortinet FortiSwitch 124F 24-Port GE Layer 2 PoE Switch,Fortinet,CAT-INFRA,CAT-NET,PHYSICAL,"Fortinet FortiSwitch 124F 24-Port GE Layer 2 PoE Switch, High-throughput low-latency enterprise campus network infrastructure",NET-FOR-FS124F-BASE,UNIT,58000.00,69600.00,18.0,36,ACTIVE,True,False,2026-01-15T09:00:00Z,2026-02-28T18:00:00Z
PROD-0204,NET-FOR-FS148F,Fortinet FortiSwitch 148F 48-Port GE PoE+ 4x 10G SFP+,Fortinet,CAT-INFRA,CAT-NET,PHYSICAL,"Fortinet FortiSwitch 148F 48-Port GE PoE+ 4x 10G SFP+, High-throughput low-latency enterprise campus network infrastructure",NET-FOR-FS148F-BASE,UNIT,98000.00,117600.00,18.0,36,ACTIVE,True,False,2026-01-15T09:00:00Z,2026-02-28T18:00:00Z
PROD-0205,NET-FOR-FS424E,Fortinet FortiSwitch 424E-FIBER 24x 1G/10G SFP+ Aggregation,Fortinet,CAT-INFRA,CAT-NET,PHYSICAL,"Fortinet FortiSwitch 424E-FIBER 24x 1G/10G SFP+ Aggregation, High-throughput low-latency enterprise campus network infrastructure",NET-FOR-FS424E-BASE,UNIT,195000.00,234000.00,18.0,36,ACTIVE,True,False,2026-01-15T09:00:00Z,2026-02-28T18:00:00Z
PROD-0206,NET-CIS-SFP-10G,Cisco 10GBASE-SR SFP+ Optical Transceiver (Pack of 4),Cisco Systems,CAT-INFRA,CAT-NET,PHYSICAL,"Cisco 10GBASE-SR SFP+ Optical Transceiver (Pack of 4), High-throughput low-latency enterprise campus network infrastructure",NET-CIS-SFP-10G-BASE,UNIT,32000.00,38400.00,18.0,36,ACTIVE,True,False,2026-01-15T09:00:00Z,2026-02-28T18:00:00Z
PROD-0207,NET-CIS-SFP-25G,Cisco 25GBASE-SR SFP28 Optical Transceiver (Pack of 2),Cisco Systems,CAT-INFRA,CAT-NET,PHYSICAL,"Cisco 25GBASE-SR SFP28 Optical Transceiver (Pack of 2), High-throughput low-latency enterprise campus network infrastructure",NET-CIS-SFP-25G-BASE,UNIT,44000.00,52800.00,18.0,36,ACTIVE,True,False,2026-01-15T09:00:00Z,2026-02-28T18:00:00Z
PROD-0208,NET-ARU-SFP-10G,Aruba 10G SFP+ LC SR 300m MMF Transceiver (Pack of 4),Aruba Networks,CAT-INFRA,CAT-NET,PHYSICAL,"Aruba 10G SFP+ LC SR 300m MMF Transceiver (Pack of 4), High-throughput low-latency enterprise campus network infrastructure",NET-ARU-SFP-10G-BASE,UNIT,28000.00,33600.00,18.0,36,ACTIVE,True,False,2026-01-15T09:00:00Z,2026-02-28T18:00:00Z
PROD-0209,NET-CIS-DAC-10G,Cisco 10G SFP+ Twinax Direct Attach Copper Cable 3m (Pack of 5),Cisco Systems,CAT-INFRA,CAT-NET,PHYSICAL,"Cisco 10G SFP+ Twinax Direct Attach Copper Cable 3m (Pack of 5), High-throughput low-latency enterprise campus network infrastructure",NET-CIS-DAC-10G-BASE,UNIT,16000.00,19200.00,18.0,36,ACTIVE,True,False,2026-01-15T09:00:00Z,2026-02-28T18:00:00Z
PROD-0210,NET-UBI-AGGREG,Ubiquiti UniFi Switch Aggregation 8-Port 10G SFP+,Ubiquiti Networks,CAT-INFRA,CAT-NET,PHYSICAL,"Ubiquiti UniFi Switch Aggregation 8-Port 10G SFP+, High-throughput low-latency enterprise campus network infrastructure",NET-UBI-AGGREG-BASE,UNIT,25000.00,30000.00,18.0,36,ACTIVE,True,False,2026-01-15T09:00:00Z,2026-02-28T18:00:00Z
PROD-0211,NET-CIS-C9200-24T,Cisco Catalyst 9200 24-Port Data Only Modular Uplink,Cisco Systems,CAT-INFRA,CAT-NET,PHYSICAL,"Cisco Catalyst 9200 24-Port Data Only Modular Uplink, High-throughput low-latency enterprise campus network infrastructure",NET-CIS-C9200-24T-BASE,UNIT,95000.00,114000.00,18.0,36,ACTIVE,True,False,2026-01-15T09:00:00Z,2026-02-28T18:00:00Z
PROD-0212,NET-ARU-AP655,Aruba AP-655 High-Density Campus Wi-Fi 6E AP,Aruba Networks,CAT-INFRA,CAT-NET,PHYSICAL,"Aruba AP-655 High-Density Campus Wi-Fi 6E AP, High-throughput low-latency enterprise campus network infrastructure",NET-ARU-AP655-BASE,UNIT,72000.00,86400.00,18.0,36,ACTIVE,True,False,2026-01-15T09:00:00Z,2026-02-28T18:00:00Z
PROD-0213,SEC-FOR-FG40F,Fortinet FortiGate 40F Secure SD-WAN Firewall,Fortinet,CAT-INFRA,CAT-SEC,PHYSICAL,"Fortinet FortiGate 40F Secure SD-WAN Firewall, Enterprise perimeter cybersecurity, deep packet inspection, and encrypted SSL tunnel acceleration",SEC-FOR-FG40F-BASE,UNIT,38000.00,45600.00,18.0,36,ACTIVE,True,False,2026-01-15T09:00:00Z,2026-02-28T18:00:00Z
PROD-0214,SEC-FOR-FG60F,Fortinet FortiGate 60F Enterprise Branch Firewall,Fortinet,CAT-INFRA,CAT-SEC,PHYSICAL,"Fortinet FortiGate 60F Enterprise Branch Firewall, Enterprise perimeter cybersecurity, deep packet inspection, and encrypted SSL tunnel acceleration",SEC-FOR-FG60F-BASE,UNIT,58000.00,69600.00,18.0,36,ACTIVE,True,False,2026-01-15T09:00:00Z,2026-02-28T18:00:00Z
PROD-0215,SEC-FOR-FG70F,Fortinet FortiGate 70F High-Performance NGFW,Fortinet,CAT-INFRA,CAT-SEC,PHYSICAL,"Fortinet FortiGate 70F High-Performance NGFW, Enterprise perimeter cybersecurity, deep packet inspection, and encrypted SSL tunnel acceleration",SEC-FOR-FG70F-BASE,UNIT,78000.00,93600.00,18.0,36,ACTIVE,True,False,2026-01-15T09:00:00Z,2026-02-28T18:00:00Z
PROD-0216,SEC-FOR-FG80F,Fortinet FortiGate 80F Dual WAN Bypass Firewall,Fortinet,CAT-INFRA,CAT-SEC,PHYSICAL,"Fortinet FortiGate 80F Dual WAN Bypass Firewall, Enterprise perimeter cybersecurity, deep packet inspection, and encrypted SSL tunnel acceleration",SEC-FOR-FG80F-BASE,UNIT,110000.00,132000.00,18.0,36,ACTIVE,True,False,2026-01-15T09:00:00Z,2026-02-28T18:00:00Z
PROD-0217,SEC-FOR-FG100F,Fortinet FortiGate 100F Campus Core NGFW 10G SFP+,Fortinet,CAT-INFRA,CAT-SEC,PHYSICAL,"Fortinet FortiGate 100F Campus Core NGFW 10G SFP+, Enterprise perimeter cybersecurity, deep packet inspection, and encrypted SSL tunnel acceleration",SEC-FOR-FG100F-BASE,UNIT,195000.00,234000.00,18.0,36,ACTIVE,True,False,2026-01-15T09:00:00Z,2026-02-28T18:00:00Z
PROD-0218,SEC-FOR-FG200F,Fortinet FortiGate 200F High-Throughput Perimeter Firewall,Fortinet,CAT-INFRA,CAT-SEC,PHYSICAL,"Fortinet FortiGate 200F High-Throughput Perimeter Firewall, Enterprise perimeter cybersecurity, deep packet inspection, and encrypted SSL tunnel acceleration",SEC-FOR-FG200F-BASE,UNIT,340000.00,408000.00,18.0,36,ACTIVE,True,False,2026-01-15T09:00:00Z,2026-02-28T18:00:00Z
PROD-0219,SEC-FOR-FG400F,Fortinet FortiGate 400F Datacenter Security Gateway,Fortinet,CAT-INFRA,CAT-SEC,PHYSICAL,"Fortinet FortiGate 400F Datacenter Security Gateway, Enterprise perimeter cybersecurity, deep packet inspection, and encrypted SSL tunnel acceleration",SEC-FOR-FG400F-BASE,UNIT,650000.00,780000.00,18.0,36,ACTIVE,True,False,2026-01-15T09:00:00Z,2026-02-28T18:00:00Z
PROD-0220,SEC-PAL-PA410,Palo Alto Networks PA-410 Machine Learning NGFW,Palo Alto Networks,CAT-INFRA,CAT-SEC,PHYSICAL,"Palo Alto Networks PA-410 Machine Learning NGFW, Enterprise perimeter cybersecurity, deep packet inspection, and encrypted SSL tunnel acceleration",SEC-PAL-PA410-BASE,UNIT,88000.00,105600.00,18.0,36,ACTIVE,True,False,2026-01-15T09:00:00Z,2026-02-28T18:00:00Z
PROD-0221,SEC-PAL-PA440,Palo Alto Networks PA-440 Branch Security Appliance,Palo Alto Networks,CAT-INFRA,CAT-SEC,PHYSICAL,"Palo Alto Networks PA-440 Branch Security Appliance, Enterprise perimeter cybersecurity, deep packet inspection, and encrypted SSL tunnel acceleration",SEC-PAL-PA440-BASE,UNIT,145000.00,174000.00,18.0,36,ACTIVE,True,False,2026-01-15T09:00:00Z,2026-02-28T18:00:00Z
PROD-0222,SEC-PAL-PA450,Palo Alto Networks PA-450 High-Availability Firewall,Palo Alto Networks,CAT-INFRA,CAT-SEC,PHYSICAL,"Palo Alto Networks PA-450 High-Availability Firewall, Enterprise perimeter cybersecurity, deep packet inspection, and encrypted SSL tunnel acceleration",SEC-PAL-PA450-BASE,UNIT,210000.00,252000.00,18.0,36,ACTIVE,True,False,2026-01-15T09:00:00Z,2026-02-28T18:00:00Z
PROD-0223,SEC-PAL-PA460,Palo Alto Networks PA-460 Multi-Gigabit NGFW,Palo Alto Networks,CAT-INFRA,CAT-SEC,PHYSICAL,"Palo Alto Networks PA-460 Multi-Gigabit NGFW, Enterprise perimeter cybersecurity, deep packet inspection, and encrypted SSL tunnel acceleration",SEC-PAL-PA460-BASE,UNIT,280000.00,336000.00,18.0,36,ACTIVE,True,False,2026-01-15T09:00:00Z,2026-02-28T18:00:00Z
PROD-0224,SEC-PAL-PA1410,Palo Alto Networks PA-1410 10G Fiber Perimeter Gateway,Palo Alto Networks,CAT-INFRA,CAT-SEC,PHYSICAL,"Palo Alto Networks PA-1410 10G Fiber Perimeter Gateway, Enterprise perimeter cybersecurity, deep packet inspection, and encrypted SSL tunnel acceleration",SEC-PAL-PA1410-BASE,UNIT,580000.00,696000.00,18.0,36,ACTIVE,True,False,2026-01-15T09:00:00Z,2026-02-28T18:00:00Z
PROD-0225,SEC-PAL-PA3410,Palo Alto Networks PA-3410 Datacenter Inspection Firewall,Palo Alto Networks,CAT-INFRA,CAT-SEC,PHYSICAL,"Palo Alto Networks PA-3410 Datacenter Inspection Firewall, Enterprise perimeter cybersecurity, deep packet inspection, and encrypted SSL tunnel acceleration",SEC-PAL-PA3410-BASE,UNIT,980000.00,1176000.00,18.0,36,ACTIVE,True,False,2026-01-15T09:00:00Z,2026-02-28T18:00:00Z
PROD-0226,SEC-SOP-XGS116,Sophos XGS 116 Desktop Next-Gen Firewall with PoE,Sophos Technologies,CAT-INFRA,CAT-SEC,PHYSICAL,"Sophos XGS 116 Desktop Next-Gen Firewall with PoE, Enterprise perimeter cybersecurity, deep packet inspection, and encrypted SSL tunnel acceleration",SEC-SOP-XGS116-BASE,UNIT,48000.00,57600.00,18.0,36,ACTIVE,True,False,2026-01-15T09:00:00Z,2026-02-28T18:00:00Z
PROD-0227,SEC-SOP-XGS136,Sophos XGS 136 High-Capacity Branch Firewall,Sophos Technologies,CAT-INFRA,CAT-SEC,PHYSICAL,"Sophos XGS 136 High-Capacity Branch Firewall, Enterprise perimeter cybersecurity, deep packet inspection, and encrypted SSL tunnel acceleration",SEC-SOP-XGS136-BASE,UNIT,74000.00,88800.00,18.0,36,ACTIVE,True,False,2026-01-15T09:00:00Z,2026-02-28T18:00:00Z
PROD-0228,SEC-SOP-XGS2100,Sophos XGS 2100 1U Enterprise Rackmount Firewall,Sophos Technologies,CAT-INFRA,CAT-SEC,PHYSICAL,"Sophos XGS 2100 1U Enterprise Rackmount Firewall, Enterprise perimeter cybersecurity, deep packet inspection, and encrypted SSL tunnel acceleration",SEC-SOP-XGS2100-BASE,UNIT,160000.00,192000.00,18.0,36,ACTIVE,True,False,2026-01-15T09:00:00Z,2026-02-28T18:00:00Z
PROD-0229,SEC-SOP-XGS2300,Sophos XGS 2300 Redundant Power NGFW Appliance,Sophos Technologies,CAT-INFRA,CAT-SEC,PHYSICAL,"Sophos XGS 2300 Redundant Power NGFW Appliance, Enterprise perimeter cybersecurity, deep packet inspection, and encrypted SSL tunnel acceleration",SEC-SOP-XGS2300-BASE,UNIT,240000.00,288000.00,18.0,36,ACTIVE,True,False,2026-01-15T09:00:00Z,2026-02-28T18:00:00Z
PROD-0230,SEC-SOP-XGS3100,Sophos XGS 3100 Datacenter Protection Appliance,Sophos Technologies,CAT-INFRA,CAT-SEC,PHYSICAL,"Sophos XGS 3100 Datacenter Protection Appliance, Enterprise perimeter cybersecurity, deep packet inspection, and encrypted SSL tunnel acceleration",SEC-SOP-XGS3100-BASE,UNIT,380000.00,456000.00,18.0,36,ACTIVE,True,False,2026-01-15T09:00:00Z,2026-02-28T18:00:00Z
PROD-0231,SEC-CHK-1570,Check Point Quantum Spark 1570 Enterprise Security,Check Point,CAT-INFRA,CAT-SEC,PHYSICAL,"Check Point Quantum Spark 1570 Enterprise Security, Enterprise perimeter cybersecurity, deep packet inspection, and encrypted SSL tunnel acceleration",SEC-CHK-1570-BASE,UNIT,72000.00,86400.00,18.0,36,ACTIVE,True,False,2026-01-15T09:00:00Z,2026-02-28T18:00:00Z
PROD-0232,SEC-CHK-1600,Check Point Quantum Spark 1600 1GbE High Performance,Check Point,CAT-INFRA,CAT-SEC,PHYSICAL,"Check Point Quantum Spark 1600 1GbE High Performance, Enterprise perimeter cybersecurity, deep packet inspection, and encrypted SSL tunnel acceleration",SEC-CHK-1600-BASE,UNIT,125000.00,150000.00,18.0,36,ACTIVE,True,False,2026-01-15T09:00:00Z,2026-02-28T18:00:00Z
PROD-0233,SEC-CHK-1800,Check Point Quantum Spark 1800 10GbE Security Gateway,Check Point,CAT-INFRA,CAT-SEC,PHYSICAL,"Check Point Quantum Spark 1800 10GbE Security Gateway, Enterprise perimeter cybersecurity, deep packet inspection, and encrypted SSL tunnel acceleration",SEC-CHK-1800-BASE,UNIT,210000.00,252000.00,18.0,36,ACTIVE,True,False,2026-01-15T09:00:00Z,2026-02-28T18:00:00Z
PROD-0234,SEC-CIS-FPR1010,Cisco Secure Firewall Firepower 1010 Desktop NGFW,Cisco Systems,CAT-INFRA,CAT-SEC,PHYSICAL,"Cisco Secure Firewall Firepower 1010 Desktop NGFW, Enterprise perimeter cybersecurity, deep packet inspection, and encrypted SSL tunnel acceleration",SEC-CIS-FPR1010-BASE,UNIT,68000.00,81600.00,18.0,36,ACTIVE,True,False,2026-01-15T09:00:00Z,2026-02-28T18:00:00Z
PROD-0235,SEC-CIS-FPR1120,Cisco Secure Firewall Firepower 1120 1U Appliance,Cisco Systems,CAT-INFRA,CAT-SEC,PHYSICAL,"Cisco Secure Firewall Firepower 1120 1U Appliance, Enterprise perimeter cybersecurity, deep packet inspection, and encrypted SSL tunnel acceleration",SEC-CIS-FPR1120-BASE,UNIT,155000.00,186000.00,18.0,36,ACTIVE,True,False,2026-01-15T09:00:00Z,2026-02-28T18:00:00Z
PROD-0236,SEC-CIS-FPR2110,Cisco Secure Firewall Firepower 2110 Campus Perimeter,Cisco Systems,CAT-INFRA,CAT-SEC,PHYSICAL,"Cisco Secure Firewall Firepower 2110 Campus Perimeter, Enterprise perimeter cybersecurity, deep packet inspection, and encrypted SSL tunnel acceleration",SEC-CIS-FPR2110-BASE,UNIT,320000.00,384000.00,18.0,36,ACTIVE,True,False,2026-01-15T09:00:00Z,2026-02-28T18:00:00Z
PROD-0237,SEC-FOR-FG600F,Fortinet FortiGate 600F Datacenter Core 25G/40G Security,Fortinet,CAT-INFRA,CAT-SEC,PHYSICAL,"Fortinet FortiGate 600F Datacenter Core 25G/40G Security, Enterprise perimeter cybersecurity, deep packet inspection, and encrypted SSL tunnel acceleration",SEC-FOR-FG600F-BASE,UNIT,920000.00,1104000.00,18.0,36,ACTIVE,True,False,2026-01-15T09:00:00Z,2026-02-28T18:00:00Z
PROD-0238,MON-DEL-P2422H,Dell P2422H 24-inch ComfortView Plus Business Monitor,Dell Technologies,CAT-WORK,CAT-MON,PHYSICAL,"Dell P2422H 24-inch ComfortView Plus Business Monitor, Professional enterprise display, ergonomic height-adjustable stand, Eye-Care certification",MON-DEL-P2422H-BASE,UNIT,11500.00,13800.00,18.0,36,ACTIVE,True,False,2026-01-15T09:00:00Z,2026-02-28T18:00:00Z
PROD-0239,MON-DEL-P2722H,Dell P2722H 27-inch Ergonomic Corporate Display,Dell Technologies,CAT-WORK,CAT-MON,PHYSICAL,"Dell P2722H 27-inch Ergonomic Corporate Display, Professional enterprise display, ergonomic height-adjustable stand, Eye-Care certification",MON-DEL-P2722H-BASE,UNIT,16000.00,19200.00,18.0,36,ACTIVE,True,False,2026-01-15T09:00:00Z,2026-02-28T18:00:00Z
PROD-0240,MON-DEL-U2424H,Dell UltraSharp U2424H 24-inch 120Hz Ambient Sensor,Dell Technologies,CAT-WORK,CAT-MON,PHYSICAL,"Dell UltraSharp U2424H 24-inch 120Hz Ambient Sensor, Professional enterprise display, ergonomic height-adjustable stand, Eye-Care certification",MON-DEL-U2424H-BASE,UNIT,18500.00,22200.00,18.0,36,ACTIVE,True,False,2026-01-15T09:00:00Z,2026-02-28T18:00:00Z
PROD-0241,MON-DEL-U2724D,Dell UltraSharp U2724D 27-inch QHD 120Hz IPS Black,Dell Technologies,CAT-WORK,CAT-MON,PHYSICAL,"Dell UltraSharp U2724D 27-inch QHD 120Hz IPS Black, Professional enterprise display, ergonomic height-adjustable stand, Eye-Care certification",MON-DEL-U2724D-BASE,UNIT,31000.00,37200.00,18.0,36,ACTIVE,True,False,2026-01-15T09:00:00Z,2026-02-28T18:00:00Z
PROD-0242,MON-DEL-U2723QE,Dell UltraSharp U2723QE 27-inch 4K USB-C Hub Monitor,Dell Technologies,CAT-WORK,CAT-MON,PHYSICAL,"Dell UltraSharp U2723QE 27-inch 4K USB-C Hub Monitor, Professional enterprise display, ergonomic height-adjustable stand, Eye-Care certification",MON-DEL-U2723QE-BASE,UNIT,48000.00,57600.00,18.0,36,ACTIVE,True,False,2026-01-15T09:00:00Z,2026-02-28T18:00:00Z
PROD-0243,MON-DEL-U3223QE,Dell UltraSharp U3223QE 31.5-inch 4K IPS Black 2000:1,Dell Technologies,CAT-WORK,CAT-MON,PHYSICAL,"Dell UltraSharp U3223QE 31.5-inch 4K IPS Black 2000:1, Professional enterprise display, ergonomic height-adjustable stand, Eye-Care certification",MON-DEL-U3223QE-BASE,UNIT,62000.00,74400.00,18.0,36,ACTIVE,True,False,2026-01-15T09:00:00Z,2026-02-28T18:00:00Z
PROD-0244,MON-DEL-U3423WE,Dell UltraSharp U3423WE 34-inch WQHD Curved USB-C Hub,Dell Technologies,CAT-WORK,CAT-MON,PHYSICAL,"Dell UltraSharp U3423WE 34-inch WQHD Curved USB-C Hub, Professional enterprise display, ergonomic height-adjustable stand, Eye-Care certification",MON-DEL-U3423WE-BASE,UNIT,68000.00,81600.00,18.0,36,ACTIVE,True,False,2026-01-15T09:00:00Z,2026-02-28T18:00:00Z
PROD-0245,MON-DEL-U3824DW,Dell UltraSharp U3824DW 37.5-inch WQHD+ Financial Ultrawide,Dell Technologies,CAT-WORK,CAT-MON,PHYSICAL,"Dell UltraSharp U3824DW 37.5-inch WQHD+ Financial Ultrawide, Professional enterprise display, ergonomic height-adjustable stand, Eye-Care certification",MON-DEL-U3824DW-BASE,UNIT,98000.00,117600.00,18.0,36,ACTIVE,True,False,2026-01-15T09:00:00Z,2026-02-28T18:00:00Z
PROD-0246,MON-DEL-U4924DW,Dell UltraSharp U4924DW 49-inch Dual QHD Trading Station Display,Dell Technologies,CAT-WORK,CAT-MON,PHYSICAL,"Dell UltraSharp U4924DW 49-inch Dual QHD Trading Station Display, Professional enterprise display, ergonomic height-adjustable stand, Eye-Care certification",MON-DEL-U4924DW-BASE,UNIT,125000.00,150000.00,18.0,36,ACTIVE,True,False,2026-01-15T09:00:00Z,2026-02-28T18:00:00Z
PROD-0247,MON-LG-27UK850,LG 27-inch 4K UHD IPS USB-C Display with HDR10,LG Electronics,CAT-WORK,CAT-MON,PHYSICAL,"LG 27-inch 4K UHD IPS USB-C Display with HDR10, Professional enterprise display, ergonomic height-adjustable stand, Eye-Care certification",MON-LG-27UK850-BASE,UNIT,29000.00,34800.00,18.0,36,ACTIVE,True,False,2026-01-15T09:00:00Z,2026-02-28T18:00:00Z
PROD-0248,MON-LG-32UN880,LG 32UN880 Ergo Arm 32-inch 4K UHD UltraFine Display,LG Electronics,CAT-WORK,CAT-MON,PHYSICAL,"LG 32UN880 Ergo Arm 32-inch 4K UHD UltraFine Display, Professional enterprise display, ergonomic height-adjustable stand, Eye-Care certification",MON-LG-32UN880-BASE,UNIT,46000.00,55200.00,18.0,36,ACTIVE,True,False,2026-01-15T09:00:00Z,2026-02-28T18:00:00Z
PROD-0249,MON-LG-34WN80C,LG 34WN80C-B 34-inch 21:9 Curved Ultrawide USB-C Display,LG Electronics,CAT-WORK,CAT-MON,PHYSICAL,"LG 34WN80C-B 34-inch 21:9 Curved Ultrawide USB-C Display, Professional enterprise display, ergonomic height-adjustable stand, Eye-Care certification",MON-LG-34WN80C-BASE,UNIT,42000.00,50400.00,18.0,36,ACTIVE,True,False,2026-01-15T09:00:00Z,2026-02-28T18:00:00Z
PROD-0250,MON-LG-38WN95C,LG 38WN95C-W 38-inch 144Hz Nano IPS Thunderbolt 3 Display,LG Electronics,CAT-WORK,CAT-MON,PHYSICAL,"LG 38WN95C-W 38-inch 144Hz Nano IPS Thunderbolt 3 Display, Professional enterprise display, ergonomic height-adjustable stand, Eye-Care certification",MON-LG-38WN95C-BASE,UNIT,92000.00,110400.00,18.0,36,ACTIVE,True,False,2026-01-15T09:00:00Z,2026-02-28T18:00:00Z
PROD-0251,MON-LG-49WL95C,LG 49WL95C-W 49-inch 32:9 Dual QHD Curved Trading Screen,LG Electronics,CAT-WORK,CAT-MON,PHYSICAL,"LG 49WL95C-W 49-inch 32:9 Dual QHD Curved Trading Screen, Professional enterprise display, ergonomic height-adjustable stand, Eye-Care certification",MON-LG-49WL95C-BASE,UNIT,118000.00,141600.00,18.0,36,ACTIVE,True,False,2026-01-15T09:00:00Z,2026-02-28T18:00:00Z
PROD-0252,MON-HP-E24G5,HP E24 G5 23.8-inch FHD Ergonomic Business Monitor,HP Inc.,CAT-WORK,CAT-MON,PHYSICAL,"HP E24 G5 23.8-inch FHD Ergonomic Business Monitor, Professional enterprise display, ergonomic height-adjustable stand, Eye-Care certification",MON-HP-E24G5-BASE,UNIT,12000.00,14400.00,18.0,36,ACTIVE,True,False,2026-01-15T09:00:00Z,2026-02-28T18:00:00Z
PROD-0253,MON-HP-E27QG5,HP E27q G5 27-inch QHD Corporate Workstation Display,HP Inc.,CAT-WORK,CAT-MON,PHYSICAL,"HP E27q G5 27-inch QHD Corporate Workstation Display, Professional enterprise display, ergonomic height-adjustable stand, Eye-Care certification",MON-HP-E27QG5-BASE,UNIT,22000.00,26400.00,18.0,36,ACTIVE,True,False,2026-01-15T09:00:00Z,2026-02-28T18:00:00Z
PROD-0254,MON-HP-Z27KG3,HP Z27k G3 27-inch 4K USB-C Color-Calibrated Display,HP Inc.,CAT-WORK,CAT-MON,PHYSICAL,"HP Z27k G3 27-inch 4K USB-C Color-Calibrated Display, Professional enterprise display, ergonomic height-adjustable stand, Eye-Care certification",MON-HP-Z27KG3-BASE,UNIT,44000.00,52800.00,18.0,36,ACTIVE,True,False,2026-01-15T09:00:00Z,2026-02-28T18:00:00Z
PROD-0255,MON-HP-Z34CG4,HP Z34c G4 34-inch WQHD Curved Conferencing Display,HP Inc.,CAT-WORK,CAT-MON,PHYSICAL,"HP Z34c G4 34-inch WQHD Curved Conferencing Display, Professional enterprise display, ergonomic height-adjustable stand, Eye-Care certification",MON-HP-Z34CG4-BASE,UNIT,64000.00,76800.00,18.0,36,ACTIVE,True,False,2026-01-15T09:00:00Z,2026-02-28T18:00:00Z
PROD-0256,MON-LEN-T24I30,Lenovo ThinkVision T24i-30 23.8-inch FHD IPS Screen,Lenovo Enterprise,CAT-WORK,CAT-MON,PHYSICAL,"Lenovo ThinkVision T24i-30 23.8-inch FHD IPS Screen, Professional enterprise display, ergonomic height-adjustable stand, Eye-Care certification",MON-LEN-T24I30-BASE,UNIT,10800.00,12960.00,18.0,36,ACTIVE,True,False,2026-01-15T09:00:00Z,2026-02-28T18:00:00Z
PROD-0257,MON-LEN-T27H30,Lenovo ThinkVision T27h-30 27-inch QHD USB-C Hub Monitor,Lenovo Enterprise,CAT-WORK,CAT-MON,PHYSICAL,"Lenovo ThinkVision T27h-30 27-inch QHD USB-C Hub Monitor, Professional enterprise display, ergonomic height-adjustable stand, Eye-Care certification",MON-LEN-T27H30-BASE,UNIT,26000.00,31200.00,18.0,36,ACTIVE,True,False,2026-01-15T09:00:00Z,2026-02-28T18:00:00Z
PROD-0258,MON-LEN-P27U20,Lenovo ThinkVision P27u-20 27-inch 4K Thunderbolt 4 Display,Lenovo Enterprise,CAT-WORK,CAT-MON,PHYSICAL,"Lenovo ThinkVision P27u-20 27-inch 4K Thunderbolt 4 Display, Professional enterprise display, ergonomic height-adjustable stand, Eye-Care certification",MON-LEN-P27U20-BASE,UNIT,49000.00,58800.00,18.0,36,ACTIVE,True,False,2026-01-15T09:00:00Z,2026-02-28T18:00:00Z
PROD-0259,MON-LEN-P34W20,Lenovo ThinkVision P34w-20 34.1-inch WQHD Curved Display,Lenovo Enterprise,CAT-WORK,CAT-MON,PHYSICAL,"Lenovo ThinkVision P34w-20 34.1-inch WQHD Curved Display, Professional enterprise display, ergonomic height-adjustable stand, Eye-Care certification",MON-LEN-P34W20-BASE,UNIT,58000.00,69600.00,18.0,36,ACTIVE,True,False,2026-01-15T09:00:00Z,2026-02-28T18:00:00Z
PROD-0260,MON-VIEW-VP2768,ViewSonic ColorPro VP2768a 27-inch Factory Calibrated QHD,ViewSonic,CAT-WORK,CAT-MON,PHYSICAL,"ViewSonic ColorPro VP2768a 27-inch Factory Calibrated QHD, Professional enterprise display, ergonomic height-adjustable stand, Eye-Care certification",MON-VIEW-VP2768-BASE,UNIT,34000.00,40800.00,18.0,36,ACTIVE,True,False,2026-01-15T09:00:00Z,2026-02-28T18:00:00Z
PROD-0261,MON-VIEW-VP3481,ViewSonic ColorPro VP3481a 34-inch Curved Ultrawide USB-C,ViewSonic,CAT-WORK,CAT-MON,PHYSICAL,"ViewSonic ColorPro VP3481a 34-inch Curved Ultrawide USB-C, Professional enterprise display, ergonomic height-adjustable stand, Eye-Care certification",MON-VIEW-VP3481-BASE,UNIT,68000.00,81600.00,18.0,36,ACTIVE,True,False,2026-01-15T09:00:00Z,2026-02-28T18:00:00Z
PROD-0262,MON-SAM-S80PB,Samsung ViewFinity S8 27-inch 4K Matte Anti-Glare Display,Samsung Electronics,CAT-WORK,CAT-MON,PHYSICAL,"Samsung ViewFinity S8 27-inch 4K Matte Anti-Glare Display, Professional enterprise display, ergonomic height-adjustable stand, Eye-Care certification",MON-SAM-S80PB-BASE,UNIT,36000.00,43200.00,18.0,36,ACTIVE,True,False,2026-01-15T09:00:00Z,2026-02-28T18:00:00Z
PROD-0263,MON-SAM-S95UA,Samsung ViewFinity S9 49-inch 120Hz Dual QHD Ultrawide,Samsung Electronics,CAT-WORK,CAT-MON,PHYSICAL,"Samsung ViewFinity S9 49-inch 120Hz Dual QHD Ultrawide, Professional enterprise display, ergonomic height-adjustable stand, Eye-Care certification",MON-SAM-S95UA-BASE,UNIT,112000.00,134400.00,18.0,36,ACTIVE,True,False,2026-01-15T09:00:00Z,2026-02-28T18:00:00Z
PROD-0264,MON-ASUS-PA279C,ASUS ProArt PA279CV 27-inch 4K 100% sRGB Color Grading,ASUS Commercial,CAT-WORK,CAT-MON,PHYSICAL,"ASUS ProArt PA279CV 27-inch 4K 100% sRGB Color Grading, Professional enterprise display, ergonomic height-adjustable stand, Eye-Care certification",MON-ASUS-PA279C-BASE,UNIT,39000.00,46800.00,18.0,36,ACTIVE,True,False,2026-01-15T09:00:00Z,2026-02-28T18:00:00Z
PROD-0265,MON-ASUS-PA329C,ASUS ProArt PA329CV 32-inch 4K HDR-400 Professional,ASUS Commercial,CAT-WORK,CAT-MON,PHYSICAL,"ASUS ProArt PA329CV 32-inch 4K HDR-400 Professional, Professional enterprise display, ergonomic height-adjustable stand, Eye-Care certification",MON-ASUS-PA329C-BASE,UNIT,56000.00,67200.00,18.0,36,ACTIVE,True,False,2026-01-15T09:00:00Z,2026-02-28T18:00:00Z
PROD-0266,MON-DEL-C2423H,Dell C2423H 24-inch Video Conferencing FHD Display,Dell Technologies,CAT-WORK,CAT-MON,PHYSICAL,"Dell C2423H 24-inch Video Conferencing FHD Display, Professional enterprise display, ergonomic height-adjustable stand, Eye-Care certification",MON-DEL-C2423H-BASE,UNIT,19500.00,23400.00,18.0,36,ACTIVE,True,False,2026-01-15T09:00:00Z,2026-02-28T18:00:00Z
PROD-0267,MON-HP-E24MCG4,HP E24m G4 23.8-inch Zoom Certified USB-C Web Display,HP Inc.,CAT-WORK,CAT-MON,PHYSICAL,"HP E24m G4 23.8-inch Zoom Certified USB-C Web Display, Professional enterprise display, ergonomic height-adjustable stand, Eye-Care certification",MON-HP-E24MCG4-BASE,UNIT,21000.00,25200.00,18.0,36,ACTIVE,True,False,2026-01-15T09:00:00Z,2026-02-28T18:00:00Z
PROD-0268,MON-DEL-P3424WEB,Dell P3424WEB 34-inch Curved Video Conferencing Ultrawide,Dell Technologies,CAT-WORK,CAT-MON,PHYSICAL,"Dell P3424WEB 34-inch Curved Video Conferencing Ultrawide, Professional enterprise display, ergonomic height-adjustable stand, Eye-Care certification",MON-DEL-P3424WEB-BASE,UNIT,76000.00,91200.00,18.0,36,ACTIVE,True,False,2026-01-15T09:00:00Z,2026-02-28T18:00:00Z
PROD-0269,MON-LG-29WN600,LG 29WN600-W 29-inch 21:9 UltraWide Spreadsheets Display,LG Electronics,CAT-WORK,CAT-MON,PHYSICAL,"LG 29WN600-W 29-inch 21:9 UltraWide Spreadsheets Display, Professional enterprise display, ergonomic height-adjustable stand, Eye-Care certification",MON-LG-29WN600-BASE,UNIT,16500.00,19800.00,18.0,36,ACTIVE,True,False,2026-01-15T09:00:00Z,2026-02-28T18:00:00Z
PROD-0270,UPS-APC-SRT1K,APC Smart-UPS On-Line SRT 1000VA 230V 1U Rack/Tower,Schneider Electric / APC,CAT-PWR,CAT-UPS,PHYSICAL,"APC Smart-UPS On-Line SRT 1000VA 230V 1U Rack/Tower, Pure sine wave zero-transfer-time power protection for financial infrastructure",UPS-APC-SRT1K-BASE,UNIT,42000.00,50400.00,18.0,36,ACTIVE,True,False,2026-01-15T09:00:00Z,2026-02-28T18:00:00Z
PROD-0271,UPS-APC-SRT2K2,APC Smart-UPS On-Line SRT 2200VA 230V 2U Rack/Tower,Schneider Electric / APC,CAT-PWR,CAT-UPS,PHYSICAL,"APC Smart-UPS On-Line SRT 2200VA 230V 2U Rack/Tower, Pure sine wave zero-transfer-time power protection for financial infrastructure",UPS-APC-SRT2K2-BASE,UNIT,72000.00,86400.00,18.0,36,ACTIVE,True,False,2026-01-15T09:00:00Z,2026-02-28T18:00:00Z
PROD-0272,UPS-APC-SRT3K,APC Smart-UPS On-Line SRT 3000VA 230V 2U Pure Sine-Wave,Schneider Electric / APC,CAT-PWR,CAT-UPS,PHYSICAL,"APC Smart-UPS On-Line SRT 3000VA 230V 2U Pure Sine-Wave, Pure sine wave zero-transfer-time power protection for financial infrastructure",UPS-APC-SRT3K-BASE,UNIT,98000.00,117600.00,18.0,36,ACTIVE,True,False,2026-01-15T09:00:00Z,2026-02-28T18:00:00Z
PROD-0273,UPS-APC-SRT5K,APC Smart-UPS On-Line SRT 5000VA 230V 3U Enterprise Core,Schneider Electric / APC,CAT-PWR,CAT-UPS,PHYSICAL,"APC Smart-UPS On-Line SRT 5000VA 230V 3U Enterprise Core, Pure sine wave zero-transfer-time power protection for financial infrastructure",UPS-APC-SRT5K-BASE,UNIT,175000.00,210000.00,18.0,36,ACTIVE,True,False,2026-01-15T09:00:00Z,2026-02-28T18:00:00Z
PROD-0274,UPS-APC-SRT6K,APC Smart-UPS On-Line SRT 6000VA 230V 4U Server Room,Schneider Electric / APC,CAT-PWR,CAT-UPS,PHYSICAL,"APC Smart-UPS On-Line SRT 6000VA 230V 4U Server Room, Pure sine wave zero-transfer-time power protection for financial infrastructure",UPS-APC-SRT6K-BASE,UNIT,215000.00,258000.00,18.0,36,ACTIVE,True,False,2026-01-15T09:00:00Z,2026-02-28T18:00:00Z
PROD-0275,UPS-APC-SRT10K,APC Smart-UPS On-Line SRT 10kVA 230V 6U Datacenter Row,Schneider Electric / APC,CAT-PWR,CAT-UPS,PHYSICAL,"APC Smart-UPS On-Line SRT 10kVA 230V 6U Datacenter Row, Pure sine wave zero-transfer-time power protection for financial infrastructure",UPS-APC-SRT10K-BASE,UNIT,360000.00,432000.00,18.0,36,ACTIVE,True,False,2026-01-15T09:00:00Z,2026-02-28T18:00:00Z
PROD-0276,UPS-EAT-9PX1500,Eaton 9PX 1500VA 2U Online Double-Conversion UPS,Eaton Corporation,CAT-PWR,CAT-UPS,PHYSICAL,"Eaton 9PX 1500VA 2U Online Double-Conversion UPS, Pure sine wave zero-transfer-time power protection for financial infrastructure",UPS-EAT-9PX1500-BASE,UNIT,48000.00,57600.00,18.0,36,ACTIVE,True,False,2026-01-15T09:00:00Z,2026-02-28T18:00:00Z
PROD-0277,UPS-EAT-9PX3000,Eaton 9PX 3000VA 2U Energy Star Certified Online UPS,Eaton Corporation,CAT-PWR,CAT-UPS,PHYSICAL,"Eaton 9PX 3000VA 2U Energy Star Certified Online UPS, Pure sine wave zero-transfer-time power protection for financial infrastructure",UPS-EAT-9PX3000-BASE,UNIT,94000.00,112800.00,18.0,36,ACTIVE,True,False,2026-01-15T09:00:00Z,2026-02-28T18:00:00Z
PROD-0278,UPS-EAT-9PX6000,Eaton 9PX 6000VA 3U Hot-Swappable Maintenance Bypass,Eaton Corporation,CAT-PWR,CAT-UPS,PHYSICAL,"Eaton 9PX 6000VA 3U Hot-Swappable Maintenance Bypass, Pure sine wave zero-transfer-time power protection for financial infrastructure",UPS-EAT-9PX6000-BASE,UNIT,185000.00,222000.00,18.0,36,ACTIVE,True,False,2026-01-15T09:00:00Z,2026-02-28T18:00:00Z
PROD-0279,UPS-EAT-9PX11K,Eaton 9PX 11000VA 6U Redundant Datacenter Power,Eaton Corporation,CAT-PWR,CAT-UPS,PHYSICAL,"Eaton 9PX 11000VA 6U Redundant Datacenter Power, Pure sine wave zero-transfer-time power protection for financial infrastructure",UPS-EAT-9PX11K-BASE,UNIT,380000.00,456000.00,18.0,36,ACTIVE,True,False,2026-01-15T09:00:00Z,2026-02-28T18:00:00Z
PROD-0280,UPS-VER-GXT5-1K,Vertiv Liebert GXT5 1000VA 2U Online Double-Conversion,Vertiv Holdings,CAT-PWR,CAT-UPS,PHYSICAL,"Vertiv Liebert GXT5 1000VA 2U Online Double-Conversion, Pure sine wave zero-transfer-time power protection for financial infrastructure",UPS-VER-GXT5-1K-BASE,UNIT,39000.00,46800.00,18.0,36,ACTIVE,True,False,2026-01-15T09:00:00Z,2026-02-28T18:00:00Z
PROD-0281,UPS-VER-GXT5-2K,Vertiv Liebert GXT5 2000VA 2U High-Density Pure Sine,Vertiv Holdings,CAT-PWR,CAT-UPS,PHYSICAL,"Vertiv Liebert GXT5 2000VA 2U High-Density Pure Sine, Pure sine wave zero-transfer-time power protection for financial infrastructure",UPS-VER-GXT5-2K-BASE,UNIT,68000.00,81600.00,18.0,36,ACTIVE,True,False,2026-01-15T09:00:00Z,2026-02-28T18:00:00Z
PROD-0282,UPS-VER-GXT5-3K,Vertiv Liebert GXT5 3000VA 2U Mission-Critical Server UPS,Vertiv Holdings,CAT-PWR,CAT-UPS,PHYSICAL,"Vertiv Liebert GXT5 3000VA 2U Mission-Critical Server UPS, Pure sine wave zero-transfer-time power protection for financial infrastructure",UPS-VER-GXT5-3K-BASE,UNIT,92000.00,110400.00,18.0,36,ACTIVE,True,False,2026-01-15T09:00:00Z,2026-02-28T18:00:00Z
PROD-0283,UPS-VER-GXT5-5K,Vertiv Liebert GXT5 5000VA 5U Intelligent Power Solution,Vertiv Holdings,CAT-PWR,CAT-UPS,PHYSICAL,"Vertiv Liebert GXT5 5000VA 5U Intelligent Power Solution, Pure sine wave zero-transfer-time power protection for financial infrastructure",UPS-VER-GXT5-5K-BASE,UNIT,168000.00,201600.00,18.0,36,ACTIVE,True,False,2026-01-15T09:00:00Z,2026-02-28T18:00:00Z
PROD-0284,UPS-VER-GXT5-10K,Vertiv Liebert GXT5 10kVA 6U Integrated Maintenance Bypass,Vertiv Holdings,CAT-PWR,CAT-UPS,PHYSICAL,"Vertiv Liebert GXT5 10kVA 6U Integrated Maintenance Bypass, Pure sine wave zero-transfer-time power protection for financial infrastructure",UPS-VER-GXT5-10K-BASE,UNIT,345000.00,414000.00,18.0,36,ACTIVE,True,False,2026-01-15T09:00:00Z,2026-02-28T18:00:00Z
PROD-0285,UPS-APC-SMT1500,APC Smart-UPS 1500VA LCD 230V Line-Interactive Desktop,Schneider Electric / APC,CAT-PWR,CAT-UPS,PHYSICAL,"APC Smart-UPS 1500VA LCD 230V Line-Interactive Desktop, Pure sine wave zero-transfer-time power protection for financial infrastructure",UPS-APC-SMT1500-BASE,UNIT,26000.00,31200.00,18.0,36,ACTIVE,True,False,2026-01-15T09:00:00Z,2026-02-28T18:00:00Z
PROD-0286,UPS-APC-SMT2200,APC Smart-UPS 2200VA LCD 230V Workstation Tower,Schneider Electric / APC,CAT-PWR,CAT-UPS,PHYSICAL,"APC Smart-UPS 2200VA LCD 230V Workstation Tower, Pure sine wave zero-transfer-time power protection for financial infrastructure",UPS-APC-SMT2200-BASE,UNIT,48000.00,57600.00,18.0,36,ACTIVE,True,False,2026-01-15T09:00:00Z,2026-02-28T18:00:00Z
PROD-0287,UPS-EAT-5P1500,Eaton 5P 1500VA 1U High-Density Rackmount UPS,Eaton Corporation,CAT-PWR,CAT-UPS,PHYSICAL,"Eaton 5P 1500VA 1U High-Density Rackmount UPS, Pure sine wave zero-transfer-time power protection for financial infrastructure",UPS-EAT-5P1500-BASE,UNIT,32000.00,38400.00,18.0,36,ACTIVE,True,False,2026-01-15T09:00:00Z,2026-02-28T18:00:00Z
PROD-0288,UPS-VER-PSI5-15,Vertiv Liebert PSI5 1500VA 2U AVR Enterprise Rack UPS,Vertiv Holdings,CAT-PWR,CAT-UPS,PHYSICAL,"Vertiv Liebert PSI5 1500VA 2U AVR Enterprise Rack UPS, Pure sine wave zero-transfer-time power protection for financial infrastructure",UPS-VER-PSI5-15-BASE,UNIT,29000.00,34800.00,18.0,36,ACTIVE,True,False,2026-01-15T09:00:00Z,2026-02-28T18:00:00Z
PROD-0289,UPS-APC-PDU8G,APC NetShelter Metered Rack PDU 16A 230V (8 Outlets),Schneider Electric / APC,CAT-PWR,CAT-UPS,PHYSICAL,"APC NetShelter Metered Rack PDU 16A 230V (8 Outlets), Pure sine wave zero-transfer-time power protection for financial infrastructure",UPS-APC-PDU8G-BASE,UNIT,14000.00,16800.00,18.0,36,ACTIVE,True,False,2026-01-15T09:00:00Z,2026-02-28T18:00:00Z
PROD-0290,SMP-APL-IP16P-256,Apple iPhone 16 Pro 256GB Grade 5 Titanium,Apple Inc.,CAT-WORK,CAT-SMP,PHYSICAL,"Apple A18 Pro 3nm, 6.3 Super Retina XDR OLED, 48MP Fusion Camera",MYMV3HN/A,UNIT,108000.00,129900.00,18.0,36,ACTIVE,True,False,2026-01-15T09:00:00Z,2026-02-28T18:00:00Z
PROD-0291,SMP-APL-IP16PM-512,Apple iPhone 16 Pro Max 512GB Executive Mobile,Apple Inc.,CAT-WORK,CAT-SMP,PHYSICAL,"Apple A18 Pro, 6.9 Display, Action Button, 5x Optical Periscope",MYWU3HN/A,UNIT,138000.00,164900.00,18.0,36,ACTIVE,True,False,2026-01-15T09:00:00Z,2026-02-28T18:00:00Z
PROD-0292,SMP-APL-IP16-128,Apple iPhone 16 128GB Corporate Standard,Apple Inc.,CAT-WORK,CAT-SMP,PHYSICAL,"Apple A18 Chip, 6.1 OLED, Dynamic Island, Macro Photography",MYEK3HN/A,UNIT,68000.00,79900.00,18.0,36,ACTIVE,True,False,2026-01-15T09:00:00Z,2026-02-28T18:00:00Z
PROD-0293,SMP-APL-IP15-128,Apple iPhone 15 128GB Fleet Deployment,Apple Inc.,CAT-WORK,CAT-SMP,PHYSICAL,"Apple A16 Bionic, 6.1 Super Retina XDR, USB-C Charging Port",MTP03HN/A,UNIT,58000.00,69900.00,18.0,36,ACTIVE,True,False,2026-01-15T09:00:00Z,2026-02-28T18:00:00Z
PROD-0294,SMP-SAM-S24U-256,Samsung Galaxy S24 Ultra 256GB Titanium AI Flagship,Samsung Electronics,CAT-WORK,CAT-SMP,PHYSICAL,"Snapdragon 8 Gen 3 for Galaxy, Galaxy AI, Integrated S Pen",SM-S928BZTCINS,UNIT,108000.00,129999.00,18.0,36,ACTIVE,True,False,2026-01-15T09:00:00Z,2026-02-28T18:00:00Z
PROD-0295,SMP-SAM-S24-256,Samsung Galaxy S24 256GB Enterprise Edition,Samsung Electronics,CAT-WORK,CAT-SMP,PHYSICAL,"Exynos 2400 / Snapdragon 8 Gen 3, Knox Security Suite, 7 Years OS Updates",SM-S921BZSCINS,UNIT,65000.00,79999.00,18.0,36,ACTIVE,True,False,2026-01-15T09:00:00Z,2026-02-28T18:00:00Z
PROD-0296,SMP-SAM-ZFLD5-512,Samsung Galaxy Z Fold5 512GB Executive Multitasking,Samsung Electronics,CAT-WORK,CAT-SMP,PHYSICAL,"7.6 Foldable Dynamic AMOLED 2X, Multi-Window Financial Terminal",SM-F946BZKHINS,UNIT,138000.00,164999.00,18.0,36,ACTIVE,True,False,2026-01-15T09:00:00Z,2026-02-28T18:00:00Z
PROD-0297,SMP-SAM-A55-128,Samsung Galaxy A55 5G 128GB Corporate Field Staff,Samsung Electronics,CAT-WORK,CAT-SMP,PHYSICAL,"Exynos 1480, Metal Frame, IP67 Water Resistance, Knox Vault",SM-A556EZKCINS,UNIT,32000.00,39999.00,18.0,36,ACTIVE,True,False,2026-01-15T09:00:00Z,2026-02-28T18:00:00Z
PROD-0298,SMP-GOOG-PX8P-256,Google Pixel 8 Pro 256GB Enterprise AI Device,Google Enterprise,CAT-WORK,CAT-SMP,PHYSICAL,"Google Tensor G3, Titan M2 Security Chip, Best-in-Class Zero-Day Patching",GA04934-IN,UNIT,88000.00,106999.00,18.0,36,ACTIVE,True,False,2026-01-15T09:00:00Z,2026-02-28T18:00:00Z
PROD-0299,SMP-GOOG-PX8-128,Google Pixel 8 128GB Corporate Secure Mobile,Google Enterprise,CAT-WORK,CAT-SMP,PHYSICAL,"Google Tensor G3, Actua Display, Audio Magic Eraser, Fast Face Unlock",GA04834-IN,UNIT,61000.00,75999.00,18.0,36,ACTIVE,True,False,2026-01-15T09:00:00Z,2026-02-28T18:00:00Z
PROD-0300,SMP-ONE-12-256,OnePlus 12 5G 256GB High-Spec Corporate Mobile,OnePlus Technology,CAT-WORK,CAT-SMP,PHYSICAL,"Snapdragon 8 Gen 3, 2K 120Hz ProXDR Display, 100W SUPERVOOC Fast Charge",CPH2573,UNIT,54000.00,64999.00,18.0,36,ACTIVE,True,False,2026-01-15T09:00:00Z,2026-02-28T18:00:00Z
PROD-0301,SMP-ONE-12R-256,OnePlus 12R 5G 256GB Value Performance Device,OnePlus Technology,CAT-WORK,CAT-SMP,PHYSICAL,"Snapdragon 8 Gen 2, 5500mAh 2-Day Battery Life, 120Hz Display",CPH2585,UNIT,38000.00,45999.00,18.0,36,ACTIVE,True,False,2026-01-15T09:00:00Z,2026-02-28T18:00:00Z
PROD-0302,SMP-MOT-THINK,Motorola ThinkPhone by Lenovo 256GB Enterprise,Motorola Business,CAT-WORK,CAT-SMP,PHYSICAL,"Snapdragon 8+ Gen 1, Aramid Fiber Back, ThinkShield & Ready For Integration",PAV00001IN,UNIT,44000.00,53999.00,18.0,36,ACTIVE,True,False,2026-01-15T09:00:00Z,2026-02-28T18:00:00Z
PROD-0303,SMP-MOT-E50P,Motorola Edge 50 Pro 5G 256GB Vegan Leather,Motorola Business,CAT-WORK,CAT-SMP,PHYSICAL,"Snapdragon 7 Gen 3, Pantone Validated Display, 125W TurboPower",PB100004IN,UNIT,31000.00,37999.00,18.0,36,ACTIVE,True,False,2026-01-15T09:00:00Z,2026-02-28T18:00:00Z
PROD-0304,SMP-APL-IP15P-128,Apple iPhone 15 Pro 128GB Titanium Executive,Apple Inc.,CAT-WORK,CAT-SMP,PHYSICAL,"Apple A17 Pro, 3x Telephoto, Action Button, Lightweight Titanium",MTV03HN/A,UNIT,98000.00,119900.00,18.0,36,ACTIVE,True,False,2026-01-15T09:00:00Z,2026-02-28T18:00:00Z
PROD-0305,SMP-SAM-S23-128,Samsung Galaxy S23 5G 128GB Enterprise Compact,Samsung Electronics,CAT-WORK,CAT-SMP,PHYSICAL,"Snapdragon 8 Gen 2 for Galaxy, 6.1 Flat AMOLED, Knox Suite",SM-S911BZKDINS,UNIT,48000.00,58999.00,18.0,36,ACTIVE,True,False,2026-01-15T09:00:00Z,2026-02-28T18:00:00Z
PROD-0306,SMP-SAM-S24P-256,Samsung Galaxy S24+ 256GB QHD+ Display,Samsung Electronics,CAT-WORK,CAT-SMP,PHYSICAL,"Exynos 2400, 6.7 QHD+ Dynamic AMOLED, 4900mAh Battery",SM-S926BZKCINS,UNIT,82000.00,99999.00,18.0,36,ACTIVE,True,False,2026-01-15T09:00:00Z,2026-02-28T18:00:00Z
PROD-0307,SMP-SAM-ZFLP5-256,Samsung Galaxy Z Flip5 256GB Pocket Foldable,Samsung Electronics,CAT-WORK,CAT-SMP,PHYSICAL,"Snapdragon 8 Gen 2, 3.4 Flex Window Outer Screen, Compact Portability",SM-F731BZKEINS,UNIT,81000.00,99999.00,18.0,36,ACTIVE,True,False,2026-01-15T09:00:00Z,2026-02-28T18:00:00Z
PROD-0308,SMP-SAM-XCOV6P,Samsung Galaxy XCover6 Pro Rugged Enterprise,Samsung Electronics,CAT-WORK,CAT-SMP,PHYSICAL,"MIL-STD-810H, IP68, Replaceable 4050mAh Battery, Barcode Scanner Ready",SM-G736BZKGINS,UNIT,42000.00,51999.00,18.0,36,ACTIVE,True,False,2026-01-15T09:00:00Z,2026-02-28T18:00:00Z
PROD-0309,SMP-APL-IP16P-1TB,Apple iPhone 16 Pro 1TB Maximum Capacity Flagship,Apple Inc.,CAT-WORK,CAT-SMP,PHYSICAL,"Apple A18 Pro 3nm, 1TB Storage, ProRes 4K 120fps Recording",MYN33HN/A,UNIT,138000.00,169900.00,18.0,36,ACTIVE,True,False,2026-01-15T09:00:00Z,2026-02-28T18:00:00Z
PROD-0310,TAB-APL-IPAD10,Apple iPad 10th Gen 10.9-inch Wi-Fi 64GB,Apple Inc.,CAT-WORK,CAT-TAB,PHYSICAL,"Apple iPad 10th Gen 10.9-inch Wi-Fi 64GB, Enterprise mobility tablet for digital signatures, audits, and executive mobility",TAB-APL-IPAD10-BASE,UNIT,33000.00,39900.00,18.0,36,ACTIVE,True,False,2026-01-15T09:00:00Z,2026-02-28T18:00:00Z
PROD-0311,TAB-APL-AIR11,Apple iPad Air 11-inch M2 Chip 128GB Liquid Retina,Apple Inc.,CAT-WORK,CAT-TAB,PHYSICAL,"Apple iPad Air 11-inch M2 Chip 128GB Liquid Retina, Enterprise mobility tablet for digital signatures, audits, and executive mobility",TAB-APL-AIR11-BASE,UNIT,51000.00,59900.00,18.0,36,ACTIVE,True,False,2026-01-15T09:00:00Z,2026-02-28T18:00:00Z
PROD-0312,TAB-APL-AIR13,Apple iPad Air 13-inch M2 Chip 128GB Large Canvas,Apple Inc.,CAT-WORK,CAT-TAB,PHYSICAL,"Apple iPad Air 13-inch M2 Chip 128GB Large Canvas, Enterprise mobility tablet for digital signatures, audits, and executive mobility",TAB-APL-AIR13-BASE,UNIT,68000.00,79900.00,18.0,36,ACTIVE,True,False,2026-01-15T09:00:00Z,2026-02-28T18:00:00Z
PROD-0313,TAB-APL-PRO11,Apple iPad Pro 11-inch M4 Ultra-Thin Tandem OLED 256GB,Apple Inc.,CAT-WORK,CAT-TAB,PHYSICAL,"Apple iPad Pro 11-inch M4 Ultra-Thin Tandem OLED 256GB, Enterprise mobility tablet for digital signatures, audits, and executive mobility",TAB-APL-PRO11-BASE,UNIT,85000.00,99900.00,18.0,36,ACTIVE,True,False,2026-01-15T09:00:00Z,2026-02-28T18:00:00Z
PROD-0314,TAB-APL-PRO13,Apple iPad Pro 13-inch M4 Ultra-Thin Tandem OLED 256GB,Apple Inc.,CAT-WORK,CAT-TAB,PHYSICAL,"Apple iPad Pro 13-inch M4 Ultra-Thin Tandem OLED 256GB, Enterprise mobility tablet for digital signatures, audits, and executive mobility",TAB-APL-PRO13-BASE,UNIT,110000.00,129900.00,18.0,36,ACTIVE,True,False,2026-01-15T09:00:00Z,2026-02-28T18:00:00Z
PROD-0315,TAB-SAM-S9-128,Samsung Galaxy Tab S9 11-inch Dynamic AMOLED 2X 128GB,Samsung Electronics,CAT-WORK,CAT-TAB,PHYSICAL,"Samsung Galaxy Tab S9 11-inch Dynamic AMOLED 2X 128GB, Enterprise mobility tablet for digital signatures, audits, and executive mobility",TAB-SAM-S9-128-BASE,UNIT,61000.00,72999.00,18.0,36,ACTIVE,True,False,2026-01-15T09:00:00Z,2026-02-28T18:00:00Z
PROD-0316,TAB-SAM-S9P-256,Samsung Galaxy Tab S9+ 12.4-inch AMOLED 256GB with S Pen,Samsung Electronics,CAT-WORK,CAT-TAB,PHYSICAL,"Samsung Galaxy Tab S9+ 12.4-inch AMOLED 256GB with S Pen, Enterprise mobility tablet for digital signatures, audits, and executive mobility",TAB-SAM-S9P-256-BASE,UNIT,76000.00,90999.00,18.0,36,ACTIVE,True,False,2026-01-15T09:00:00Z,2026-02-28T18:00:00Z
PROD-0317,TAB-SAM-S9U-256,Samsung Galaxy Tab S9 Ultra 14.6-inch Laptop Alternative,Samsung Electronics,CAT-WORK,CAT-TAB,PHYSICAL,"Samsung Galaxy Tab S9 Ultra 14.6-inch Laptop Alternative, Enterprise mobility tablet for digital signatures, audits, and executive mobility",TAB-SAM-S9U-256-BASE,UNIT,92000.00,108999.00,18.0,36,ACTIVE,True,False,2026-01-15T09:00:00Z,2026-02-28T18:00:00Z
PROD-0318,TAB-SAM-FE-128,Samsung Galaxy Tab S9 FE 10.9-inch 128GB Corporate Tab,Samsung Electronics,CAT-WORK,CAT-TAB,PHYSICAL,"Samsung Galaxy Tab S9 FE 10.9-inch 128GB Corporate Tab, Enterprise mobility tablet for digital signatures, audits, and executive mobility",TAB-SAM-FE-128-BASE,UNIT,36000.00,44999.00,18.0,36,ACTIVE,True,False,2026-01-15T09:00:00Z,2026-02-28T18:00:00Z
PROD-0319,TAB-SAM-ACT4,Samsung Galaxy Tab Active4 Pro 10.1 Rugged Field Tablet,Samsung Electronics,CAT-WORK,CAT-TAB,PHYSICAL,"Samsung Galaxy Tab Active4 Pro 10.1 Rugged Field Tablet, Enterprise mobility tablet for digital signatures, audits, and executive mobility",TAB-SAM-ACT4-BASE,UNIT,52000.00,62999.00,18.0,36,ACTIVE,True,False,2026-01-15T09:00:00Z,2026-02-28T18:00:00Z
PROD-0320,TAB-MS-SP9-I5,Microsoft Surface Pro 9 13-inch Core i5 8GB 256GB,Microsoft Surface,CAT-WORK,CAT-TAB,PHYSICAL,"Microsoft Surface Pro 9 13-inch Core i5 8GB 256GB, Enterprise mobility tablet for digital signatures, audits, and executive mobility",TAB-MS-SP9-I5-BASE,UNIT,88000.00,105999.00,18.0,36,ACTIVE,True,False,2026-01-15T09:00:00Z,2026-02-28T18:00:00Z
PROD-0321,TAB-MS-SP10-U7,Microsoft Surface Pro 10 for Business Intel Core Ultra 7,Microsoft Surface,CAT-WORK,CAT-TAB,PHYSICAL,"Microsoft Surface Pro 10 for Business Intel Core Ultra 7, Enterprise mobility tablet for digital signatures, audits, and executive mobility",TAB-MS-SP10-U7-BASE,UNIT,125000.00,149999.00,18.0,36,ACTIVE,True,False,2026-01-15T09:00:00Z,2026-02-28T18:00:00Z
PROD-0322,PRN-HP-E507DN,HP LaserJet Enterprise M507dn High-Volume Monochrome,HP Inc.,CAT-PWR,CAT-PRN,PHYSICAL,"HP LaserJet Enterprise M507dn High-Volume Monochrome, Enterprise departmental document printing and secure PIN release MFP",PRN-HP-E507DN-BASE,UNIT,48000.00,57600.00,18.0,36,ACTIVE,True,False,2026-01-15T09:00:00Z,2026-02-28T18:00:00Z
PROD-0323,PRN-HP-E528DN,HP LaserJet Enterprise MFP M528dn Secure Departmental MFP,HP Inc.,CAT-PWR,CAT-PRN,PHYSICAL,"HP LaserJet Enterprise MFP M528dn Secure Departmental MFP, Enterprise departmental document printing and secure PIN release MFP",PRN-HP-E528DN-BASE,UNIT,88000.00,105600.00,18.0,36,ACTIVE,True,False,2026-01-15T09:00:00Z,2026-02-28T18:00:00Z
PROD-0324,PRN-HP-E555DN,HP Color LaserJet Enterprise M555dn Workgroup Printer,HP Inc.,CAT-PWR,CAT-PRN,PHYSICAL,"HP Color LaserJet Enterprise M555dn Workgroup Printer, Enterprise departmental document printing and secure PIN release MFP",PRN-HP-E555DN-BASE,UNIT,72000.00,86400.00,18.0,36,ACTIVE,True,False,2026-01-15T09:00:00Z,2026-02-28T18:00:00Z
PROD-0325,PRN-HP-E578DN,HP Color LaserJet Enterprise MFP M578dn A4 Multifunction,HP Inc.,CAT-PWR,CAT-PRN,PHYSICAL,"HP Color LaserJet Enterprise MFP M578dn A4 Multifunction, Enterprise departmental document printing and secure PIN release MFP",PRN-HP-E578DN-BASE,UNIT,125000.00,150000.00,18.0,36,ACTIVE,True,False,2026-01-15T09:00:00Z,2026-02-28T18:00:00Z
PROD-0326,PRN-CAN-2625I,Canon imageRUNNER 2625i A3 Monochrome Departmental Copier,Canon Inc.,CAT-PWR,CAT-PRN,PHYSICAL,"Canon imageRUNNER 2625i A3 Monochrome Departmental Copier, Enterprise departmental document printing and secure PIN release MFP",PRN-CAN-2625I-BASE,UNIT,135000.00,162000.00,18.0,36,ACTIVE,True,False,2026-01-15T09:00:00Z,2026-02-28T18:00:00Z
PROD-0327,PRN-CAN-C3226,Canon imageRUNNER C3226i A3 Color Multifunction Photocopier,Canon Inc.,CAT-PWR,CAT-PRN,PHYSICAL,"Canon imageRUNNER C3226i A3 Color Multifunction Photocopier, Enterprise departmental document printing and secure PIN release MFP",PRN-CAN-C3226-BASE,UNIT,195000.00,234000.00,18.0,36,ACTIVE,True,False,2026-01-15T09:00:00Z,2026-02-28T18:00:00Z
PROD-0328,PRN-BRO-L6400,Brother HL-L6400DW Enterprise Workgroup Monochrome Laser,Brother International,CAT-PWR,CAT-PRN,PHYSICAL,"Brother HL-L6400DW Enterprise Workgroup Monochrome Laser, Enterprise departmental document printing and secure PIN release MFP",PRN-BRO-L6400-BASE,UNIT,42000.00,50400.00,18.0,36,ACTIVE,True,False,2026-01-15T09:00:00Z,2026-02-28T18:00:00Z
PROD-0329,PRN-BRO-L6900,Brother MFC-L6900DW Enterprise High-Speed All-in-One MFP,Brother International,CAT-PWR,CAT-PRN,PHYSICAL,"Brother MFC-L6900DW Enterprise High-Speed All-in-One MFP, Enterprise departmental document printing and secure PIN release MFP",PRN-BRO-L6900-BASE,UNIT,68000.00,81600.00,18.0,36,ACTIVE,True,False,2026-01-15T09:00:00Z,2026-02-28T18:00:00Z
PROD-0330,PRN-EPS-C579R,Epson WorkForce Pro WF-C579R Replaceable Ink Pack MFP,Epson Commercial,CAT-PWR,CAT-PRN,PHYSICAL,"Epson WorkForce Pro WF-C579R Replaceable Ink Pack MFP, Enterprise departmental document printing and secure PIN release MFP",PRN-EPS-C579R-BASE,UNIT,54000.00,64800.00,18.0,36,ACTIVE,True,False,2026-01-15T09:00:00Z,2026-02-28T18:00:00Z
PROD-0331,PRN-CAN-LBP226,Canon imageCLASS LBP226dw Compact Corporate Laser Printer,Canon Inc.,CAT-PWR,CAT-PRN,PHYSICAL,"Canon imageCLASS LBP226dw Compact Corporate Laser Printer, Enterprise departmental document printing and secure PIN release MFP",PRN-CAN-LBP226-BASE,UNIT,24000.00,28800.00,18.0,36,ACTIVE,True,False,2026-01-15T09:00:00Z,2026-02-28T18:00:00Z
PROD-0332,COL-LOG-RALLY,Logitech Rally Plus Ultra-HD Modular Conference System,Logitech Enterprise,CAT-PWR,CAT-COL,PHYSICAL,"Logitech Rally Plus Ultra-HD Modular Conference System, Boardroom executive telepresence, beamforming microphone array and AI framing",COL-LOG-RALLY-BASE,UNIT,240000.00,288000.00,18.0,36,ACTIVE,True,False,2026-01-15T09:00:00Z,2026-02-28T18:00:00Z
PROD-0333,COL-LOG-RBAR,Logitech Rally Bar All-in-One 4K Video Bar with AI Viewfinder,Logitech Enterprise,CAT-PWR,CAT-COL,PHYSICAL,"Logitech Rally Bar All-in-One 4K Video Bar with AI Viewfinder, Boardroom executive telepresence, beamforming microphone array and AI framing",COL-LOG-RBAR-BASE,UNIT,280000.00,336000.00,18.0,36,ACTIVE,True,False,2026-01-15T09:00:00Z,2026-02-28T18:00:00Z
PROD-0334,COL-LOG-RMINI,Logitech Rally Bar Mini Huddle Room 4K Video Bar,Logitech Enterprise,CAT-PWR,CAT-COL,PHYSICAL,"Logitech Rally Bar Mini Huddle Room 4K Video Bar, Boardroom executive telepresence, beamforming microphone array and AI framing",COL-LOG-RMINI-BASE,UNIT,195000.00,234000.00,18.0,36,ACTIVE,True,False,2026-01-15T09:00:00Z,2026-02-28T18:00:00Z
PROD-0335,COL-LOG-MEET,Logitech MeetUp 4K Ultra-Wide 120-degree ConferenceCam,Logitech Enterprise,CAT-PWR,CAT-COL,PHYSICAL,"Logitech MeetUp 4K Ultra-Wide 120-degree ConferenceCam, Boardroom executive telepresence, beamforming microphone array and AI framing",COL-LOG-MEET-BASE,UNIT,62000.00,74400.00,18.0,36,ACTIVE,True,False,2026-01-15T09:00:00Z,2026-02-28T18:00:00Z
PROD-0336,COL-LOG-TAP,Logitech Tap Touch Controller for Microsoft Teams Rooms,Logitech Enterprise,CAT-PWR,CAT-COL,PHYSICAL,"Logitech Tap Touch Controller for Microsoft Teams Rooms, Boardroom executive telepresence, beamforming microphone array and AI framing",COL-LOG-TAP-BASE,UNIT,72000.00,86400.00,18.0,36,ACTIVE,True,False,2026-01-15T09:00:00Z,2026-02-28T18:00:00Z
PROD-0337,COL-PLY-X50,Poly Studio X50 4K All-in-One Video Bar with Dual Display Support,Poly (HP Poly),CAT-PWR,CAT-COL,PHYSICAL,"Poly Studio X50 4K All-in-One Video Bar with Dual Display Support, Boardroom executive telepresence, beamforming microphone array and AI framing",COL-PLY-X50-BASE,UNIT,250000.00,300000.00,18.0,36,ACTIVE,True,False,2026-01-15T09:00:00Z,2026-02-28T18:00:00Z
PROD-0338,COL-PLY-X70,Poly Studio X70 Large Boardroom Dual 4K Sensor Video Bar,Poly (HP Poly),CAT-PWR,CAT-COL,PHYSICAL,"Poly Studio X70 Large Boardroom Dual 4K Sensor Video Bar, Boardroom executive telepresence, beamforming microphone array and AI framing",COL-PLY-X70-BASE,UNIT,380000.00,456000.00,18.0,36,ACTIVE,True,False,2026-01-15T09:00:00Z,2026-02-28T18:00:00Z
PROD-0339,COL-PLY-TC8,Poly TC8 8-inch High-Resolution Touch Control Pad,Poly (HP Poly),CAT-PWR,CAT-COL,PHYSICAL,"Poly TC8 8-inch High-Resolution Touch Control Pad, Boardroom executive telepresence, beamforming microphone array and AI framing",COL-PLY-TC8-BASE,UNIT,58000.00,69600.00,18.0,36,ACTIVE,True,False,2026-01-15T09:00:00Z,2026-02-28T18:00:00Z
PROD-0340,COL-CIS-ROOMMINI,Cisco Webex Room Kit Mini 4K Boardroom Video Endpoint,Cisco Systems,CAT-PWR,CAT-COL,PHYSICAL,"Cisco Webex Room Kit Mini 4K Boardroom Video Endpoint, Boardroom executive telepresence, beamforming microphone array and AI framing",COL-CIS-ROOMMINI-BASE,UNIT,295000.00,354000.00,18.0,36,ACTIVE,True,False,2026-01-15T09:00:00Z,2026-02-28T18:00:00Z
PROD-0341,COL-CIS-ROOMPLS,Cisco Webex Room Kit Plus Quad Camera Conference System,Cisco Systems,CAT-PWR,CAT-COL,PHYSICAL,"Cisco Webex Room Kit Plus Quad Camera Conference System, Boardroom executive telepresence, beamforming microphone array and AI framing",COL-CIS-ROOMPLS-BASE,UNIT,680000.00,816000.00,18.0,36,ACTIVE,True,False,2026-01-15T09:00:00Z,2026-02-28T18:00:00Z
PROD-0342,ACC-DEL-WD19S,Dell WD19S 180W High-Speed USB-C Business Docking Station,Dell Technologies,CAT-WORK,CAT-ACC,PHYSICAL,"Dell WD19S 180W High-Speed USB-C Business Docking Station, Enterprise quality workplace accessory",ACC-DEL-WD19S-BASE,UNIT,14500.00,17400.00,18.0,36,ACTIVE,False,False,2026-01-15T09:00:00Z,2026-02-28T18:00:00Z
PROD-0343,ACC-DEL-WD22TB4,Dell WD22TB4 Thunderbolt 4 Modular Dual 4K 180W Dock,Dell Technologies,CAT-WORK,CAT-ACC,PHYSICAL,"Dell WD22TB4 Thunderbolt 4 Modular Dual 4K 180W Dock, Enterprise quality workplace accessory",ACC-DEL-WD22TB4-BASE,UNIT,22500.00,27000.00,18.0,36,ACTIVE,False,False,2026-01-15T09:00:00Z,2026-02-28T18:00:00Z
PROD-0344,ACC-DEL-UD22,Dell Universal Dock UD22 DisplayLink Quad 4K USB-C Dock,Dell Technologies,CAT-WORK,CAT-ACC,PHYSICAL,"Dell Universal Dock UD22 DisplayLink Quad 4K USB-C Dock, Enterprise quality workplace accessory",ACC-DEL-UD22-BASE,UNIT,18500.00,22200.00,18.0,36,ACTIVE,False,False,2026-01-15T09:00:00Z,2026-02-28T18:00:00Z
PROD-0345,ACC-LEN-TB4DOCK,Lenovo ThinkPad Universal Thunderbolt 4 Dock 100W,Lenovo Enterprise,CAT-WORK,CAT-ACC,PHYSICAL,"Lenovo ThinkPad Universal Thunderbolt 4 Dock 100W, Enterprise quality workplace accessory",ACC-LEN-TB4DOCK-BASE,UNIT,21000.00,25200.00,18.0,36,ACTIVE,False,False,2026-01-15T09:00:00Z,2026-02-28T18:00:00Z
PROD-0346,ACC-LEN-USBCDOCK,Lenovo ThinkPad Universal USB-C Dock v2 Triple Display,Lenovo Enterprise,CAT-WORK,CAT-ACC,PHYSICAL,"Lenovo ThinkPad Universal USB-C Dock v2 Triple Display, Enterprise quality workplace accessory",ACC-LEN-USBCDOCK-BASE,UNIT,13500.00,16200.00,18.0,36,ACTIVE,False,False,2026-01-15T09:00:00Z,2026-02-28T18:00:00Z
PROD-0347,ACC-HP-TBG4,HP Thunderbolt Dock 120W G4 with Sure Start Security,HP Inc.,CAT-WORK,CAT-ACC,PHYSICAL,"HP Thunderbolt Dock 120W G4 with Sure Start Security, Enterprise quality workplace accessory",ACC-HP-TBG4-BASE,UNIT,19500.00,23400.00,18.0,36,ACTIVE,False,False,2026-01-15T09:00:00Z,2026-02-28T18:00:00Z
PROD-0348,ACC-ANK-737C,Anker 737 GaNPrime 120W Multi-Port Fast Wall Charger,Samsung Electronics,CAT-WORK,CAT-ACC,PHYSICAL,"Anker 737 GaNPrime 120W Multi-Port Fast Wall Charger, Enterprise quality workplace accessory",ACC-ANK-737C-BASE,UNIT,6500.00,7800.00,18.0,36,ACTIVE,False,False,2026-01-15T09:00:00Z,2026-02-28T18:00:00Z
PROD-0349,ACC-ANK-PB24K,Anker 737 24000mAh 140W Portable Power Bank with Display,Samsung Electronics,CAT-WORK,CAT-ACC,PHYSICAL,"Anker 737 24000mAh 140W Portable Power Bank with Display, Enterprise quality workplace accessory",ACC-ANK-PB24K-BASE,UNIT,11000.00,13200.00,18.0,36,ACTIVE,False,False,2026-01-15T09:00:00Z,2026-02-28T18:00:00Z
PROD-0350,ACC-LOG-MXM3S,Logitech MX Master 3S Performance Wireless Ergonomic Mouse,Logitech Enterprise,CAT-WORK,CAT-ACC,PHYSICAL,"Logitech MX Master 3S Performance Wireless Ergonomic Mouse, Enterprise quality workplace accessory",ACC-LOG-MXM3S-BASE,UNIT,7500.00,9000.00,18.0,36,ACTIVE,False,False,2026-01-15T09:00:00Z,2026-02-28T18:00:00Z
PROD-0351,ACC-LOG-MXKEYS,Logitech MX Keys S Advanced Illuminated Wireless Keyboard,Logitech Enterprise,CAT-WORK,CAT-ACC,PHYSICAL,"Logitech MX Keys S Advanced Illuminated Wireless Keyboard, Enterprise quality workplace accessory",ACC-LOG-MXKEYS-BASE,UNIT,8800.00,10560.00,18.0,36,ACTIVE,False,False,2026-01-15T09:00:00Z,2026-02-28T18:00:00Z
PROD-0352,ACC-LOG-MK370,Logitech MK370 Combo for Business Silent Wireless Set,Logitech Enterprise,CAT-WORK,CAT-ACC,PHYSICAL,"Logitech MK370 Combo for Business Silent Wireless Set, Enterprise quality workplace accessory",ACC-LOG-MK370-BASE,UNIT,2800.00,3360.00,18.0,36,ACTIVE,False,False,2026-01-15T09:00:00Z,2026-02-28T18:00:00Z
PROD-0353,ACC-JAB-EV265,Jabra Evolve2 65 MS Wireless Noise-Cancelling Headset,Jabra GN,CAT-WORK,CAT-ACC,PHYSICAL,"Jabra Evolve2 65 MS Wireless Noise-Cancelling Headset, Enterprise quality workplace accessory",ACC-JAB-EV265-BASE,UNIT,15500.00,18600.00,18.0,36,ACTIVE,False,False,2026-01-15T09:00:00Z,2026-02-28T18:00:00Z
PROD-0354,ACC-JAB-EV275,Jabra Evolve2 75 Advanced ANC Hybrid Work Bluetooth Headset,Jabra GN,CAT-WORK,CAT-ACC,PHYSICAL,"Jabra Evolve2 75 Advanced ANC Hybrid Work Bluetooth Headset, Enterprise quality workplace accessory",ACC-JAB-EV275-BASE,UNIT,24000.00,28800.00,18.0,36,ACTIVE,False,False,2026-01-15T09:00:00Z,2026-02-28T18:00:00Z
PROD-0355,ACC-JAB-EV285,Jabra Evolve2 85 Over-Ear Executive ANC Wireless Headset,Jabra GN,CAT-WORK,CAT-ACC,PHYSICAL,"Jabra Evolve2 85 Over-Ear Executive ANC Wireless Headset, Enterprise quality workplace accessory",ACC-JAB-EV285-BASE,UNIT,34000.00,40800.00,18.0,36,ACTIVE,False,False,2026-01-15T09:00:00Z,2026-02-28T18:00:00Z
PROD-0356,ACC-PLY-VOY4320,Poly Voyager Focus 2 UC Stereo ANC Wireless Bluetooth Headset,Poly (HP Poly),CAT-WORK,CAT-ACC,PHYSICAL,"Poly Voyager Focus 2 UC Stereo ANC Wireless Bluetooth Headset, Enterprise quality workplace accessory",ACC-PLY-VOY4320-BASE,UNIT,18000.00,21600.00,18.0,36,ACTIVE,False,False,2026-01-15T09:00:00Z,2026-02-28T18:00:00Z
PROD-0357,ACC-LOG-BRIO,Logitech Brio 4K Ultra HD HDR Webcam with RightLight 3,Logitech Enterprise,CAT-WORK,CAT-ACC,PHYSICAL,"Logitech Brio 4K Ultra HD HDR Webcam with RightLight 3, Enterprise quality workplace accessory",ACC-LOG-BRIO-BASE,UNIT,16500.00,19800.00,18.0,36,ACTIVE,False,False,2026-01-15T09:00:00Z,2026-02-28T18:00:00Z
PROD-0358,ACC-DEL-ECO15,Dell EcoLoop Pro Backpack 15-inch Ballistic Nylon,Dell Technologies,CAT-WORK,CAT-ACC,PHYSICAL,"Dell EcoLoop Pro Backpack 15-inch Ballistic Nylon, Enterprise quality workplace accessory",ACC-DEL-ECO15-BASE,UNIT,3200.00,3840.00,18.0,36,ACTIVE,False,False,2026-01-15T09:00:00Z,2026-02-28T18:00:00Z
PROD-0359,ACC-LEN-BP15,Lenovo ThinkPad Professional 15.6-inch Backpack,Lenovo Enterprise,CAT-WORK,CAT-ACC,PHYSICAL,"Lenovo ThinkPad Professional 15.6-inch Backpack, Enterprise quality workplace accessory",ACC-LEN-BP15-BASE,UNIT,2900.00,3480.00,18.0,36,ACTIVE,False,False,2026-01-15T09:00:00Z,2026-02-28T18:00:00Z
PROD-0360,ACC-TARG-15,Targus CityLite Pro 15.6 Security Corporate Backpack,Dell Technologies,CAT-WORK,CAT-ACC,PHYSICAL,"Targus CityLite Pro 15.6 Security Corporate Backpack, Enterprise quality workplace accessory",ACC-TARG-15-BASE,UNIT,3600.00,4320.00,18.0,36,ACTIVE,False,False,2026-01-15T09:00:00Z,2026-02-28T18:00:00Z
PROD-0361,ACC-DEL-MS5320W,Dell Multi-Device Wireless Mouse MS5320W Bluetooth/2.4G,Dell Technologies,CAT-WORK,CAT-ACC,PHYSICAL,"Dell Multi-Device Wireless Mouse MS5320W Bluetooth/2.4G, Enterprise quality workplace accessory",ACC-DEL-MS5320W-BASE,UNIT,2400.00,2880.00,18.0,36,ACTIVE,False,False,2026-01-15T09:00:00Z,2026-02-28T18:00:00Z
