price_list_id,price_list_name,customer_tier,currency,product_variant_id,unit_price,minimum_quantity,effective_from,effective_to,status
PL-STD,Standard Commercial Price List,Standard,INR,VAR-0001,74500.00,1,2026-01-01,2026-12-31,ACTIVE
PL-STD,Standard Commercial Price List,Standard,INR,VAR-0002,90500.00,1,2026-01-01,2026-12-31,ACTIVE
PL-STD,Standard Commercial Price List,Standard,INR,VAR-0003,105000.00,1,2026-01-01,2026-12-31,ACTIVE
PL-STD,Standard Commercial Price List,Standard,INR,VAR-0004,127000.00,1,2026-01-01,2026-12-31,ACTIVE
PL-STD,Standard Commercial Price List,Standard,INR,VAR-0005,52000.00,1,2026-01-01,2026-12-31,ACTIVE
PL-STD,Standard Commercial Price List,Standard,INR,VAR-0006,62000.00,1,2026-01-01,2026-12-31,ACTIVE
PL-STD,Standard Commercial Price List,Standard,INR,VAR-0007,134000.00,1,2026-01-01,2026-12-31,ACTIVE
PL-STD,Standard Commercial Price List,Standard,INR,VAR-0008,258000.00,1,2026-01-01,2026-12-31,ACTIVE
PL-STD,Standard Commercial Price List,Standard,INR,VAR-0009,78000.00,1,2026-01-01,2026-12-31,ACTIVE
PL-STD,Standard Commercial Price List,Standard,INR,VAR-0010,95000.00,1,2026-01-01,2026-12-31,ACTIVE
PL-STD,Standard Commercial Price List,Standard,INR,VAR-0011,86000.00,1,2026-01-01,2026-12-31,ACTIVE
PL-STD,Standard Commercial Price List,Standard,INR,VAR-0012,154000.00,1,2026-01-01,2026-12-31,ACTIVE
PL-STD,Standard Commercial Price List,Standard,INR,VAR-0013,186000.00,1,2026-01-01,2026-12-31,ACTIVE
PL-STD,Standard Commercial Price List,Standard,INR,VAR-0014,142000.00,1,2026-01-01,2026-12-31,ACTIVE
PL-STD,Standard Commercial Price List,Standard,INR,VAR-0015,54500.00,1,2026-01-01,2026-12-31,ACTIVE
PL-STD,Standard Commercial Price List,Standard,INR,VAR-0016,81000.00,1,2026-01-01,2026-12-31,ACTIVE
PL-STD,Standard Commercial Price List,Standard,INR,VAR-0017,99000.00,1,2026-01-01,2026-12-31,ACTIVE
PL-STD,Standard Commercial Price List,Standard,INR,VAR-0018,67000.00,1,2026-01-01,2026-12-31,ACTIVE
PL-STD,Standard Commercial Price List,Standard,INR,VAR-0019,57500.00,1,2026-01-01,2026-12-31,ACTIVE
PL-STD,Standard Commercial Price List,Standard,INR,VAR-0020,118000.00,1,2026-01-01,2026-12-31,ACTIVE
PL-STD,Standard Commercial Price List,Standard,INR,VAR-0021,159000.00,1,2026-01-01,2026-12-31,ACTIVE
PL-STD,Standard Commercial Price List,Standard,INR,VAR-0022,199900.00,1,2026-01-01,2026-12-31,ACTIVE
PL-STD,Standard Commercial Price List,Standard,INR,VAR-0023,237900.00,1,2026-01-01,2026-12-31,ACTIVE
PL-STD,Standard Commercial Price List,Standard,INR,VAR-0024,349900.00,1,2026-01-01,2026-12-31,ACTIVE
PL-STD,Standard Commercial Price List,Standard,INR,VAR-0025,99900.00,1,2026-01-01,2026-12-31,ACTIVE
PL-STD,Standard Commercial Price List,Standard,INR,VAR-0026,115900.00,1,2026-01-01,2026-12-31,ACTIVE
PL-STD,Standard Commercial Price List,Standard,INR,VAR-0027,58000.00,1,2026-01-01,2026-12-31,ACTIVE
PL-STD,Standard Commercial Price List,Standard,INR,VAR-0028,73000.00,1,2026-01-01,2026-12-31,ACTIVE
PL-STD,Standard Commercial Price List,Standard,INR,VAR-0029,54000.00,1,2026-01-01,2026-12-31,ACTIVE
PL-STD,Standard Commercial Price List,Standard,INR,VAR-0030,63000.00,1,2026-01-01,2026-12-31,ACTIVE
PL-STD,Standard Commercial Price List,Standard,INR,VAR-0031,82000.00,1,2026-01-01,2026-12-31,ACTIVE
PL-STD,Standard Commercial Price List,Standard,INR,VAR-0032,55000.00,1,2026-01-01,2026-12-31,ACTIVE
PL-STD,Standard Commercial Price List,Standard,INR,VAR-0033,53000.00,1,2026-01-01,2026-12-31,ACTIVE
PL-STD,Standard Commercial Price List,Standard,INR,VAR-0034,70000.00,1,2026-01-01,2026-12-31,ACTIVE
PL-STD,Standard Commercial Price List,Standard,INR,VAR-0035,89000.00,1,2026-01-01,2026-12-31,ACTIVE
PL-STD,Standard Commercial Price List,Standard,INR,VAR-0036,56500.00,1,2026-01-01,2026-12-31,ACTIVE
PL-STD,Standard Commercial Price List,Standard,INR,VAR-0037,53000.00,1,2026-01-01,2026-12-31,ACTIVE
PL-STD,Standard Commercial Price List,Standard,INR,VAR-0038,77000.00,1,2026-01-01,2026-12-31,ACTIVE
PL-STD,Standard Commercial Price List,Standard,INR,VAR-0039,64000.00,1,2026-01-01,2026-12-31,ACTIVE
PL-STD,Standard Commercial Price List,Standard,INR,VAR-0040,129900.00,1,2026-01-01,2026-12-31,ACTIVE
PL-STD,Standard Commercial Price List,Standard,INR,VAR-0041,171900.00,1,2026-01-01,2026-12-31,ACTIVE
PL-STD,Standard Commercial Price List,Standard,INR,VAR-0042,209900.00,1,2026-01-01,2026-12-31,ACTIVE
PL-STD,Standard Commercial Price List,Standard,INR,VAR-0043,142000.00,1,2026-01-01,2026-12-31,ACTIVE
PL-STD,Standard Commercial Price List,Standard,INR,VAR-0044,194000.00,1,2026-01-01,2026-12-31,ACTIVE
PL-STD,Standard Commercial Price List,Standard,INR,VAR-0045,275000.00,1,2026-01-01,2026-12-31,ACTIVE
PL-STD,Standard Commercial Price List,Standard,INR,VAR-0046,595000.00,1,2026-01-01,2026-12-31,ACTIVE
PL-STD,Standard Commercial Price List,Standard,INR,VAR-0047,198000.00,1,2026-01-01,2026-12-31,ACTIVE
PL-STD,Standard Commercial Price List,Standard,INR,VAR-0048,132000.00,1,2026-01-01,2026-12-31,ACTIVE
PL-STD,Standard Commercial Price List,Standard,INR,VAR-0049,245000.00,1,2026-01-01,2026-12-31,ACTIVE
PL-STD,Standard Commercial Price List,Standard,INR,VAR-0050,690000.00,1,2026-01-01,2026-12-31,ACTIVE
PL-STD,Standard Commercial Price List,Standard,INR,VAR-0051,210000.00,1,2026-01-01,2026-12-31,ACTIVE
PL-STD,Standard Commercial Price List,Standard,INR,VAR-0052,138000.00,1,2026-01-01,2026-12-31,ACTIVE
PL-STD,Standard Commercial Price List,Standard,INR,VAR-0053,260000.00,1,2026-01-01,2026-12-31,ACTIVE
PL-STD,Standard Commercial Price List,Standard,INR,VAR-0054,475000.00,1,2026-01-01,2026-12-31,ACTIVE
PL-STD,Standard Commercial Price List,Standard,INR,VAR-0055,890000.00,1,2026-01-01,2026-12-31,ACTIVE
PL-STD,Standard Commercial Price List,Standard,INR,VAR-0056,350000.00,1,2026-01-01,2026-12-31,ACTIVE
PL-STD,Standard Commercial Price List,Standard,INR,VAR-0057,470000.00,1,2026-01-01,2026-12-31,ACTIVE
PL-STD,Standard Commercial Price List,Standard,INR,VAR-0058,525000.00,1,2026-01-01,2026-12-31,ACTIVE
PL-STD,Standard Commercial Price List,Standard,INR,VAR-0059,875000.00,1,2026-01-01,2026-12-31,ACTIVE
PL-STD,Standard Commercial Price List,Standard,INR,VAR-0060,420000.00,1,2026-01-01,2026-12-31,ACTIVE
PL-STD,Standard Commercial Price List,Standard,INR,VAR-0061,155000.00,1,2026-01-01,2026-12-31,ACTIVE
PL-STD,Standard Commercial Price List,Standard,INR,VAR-0062,385000.00,1,2026-01-01,2026-12-31,ACTIVE
PL-STD,Standard Commercial Price List,Standard,INR,VAR-0063,365000.00,1,2026-01-01,2026-12-31,ACTIVE
PL-STD,Standard Commercial Price List,Standard,INR,VAR-0064,545000.00,1,2026-01-01,2026-12-31,ACTIVE
PL-STD,Standard Commercial Price List,Standard,INR,VAR-0065,398000.00,1,2026-01-01,2026-12-31,ACTIVE
PL-STD,Standard Commercial Price List,Standard,INR,VAR-0066,84000.00,1,2026-01-01,2026-12-31,ACTIVE
PL-STD,Standard Commercial Price List,Standard,INR,VAR-0067,538000.00,1,2026-01-01,2026-12-31,ACTIVE
PL-STD,Standard Commercial Price List,Standard,INR,VAR-0068,360000.00,1,2026-01-01,2026-12-31,ACTIVE
PL-STD,Standard Commercial Price List,Standard,INR,VAR-0069,146000.00,1,2026-01-01,2026-12-31,ACTIVE
PL-STD,Standard Commercial Price List,Standard,INR,VAR-0070,348000.00,1,2026-01-01,2026-12-31,ACTIVE
PL-STD,Standard Commercial Price List,Standard,INR,VAR-0071,720000.00,1,2026-01-01,2026-12-31,ACTIVE
PL-STD,Standard Commercial Price List,Standard,INR,VAR-0072,74900.00,1,2026-01-01,2026-12-31,ACTIVE
PL-STD,Standard Commercial Price List,Standard,INR,VAR-0073,84900.00,1,2026-01-01,2026-12-31,ACTIVE
PL-STD,Standard Commercial Price List,Standard,INR,VAR-0074,104900.00,1,2026-01-01,2026-12-31,ACTIVE
PL-STD,Standard Commercial Price List,Standard,INR,VAR-0075,129800.00,1,2026-01-01,2026-12-31,ACTIVE
PL-STD,Standard Commercial Price List,Standard,INR,VAR-0076,139800.00,1,2026-01-01,2026-12-31,ACTIVE
PL-STD,Standard Commercial Price List,Standard,INR,VAR-0077,159800.00,1,2026-01-01,2026-12-31,ACTIVE
PL-STD,Standard Commercial Price List,Standard,INR,VAR-0078,159900.00,1,2026-01-01,2026-12-31,ACTIVE
PL-STD,Standard Commercial Price List,Standard,INR,VAR-0079,179900.00,1,2026-01-01,2026-12-31,ACTIVE
PL-STD,Standard Commercial Price List,Standard,INR,VAR-0080,62900.00,1,2026-01-01,2026-12-31,ACTIVE
PL-STD,Standard Commercial Price List,Standard,INR,VAR-0081,74999.00,1,2026-01-01,2026-12-31,ACTIVE
PL-STD,Standard Commercial Price List,Standard,INR,VAR-0082,79999.00,1,2026-01-01,2026-12-31,ACTIVE
PL-STD,Standard Commercial Price List,Standard,INR,VAR-0083,129999.00,1,2026-01-01,2026-12-31,ACTIVE
PL-STD,Standard Commercial Price List,Standard,INR,VAR-0084,139999.00,1,2026-01-01,2026-12-31,ACTIVE
PL-STD,Standard Commercial Price List,Standard,INR,VAR-0085,96999.00,1,2026-01-01,2026-12-31,ACTIVE
PL-STD,Standard Commercial Price List,Standard,INR,VAR-0086,36999.00,1,2026-01-01,2026-12-31,ACTIVE
PL-STD,Standard Commercial Price List,Standard,INR,VAR-0087,40999.00,1,2026-01-01,2026-12-31,ACTIVE
PL-STD,Standard Commercial Price List,Standard,INR,VAR-0088,52999.00,1,2026-01-01,2026-12-31,ACTIVE
PL-STD,Standard Commercial Price List,Standard,INR,VAR-0089,106999.00,1,2026-01-01,2026-12-31,ACTIVE
PL-STD,Standard Commercial Price List,Standard,INR,VAR-0090,113999.00,1,2026-01-01,2026-12-31,ACTIVE
PL-STD,Standard Commercial Price List,Standard,INR,VAR-0091,75999.00,1,2026-01-01,2026-12-31,ACTIVE
PL-STD,Standard Commercial Price List,Standard,INR,VAR-0092,64999.00,1,2026-01-01,2026-12-31,ACTIVE
PL-STD,Standard Commercial Price List,Standard,INR,VAR-0093,70999.00,1,2026-01-01,2026-12-31,ACTIVE
PL-STD,Standard Commercial Price List,Standard,INR,VAR-0094,39900.00,1,2026-01-01,2026-12-31,ACTIVE
PL-STD,Standard Commercial Price List,Standard,INR,VAR-0095,61900.00,1,2026-01-01,2026-12-31,ACTIVE
PL-STD,Standard Commercial Price List,Standard,INR,VAR-0096,59900.00,1,2026-01-01,2026-12-31,ACTIVE
PL-STD,Standard Commercial Price List,Standard,INR,VAR-0097,80900.00,1,2026-01-01,2026-12-31,ACTIVE
PL-STD,Standard Commercial Price List,Standard,INR,VAR-0098,99900.00,1,2026-01-01,2026-12-31,ACTIVE
PL-STD,Standard Commercial Price List,Standard,INR,VAR-0099,129900.00,1,2026-01-01,2026-12-31,ACTIVE
PL-STD,Standard Commercial Price List,Standard,INR,VAR-0100,72999.00,1,2026-01-01,2026-12-31,ACTIVE
PL-STD,Standard Commercial Price List,Standard,INR,VAR-0101,84999.00,1,2026-01-01,2026-12-31,ACTIVE
PL-STD,Standard Commercial Price List,Standard,INR,VAR-0102,115999.00,1,2026-01-01,2026-12-31,ACTIVE
PL-STD,Standard Commercial Price List,Standard,INR,VAR-0103,60999.00,1,2026-01-01,2026-12-31,ACTIVE
PL-STD,Standard Commercial Price List,Standard,INR,VAR-0104,56999.00,1,2026-01-01,2026-12-31,ACTIVE
PL-STD,Standard Commercial Price List,Standard,INR,VAR-0105,14200.00,1,2026-01-01,2026-12-31,ACTIVE
PL-STD,Standard Commercial Price List,Standard,INR,VAR-0106,17800.00,1,2026-01-01,2026-12-31,ACTIVE
PL-STD,Standard Commercial Price List,Standard,INR,VAR-0107,32800.00,1,2026-01-01,2026-12-31,ACTIVE
PL-STD,Standard Commercial Price List,Standard,INR,VAR-0108,38900.00,1,2026-01-01,2026-12-31,ACTIVE
PL-STD,Standard Commercial Price List,Standard,INR,VAR-0109,69900.00,1,2026-01-01,2026-12-31,ACTIVE
PL-STD,Standard Commercial Price List,Standard,INR,VAR-0110,86500.00,1,2026-01-01,2026-12-31,ACTIVE
PL-STD,Standard Commercial Price List,Standard,INR,VAR-0111,13800.00,1,2026-01-01,2026-12-31,ACTIVE
PL-STD,Standard Commercial Price List,Standard,INR,VAR-0112,17500.00,1,2026-01-01,2026-12-31,ACTIVE
PL-STD,Standard Commercial Price List,Standard,INR,VAR-0113,34000.00,1,2026-01-01,2026-12-31,ACTIVE
PL-STD,Standard Commercial Price List,Standard,INR,VAR-0114,58000.00,1,2026-01-01,2026-12-31,ACTIVE
PL-STD,Standard Commercial Price List,Standard,INR,VAR-0115,13500.00,1,2026-01-01,2026-12-31,ACTIVE
PL-STD,Standard Commercial Price List,Standard,INR,VAR-0116,32500.00,1,2026-01-01,2026-12-31,ACTIVE
PL-STD,Standard Commercial Price List,Standard,INR,VAR-0117,74900.00,1,2026-01-01,2026-12-31,ACTIVE
PL-STD,Standard Commercial Price List,Standard,INR,VAR-0118,49999.00,1,2026-01-01,2026-12-31,ACTIVE
PL-STD,Standard Commercial Price List,Standard,INR,VAR-0119,178000.00,1,2026-01-01,2026-12-31,ACTIVE
PL-STD,Standard Commercial Price List,Standard,INR,VAR-0120,285000.00,1,2026-01-01,2026-12-31,ACTIVE
PL-STD,Standard Commercial Price List,Standard,INR,VAR-0121,520000.00,1,2026-01-01,2026-12-31,ACTIVE
PL-STD,Standard Commercial Price List,Standard,INR,VAR-0122,29500.00,1,2026-01-01,2026-12-31,ACTIVE
PL-STD,Standard Commercial Price List,Standard,INR,VAR-0123,59000.00,1,2026-01-01,2026-12-31,ACTIVE
PL-STD,Standard Commercial Price List,Standard,INR,VAR-0124,114000.00,1,2026-01-01,2026-12-31,ACTIVE
PL-STD,Standard Commercial Price List,Standard,INR,VAR-0125,228000.00,1,2026-01-01,2026-12-31,ACTIVE
PL-STD,Standard Commercial Price List,Standard,INR,VAR-0126,52000.00,1,2026-01-01,2026-12-31,ACTIVE
PL-STD,Standard Commercial Price List,Standard,INR,VAR-0127,34500.00,1,2026-01-01,2026-12-31,ACTIVE
PL-STD,Standard Commercial Price List,Standard,INR,VAR-0128,59500.00,1,2026-01-01,2026-12-31,ACTIVE
PL-STD,Standard Commercial Price List,Standard,INR,VAR-0129,108000.00,1,2026-01-01,2026-12-31,ACTIVE
PL-STD,Standard Commercial Price List,Standard,INR,VAR-0130,18900.00,1,2026-01-01,2026-12-31,ACTIVE
PL-STD,Standard Commercial Price List,Standard,INR,VAR-0131,46500.00,1,2026-01-01,2026-12-31,ACTIVE
PL-STD,Standard Commercial Price List,Standard,INR,VAR-0132,72000.00,1,2026-01-01,2026-12-31,ACTIVE
PL-STD,Standard Commercial Price List,Standard,INR,VAR-0133,245000.00,1,2026-01-01,2026-12-31,ACTIVE
PL-STD,Standard Commercial Price List,Standard,INR,VAR-0134,39999.00,1,2026-01-01,2026-12-31,ACTIVE
PL-STD,Standard Commercial Price List,Standard,INR,VAR-0135,58500.00,1,2026-01-01,2026-12-31,ACTIVE
PL-STD,Standard Commercial Price List,Standard,INR,VAR-0136,126500.00,1,2026-01-01,2026-12-31,ACTIVE
PL-STD,Standard Commercial Price List,Standard,INR,VAR-0137,107000.00,1,2026-01-01,2026-12-31,ACTIVE
PL-STD,Standard Commercial Price List,Standard,INR,VAR-0138,238000.00,1,2026-01-01,2026-12-31,ACTIVE
PL-STD,Standard Commercial Price List,Standard,INR,VAR-0139,465000.00,1,2026-01-01,2026-12-31,ACTIVE
PL-STD,Standard Commercial Price List,Standard,INR,VAR-0140,53500.00,1,2026-01-01,2026-12-31,ACTIVE
PL-STD,Standard Commercial Price List,Standard,INR,VAR-0141,99500.00,1,2026-01-01,2026-12-31,ACTIVE
PL-STD,Standard Commercial Price List,Standard,INR,VAR-0142,355000.00,1,2026-01-01,2026-12-31,ACTIVE
PL-STD,Standard Commercial Price List,Standard,INR,VAR-0143,32000.00,1,2026-01-01,2026-12-31,ACTIVE
PL-STD,Standard Commercial Price List,Standard,INR,VAR-0144,41500.00,1,2026-01-01,2026-12-31,ACTIVE
PL-STD,Standard Commercial Price List,Standard,INR,VAR-0145,23000.00,1,2026-01-01,2026-12-31,ACTIVE
PL-STD,Standard Commercial Price List,Standard,INR,VAR-0146,52000.00,1,2026-01-01,2026-12-31,ACTIVE
PL-STD,Standard Commercial Price List,Standard,INR,VAR-0147,21800.00,1,2026-01-01,2026-12-31,ACTIVE
PL-STD,Standard Commercial Price List,Standard,INR,VAR-0148,47500.00,1,2026-01-01,2026-12-31,ACTIVE
PL-STD,Standard Commercial Price List,Standard,INR,VAR-0149,24000.00,1,2026-01-01,2026-12-31,ACTIVE
PL-STD,Standard Commercial Price List,Standard,INR,VAR-0150,29500.00,1,2026-01-01,2026-12-31,ACTIVE
PL-STD,Standard Commercial Price List,Standard,INR,VAR-0151,64000.00,1,2026-01-01,2026-12-31,ACTIVE
PL-STD,Standard Commercial Price List,Standard,INR,VAR-0152,118000.00,1,2026-01-01,2026-12-31,ACTIVE
PL-STD,Standard Commercial Price List,Standard,INR,VAR-0153,228000.00,1,2026-01-01,2026-12-31,ACTIVE
PL-STD,Standard Commercial Price List,Standard,INR,VAR-0154,445000.00,1,2026-01-01,2026-12-31,ACTIVE
PL-STD,Standard Commercial Price List,Standard,INR,VAR-0155,44500.00,1,2026-01-01,2026-12-31,ACTIVE
PL-STD,Standard Commercial Price List,Standard,INR,VAR-0156,109000.00,1,2026-01-01,2026-12-31,ACTIVE
PL-STD,Standard Commercial Price List,Standard,INR,VAR-0157,215000.00,1,2026-01-01,2026-12-31,ACTIVE
PL-STD,Standard Commercial Price List,Standard,INR,VAR-0158,46800.00,1,2026-01-01,2026-12-31,ACTIVE
PL-STD,Standard Commercial Price List,Standard,INR,VAR-0159,114000.00,1,2026-01-01,2026-12-31,ACTIVE
PL-STD,Standard Commercial Price List,Standard,INR,VAR-0160,420000.00,1,2026-01-01,2026-12-31,ACTIVE
PL-STD,Standard Commercial Price List,Standard,INR,VAR-0161,39500.00,1,2026-01-01,2026-12-31,ACTIVE
PL-STD,Standard Commercial Price List,Standard,INR,VAR-0162,22900.00,1,2026-01-01,2026-12-31,ACTIVE
PL-STD,Standard Commercial Price List,Standard,INR,VAR-0163,41500.00,1,2026-01-01,2026-12-31,ACTIVE
PL-STD,Standard Commercial Price List,Standard,INR,VAR-0164,82500.00,1,2026-01-01,2026-12-31,ACTIVE
PL-STD,Standard Commercial Price List,Standard,INR,VAR-0165,71000.00,1,2026-01-01,2026-12-31,ACTIVE
PL-STD,Standard Commercial Price List,Standard,INR,VAR-0166,38900.00,1,2026-01-01,2026-12-31,ACTIVE
PL-STD,Standard Commercial Price List,Standard,INR,VAR-0167,168000.00,1,2026-01-01,2026-12-31,ACTIVE
PL-STD,Standard Commercial Price List,Standard,INR,VAR-0168,53500.00,1,2026-01-01,2026-12-31,ACTIVE
PL-STD,Standard Commercial Price List,Standard,INR,VAR-0169,75900.00,1,2026-01-01,2026-12-31,ACTIVE
PL-STD,Standard Commercial Price List,Standard,INR,VAR-0170,63500.00,1,2026-01-01,2026-12-31,ACTIVE
PL-STD,Standard Commercial Price List,Standard,INR,VAR-0171,81999.00,1,2026-01-01,2026-12-31,ACTIVE
PL-STD,Standard Commercial Price List,Standard,INR,VAR-0172,26500.00,1,2026-01-01,2026-12-31,ACTIVE
PL-STD,Standard Commercial Price List,Standard,INR,VAR-0173,18500.00,1,2026-01-01,2026-12-31,ACTIVE
PL-STD,Standard Commercial Price List,Standard,INR,VAR-0174,24900.00,1,2026-01-01,2026-12-31,ACTIVE
PL-STD,Standard Commercial Price List,Standard,INR,VAR-0175,17500.00,1,2026-01-01,2026-12-31,ACTIVE
PL-STD,Standard Commercial Price List,Standard,INR,VAR-0176,25800.00,1,2026-01-01,2026-12-31,ACTIVE
PL-STD,Standard Commercial Price List,Standard,INR,VAR-0177,16900.00,1,2026-01-01,2026-12-31,ACTIVE
PL-STD,Standard Commercial Price List,Standard,INR,VAR-0178,9495.00,1,2026-01-01,2026-12-31,ACTIVE
PL-STD,Standard Commercial Price List,Standard,INR,VAR-0179,9495.00,1,2026-01-01,2026-12-31,ACTIVE
PL-STD,Standard Commercial Price List,Standard,INR,VAR-0180,11495.00,1,2026-01-01,2026-12-31,ACTIVE
PL-STD,Standard Commercial Price List,Standard,INR,VAR-0181,3995.00,1,2026-01-01,2026-12-31,ACTIVE
PL-STD,Standard Commercial Price List,Standard,INR,VAR-0182,18995.00,1,2026-01-01,2026-12-31,ACTIVE
PL-STD,Standard Commercial Price List,Standard,INR,VAR-0183,8995.00,1,2026-01-01,2026-12-31,ACTIVE
PL-STD,Standard Commercial Price List,Standard,INR,VAR-0184,21500.00,1,2026-01-01,2026-12-31,ACTIVE
PL-STD,Standard Commercial Price List,Standard,INR,VAR-0185,10200.00,1,2026-01-01,2026-12-31,ACTIVE
PL-STD,Standard Commercial Price List,Standard,INR,VAR-0186,23500.00,1,2026-01-01,2026-12-31,ACTIVE
PL-STD,Standard Commercial Price List,Standard,INR,VAR-0187,4800.00,1,2026-01-01,2026-12-31,ACTIVE
PL-STD,Standard Commercial Price List,Standard,INR,VAR-0188,5200.00,1,2026-01-01,2026-12-31,ACTIVE
PL-STD,Standard Commercial Price List,Standard,INR,VAR-0189,2600.00,1,2026-01-01,2026-12-31,ACTIVE
PL-STD,Standard Commercial Price List,Standard,INR,VAR-0190,2100.00,1,2026-01-01,2026-12-31,ACTIVE
PL-STD,Standard Commercial Price List,Standard,INR,VAR-0191,6499.00,1,2026-01-01,2026-12-31,ACTIVE
PL-STD,Standard Commercial Price List,Standard,INR,VAR-0192,4499.00,1,2026-01-01,2026-12-31,ACTIVE
PL-STD,Standard Commercial Price List,Standard,INR,VAR-0193,325000.00,1,2026-01-01,2026-12-31,ACTIVE
PL-STD,Standard Commercial Price List,Standard,INR,VAR-0194,268000.00,1,2026-01-01,2026-12-31,ACTIVE
PL-STD,Standard Commercial Price List,Standard,INR,VAR-0195,78000.00,1,2026-01-01,2026-12-31,ACTIVE
PL-STD,Standard Commercial Price List,Standard,INR,VAR-0196,305000.00,1,2026-01-01,2026-12-31,ACTIVE
PL-STD,Standard Commercial Price List,Standard,INR,VAR-0197,520000.00,1,2026-01-01,2026-12-31,ACTIVE
PL-STD,Standard Commercial Price List,Standard,INR,VAR-0198,33500.00,1,2026-01-01,2026-12-31,ACTIVE
PL-STD,Standard Commercial Price List,Standard,INR,VAR-0199,218000.00,1,2026-01-01,2026-12-31,ACTIVE
PL-STD,Standard Commercial Price List,Standard,INR,VAR-0200,345000.00,1,2026-01-01,2026-12-31,ACTIVE
PL-STD,Standard Commercial Price List,Standard,INR,VAR-0201,209000.00,1,2026-01-01,2026-12-31,ACTIVE
PL-STD,Standard Commercial Price List,Standard,INR,VAR-0202,305000.00,1,2026-01-01,2026-12-31,ACTIVE
PL-STD,Standard Commercial Price List,Standard,INR,VAR-0203,16500.00,1,2026-01-01,2026-12-31,ACTIVE
PL-STD,Standard Commercial Price List,Standard,INR,VAR-0204,37500.00,1,2026-01-01,2026-12-31,ACTIVE
PL-STD,Standard Commercial Price List,Standard,INR,VAR-0205,6800.00,1,2026-01-01,2026-12-31,ACTIVE
PL-STD,Standard Commercial Price List,Standard,INR,VAR-0206,6200.00,1,2026-01-01,2026-12-31,ACTIVE
PL-STD,Standard Commercial Price List,Standard,INR,VAR-0207,3600.00,1,2026-01-01,2026-12-31,ACTIVE
PL-STD,Standard Commercial Price List,Standard,INR,VAR-0208,3600.00,1,2026-01-01,2026-12-31,ACTIVE
PL-STD,Standard Commercial Price List,Standard,INR,VAR-0209,4200.00,1,2026-01-01,2026-12-31,ACTIVE
PL-STD,Standard Commercial Price List,Standard,INR,VAR-0210,12500.00,1,2026-01-01,2026-12-31,ACTIVE
PL-STD,Standard Commercial Price List,Standard,INR,VAR-0211,8400.00,1,2026-01-01,2026-12-31,ACTIVE
PL-STD,Standard Commercial Price List,Standard,INR,VAR-0212,163480.00,1,2026-01-01,2026-12-31,ACTIVE
PL-STD,Standard Commercial Price List,Standard,INR,VAR-0213,314760.00,1,2026-01-01,2026-12-31,ACTIVE
PL-STD,Standard Commercial Price List,Standard,INR,VAR-0214,104920.00,1,2026-01-01,2026-12-31,ACTIVE
PL-STD,Standard Commercial Price List,Standard,INR,VAR-0215,173240.00,1,2026-01-01,2026-12-31,ACTIVE
PL-STD,Standard Commercial Price List,Standard,INR,VAR-0216,66490.00,1,2026-01-01,2026-12-31,ACTIVE
PL-STD,Standard Commercial Price List,Standard,INR,VAR-0217,81740.00,1,2026-01-01,2026-12-31,ACTIVE
PL-STD,Standard Commercial Price List,Standard,INR,VAR-0218,70150.00,1,2026-01-01,2026-12-31,ACTIVE
PL-STD,Standard Commercial Price List,Standard,INR,VAR-0219,143960.00,1,2026-01-01,2026-12-31,ACTIVE
PL-STD,Standard Commercial Price List,Standard,INR,VAR-0220,193980.00,1,2026-01-01,2026-12-31,ACTIVE
PL-STD,Standard Commercial Price List,Standard,INR,VAR-0221,426878.00,1,2026-01-01,2026-12-31,ACTIVE
PL-STD,Standard Commercial Price List,Standard,INR,VAR-0222,65880.00,1,2026-01-01,2026-12-31,ACTIVE
PL-STD,Standard Commercial Price List,Standard,INR,VAR-0223,76860.00,1,2026-01-01,2026-12-31,ACTIVE
PL-STD,Standard Commercial Price List,Standard,INR,VAR-0224,100040.00,1,2026-01-01,2026-12-31,ACTIVE
PL-STD,Standard Commercial Price List,Standard,INR,VAR-0225,67100.00,1,2026-01-01,2026-12-31,ACTIVE
PL-STD,Standard Commercial Price List,Standard,INR,VAR-0226,64660.00,1,2026-01-01,2026-12-31,ACTIVE
PL-STD,Standard Commercial Price List,Standard,INR,VAR-0227,85400.00,1,2026-01-01,2026-12-31,ACTIVE
PL-STD,Standard Commercial Price List,Standard,INR,VAR-0228,108580.00,1,2026-01-01,2026-12-31,ACTIVE
PL-STD,Standard Commercial Price List,Standard,INR,VAR-0229,68930.00,1,2026-01-01,2026-12-31,ACTIVE
PL-STD,Standard Commercial Price List,Standard,INR,VAR-0230,64660.00,1,2026-01-01,2026-12-31,ACTIVE
PL-STD,Standard Commercial Price List,Standard,INR,VAR-0231,93940.00,1,2026-01-01,2026-12-31,ACTIVE
PL-STD,Standard Commercial Price List,Standard,INR,VAR-0232,78080.00,1,2026-01-01,2026-12-31,ACTIVE
PL-STD,Standard Commercial Price List,Standard,INR,VAR-0233,256078.00,1,2026-01-01,2026-12-31,ACTIVE
PL-STD,Standard Commercial Price List,Standard,INR,VAR-0234,371250.00,1,2026-01-01,2026-12-31,ACTIVE
PL-STD,Standard Commercial Price List,Standard,INR,VAR-0235,803250.00,1,2026-01-01,2026-12-31,ACTIVE
PL-STD,Standard Commercial Price List,Standard,INR,VAR-0236,267300.00,1,2026-01-01,2026-12-31,ACTIVE
PL-STD,Standard Commercial Price List,Standard,INR,VAR-0237,178200.00,1,2026-01-01,2026-12-31,ACTIVE
PL-STD,Standard Commercial Price List,Standard,INR,VAR-0238,330750.00,1,2026-01-01,2026-12-31,ACTIVE
PL-STD,Standard Commercial Price List,Standard,INR,VAR-0239,931500.00,1,2026-01-01,2026-12-31,ACTIVE
PL-STD,Standard Commercial Price List,Standard,INR,VAR-0240,283500.00,1,2026-01-01,2026-12-31,ACTIVE
PL-STD,Standard Commercial Price List,Standard,INR,VAR-0241,186300.00,1,2026-01-01,2026-12-31,ACTIVE
PL-STD,Standard Commercial Price List,Standard,INR,VAR-0242,351000.00,1,2026-01-01,2026-12-31,ACTIVE
PL-STD,Standard Commercial Price List,Standard,INR,VAR-0243,641250.00,1,2026-01-01,2026-12-31,ACTIVE
PL-STD,Standard Commercial Price List,Standard,INR,VAR-0244,1201500.00,1,2026-01-01,2026-12-31,ACTIVE
PL-STD,Standard Commercial Price List,Standard,INR,VAR-0245,609000.00,1,2026-01-01,2026-12-31,ACTIVE
PL-STD,Standard Commercial Price List,Standard,INR,VAR-0246,224750.00,1,2026-01-01,2026-12-31,ACTIVE
PL-STD,Standard Commercial Price List,Standard,INR,VAR-0247,558250.00,1,2026-01-01,2026-12-31,ACTIVE
PL-STD,Standard Commercial Price List,Standard,INR,VAR-0248,529250.00,1,2026-01-01,2026-12-31,ACTIVE
PL-STD,Standard Commercial Price List,Standard,INR,VAR-0249,790250.00,1,2026-01-01,2026-12-31,ACTIVE
PL-STD,Standard Commercial Price List,Standard,INR,VAR-0250,577100.00,1,2026-01-01,2026-12-31,ACTIVE
PL-STD,Standard Commercial Price List,Standard,INR,VAR-0251,121800.00,1,2026-01-01,2026-12-31,ACTIVE
PL-STD,Standard Commercial Price List,Standard,INR,VAR-0252,780100.00,1,2026-01-01,2026-12-31,ACTIVE
PL-STD,Standard Commercial Price List,Standard,INR,VAR-0253,522000.00,1,2026-01-01,2026-12-31,ACTIVE
PL-STD,Standard Commercial Price List,Standard,INR,VAR-0254,211700.00,1,2026-01-01,2026-12-31,ACTIVE
PL-STD,Standard Commercial Price List,Standard,INR,VAR-0255,504600.00,1,2026-01-01,2026-12-31,ACTIVE
PL-STD,Standard Commercial Price List,Standard,INR,VAR-0256,1044000.00,1,2026-01-01,2026-12-31,ACTIVE
PL-STD,Standard Commercial Price List,Standard,INR,VAR-0257,74222.00,1,2026-01-01,2026-12-31,ACTIVE
PL-STD,Standard Commercial Price List,Standard,INR,VAR-0258,114458.82,1,2026-01-01,2026-12-31,ACTIVE
PL-STD,Standard Commercial Price List,Standard,INR,VAR-0259,62538.82,1,2026-01-01,2026-12-31,ACTIVE
PL-STD,Standard Commercial Price List,Standard,INR,VAR-0260,89678.82,1,2026-01-01,2026-12-31,ACTIVE
PL-STD,Standard Commercial Price List,Standard,INR,VAR-0261,124875.00,1,2026-01-01,2026-12-31,ACTIVE
PL-STD,Standard Commercial Price List,Standard,INR,VAR-0262,162375.00,1,2026-01-01,2026-12-31,ACTIVE
PL-STD,Standard Commercial Price List,Standard,INR,VAR-0263,144998.75,1,2026-01-01,2026-12-31,ACTIVE
PL-STD,Standard Commercial Price List,Standard,INR,VAR-0264,76248.75,1,2026-01-01,2026-12-31,ACTIVE
PL-STD,Standard Commercial Price List,Standard,INR,VAR-0265,71248.75,1,2026-01-01,2026-12-31,ACTIVE
PL-STD,Standard Commercial Price List,Standard,INR,VAR-0266,18700.00,1,2026-01-01,2026-12-31,ACTIVE
PL-STD,Standard Commercial Price List,Standard,INR,VAR-0267,22300.00,1,2026-01-01,2026-12-31,ACTIVE
PL-STD,Standard Commercial Price List,Standard,INR,VAR-0268,37300.00,1,2026-01-01,2026-12-31,ACTIVE
PL-STD,Standard Commercial Price List,Standard,INR,VAR-0269,43400.00,1,2026-01-01,2026-12-31,ACTIVE
PL-STD,Standard Commercial Price List,Standard,INR,VAR-0270,74400.00,1,2026-01-01,2026-12-31,ACTIVE
PL-STD,Standard Commercial Price List,Standard,INR,VAR-0271,91000.00,1,2026-01-01,2026-12-31,ACTIVE
PL-STD,Standard Commercial Price List,Standard,INR,VAR-0272,18300.00,1,2026-01-01,2026-12-31,ACTIVE
PL-STD,Standard Commercial Price List,Standard,INR,VAR-0273,22000.00,1,2026-01-01,2026-12-31,ACTIVE
PL-STD,Standard Commercial Price List,Standard,INR,VAR-0274,38500.00,1,2026-01-01,2026-12-31,ACTIVE
PL-STD,Standard Commercial Price List,Standard,INR,VAR-0275,62500.00,1,2026-01-01,2026-12-31,ACTIVE
PL-STD,Standard Commercial Price List,Standard,INR,VAR-0276,18000.00,1,2026-01-01,2026-12-31,ACTIVE
PL-STD,Standard Commercial Price List,Standard,INR,VAR-0277,37000.00,1,2026-01-01,2026-12-31,ACTIVE
PL-STD,Standard Commercial Price List,Standard,INR,VAR-0278,79400.00,1,2026-01-01,2026-12-31,ACTIVE
PL-STD,Standard Commercial Price List,Standard,INR,VAR-0279,54499.00,1,2026-01-01,2026-12-31,ACTIVE
PL-STD,Standard Commercial Price List,Standard,INR,VAR-0280,213600.00,1,2026-01-01,2026-12-31,ACTIVE
PL-STD,Standard Commercial Price List,Standard,INR,VAR-0281,342000.00,1,2026-01-01,2026-12-31,ACTIVE
PL-STD,Standard Commercial Price List,Standard,INR,VAR-0282,624000.00,1,2026-01-01,2026-12-31,ACTIVE
PL-STD,Standard Commercial Price List,Standard,INR,VAR-0283,35400.00,1,2026-01-01,2026-12-31,ACTIVE
PL-STD,Standard Commercial Price List,Standard,INR,VAR-0284,70800.00,1,2026-01-01,2026-12-31,ACTIVE
PL-STD,Standard Commercial Price List,Standard,INR,VAR-0285,136800.00,1,2026-01-01,2026-12-31,ACTIVE
PL-STD,Standard Commercial Price List,Standard,INR,VAR-0286,273600.00,1,2026-01-01,2026-12-31,ACTIVE
PL-STD,Standard Commercial Price List,Standard,INR,VAR-0287,62400.00,1,2026-01-01,2026-12-31,ACTIVE
PL-STD,Standard Commercial Price List,Standard,INR,VAR-0288,41400.00,1,2026-01-01,2026-12-31,ACTIVE
PL-STD,Standard Commercial Price List,Standard,INR,VAR-0289,71400.00,1,2026-01-01,2026-12-31,ACTIVE
PL-STD,Standard Commercial Price List,Standard,INR,VAR-0290,129600.00,1,2026-01-01,2026-12-31,ACTIVE
PL-STD,Standard Commercial Price List,Standard,INR,VAR-0291,22680.00,1,2026-01-01,2026-12-31,ACTIVE
PL-STD,Standard Commercial Price List,Standard,INR,VAR-0292,55800.00,1,2026-01-01,2026-12-31,ACTIVE
PL-STD,Standard Commercial Price List,Standard,INR,VAR-0293,86400.00,1,2026-01-01,2026-12-31,ACTIVE
PL-STD,Standard Commercial Price List,Standard,INR,VAR-0294,294000.00,1,2026-01-01,2026-12-31,ACTIVE
PL-STD,Standard Commercial Price List,Standard,INR,VAR-0295,47998.80,1,2026-01-01,2026-12-31,ACTIVE
PL-STD,Standard Commercial Price List,Standard,INR,VAR-0296,211000.00,1,2026-01-01,2026-12-31,ACTIVE
PL-STD,Standard Commercial Price List,Standard,INR,VAR-0297,342000.00,1,2026-01-01,2026-12-31,ACTIVE
PL-STD,Standard Commercial Price List,Standard,INR,VAR-0298,569000.00,1,2026-01-01,2026-12-31,ACTIVE
PL-STD,Standard Commercial Price List,Standard,INR,VAR-0299,157500.00,1,2026-01-01,2026-12-31,ACTIVE
PL-STD,Standard Commercial Price List,Standard,INR,VAR-0300,203500.00,1,2026-01-01,2026-12-31,ACTIVE
PL-STD,Standard Commercial Price List,Standard,INR,VAR-0301,459000.00,1,2026-01-01,2026-12-31,ACTIVE
PL-STD,Standard Commercial Price List,Standard,INR,VAR-0302,136000.00,1,2026-01-01,2026-12-31,ACTIVE
PL-STD,Standard Commercial Price List,Standard,INR,VAR-0303,145500.00,1,2026-01-01,2026-12-31,ACTIVE
PL-STD,Standard Commercial Price List,Standard,INR,VAR-0304,127000.00,1,2026-01-01,2026-12-31,ACTIVE
PL-STD,Standard Commercial Price List,Standard,INR,VAR-0305,156000.00,1,2026-01-01,2026-12-31,ACTIVE
PL-STD,Standard Commercial Price List,Standard,INR,VAR-0306,125800.00,1,2026-01-01,2026-12-31,ACTIVE
PL-STD,Standard Commercial Price List,Standard,INR,VAR-0307,151500.00,1,2026-01-01,2026-12-31,ACTIVE
PL-STD,Standard Commercial Price List,Standard,INR,VAR-0308,128000.00,1,2026-01-01,2026-12-31,ACTIVE
PL-STD,Standard Commercial Price List,Standard,INR,VAR-0309,44250.00,1,2026-01-01,2026-12-31,ACTIVE
PL-STD,Standard Commercial Price List,Standard,INR,VAR-0310,96000.00,1,2026-01-01,2026-12-31,ACTIVE
PL-STD,Standard Commercial Price List,Standard,INR,VAR-0311,177000.00,1,2026-01-01,2026-12-31,ACTIVE
PL-STD,Standard Commercial Price List,Standard,INR,VAR-0312,342000.00,1,2026-01-01,2026-12-31,ACTIVE
PL-STD,Standard Commercial Price List,Standard,INR,VAR-0313,667500.00,1,2026-01-01,2026-12-31,ACTIVE
PL-STD,Standard Commercial Price List,Standard,INR,VAR-0314,66750.00,1,2026-01-01,2026-12-31,ACTIVE
PL-STD,Standard Commercial Price List,Standard,INR,VAR-0315,163500.00,1,2026-01-01,2026-12-31,ACTIVE
PL-STD,Standard Commercial Price List,Standard,INR,VAR-0316,322500.00,1,2026-01-01,2026-12-31,ACTIVE
PL-STD,Standard Commercial Price List,Standard,INR,VAR-0317,70200.00,1,2026-01-01,2026-12-31,ACTIVE
PL-STD,Standard Commercial Price List,Standard,INR,VAR-0318,171000.00,1,2026-01-01,2026-12-31,ACTIVE
PL-STD,Standard Commercial Price List,Standard,INR,VAR-0319,630000.00,1,2026-01-01,2026-12-31,ACTIVE
PL-STD,Standard Commercial Price List,Standard,INR,VAR-0320,59250.00,1,2026-01-01,2026-12-31,ACTIVE
PL-STD,Standard Commercial Price List,Standard,INR,VAR-0321,34900.00,1,2026-01-01,2026-12-31,ACTIVE
PL-STD,Standard Commercial Price List,Standard,INR,VAR-0322,53500.00,1,2026-01-01,2026-12-31,ACTIVE
PL-STD,Standard Commercial Price List,Standard,INR,VAR-0323,94500.00,1,2026-01-01,2026-12-31,ACTIVE
PL-STD,Standard Commercial Price List,Standard,INR,VAR-0324,83000.00,1,2026-01-01,2026-12-31,ACTIVE
PL-STD,Standard Commercial Price List,Standard,INR,VAR-0325,50900.00,1,2026-01-01,2026-12-31,ACTIVE
PL-STD,Standard Commercial Price List,Standard,INR,VAR-0326,180000.00,1,2026-01-01,2026-12-31,ACTIVE
PL-STD,Standard Commercial Price List,Standard,INR,VAR-0327,65500.00,1,2026-01-01,2026-12-31,ACTIVE
PL-STD,Standard Commercial Price List,Standard,INR,VAR-0328,87900.00,1,2026-01-01,2026-12-31,ACTIVE
PL-STD,Standard Commercial Price List,Standard,INR,VAR-0329,75500.00,1,2026-01-01,2026-12-31,ACTIVE
PL-STD,Standard Commercial Price List,Standard,INR,VAR-0330,93999.00,1,2026-01-01,2026-12-31,ACTIVE
PL-STD,Standard Commercial Price List,Standard,INR,VAR-0331,27000.00,1,2026-01-01,2026-12-31,ACTIVE
PL-STD,Standard Commercial Price List,Standard,INR,VAR-0332,19000.00,1,2026-01-01,2026-12-31,ACTIVE
PL-STD,Standard Commercial Price List,Standard,INR,VAR-0333,25400.00,1,2026-01-01,2026-12-31,ACTIVE
PL-STD,Standard Commercial Price List,Standard,INR,VAR-0334,18000.00,1,2026-01-01,2026-12-31,ACTIVE
PL-STD,Standard Commercial Price List,Standard,INR,VAR-0335,26300.00,1,2026-01-01,2026-12-31,ACTIVE
PL-STD,Standard Commercial Price List,Standard,INR,VAR-0336,17400.00,1,2026-01-01,2026-12-31,ACTIVE
PL-STD,Standard Commercial Price List,Standard,INR,VAR-0337,11995.00,1,2026-01-01,2026-12-31,ACTIVE
PL-STD,Standard Commercial Price List,Standard,INR,VAR-0338,4495.00,1,2026-01-01,2026-12-31,ACTIVE
PL-STD,Standard Commercial Price List,Standard,INR,VAR-0339,19495.00,1,2026-01-01,2026-12-31,ACTIVE
PL-STD,Standard Commercial Price List,Standard,INR,VAR-0340,9495.00,1,2026-01-01,2026-12-31,ACTIVE
PL-STD,Standard Commercial Price List,Standard,INR,VAR-0341,22000.00,1,2026-01-01,2026-12-31,ACTIVE
PL-STD,Standard Commercial Price List,Standard,INR,VAR-0342,10700.00,1,2026-01-01,2026-12-31,ACTIVE
PL-STD,Standard Commercial Price List,Standard,INR,VAR-0343,24000.00,1,2026-01-01,2026-12-31,ACTIVE
PL-STD,Standard Commercial Price List,Standard,INR,VAR-0344,5300.00,1,2026-01-01,2026-12-31,ACTIVE
PL-STD,Standard Commercial Price List,Standard,INR,VAR-0345,5700.00,1,2026-01-01,2026-12-31,ACTIVE
PL-STD,Standard Commercial Price List,Standard,INR,VAR-0346,3100.00,1,2026-01-01,2026-12-31,ACTIVE
PL-STD,Standard Commercial Price List,Standard,INR,VAR-0347,2600.00,1,2026-01-01,2026-12-31,ACTIVE
PL-STD,Standard Commercial Price List,Standard,INR,VAR-0348,6999.00,1,2026-01-01,2026-12-31,ACTIVE
PL-STD,Standard Commercial Price List,Standard,INR,VAR-0349,4999.00,1,2026-01-01,2026-12-31,ACTIVE
PL-STD,Standard Commercial Price List,Standard,INR,VAR-0350,353000.00,1,2026-01-01,2026-12-31,ACTIVE
PL-STD,Standard Commercial Price List,Standard,INR,VAR-0351,296000.00,1,2026-01-01,2026-12-31,ACTIVE
PL-STD,Standard Commercial Price List,Standard,INR,VAR-0352,106000.00,1,2026-01-01,2026-12-31,ACTIVE
PL-STD,Standard Commercial Price List,Standard,INR,VAR-0353,333000.00,1,2026-01-01,2026-12-31,ACTIVE
PL-STD,Standard Commercial Price List,Standard,INR,VAR-0354,548000.00,1,2026-01-01,2026-12-31,ACTIVE
PL-STD,Standard Commercial Price List,Standard,INR,VAR-0355,34000.00,1,2026-01-01,2026-12-31,ACTIVE
PL-STD,Standard Commercial Price List,Standard,INR,VAR-0356,246000.00,1,2026-01-01,2026-12-31,ACTIVE
PL-STD,Standard Commercial Price List,Standard,INR,VAR-0357,373000.00,1,2026-01-01,2026-12-31,ACTIVE
PL-STD,Standard Commercial Price List,Standard,INR,VAR-0358,237000.00,1,2026-01-01,2026-12-31,ACTIVE
PL-STD,Standard Commercial Price List,Standard,INR,VAR-0359,333000.00,1,2026-01-01,2026-12-31,ACTIVE
PL-STD,Standard Commercial Price List,Standard,INR,VAR-0360,18300.00,1,2026-01-01,2026-12-31,ACTIVE
PL-STD,Standard Commercial Price List,Standard,INR,VAR-0361,39300.00,1,2026-01-01,2026-12-31,ACTIVE
PL-STD,Standard Commercial Price List,Standard,INR,VAR-0362,8600.00,1,2026-01-01,2026-12-31,ACTIVE
PL-STD,Standard Commercial Price List,Standard,INR,VAR-0363,8000.00,1,2026-01-01,2026-12-31,ACTIVE
PL-STD,Standard Commercial Price List,Standard,INR,VAR-0364,6000.00,1,2026-01-01,2026-12-31,ACTIVE
PL-STD,Standard Commercial Price List,Standard,INR,VAR-0365,14300.00,1,2026-01-01,2026-12-31,ACTIVE
PL-STD,Standard Commercial Price List,Standard,INR,VAR-0366,12600.00,1,2026-01-01,2026-12-31,ACTIVE
PL-SMB,SMB Advantage Price List,SMB,INR,VAR-0001,70775.00,5,2026-01-01,2026-12-31,ACTIVE
PL-SMB,SMB Advantage Price List,SMB,INR,VAR-0002,85975.00,5,2026-01-01,2026-12-31,ACTIVE
PL-SMB,SMB Advantage Price List,SMB,INR,VAR-0003,99750.00,5,2026-01-01,2026-12-31,ACTIVE
PL-SMB,SMB Advantage Price List,SMB,INR,VAR-0004,120650.00,5,2026-01-01,2026-12-31,ACTIVE
PL-SMB,SMB Advantage Price List,SMB,INR,VAR-0005,49400.00,5,2026-01-01,2026-12-31,ACTIVE
PL-SMB,SMB Advantage Price List,SMB,INR,VAR-0006,58900.00,5,2026-01-01,2026-12-31,ACTIVE
PL-SMB,SMB Advantage Price List,SMB,INR,VAR-0007,127300.00,5,2026-01-01,2026-12-31,ACTIVE
PL-SMB,SMB Advantage Price List,SMB,INR,VAR-0008,245100.00,5,2026-01-01,2026-12-31,ACTIVE
PL-SMB,SMB Advantage Price List,SMB,INR,VAR-0009,74100.00,5,2026-01-01,2026-12-31,ACTIVE
PL-SMB,SMB Advantage Price List,SMB,INR,VAR-0010,90250.00,5,2026-01-01,2026-12-31,ACTIVE
PL-SMB,SMB Advantage Price List,SMB,INR,VAR-0011,81700.00,5,2026-01-01,2026-12-31,ACTIVE
PL-SMB,SMB Advantage Price List,SMB,INR,VAR-0012,146300.00,5,2026-01-01,2026-12-31,ACTIVE
PL-SMB,SMB Advantage Price List,SMB,INR,VAR-0013,176700.00,5,2026-01-01,2026-12-31,ACTIVE
PL-SMB,SMB Advantage Price List,SMB,INR,VAR-0014,134900.00,5,2026-01-01,2026-12-31,ACTIVE
PL-SMB,SMB Advantage Price List,SMB,INR,VAR-0015,51775.00,5,2026-01-01,2026-12-31,ACTIVE
PL-SMB,SMB Advantage Price List,SMB,INR,VAR-0016,76950.00,5,2026-01-01,2026-12-31,ACTIVE
PL-SMB,SMB Advantage Price List,SMB,INR,VAR-0017,94050.00,5,2026-01-01,2026-12-31,ACTIVE
PL-SMB,SMB Advantage Price List,SMB,INR,VAR-0018,63650.00,5,2026-01-01,2026-12-31,ACTIVE
PL-SMB,SMB Advantage Price List,SMB,INR,VAR-0019,54625.00,5,2026-01-01,2026-12-31,ACTIVE
PL-SMB,SMB Advantage Price List,SMB,INR,VAR-0020,112100.00,5,2026-01-01,2026-12-31,ACTIVE
PL-SMB,SMB Advantage Price List,SMB,INR,VAR-0021,151050.00,5,2026-01-01,2026-12-31,ACTIVE
PL-SMB,SMB Advantage Price List,SMB,INR,VAR-0022,189905.00,5,2026-01-01,2026-12-31,ACTIVE
PL-SMB,SMB Advantage Price List,SMB,INR,VAR-0023,226005.00,5,2026-01-01,2026-12-31,ACTIVE
PL-SMB,SMB Advantage Price List,SMB,INR,VAR-0024,332405.00,5,2026-01-01,2026-12-31,ACTIVE
PL-SMB,SMB Advantage Price List,SMB,INR,VAR-0025,94905.00,5,2026-01-01,2026-12-31,ACTIVE
PL-SMB,SMB Advantage Price List,SMB,INR,VAR-0026,110105.00,5,2026-01-01,2026-12-31,ACTIVE
PL-SMB,SMB Advantage Price List,SMB,INR,VAR-0027,55100.00,5,2026-01-01,2026-12-31,ACTIVE
PL-SMB,SMB Advantage Price List,SMB,INR,VAR-0028,69350.00,5,2026-01-01,2026-12-31,ACTIVE
PL-SMB,SMB Advantage Price List,SMB,INR,VAR-0029,51300.00,5,2026-01-01,2026-12-31,ACTIVE
PL-SMB,SMB Advantage Price List,SMB,INR,VAR-0030,59850.00,5,2026-01-01,2026-12-31,ACTIVE
PL-SMB,SMB Advantage Price List,SMB,INR,VAR-0031,77900.00,5,2026-01-01,2026-12-31,ACTIVE
PL-SMB,SMB Advantage Price List,SMB,INR,VAR-0032,52250.00,5,2026-01-01,2026-12-31,ACTIVE
PL-SMB,SMB Advantage Price List,SMB,INR,VAR-0033,50350.00,5,2026-01-01,2026-12-31,ACTIVE
PL-SMB,SMB Advantage Price List,SMB,INR,VAR-0034,66500.00,5,2026-01-01,2026-12-31,ACTIVE
PL-SMB,SMB Advantage Price List,SMB,INR,VAR-0035,84550.00,5,2026-01-01,2026-12-31,ACTIVE
PL-SMB,SMB Advantage Price List,SMB,INR,VAR-0036,53675.00,5,2026-01-01,2026-12-31,ACTIVE
PL-SMB,SMB Advantage Price List,SMB,INR,VAR-0037,50350.00,5,2026-01-01,2026-12-31,ACTIVE
PL-SMB,SMB Advantage Price List,SMB,INR,VAR-0038,73150.00,5,2026-01-01,2026-12-31,ACTIVE
PL-SMB,SMB Advantage Price List,SMB,INR,VAR-0039,60800.00,5,2026-01-01,2026-12-31,ACTIVE
PL-SMB,SMB Advantage Price List,SMB,INR,VAR-0040,123405.00,5,2026-01-01,2026-12-31,ACTIVE
PL-SMB,SMB Advantage Price List,SMB,INR,VAR-0041,163305.00,5,2026-01-01,2026-12-31,ACTIVE
PL-SMB,SMB Advantage Price List,SMB,INR,VAR-0042,199405.00,5,2026-01-01,2026-12-31,ACTIVE
PL-SMB,SMB Advantage Price List,SMB,INR,VAR-0043,135610.00,5,2026-01-01,2026-12-31,ACTIVE
PL-SMB,SMB Advantage Price List,SMB,INR,VAR-0044,185270.00,5,2026-01-01,2026-12-31,ACTIVE
PL-SMB,SMB Advantage Price List,SMB,INR,VAR-0045,262625.00,5,2026-01-01,2026-12-31,ACTIVE
PL-SMB,SMB Advantage Price List,SMB,INR,VAR-0046,568225.00,5,2026-01-01,2026-12-31,ACTIVE
PL-SMB,SMB Advantage Price List,SMB,INR,VAR-0047,189090.00,5,2026-01-01,2026-12-31,ACTIVE
PL-SMB,SMB Advantage Price List,SMB,INR,VAR-0048,126060.00,5,2026-01-01,2026-12-31,ACTIVE
PL-SMB,SMB Advantage Price List,SMB,INR,VAR-0049,233975.00,5,2026-01-01,2026-12-31,ACTIVE
PL-SMB,SMB Advantage Price List,SMB,INR,VAR-0050,658950.00,5,2026-01-01,2026-12-31,ACTIVE
PL-SMB,SMB Advantage Price List,SMB,INR,VAR-0051,200550.00,5,2026-01-01,2026-12-31,ACTIVE
PL-SMB,SMB Advantage Price List,SMB,INR,VAR-0052,131790.00,5,2026-01-01,2026-12-31,ACTIVE
PL-SMB,SMB Advantage Price List,SMB,INR,VAR-0053,248300.00,5,2026-01-01,2026-12-31,ACTIVE
PL-SMB,SMB Advantage Price List,SMB,INR,VAR-0054,453625.00,5,2026-01-01,2026-12-31,ACTIVE
PL-SMB,SMB Advantage Price List,SMB,INR,VAR-0055,849950.00,5,2026-01-01,2026-12-31,ACTIVE
PL-SMB,SMB Advantage Price List,SMB,INR,VAR-0056,334250.00,5,2026-01-01,2026-12-31,ACTIVE
PL-SMB,SMB Advantage Price List,SMB,INR,VAR-0057,448850.00,5,2026-01-01,2026-12-31,ACTIVE
PL-SMB,SMB Advantage Price List,SMB,INR,VAR-0058,501375.00,5,2026-01-01,2026-12-31,ACTIVE
PL-SMB,SMB Advantage Price List,SMB,INR,VAR-0059,835625.00,5,2026-01-01,2026-12-31,ACTIVE
PL-SMB,SMB Advantage Price List,SMB,INR,VAR-0060,401100.00,5,2026-01-01,2026-12-31,ACTIVE
PL-SMB,SMB Advantage Price List,SMB,INR,VAR-0061,148025.00,5,2026-01-01,2026-12-31,ACTIVE
PL-SMB,SMB Advantage Price List,SMB,INR,VAR-0062,367675.00,5,2026-01-01,2026-12-31,ACTIVE
PL-SMB,SMB Advantage Price List,SMB,INR,VAR-0063,348575.00,5,2026-01-01,2026-12-31,ACTIVE
PL-SMB,SMB Advantage Price List,SMB,INR,VAR-0064,520475.00,5,2026-01-01,2026-12-31,ACTIVE
PL-SMB,SMB Advantage Price List,SMB,INR,VAR-0065,380090.00,5,2026-01-01,2026-12-31,ACTIVE
PL-SMB,SMB Advantage Price List,SMB,INR,VAR-0066,80220.00,5,2026-01-01,2026-12-31,ACTIVE
PL-SMB,SMB Advantage Price List,SMB,INR,VAR-0067,513790.00,5,2026-01-01,2026-12-31,ACTIVE
PL-SMB,SMB Advantage Price List,SMB,INR,VAR-0068,343800.00,5,2026-01-01,2026-12-31,ACTIVE
PL-SMB,SMB Advantage Price List,SMB,INR,VAR-0069,139430.00,5,2026-01-01,2026-12-31,ACTIVE
PL-SMB,SMB Advantage Price List,SMB,INR,VAR-0070,332340.00,5,2026-01-01,2026-12-31,ACTIVE
PL-SMB,SMB Advantage Price List,SMB,INR,VAR-0071,687600.00,5,2026-01-01,2026-12-31,ACTIVE
PL-SMB,SMB Advantage Price List,SMB,INR,VAR-0072,71155.00,5,2026-01-01,2026-12-31,ACTIVE
PL-SMB,SMB Advantage Price List,SMB,INR,VAR-0073,80655.00,5,2026-01-01,2026-12-31,ACTIVE
PL-SMB,SMB Advantage Price List,SMB,INR,VAR-0074,99655.00,5,2026-01-01,2026-12-31,ACTIVE
PL-SMB,SMB Advantage Price List,SMB,INR,VAR-0075,123310.00,5,2026-01-01,2026-12-31,ACTIVE
PL-SMB,SMB Advantage Price List,SMB,INR,VAR-0076,132810.00,5,2026-01-01,2026-12-31,ACTIVE
PL-SMB,SMB Advantage Price List,SMB,INR,VAR-0077,151810.00,5,2026-01-01,2026-12-31,ACTIVE
PL-SMB,SMB Advantage Price List,SMB,INR,VAR-0078,151905.00,5,2026-01-01,2026-12-31,ACTIVE
PL-SMB,SMB Advantage Price List,SMB,INR,VAR-0079,170905.00,5,2026-01-01,2026-12-31,ACTIVE
PL-SMB,SMB Advantage Price List,SMB,INR,VAR-0080,59755.00,5,2026-01-01,2026-12-31,ACTIVE
PL-SMB,SMB Advantage Price List,SMB,INR,VAR-0081,71249.05,5,2026-01-01,2026-12-31,ACTIVE
PL-SMB,SMB Advantage Price List,SMB,INR,VAR-0082,75999.05,5,2026-01-01,2026-12-31,ACTIVE
PL-SMB,SMB Advantage Price List,SMB,INR,VAR-0083,123499.05,5,2026-01-01,2026-12-31,ACTIVE
PL-SMB,SMB Advantage Price List,SMB,INR,VAR-0084,132999.05,5,2026-01-01,2026-12-31,ACTIVE
PL-SMB,SMB Advantage Price List,SMB,INR,VAR-0085,92149.05,5,2026-01-01,2026-12-31,ACTIVE
PL-SMB,SMB Advantage Price List,SMB,INR,VAR-0086,35149.05,5,2026-01-01,2026-12-31,ACTIVE
PL-SMB,SMB Advantage Price List,SMB,INR,VAR-0087,38949.05,5,2026-01-01,2026-12-31,ACTIVE
PL-SMB,SMB Advantage Price List,SMB,INR,VAR-0088,50349.05,5,2026-01-01,2026-12-31,ACTIVE
PL-SMB,SMB Advantage Price List,SMB,INR,VAR-0089,101649.05,5,2026-01-01,2026-12-31,ACTIVE
PL-SMB,SMB Advantage Price List,SMB,INR,VAR-0090,108299.05,5,2026-01-01,2026-12-31,ACTIVE
PL-SMB,SMB Advantage Price List,SMB,INR,VAR-0091,72199.05,5,2026-01-01,2026-12-31,ACTIVE
PL-SMB,SMB Advantage Price List,SMB,INR,VAR-0092,61749.05,5,2026-01-01,2026-12-31,ACTIVE
PL-SMB,SMB Advantage Price List,SMB,INR,VAR-0093,67449.05,5,2026-01-01,2026-12-31,ACTIVE
PL-SMB,SMB Advantage Price List,SMB,INR,VAR-0094,37905.00,5,2026-01-01,2026-12-31,ACTIVE
PL-SMB,SMB Advantage Price List,SMB,INR,VAR-0095,58805.00,5,2026-01-01,2026-12-31,ACTIVE
PL-SMB,SMB Advantage Price List,SMB,INR,VAR-0096,56905.00,5,2026-01-01,2026-12-31,ACTIVE
PL-SMB,SMB Advantage Price List,SMB,INR,VAR-0097,76855.00,5,2026-01-01,2026-12-31,ACTIVE
PL-SMB,SMB Advantage Price List,SMB,INR,VAR-0098,94905.00,5,2026-01-01,2026-12-31,ACTIVE
PL-SMB,SMB Advantage Price List,SMB,INR,VAR-0099,123405.00,5,2026-01-01,2026-12-31,ACTIVE
PL-SMB,SMB Advantage Price List,SMB,INR,VAR-0100,69349.05,5,2026-01-01,2026-12-31,ACTIVE
PL-SMB,SMB Advantage Price List,SMB,INR,VAR-0101,80749.05,5,2026-01-01,2026-12-31,ACTIVE
PL-SMB,SMB Advantage Price List,SMB,INR,VAR-0102,110199.05,5,2026-01-01,2026-12-31,ACTIVE
PL-SMB,SMB Advantage Price List,SMB,INR,VAR-0103,57949.05,5,2026-01-01,2026-12-31,ACTIVE
PL-SMB,SMB Advantage Price List,SMB,INR,VAR-0104,54149.05,5,2026-01-01,2026-12-31,ACTIVE
PL-SMB,SMB Advantage Price List,SMB,INR,VAR-0105,13490.00,5,2026-01-01,2026-12-31,ACTIVE
PL-SMB,SMB Advantage Price List,SMB,INR,VAR-0106,16910.00,5,2026-01-01,2026-12-31,ACTIVE
PL-SMB,SMB Advantage Price List,SMB,INR,VAR-0107,31160.00,5,2026-01-01,2026-12-31,ACTIVE
PL-SMB,SMB Advantage Price List,SMB,INR,VAR-0108,36955.00,5,2026-01-01,2026-12-31,ACTIVE
PL-SMB,SMB Advantage Price List,SMB,INR,VAR-0109,66405.00,5,2026-01-01,2026-12-31,ACTIVE
PL-SMB,SMB Advantage Price List,SMB,INR,VAR-0110,82175.00,5,2026-01-01,2026-12-31,ACTIVE
PL-SMB,SMB Advantage Price List,SMB,INR,VAR-0111,13110.00,5,2026-01-01,2026-12-31,ACTIVE
PL-SMB,SMB Advantage Price List,SMB,INR,VAR-0112,16625.00,5,2026-01-01,2026-12-31,ACTIVE
PL-SMB,SMB Advantage Price List,SMB,INR,VAR-0113,32300.00,5,2026-01-01,2026-12-31,ACTIVE
PL-SMB,SMB Advantage Price List,SMB,INR,VAR-0114,55100.00,5,2026-01-01,2026-12-31,ACTIVE
PL-SMB,SMB Advantage Price List,SMB,INR,VAR-0115,12825.00,5,2026-01-01,2026-12-31,ACTIVE
PL-SMB,SMB Advantage Price List,SMB,INR,VAR-0116,30875.00,5,2026-01-01,2026-12-31,ACTIVE
PL-SMB,SMB Advantage Price List,SMB,INR,VAR-0117,71155.00,5,2026-01-01,2026-12-31,ACTIVE
PL-SMB,SMB Advantage Price List,SMB,INR,VAR-0118,47499.05,5,2026-01-01,2026-12-31,ACTIVE
PL-SMB,SMB Advantage Price List,SMB,INR,VAR-0119,169100.00,5,2026-01-01,2026-12-31,ACTIVE
PL-SMB,SMB Advantage Price List,SMB,INR,VAR-0120,270750.00,5,2026-01-01,2026-12-31,ACTIVE
PL-SMB,SMB Advantage Price List,SMB,INR,VAR-0121,494000.00,5,2026-01-01,2026-12-31,ACTIVE
PL-SMB,SMB Advantage Price List,SMB,INR,VAR-0122,28025.00,5,2026-01-01,2026-12-31,ACTIVE
PL-SMB,SMB Advantage Price List,SMB,INR,VAR-0123,56050.00,5,2026-01-01,2026-12-31,ACTIVE
PL-SMB,SMB Advantage Price List,SMB,INR,VAR-0124,108300.00,5,2026-01-01,2026-12-31,ACTIVE
PL-SMB,SMB Advantage Price List,SMB,INR,VAR-0125,216600.00,5,2026-01-01,2026-12-31,ACTIVE
PL-SMB,SMB Advantage Price List,SMB,INR,VAR-0126,49400.00,5,2026-01-01,2026-12-31,ACTIVE
PL-SMB,SMB Advantage Price List,SMB,INR,VAR-0127,32775.00,5,2026-01-01,2026-12-31,ACTIVE
PL-SMB,SMB Advantage Price List,SMB,INR,VAR-0128,56525.00,5,2026-01-01,2026-12-31,ACTIVE
PL-SMB,SMB Advantage Price List,SMB,INR,VAR-0129,102600.00,5,2026-01-01,2026-12-31,ACTIVE
PL-SMB,SMB Advantage Price List,SMB,INR,VAR-0130,17955.00,5,2026-01-01,2026-12-31,ACTIVE
PL-SMB,SMB Advantage Price List,SMB,INR,VAR-0131,44175.00,5,2026-01-01,2026-12-31,ACTIVE
PL-SMB,SMB Advantage Price List,SMB,INR,VAR-0132,68400.00,5,2026-01-01,2026-12-31,ACTIVE
PL-SMB,SMB Advantage Price List,SMB,INR,VAR-0133,232750.00,5,2026-01-01,2026-12-31,ACTIVE
PL-SMB,SMB Advantage Price List,SMB,INR,VAR-0134,37999.05,5,2026-01-01,2026-12-31,ACTIVE
PL-SMB,SMB Advantage Price List,SMB,INR,VAR-0135,55575.00,5,2026-01-01,2026-12-31,ACTIVE
PL-SMB,SMB Advantage Price List,SMB,INR,VAR-0136,120175.00,5,2026-01-01,2026-12-31,ACTIVE
PL-SMB,SMB Advantage Price List,SMB,INR,VAR-0137,101650.00,5,2026-01-01,2026-12-31,ACTIVE
PL-SMB,SMB Advantage Price List,SMB,INR,VAR-0138,226100.00,5,2026-01-01,2026-12-31,ACTIVE
PL-SMB,SMB Advantage Price List,SMB,INR,VAR-0139,441750.00,5,2026-01-01,2026-12-31,ACTIVE
PL-SMB,SMB Advantage Price List,SMB,INR,VAR-0140,50825.00,5,2026-01-01,2026-12-31,ACTIVE
PL-SMB,SMB Advantage Price List,SMB,INR,VAR-0141,94525.00,5,2026-01-01,2026-12-31,ACTIVE
PL-SMB,SMB Advantage Price List,SMB,INR,VAR-0142,337250.00,5,2026-01-01,2026-12-31,ACTIVE
PL-SMB,SMB Advantage Price List,SMB,INR,VAR-0143,30400.00,5,2026-01-01,2026-12-31,ACTIVE
PL-SMB,SMB Advantage Price List,SMB,INR,VAR-0144,39425.00,5,2026-01-01,2026-12-31,ACTIVE
PL-SMB,SMB Advantage Price List,SMB,INR,VAR-0145,21850.00,5,2026-01-01,2026-12-31,ACTIVE
PL-SMB,SMB Advantage Price List,SMB,INR,VAR-0146,49400.00,5,2026-01-01,2026-12-31,ACTIVE
PL-SMB,SMB Advantage Price List,SMB,INR,VAR-0147,20710.00,5,2026-01-01,2026-12-31,ACTIVE
PL-SMB,SMB Advantage Price List,SMB,INR,VAR-0148,45125.00,5,2026-01-01,2026-12-31,ACTIVE
PL-SMB,SMB Advantage Price List,SMB,INR,VAR-0149,22800.00,5,2026-01-01,2026-12-31,ACTIVE
PL-SMB,SMB Advantage Price List,SMB,INR,VAR-0150,28025.00,5,2026-01-01,2026-12-31,ACTIVE
PL-SMB,SMB Advantage Price List,SMB,INR,VAR-0151,60800.00,5,2026-01-01,2026-12-31,ACTIVE
PL-SMB,SMB Advantage Price List,SMB,INR,VAR-0152,112100.00,5,2026-01-01,2026-12-31,ACTIVE
PL-SMB,SMB Advantage Price List,SMB,INR,VAR-0153,216600.00,5,2026-01-01,2026-12-31,ACTIVE
PL-SMB,SMB Advantage Price List,SMB,INR,VAR-0154,422750.00,5,2026-01-01,2026-12-31,ACTIVE
PL-SMB,SMB Advantage Price List,SMB,INR,VAR-0155,42275.00,5,2026-01-01,2026-12-31,ACTIVE
PL-SMB,SMB Advantage Price List,SMB,INR,VAR-0156,103550.00,5,2026-01-01,2026-12-31,ACTIVE
PL-SMB,SMB Advantage Price List,SMB,INR,VAR-0157,204250.00,5,2026-01-01,2026-12-31,ACTIVE
PL-SMB,SMB Advantage Price List,SMB,INR,VAR-0158,44460.00,5,2026-01-01,2026-12-31,ACTIVE
PL-SMB,SMB Advantage Price List,SMB,INR,VAR-0159,108300.00,5,2026-01-01,2026-12-31,ACTIVE
PL-SMB,SMB Advantage Price List,SMB,INR,VAR-0160,399000.00,5,2026-01-01,2026-12-31,ACTIVE
PL-SMB,SMB Advantage Price List,SMB,INR,VAR-0161,37525.00,5,2026-01-01,2026-12-31,ACTIVE
PL-SMB,SMB Advantage Price List,SMB,INR,VAR-0162,21755.00,5,2026-01-01,2026-12-31,ACTIVE
PL-SMB,SMB Advantage Price List,SMB,INR,VAR-0163,39425.00,5,2026-01-01,2026-12-31,ACTIVE
PL-SMB,SMB Advantage Price List,SMB,INR,VAR-0164,78375.00,5,2026-01-01,2026-12-31,ACTIVE
PL-SMB,SMB Advantage Price List,SMB,INR,VAR-0165,67450.00,5,2026-01-01,2026-12-31,ACTIVE
PL-SMB,SMB Advantage Price List,SMB,INR,VAR-0166,36955.00,5,2026-01-01,2026-12-31,ACTIVE
PL-SMB,SMB Advantage Price List,SMB,INR,VAR-0167,159600.00,5,2026-01-01,2026-12-31,ACTIVE
PL-SMB,SMB Advantage Price List,SMB,INR,VAR-0168,50825.00,5,2026-01-01,2026-12-31,ACTIVE
PL-SMB,SMB Advantage Price List,SMB,INR,VAR-0169,72105.00,5,2026-01-01,2026-12-31,ACTIVE
PL-SMB,SMB Advantage Price List,SMB,INR,VAR-0170,60325.00,5,2026-01-01,2026-12-31,ACTIVE
PL-SMB,SMB Advantage Price List,SMB,INR,VAR-0171,77899.05,5,2026-01-01,2026-12-31,ACTIVE
PL-SMB,SMB Advantage Price List,SMB,INR,VAR-0172,24843.75,5,2026-01-01,2026-12-31,ACTIVE
PL-SMB,SMB Advantage Price List,SMB,INR,VAR-0173,17343.75,5,2026-01-01,2026-12-31,ACTIVE
PL-SMB,SMB Advantage Price List,SMB,INR,VAR-0174,23343.75,5,2026-01-01,2026-12-31,ACTIVE
PL-SMB,SMB Advantage Price List,SMB,INR,VAR-0175,16406.25,5,2026-01-01,2026-12-31,ACTIVE
PL-SMB,SMB Advantage Price List,SMB,INR,VAR-0176,24187.50,5,2026-01-01,2026-12-31,ACTIVE
PL-SMB,SMB Advantage Price List,SMB,INR,VAR-0177,15843.75,5,2026-01-01,2026-12-31,ACTIVE
PL-SMB,SMB Advantage Price List,SMB,INR,VAR-0178,8901.56,5,2026-01-01,2026-12-31,ACTIVE
PL-SMB,SMB Advantage Price List,SMB,INR,VAR-0179,8901.56,5,2026-01-01,2026-12-31,ACTIVE
PL-SMB,SMB Advantage Price List,SMB,INR,VAR-0180,10776.56,5,2026-01-01,2026-12-31,ACTIVE
PL-SMB,SMB Advantage Price List,SMB,INR,VAR-0181,3745.31,5,2026-01-01,2026-12-31,ACTIVE
PL-SMB,SMB Advantage Price List,SMB,INR,VAR-0182,17807.81,5,2026-01-01,2026-12-31,ACTIVE
PL-SMB,SMB Advantage Price List,SMB,INR,VAR-0183,8432.81,5,2026-01-01,2026-12-31,ACTIVE
PL-SMB,SMB Advantage Price List,SMB,INR,VAR-0184,20156.25,5,2026-01-01,2026-12-31,ACTIVE
PL-SMB,SMB Advantage Price List,SMB,INR,VAR-0185,9562.50,5,2026-01-01,2026-12-31,ACTIVE
PL-SMB,SMB Advantage Price List,SMB,INR,VAR-0186,22031.25,5,2026-01-01,2026-12-31,ACTIVE
PL-SMB,SMB Advantage Price List,SMB,INR,VAR-0187,4500.00,5,2026-01-01,2026-12-31,ACTIVE
PL-SMB,SMB Advantage Price List,SMB,INR,VAR-0188,4875.00,5,2026-01-01,2026-12-31,ACTIVE
PL-SMB,SMB Advantage Price List,SMB,INR,VAR-0189,2437.50,5,2026-01-01,2026-12-31,ACTIVE
PL-SMB,SMB Advantage Price List,SMB,INR,VAR-0190,1968.75,5,2026-01-01,2026-12-31,ACTIVE
PL-SMB,SMB Advantage Price List,SMB,INR,VAR-0191,6092.81,5,2026-01-01,2026-12-31,ACTIVE
PL-SMB,SMB Advantage Price List,SMB,INR,VAR-0192,4217.81,5,2026-01-01,2026-12-31,ACTIVE
PL-SMB,SMB Advantage Price List,SMB,INR,VAR-0193,308750.00,5,2026-01-01,2026-12-31,ACTIVE
PL-SMB,SMB Advantage Price List,SMB,INR,VAR-0194,254600.00,5,2026-01-01,2026-12-31,ACTIVE
PL-SMB,SMB Advantage Price List,SMB,INR,VAR-0195,74100.00,5,2026-01-01,2026-12-31,ACTIVE
PL-SMB,SMB Advantage Price List,SMB,INR,VAR-0196,289750.00,5,2026-01-01,2026-12-31,ACTIVE
PL-SMB,SMB Advantage Price List,SMB,INR,VAR-0197,494000.00,5,2026-01-01,2026-12-31,ACTIVE
PL-SMB,SMB Advantage Price List,SMB,INR,VAR-0198,31406.25,5,2026-01-01,2026-12-31,ACTIVE
PL-SMB,SMB Advantage Price List,SMB,INR,VAR-0199,207100.00,5,2026-01-01,2026-12-31,ACTIVE
PL-SMB,SMB Advantage Price List,SMB,INR,VAR-0200,327750.00,5,2026-01-01,2026-12-31,ACTIVE
PL-SMB,SMB Advantage Price List,SMB,INR,VAR-0201,198550.00,5,2026-01-01,2026-12-31,ACTIVE
PL-SMB,SMB Advantage Price List,SMB,INR,VAR-0202,289750.00,5,2026-01-01,2026-12-31,ACTIVE
PL-SMB,SMB Advantage Price List,SMB,INR,VAR-0203,15675.00,5,2026-01-01,2026-12-31,ACTIVE
PL-SMB,SMB Advantage Price List,SMB,INR,VAR-0204,35625.00,5,2026-01-01,2026-12-31,ACTIVE
PL-SMB,SMB Advantage Price List,SMB,INR,VAR-0205,6460.00,5,2026-01-01,2026-12-31,ACTIVE
PL-SMB,SMB Advantage Price List,SMB,INR,VAR-0206,5890.00,5,2026-01-01,2026-12-31,ACTIVE
PL-SMB,SMB Advantage Price List,SMB,INR,VAR-0207,3420.00,5,2026-01-01,2026-12-31,ACTIVE
PL-SMB,SMB Advantage Price List,SMB,INR,VAR-0208,3420.00,5,2026-01-01,2026-12-31,ACTIVE
PL-SMB,SMB Advantage Price List,SMB,INR,VAR-0209,3990.00,5,2026-01-01,2026-12-31,ACTIVE
PL-SMB,SMB Advantage Price List,SMB,INR,VAR-0210,11875.00,5,2026-01-01,2026-12-31,ACTIVE
PL-SMB,SMB Advantage Price List,SMB,INR,VAR-0211,7980.00,5,2026-01-01,2026-12-31,ACTIVE
PL-SMB,SMB Advantage Price List,SMB,INR,VAR-0212,155306.00,5,2026-01-01,2026-12-31,ACTIVE
PL-SMB,SMB Advantage Price List,SMB,INR,VAR-0213,299022.00,5,2026-01-01,2026-12-31,ACTIVE
PL-SMB,SMB Advantage Price List,SMB,INR,VAR-0214,99674.00,5,2026-01-01,2026-12-31,ACTIVE
PL-SMB,SMB Advantage Price List,SMB,INR,VAR-0215,164578.00,5,2026-01-01,2026-12-31,ACTIVE
PL-SMB,SMB Advantage Price List,SMB,INR,VAR-0216,63165.50,5,2026-01-01,2026-12-31,ACTIVE
PL-SMB,SMB Advantage Price List,SMB,INR,VAR-0217,77653.00,5,2026-01-01,2026-12-31,ACTIVE
PL-SMB,SMB Advantage Price List,SMB,INR,VAR-0218,66642.50,5,2026-01-01,2026-12-31,ACTIVE
PL-SMB,SMB Advantage Price List,SMB,INR,VAR-0219,136762.00,5,2026-01-01,2026-12-31,ACTIVE
PL-SMB,SMB Advantage Price List,SMB,INR,VAR-0220,184281.00,5,2026-01-01,2026-12-31,ACTIVE
PL-SMB,SMB Advantage Price List,SMB,INR,VAR-0221,405534.10,5,2026-01-01,2026-12-31,ACTIVE
PL-SMB,SMB Advantage Price List,SMB,INR,VAR-0222,62586.00,5,2026-01-01,2026-12-31,ACTIVE
PL-SMB,SMB Advantage Price List,SMB,INR,VAR-0223,73017.00,5,2026-01-01,2026-12-31,ACTIVE
PL-SMB,SMB Advantage Price List,SMB,INR,VAR-0224,95038.00,5,2026-01-01,2026-12-31,ACTIVE
PL-SMB,SMB Advantage Price List,SMB,INR,VAR-0225,63745.00,5,2026-01-01,2026-12-31,ACTIVE
PL-SMB,SMB Advantage Price List,SMB,INR,VAR-0226,61427.00,5,2026-01-01,2026-12-31,ACTIVE
PL-SMB,SMB Advantage Price List,SMB,INR,VAR-0227,81130.00,5,2026-01-01,2026-12-31,ACTIVE
PL-SMB,SMB Advantage Price List,SMB,INR,VAR-0228,103151.00,5,2026-01-01,2026-12-31,ACTIVE
PL-SMB,SMB Advantage Price List,SMB,INR,VAR-0229,65483.50,5,2026-01-01,2026-12-31,ACTIVE
PL-SMB,SMB Advantage Price List,SMB,INR,VAR-0230,61427.00,5,2026-01-01,2026-12-31,ACTIVE
PL-SMB,SMB Advantage Price List,SMB,INR,VAR-0231,89243.00,5,2026-01-01,2026-12-31,ACTIVE
PL-SMB,SMB Advantage Price List,SMB,INR,VAR-0232,74176.00,5,2026-01-01,2026-12-31,ACTIVE
PL-SMB,SMB Advantage Price List,SMB,INR,VAR-0233,243274.10,5,2026-01-01,2026-12-31,ACTIVE
PL-SMB,SMB Advantage Price List,SMB,INR,VAR-0234,354543.75,5,2026-01-01,2026-12-31,ACTIVE
PL-SMB,SMB Advantage Price List,SMB,INR,VAR-0235,767103.75,5,2026-01-01,2026-12-31,ACTIVE
PL-SMB,SMB Advantage Price List,SMB,INR,VAR-0236,255271.50,5,2026-01-01,2026-12-31,ACTIVE
PL-SMB,SMB Advantage Price List,SMB,INR,VAR-0237,170181.00,5,2026-01-01,2026-12-31,ACTIVE
PL-SMB,SMB Advantage Price List,SMB,INR,VAR-0238,315866.25,5,2026-01-01,2026-12-31,ACTIVE
PL-SMB,SMB Advantage Price List,SMB,INR,VAR-0239,889582.50,5,2026-01-01,2026-12-31,ACTIVE
PL-SMB,SMB Advantage Price List,SMB,INR,VAR-0240,270742.50,5,2026-01-01,2026-12-31,ACTIVE
PL-SMB,SMB Advantage Price List,SMB,INR,VAR-0241,177916.50,5,2026-01-01,2026-12-31,ACTIVE
PL-SMB,SMB Advantage Price List,SMB,INR,VAR-0242,335205.00,5,2026-01-01,2026-12-31,ACTIVE
PL-SMB,SMB Advantage Price List,SMB,INR,VAR-0243,612393.75,5,2026-01-01,2026-12-31,ACTIVE
PL-SMB,SMB Advantage Price List,SMB,INR,VAR-0244,1147432.50,5,2026-01-01,2026-12-31,ACTIVE
PL-SMB,SMB Advantage Price List,SMB,INR,VAR-0245,581595.00,5,2026-01-01,2026-12-31,ACTIVE
PL-SMB,SMB Advantage Price List,SMB,INR,VAR-0246,214636.25,5,2026-01-01,2026-12-31,ACTIVE
PL-SMB,SMB Advantage Price List,SMB,INR,VAR-0247,533128.75,5,2026-01-01,2026-12-31,ACTIVE
PL-SMB,SMB Advantage Price List,SMB,INR,VAR-0248,505433.75,5,2026-01-01,2026-12-31,ACTIVE
PL-SMB,SMB Advantage Price List,SMB,INR,VAR-0249,754688.75,5,2026-01-01,2026-12-31,ACTIVE
PL-SMB,SMB Advantage Price List,SMB,INR,VAR-0250,551130.50,5,2026-01-01,2026-12-31,ACTIVE
PL-SMB,SMB Advantage Price List,SMB,INR,VAR-0251,116319.00,5,2026-01-01,2026-12-31,ACTIVE
PL-SMB,SMB Advantage Price List,SMB,INR,VAR-0252,744995.50,5,2026-01-01,2026-12-31,ACTIVE
PL-SMB,SMB Advantage Price List,SMB,INR,VAR-0253,498510.00,5,2026-01-01,2026-12-31,ACTIVE
PL-SMB,SMB Advantage Price List,SMB,INR,VAR-0254,202173.50,5,2026-01-01,2026-12-31,ACTIVE
PL-SMB,SMB Advantage Price List,SMB,INR,VAR-0255,481893.00,5,2026-01-01,2026-12-31,ACTIVE
PL-SMB,SMB Advantage Price List,SMB,INR,VAR-0256,997020.00,5,2026-01-01,2026-12-31,ACTIVE
PL-SMB,SMB Advantage Price List,SMB,INR,VAR-0257,70510.90,5,2026-01-01,2026-12-31,ACTIVE
PL-SMB,SMB Advantage Price List,SMB,INR,VAR-0258,108735.88,5,2026-01-01,2026-12-31,ACTIVE
PL-SMB,SMB Advantage Price List,SMB,INR,VAR-0259,59411.88,5,2026-01-01,2026-12-31,ACTIVE
PL-SMB,SMB Advantage Price List,SMB,INR,VAR-0260,85194.88,5,2026-01-01,2026-12-31,ACTIVE
PL-SMB,SMB Advantage Price List,SMB,INR,VAR-0261,118631.25,5,2026-01-01,2026-12-31,ACTIVE
PL-SMB,SMB Advantage Price List,SMB,INR,VAR-0262,154256.25,5,2026-01-01,2026-12-31,ACTIVE
PL-SMB,SMB Advantage Price List,SMB,INR,VAR-0263,137748.81,5,2026-01-01,2026-12-31,ACTIVE
PL-SMB,SMB Advantage Price List,SMB,INR,VAR-0264,72436.31,5,2026-01-01,2026-12-31,ACTIVE
PL-SMB,SMB Advantage Price List,SMB,INR,VAR-0265,67686.31,5,2026-01-01,2026-12-31,ACTIVE
PL-SMB,SMB Advantage Price List,SMB,INR,VAR-0266,17765.00,5,2026-01-01,2026-12-31,ACTIVE
PL-SMB,SMB Advantage Price List,SMB,INR,VAR-0267,21185.00,5,2026-01-01,2026-12-31,ACTIVE
PL-SMB,SMB Advantage Price List,SMB,INR,VAR-0268,35435.00,5,2026-01-01,2026-12-31,ACTIVE
PL-SMB,SMB Advantage Price List,SMB,INR,VAR-0269,41230.00,5,2026-01-01,2026-12-31,ACTIVE
PL-SMB,SMB Advantage Price List,SMB,INR,VAR-0270,70680.00,5,2026-01-01,2026-12-31,ACTIVE
PL-SMB,SMB Advantage Price List,SMB,INR,VAR-0271,86450.00,5,2026-01-01,2026-12-31,ACTIVE
PL-SMB,SMB Advantage Price List,SMB,INR,VAR-0272,17385.00,5,2026-01-01,2026-12-31,ACTIVE
PL-SMB,SMB Advantage Price List,SMB,INR,VAR-0273,20900.00,5,2026-01-01,2026-12-31,ACTIVE
PL-SMB,SMB Advantage Price List,SMB,INR,VAR-0274,36575.00,5,2026-01-01,2026-12-31,ACTIVE
PL-SMB,SMB Advantage Price List,SMB,INR,VAR-0275,59375.00,5,2026-01-01,2026-12-31,ACTIVE
PL-SMB,SMB Advantage Price List,SMB,INR,VAR-0276,17100.00,5,2026-01-01,2026-12-31,ACTIVE
PL-SMB,SMB Advantage Price List,SMB,INR,VAR-0277,35150.00,5,2026-01-01,2026-12-31,ACTIVE
PL-SMB,SMB Advantage Price List,SMB,INR,VAR-0278,75430.00,5,2026-01-01,2026-12-31,ACTIVE
PL-SMB,SMB Advantage Price List,SMB,INR,VAR-0279,51774.05,5,2026-01-01,2026-12-31,ACTIVE
PL-SMB,SMB Advantage Price List,SMB,INR,VAR-0280,202920.00,5,2026-01-01,2026-12-31,ACTIVE
PL-SMB,SMB Advantage Price List,SMB,INR,VAR-0281,324900.00,5,2026-01-01,2026-12-31,ACTIVE
PL-SMB,SMB Advantage Price List,SMB,INR,VAR-0282,592800.00,5,2026-01-01,2026-12-31,ACTIVE
PL-SMB,SMB Advantage Price List,SMB,INR,VAR-0283,33630.00,5,2026-01-01,2026-12-31,ACTIVE
PL-SMB,SMB Advantage Price List,SMB,INR,VAR-0284,67260.00,5,2026-01-01,2026-12-31,ACTIVE
PL-SMB,SMB Advantage Price List,SMB,INR,VAR-0285,129960.00,5,2026-01-01,2026-12-31,ACTIVE
PL-SMB,SMB Advantage Price List,SMB,INR,VAR-0286,259920.00,5,2026-01-01,2026-12-31,ACTIVE
PL-SMB,SMB Advantage Price List,SMB,INR,VAR-0287,59280.00,5,2026-01-01,2026-12-31,ACTIVE
PL-SMB,SMB Advantage Price List,SMB,INR,VAR-0288,39330.00,5,2026-01-01,2026-12-31,ACTIVE
PL-SMB,SMB Advantage Price List,SMB,INR,VAR-0289,67830.00,5,2026-01-01,2026-12-31,ACTIVE
PL-SMB,SMB Advantage Price List,SMB,INR,VAR-0290,123120.00,5,2026-01-01,2026-12-31,ACTIVE
PL-SMB,SMB Advantage Price List,SMB,INR,VAR-0291,21546.00,5,2026-01-01,2026-12-31,ACTIVE
PL-SMB,SMB Advantage Price List,SMB,INR,VAR-0292,53010.00,5,2026-01-01,2026-12-31,ACTIVE
PL-SMB,SMB Advantage Price List,SMB,INR,VAR-0293,82080.00,5,2026-01-01,2026-12-31,ACTIVE
PL-SMB,SMB Advantage Price List,SMB,INR,VAR-0294,279300.00,5,2026-01-01,2026-12-31,ACTIVE
PL-SMB,SMB Advantage Price List,SMB,INR,VAR-0295,45598.86,5,2026-01-01,2026-12-31,ACTIVE
PL-SMB,SMB Advantage Price List,SMB,INR,VAR-0296,200450.00,5,2026-01-01,2026-12-31,ACTIVE
PL-SMB,SMB Advantage Price List,SMB,INR,VAR-0297,324900.00,5,2026-01-01,2026-12-31,ACTIVE
PL-SMB,SMB Advantage Price List,SMB,INR,VAR-0298,540550.00,5,2026-01-01,2026-12-31,ACTIVE
PL-SMB,SMB Advantage Price List,SMB,INR,VAR-0299,149625.00,5,2026-01-01,2026-12-31,ACTIVE
PL-SMB,SMB Advantage Price List,SMB,INR,VAR-0300,193325.00,5,2026-01-01,2026-12-31,ACTIVE
PL-SMB,SMB Advantage Price List,SMB,INR,VAR-0301,436050.00,5,2026-01-01,2026-12-31,ACTIVE
PL-SMB,SMB Advantage Price List,SMB,INR,VAR-0302,129200.00,5,2026-01-01,2026-12-31,ACTIVE
PL-SMB,SMB Advantage Price List,SMB,INR,VAR-0303,138225.00,5,2026-01-01,2026-12-31,ACTIVE
PL-SMB,SMB Advantage Price List,SMB,INR,VAR-0304,120650.00,5,2026-01-01,2026-12-31,ACTIVE
PL-SMB,SMB Advantage Price List,SMB,INR,VAR-0305,148200.00,5,2026-01-01,2026-12-31,ACTIVE
PL-SMB,SMB Advantage Price List,SMB,INR,VAR-0306,119510.00,5,2026-01-01,2026-12-31,ACTIVE
PL-SMB,SMB Advantage Price List,SMB,INR,VAR-0307,143925.00,5,2026-01-01,2026-12-31,ACTIVE
PL-SMB,SMB Advantage Price List,SMB,INR,VAR-0308,121600.00,5,2026-01-01,2026-12-31,ACTIVE
PL-SMB,SMB Advantage Price List,SMB,INR,VAR-0309,42037.50,5,2026-01-01,2026-12-31,ACTIVE
PL-SMB,SMB Advantage Price List,SMB,INR,VAR-0310,91200.00,5,2026-01-01,2026-12-31,ACTIVE
PL-SMB,SMB Advantage Price List,SMB,INR,VAR-0311,168150.00,5,2026-01-01,2026-12-31,ACTIVE
PL-SMB,SMB Advantage Price List,SMB,INR,VAR-0312,324900.00,5,2026-01-01,2026-12-31,ACTIVE
PL-SMB,SMB Advantage Price List,SMB,INR,VAR-0313,634125.00,5,2026-01-01,2026-12-31,ACTIVE
PL-SMB,SMB Advantage Price List,SMB,INR,VAR-0314,63412.50,5,2026-01-01,2026-12-31,ACTIVE
PL-SMB,SMB Advantage Price List,SMB,INR,VAR-0315,155325.00,5,2026-01-01,2026-12-31,ACTIVE
PL-SMB,SMB Advantage Price List,SMB,INR,VAR-0316,306375.00,5,2026-01-01,2026-12-31,ACTIVE
PL-SMB,SMB Advantage Price List,SMB,INR,VAR-0317,66690.00,5,2026-01-01,2026-12-31,ACTIVE
PL-SMB,SMB Advantage Price List,SMB,INR,VAR-0318,162450.00,5,2026-01-01,2026-12-31,ACTIVE
PL-SMB,SMB Advantage Price List,SMB,INR,VAR-0319,598500.00,5,2026-01-01,2026-12-31,ACTIVE
PL-SMB,SMB Advantage Price List,SMB,INR,VAR-0320,56287.50,5,2026-01-01,2026-12-31,ACTIVE
PL-SMB,SMB Advantage Price List,SMB,INR,VAR-0321,33155.00,5,2026-01-01,2026-12-31,ACTIVE
PL-SMB,SMB Advantage Price List,SMB,INR,VAR-0322,50825.00,5,2026-01-01,2026-12-31,ACTIVE
PL-SMB,SMB Advantage Price List,SMB,INR,VAR-0323,89775.00,5,2026-01-01,2026-12-31,ACTIVE
PL-SMB,SMB Advantage Price List,SMB,INR,VAR-0324,78850.00,5,2026-01-01,2026-12-31,ACTIVE
PL-SMB,SMB Advantage Price List,SMB,INR,VAR-0325,48355.00,5,2026-01-01,2026-12-31,ACTIVE
PL-SMB,SMB Advantage Price List,SMB,INR,VAR-0326,171000.00,5,2026-01-01,2026-12-31,ACTIVE
PL-SMB,SMB Advantage Price List,SMB,INR,VAR-0327,62225.00,5,2026-01-01,2026-12-31,ACTIVE
PL-SMB,SMB Advantage Price List,SMB,INR,VAR-0328,83505.00,5,2026-01-01,2026-12-31,ACTIVE
PL-SMB,SMB Advantage Price List,SMB,INR,VAR-0329,71725.00,5,2026-01-01,2026-12-31,ACTIVE
PL-SMB,SMB Advantage Price List,SMB,INR,VAR-0330,89299.05,5,2026-01-01,2026-12-31,ACTIVE
PL-SMB,SMB Advantage Price List,SMB,INR,VAR-0331,25312.50,5,2026-01-01,2026-12-31,ACTIVE
PL-SMB,SMB Advantage Price List,SMB,INR,VAR-0332,17812.50,5,2026-01-01,2026-12-31,ACTIVE
PL-SMB,SMB Advantage Price List,SMB,INR,VAR-0333,23812.50,5,2026-01-01,2026-12-31,ACTIVE
PL-SMB,SMB Advantage Price List,SMB,INR,VAR-0334,16875.00,5,2026-01-01,2026-12-31,ACTIVE
PL-SMB,SMB Advantage Price List,SMB,INR,VAR-0335,24656.25,5,2026-01-01,2026-12-31,ACTIVE
PL-SMB,SMB Advantage Price List,SMB,INR,VAR-0336,16312.50,5,2026-01-01,2026-12-31,ACTIVE
PL-SMB,SMB Advantage Price List,SMB,INR,VAR-0337,11245.31,5,2026-01-01,2026-12-31,ACTIVE
PL-SMB,SMB Advantage Price List,SMB,INR,VAR-0338,4214.06,5,2026-01-01,2026-12-31,ACTIVE
PL-SMB,SMB Advantage Price List,SMB,INR,VAR-0339,18276.56,5,2026-01-01,2026-12-31,ACTIVE
PL-SMB,SMB Advantage Price List,SMB,INR,VAR-0340,8901.56,5,2026-01-01,2026-12-31,ACTIVE
PL-SMB,SMB Advantage Price List,SMB,INR,VAR-0341,20625.00,5,2026-01-01,2026-12-31,ACTIVE
PL-SMB,SMB Advantage Price List,SMB,INR,VAR-0342,10031.25,5,2026-01-01,2026-12-31,ACTIVE
PL-SMB,SMB Advantage Price List,SMB,INR,VAR-0343,22500.00,5,2026-01-01,2026-12-31,ACTIVE
PL-SMB,SMB Advantage Price List,SMB,INR,VAR-0344,4968.75,5,2026-01-01,2026-12-31,ACTIVE
PL-SMB,SMB Advantage Price List,SMB,INR,VAR-0345,5343.75,5,2026-01-01,2026-12-31,ACTIVE
PL-SMB,SMB Advantage Price List,SMB,INR,VAR-0346,2906.25,5,2026-01-01,2026-12-31,ACTIVE
PL-SMB,SMB Advantage Price List,SMB,INR,VAR-0347,2437.50,5,2026-01-01,2026-12-31,ACTIVE
PL-SMB,SMB Advantage Price List,SMB,INR,VAR-0348,6561.56,5,2026-01-01,2026-12-31,ACTIVE
PL-SMB,SMB Advantage Price List,SMB,INR,VAR-0349,4686.56,5,2026-01-01,2026-12-31,ACTIVE
PL-SMB,SMB Advantage Price List,SMB,INR,VAR-0350,335350.00,5,2026-01-01,2026-12-31,ACTIVE
PL-SMB,SMB Advantage Price List,SMB,INR,VAR-0351,281200.00,5,2026-01-01,2026-12-31,ACTIVE
PL-SMB,SMB Advantage Price List,SMB,INR,VAR-0352,100700.00,5,2026-01-01,2026-12-31,ACTIVE
PL-SMB,SMB Advantage Price List,SMB,INR,VAR-0353,316350.00,5,2026-01-01,2026-12-31,ACTIVE
PL-SMB,SMB Advantage Price List,SMB,INR,VAR-0354,520600.00,5,2026-01-01,2026-12-31,ACTIVE
PL-SMB,SMB Advantage Price List,SMB,INR,VAR-0355,31875.00,5,2026-01-01,2026-12-31,ACTIVE
PL-SMB,SMB Advantage Price List,SMB,INR,VAR-0356,233700.00,5,2026-01-01,2026-12-31,ACTIVE
PL-SMB,SMB Advantage Price List,SMB,INR,VAR-0357,354350.00,5,2026-01-01,2026-12-31,ACTIVE
PL-SMB,SMB Advantage Price List,SMB,INR,VAR-0358,225150.00,5,2026-01-01,2026-12-31,ACTIVE
PL-SMB,SMB Advantage Price List,SMB,INR,VAR-0359,316350.00,5,2026-01-01,2026-12-31,ACTIVE
PL-SMB,SMB Advantage Price List,SMB,INR,VAR-0360,17385.00,5,2026-01-01,2026-12-31,ACTIVE
PL-SMB,SMB Advantage Price List,SMB,INR,VAR-0361,37335.00,5,2026-01-01,2026-12-31,ACTIVE
PL-SMB,SMB Advantage Price List,SMB,INR,VAR-0362,8170.00,5,2026-01-01,2026-12-31,ACTIVE
PL-SMB,SMB Advantage Price List,SMB,INR,VAR-0363,7600.00,5,2026-01-01,2026-12-31,ACTIVE
PL-SMB,SMB Advantage Price List,SMB,INR,VAR-0364,5700.00,5,2026-01-01,2026-12-31,ACTIVE
PL-SMB,SMB Advantage Price List,SMB,INR,VAR-0365,13585.00,5,2026-01-01,2026-12-31,ACTIVE
PL-SMB,SMB Advantage Price List,SMB,INR,VAR-0366,11970.00,5,2026-01-01,2026-12-31,ACTIVE
PL-ENT,Enterprise Preferred Price List,Enterprise,INR,VAR-0001,66305.00,20,2026-01-01,2026-12-31,ACTIVE
PL-ENT,Enterprise Preferred Price List,Enterprise,INR,VAR-0002,80545.00,20,2026-01-01,2026-12-31,ACTIVE
PL-ENT,Enterprise Preferred Price List,Enterprise,INR,VAR-0003,93450.00,20,2026-01-01,2026-12-31,ACTIVE
PL-ENT,Enterprise Preferred Price List,Enterprise,INR,VAR-0004,113030.00,20,2026-01-01,2026-12-31,ACTIVE
PL-ENT,Enterprise Preferred Price List,Enterprise,INR,VAR-0005,46280.00,20,2026-01-01,2026-12-31,ACTIVE
PL-ENT,Enterprise Preferred Price List,Enterprise,INR,VAR-0006,55180.00,20,2026-01-01,2026-12-31,ACTIVE
PL-ENT,Enterprise Preferred Price List,Enterprise,INR,VAR-0007,119260.00,20,2026-01-01,2026-12-31,ACTIVE
PL-ENT,Enterprise Preferred Price List,Enterprise,INR,VAR-0008,229620.00,20,2026-01-01,2026-12-31,ACTIVE
PL-ENT,Enterprise Preferred Price List,Enterprise,INR,VAR-0009,69420.00,20,2026-01-01,2026-12-31,ACTIVE
PL-ENT,Enterprise Preferred Price List,Enterprise,INR,VAR-0010,84550.00,20,2026-01-01,2026-12-31,ACTIVE
PL-ENT,Enterprise Preferred Price List,Enterprise,INR,VAR-0011,76540.00,20,2026-01-01,2026-12-31,ACTIVE
PL-ENT,Enterprise Preferred Price List,Enterprise,INR,VAR-0012,137060.00,20,2026-01-01,2026-12-31,ACTIVE
PL-ENT,Enterprise Preferred Price List,Enterprise,INR,VAR-0013,165540.00,20,2026-01-01,2026-12-31,ACTIVE
PL-ENT,Enterprise Preferred Price List,Enterprise,INR,VAR-0014,126380.00,20,2026-01-01,2026-12-31,ACTIVE
PL-ENT,Enterprise Preferred Price List,Enterprise,INR,VAR-0015,48505.00,20,2026-01-01,2026-12-31,ACTIVE
PL-ENT,Enterprise Preferred Price List,Enterprise,INR,VAR-0016,72090.00,20,2026-01-01,2026-12-31,ACTIVE
PL-ENT,Enterprise Preferred Price List,Enterprise,INR,VAR-0017,88110.00,20,2026-01-01,2026-12-31,ACTIVE
PL-ENT,Enterprise Preferred Price List,Enterprise,INR,VAR-0018,59630.00,20,2026-01-01,2026-12-31,ACTIVE
PL-ENT,Enterprise Preferred Price List,Enterprise,INR,VAR-0019,51175.00,20,2026-01-01,2026-12-31,ACTIVE
PL-ENT,Enterprise Preferred Price List,Enterprise,INR,VAR-0020,105020.00,20,2026-01-01,2026-12-31,ACTIVE
PL-ENT,Enterprise Preferred Price List,Enterprise,INR,VAR-0021,141510.00,20,2026-01-01,2026-12-31,ACTIVE
PL-ENT,Enterprise Preferred Price List,Enterprise,INR,VAR-0022,177911.00,20,2026-01-01,2026-12-31,ACTIVE
PL-ENT,Enterprise Preferred Price List,Enterprise,INR,VAR-0023,211731.00,20,2026-01-01,2026-12-31,ACTIVE
PL-ENT,Enterprise Preferred Price List,Enterprise,INR,VAR-0024,311411.00,20,2026-01-01,2026-12-31,ACTIVE
PL-ENT,Enterprise Preferred Price List,Enterprise,INR,VAR-0025,88911.00,20,2026-01-01,2026-12-31,ACTIVE
PL-ENT,Enterprise Preferred Price List,Enterprise,INR,VAR-0026,103151.00,20,2026-01-01,2026-12-31,ACTIVE
PL-ENT,Enterprise Preferred Price List,Enterprise,INR,VAR-0027,51620.00,20,2026-01-01,2026-12-31,ACTIVE
PL-ENT,Enterprise Preferred Price List,Enterprise,INR,VAR-0028,64970.00,20,2026-01-01,2026-12-31,ACTIVE
PL-ENT,Enterprise Preferred Price List,Enterprise,INR,VAR-0029,48060.00,20,2026-01-01,2026-12-31,ACTIVE
PL-ENT,Enterprise Preferred Price List,Enterprise,INR,VAR-0030,56070.00,20,2026-01-01,2026-12-31,ACTIVE
PL-ENT,Enterprise Preferred Price List,Enterprise,INR,VAR-0031,72980.00,20,2026-01-01,2026-12-31,ACTIVE
PL-ENT,Enterprise Preferred Price List,Enterprise,INR,VAR-0032,48950.00,20,2026-01-01,2026-12-31,ACTIVE
PL-ENT,Enterprise Preferred Price List,Enterprise,INR,VAR-0033,47170.00,20,2026-01-01,2026-12-31,ACTIVE
PL-ENT,Enterprise Preferred Price List,Enterprise,INR,VAR-0034,62300.00,20,2026-01-01,2026-12-31,ACTIVE
PL-ENT,Enterprise Preferred Price List,Enterprise,INR,VAR-0035,79210.00,20,2026-01-01,2026-12-31,ACTIVE
PL-ENT,Enterprise Preferred Price List,Enterprise,INR,VAR-0036,50285.00,20,2026-01-01,2026-12-31,ACTIVE
PL-ENT,Enterprise Preferred Price List,Enterprise,INR,VAR-0037,47170.00,20,2026-01-01,2026-12-31,ACTIVE
PL-ENT,Enterprise Preferred Price List,Enterprise,INR,VAR-0038,68530.00,20,2026-01-01,2026-12-31,ACTIVE
PL-ENT,Enterprise Preferred Price List,Enterprise,INR,VAR-0039,56960.00,20,2026-01-01,2026-12-31,ACTIVE
PL-ENT,Enterprise Preferred Price List,Enterprise,INR,VAR-0040,115611.00,20,2026-01-01,2026-12-31,ACTIVE
PL-ENT,Enterprise Preferred Price List,Enterprise,INR,VAR-0041,152991.00,20,2026-01-01,2026-12-31,ACTIVE
PL-ENT,Enterprise Preferred Price List,Enterprise,INR,VAR-0042,186811.00,20,2026-01-01,2026-12-31,ACTIVE
PL-ENT,Enterprise Preferred Price List,Enterprise,INR,VAR-0043,127942.00,20,2026-01-01,2026-12-31,ACTIVE
PL-ENT,Enterprise Preferred Price List,Enterprise,INR,VAR-0044,174794.00,20,2026-01-01,2026-12-31,ACTIVE
PL-ENT,Enterprise Preferred Price List,Enterprise,INR,VAR-0045,247775.00,20,2026-01-01,2026-12-31,ACTIVE
PL-ENT,Enterprise Preferred Price List,Enterprise,INR,VAR-0046,536095.00,20,2026-01-01,2026-12-31,ACTIVE
PL-ENT,Enterprise Preferred Price List,Enterprise,INR,VAR-0047,178398.00,20,2026-01-01,2026-12-31,ACTIVE
PL-ENT,Enterprise Preferred Price List,Enterprise,INR,VAR-0048,118932.00,20,2026-01-01,2026-12-31,ACTIVE
PL-ENT,Enterprise Preferred Price List,Enterprise,INR,VAR-0049,220745.00,20,2026-01-01,2026-12-31,ACTIVE
PL-ENT,Enterprise Preferred Price List,Enterprise,INR,VAR-0050,621690.00,20,2026-01-01,2026-12-31,ACTIVE
PL-ENT,Enterprise Preferred Price List,Enterprise,INR,VAR-0051,189210.00,20,2026-01-01,2026-12-31,ACTIVE
PL-ENT,Enterprise Preferred Price List,Enterprise,INR,VAR-0052,124338.00,20,2026-01-01,2026-12-31,ACTIVE
PL-ENT,Enterprise Preferred Price List,Enterprise,INR,VAR-0053,234260.00,20,2026-01-01,2026-12-31,ACTIVE
PL-ENT,Enterprise Preferred Price List,Enterprise,INR,VAR-0054,427975.00,20,2026-01-01,2026-12-31,ACTIVE
PL-ENT,Enterprise Preferred Price List,Enterprise,INR,VAR-0055,801890.00,20,2026-01-01,2026-12-31,ACTIVE
PL-ENT,Enterprise Preferred Price List,Enterprise,INR,VAR-0056,315350.00,20,2026-01-01,2026-12-31,ACTIVE
PL-ENT,Enterprise Preferred Price List,Enterprise,INR,VAR-0057,423470.00,20,2026-01-01,2026-12-31,ACTIVE
PL-ENT,Enterprise Preferred Price List,Enterprise,INR,VAR-0058,473025.00,20,2026-01-01,2026-12-31,ACTIVE
PL-ENT,Enterprise Preferred Price List,Enterprise,INR,VAR-0059,788375.00,20,2026-01-01,2026-12-31,ACTIVE
PL-ENT,Enterprise Preferred Price List,Enterprise,INR,VAR-0060,378420.00,20,2026-01-01,2026-12-31,ACTIVE
PL-ENT,Enterprise Preferred Price List,Enterprise,INR,VAR-0061,139655.00,20,2026-01-01,2026-12-31,ACTIVE
PL-ENT,Enterprise Preferred Price List,Enterprise,INR,VAR-0062,346885.00,20,2026-01-01,2026-12-31,ACTIVE
PL-ENT,Enterprise Preferred Price List,Enterprise,INR,VAR-0063,328865.00,20,2026-01-01,2026-12-31,ACTIVE
PL-ENT,Enterprise Preferred Price List,Enterprise,INR,VAR-0064,491045.00,20,2026-01-01,2026-12-31,ACTIVE
PL-ENT,Enterprise Preferred Price List,Enterprise,INR,VAR-0065,358598.00,20,2026-01-01,2026-12-31,ACTIVE
PL-ENT,Enterprise Preferred Price List,Enterprise,INR,VAR-0066,75684.00,20,2026-01-01,2026-12-31,ACTIVE
PL-ENT,Enterprise Preferred Price List,Enterprise,INR,VAR-0067,484738.00,20,2026-01-01,2026-12-31,ACTIVE
PL-ENT,Enterprise Preferred Price List,Enterprise,INR,VAR-0068,324360.00,20,2026-01-01,2026-12-31,ACTIVE
PL-ENT,Enterprise Preferred Price List,Enterprise,INR,VAR-0069,131546.00,20,2026-01-01,2026-12-31,ACTIVE
PL-ENT,Enterprise Preferred Price List,Enterprise,INR,VAR-0070,313548.00,20,2026-01-01,2026-12-31,ACTIVE
PL-ENT,Enterprise Preferred Price List,Enterprise,INR,VAR-0071,648720.00,20,2026-01-01,2026-12-31,ACTIVE
PL-ENT,Enterprise Preferred Price List,Enterprise,INR,VAR-0072,66661.00,20,2026-01-01,2026-12-31,ACTIVE
PL-ENT,Enterprise Preferred Price List,Enterprise,INR,VAR-0073,75561.00,20,2026-01-01,2026-12-31,ACTIVE
PL-ENT,Enterprise Preferred Price List,Enterprise,INR,VAR-0074,93361.00,20,2026-01-01,2026-12-31,ACTIVE
PL-ENT,Enterprise Preferred Price List,Enterprise,INR,VAR-0075,115522.00,20,2026-01-01,2026-12-31,ACTIVE
PL-ENT,Enterprise Preferred Price List,Enterprise,INR,VAR-0076,124422.00,20,2026-01-01,2026-12-31,ACTIVE
PL-ENT,Enterprise Preferred Price List,Enterprise,INR,VAR-0077,142222.00,20,2026-01-01,2026-12-31,ACTIVE
PL-ENT,Enterprise Preferred Price List,Enterprise,INR,VAR-0078,142311.00,20,2026-01-01,2026-12-31,ACTIVE
PL-ENT,Enterprise Preferred Price List,Enterprise,INR,VAR-0079,160111.00,20,2026-01-01,2026-12-31,ACTIVE
PL-ENT,Enterprise Preferred Price List,Enterprise,INR,VAR-0080,55981.00,20,2026-01-01,2026-12-31,ACTIVE
PL-ENT,Enterprise Preferred Price List,Enterprise,INR,VAR-0081,66749.11,20,2026-01-01,2026-12-31,ACTIVE
PL-ENT,Enterprise Preferred Price List,Enterprise,INR,VAR-0082,71199.11,20,2026-01-01,2026-12-31,ACTIVE
PL-ENT,Enterprise Preferred Price List,Enterprise,INR,VAR-0083,115699.11,20,2026-01-01,2026-12-31,ACTIVE
PL-ENT,Enterprise Preferred Price List,Enterprise,INR,VAR-0084,124599.11,20,2026-01-01,2026-12-31,ACTIVE
PL-ENT,Enterprise Preferred Price List,Enterprise,INR,VAR-0085,86329.11,20,2026-01-01,2026-12-31,ACTIVE
PL-ENT,Enterprise Preferred Price List,Enterprise,INR,VAR-0086,32929.11,20,2026-01-01,2026-12-31,ACTIVE
PL-ENT,Enterprise Preferred Price List,Enterprise,INR,VAR-0087,36489.11,20,2026-01-01,2026-12-31,ACTIVE
PL-ENT,Enterprise Preferred Price List,Enterprise,INR,VAR-0088,47169.11,20,2026-01-01,2026-12-31,ACTIVE
PL-ENT,Enterprise Preferred Price List,Enterprise,INR,VAR-0089,95229.11,20,2026-01-01,2026-12-31,ACTIVE
PL-ENT,Enterprise Preferred Price List,Enterprise,INR,VAR-0090,101459.11,20,2026-01-01,2026-12-31,ACTIVE
PL-ENT,Enterprise Preferred Price List,Enterprise,INR,VAR-0091,67639.11,20,2026-01-01,2026-12-31,ACTIVE
PL-ENT,Enterprise Preferred Price List,Enterprise,INR,VAR-0092,57849.11,20,2026-01-01,2026-12-31,ACTIVE
PL-ENT,Enterprise Preferred Price List,Enterprise,INR,VAR-0093,63189.11,20,2026-01-01,2026-12-31,ACTIVE
PL-ENT,Enterprise Preferred Price List,Enterprise,INR,VAR-0094,35511.00,20,2026-01-01,2026-12-31,ACTIVE
PL-ENT,Enterprise Preferred Price List,Enterprise,INR,VAR-0095,55091.00,20,2026-01-01,2026-12-31,ACTIVE
PL-ENT,Enterprise Preferred Price List,Enterprise,INR,VAR-0096,53311.00,20,2026-01-01,2026-12-31,ACTIVE
PL-ENT,Enterprise Preferred Price List,Enterprise,INR,VAR-0097,72001.00,20,2026-01-01,2026-12-31,ACTIVE
PL-ENT,Enterprise Preferred Price List,Enterprise,INR,VAR-0098,88911.00,20,2026-01-01,2026-12-31,ACTIVE
PL-ENT,Enterprise Preferred Price List,Enterprise,INR,VAR-0099,115611.00,20,2026-01-01,2026-12-31,ACTIVE
PL-ENT,Enterprise Preferred Price List,Enterprise,INR,VAR-0100,64969.11,20,2026-01-01,2026-12-31,ACTIVE
PL-ENT,Enterprise Preferred Price List,Enterprise,INR,VAR-0101,75649.11,20,2026-01-01,2026-12-31,ACTIVE
PL-ENT,Enterprise Preferred Price List,Enterprise,INR,VAR-0102,103239.11,20,2026-01-01,2026-12-31,ACTIVE
PL-ENT,Enterprise Preferred Price List,Enterprise,INR,VAR-0103,54289.11,20,2026-01-01,2026-12-31,ACTIVE
PL-ENT,Enterprise Preferred Price List,Enterprise,INR,VAR-0104,50729.11,20,2026-01-01,2026-12-31,ACTIVE
PL-ENT,Enterprise Preferred Price List,Enterprise,INR,VAR-0105,12638.00,20,2026-01-01,2026-12-31,ACTIVE
PL-ENT,Enterprise Preferred Price List,Enterprise,INR,VAR-0106,15842.00,20,2026-01-01,2026-12-31,ACTIVE
PL-ENT,Enterprise Preferred Price List,Enterprise,INR,VAR-0107,29192.00,20,2026-01-01,2026-12-31,ACTIVE
PL-ENT,Enterprise Preferred Price List,Enterprise,INR,VAR-0108,34621.00,20,2026-01-01,2026-12-31,ACTIVE
PL-ENT,Enterprise Preferred Price List,Enterprise,INR,VAR-0109,62211.00,20,2026-01-01,2026-12-31,ACTIVE
PL-ENT,Enterprise Preferred Price List,Enterprise,INR,VAR-0110,76985.00,20,2026-01-01,2026-12-31,ACTIVE
PL-ENT,Enterprise Preferred Price List,Enterprise,INR,VAR-0111,12282.00,20,2026-01-01,2026-12-31,ACTIVE
PL-ENT,Enterprise Preferred Price List,Enterprise,INR,VAR-0112,15575.00,20,2026-01-01,2026-12-31,ACTIVE
PL-ENT,Enterprise Preferred Price List,Enterprise,INR,VAR-0113,30260.00,20,2026-01-01,2026-12-31,ACTIVE
PL-ENT,Enterprise Preferred Price List,Enterprise,INR,VAR-0114,51620.00,20,2026-01-01,2026-12-31,ACTIVE
PL-ENT,Enterprise Preferred Price List,Enterprise,INR,VAR-0115,12015.00,20,2026-01-01,2026-12-31,ACTIVE
PL-ENT,Enterprise Preferred Price List,Enterprise,INR,VAR-0116,28925.00,20,2026-01-01,2026-12-31,ACTIVE
PL-ENT,Enterprise Preferred Price List,Enterprise,INR,VAR-0117,66661.00,20,2026-01-01,2026-12-31,ACTIVE
PL-ENT,Enterprise Preferred Price List,Enterprise,INR,VAR-0118,44499.11,20,2026-01-01,2026-12-31,ACTIVE
PL-ENT,Enterprise Preferred Price List,Enterprise,INR,VAR-0119,158420.00,20,2026-01-01,2026-12-31,ACTIVE
PL-ENT,Enterprise Preferred Price List,Enterprise,INR,VAR-0120,253650.00,20,2026-01-01,2026-12-31,ACTIVE
PL-ENT,Enterprise Preferred Price List,Enterprise,INR,VAR-0121,462800.00,20,2026-01-01,2026-12-31,ACTIVE
PL-ENT,Enterprise Preferred Price List,Enterprise,INR,VAR-0122,26255.00,20,2026-01-01,2026-12-31,ACTIVE
PL-ENT,Enterprise Preferred Price List,Enterprise,INR,VAR-0123,52510.00,20,2026-01-01,2026-12-31,ACTIVE
PL-ENT,Enterprise Preferred Price List,Enterprise,INR,VAR-0124,101460.00,20,2026-01-01,2026-12-31,ACTIVE
PL-ENT,Enterprise Preferred Price List,Enterprise,INR,VAR-0125,202920.00,20,2026-01-01,2026-12-31,ACTIVE
PL-ENT,Enterprise Preferred Price List,Enterprise,INR,VAR-0126,46280.00,20,2026-01-01,2026-12-31,ACTIVE
PL-ENT,Enterprise Preferred Price List,Enterprise,INR,VAR-0127,30705.00,20,2026-01-01,2026-12-31,ACTIVE
PL-ENT,Enterprise Preferred Price List,Enterprise,INR,VAR-0128,52955.00,20,2026-01-01,2026-12-31,ACTIVE
PL-ENT,Enterprise Preferred Price List,Enterprise,INR,VAR-0129,96120.00,20,2026-01-01,2026-12-31,ACTIVE
PL-ENT,Enterprise Preferred Price List,Enterprise,INR,VAR-0130,16821.00,20,2026-01-01,2026-12-31,ACTIVE
PL-ENT,Enterprise Preferred Price List,Enterprise,INR,VAR-0131,41385.00,20,2026-01-01,2026-12-31,ACTIVE
PL-ENT,Enterprise Preferred Price List,Enterprise,INR,VAR-0132,64080.00,20,2026-01-01,2026-12-31,ACTIVE
PL-ENT,Enterprise Preferred Price List,Enterprise,INR,VAR-0133,218050.00,20,2026-01-01,2026-12-31,ACTIVE
PL-ENT,Enterprise Preferred Price List,Enterprise,INR,VAR-0134,35599.11,20,2026-01-01,2026-12-31,ACTIVE
PL-ENT,Enterprise Preferred Price List,Enterprise,INR,VAR-0135,52065.00,20,2026-01-01,2026-12-31,ACTIVE
PL-ENT,Enterprise Preferred Price List,Enterprise,INR,VAR-0136,112585.00,20,2026-01-01,2026-12-31,ACTIVE
PL-ENT,Enterprise Preferred Price List,Enterprise,INR,VAR-0137,95230.00,20,2026-01-01,2026-12-31,ACTIVE
PL-ENT,Enterprise Preferred Price List,Enterprise,INR,VAR-0138,211820.00,20,2026-01-01,2026-12-31,ACTIVE
PL-ENT,Enterprise Preferred Price List,Enterprise,INR,VAR-0139,413850.00,20,2026-01-01,2026-12-31,ACTIVE
PL-ENT,Enterprise Preferred Price List,Enterprise,INR,VAR-0140,47615.00,20,2026-01-01,2026-12-31,ACTIVE
PL-ENT,Enterprise Preferred Price List,Enterprise,INR,VAR-0141,88555.00,20,2026-01-01,2026-12-31,ACTIVE
PL-ENT,Enterprise Preferred Price List,Enterprise,INR,VAR-0142,315950.00,20,2026-01-01,2026-12-31,ACTIVE
PL-ENT,Enterprise Preferred Price List,Enterprise,INR,VAR-0143,28480.00,20,2026-01-01,2026-12-31,ACTIVE
PL-ENT,Enterprise Preferred Price List,Enterprise,INR,VAR-0144,36935.00,20,2026-01-01,2026-12-31,ACTIVE
PL-ENT,Enterprise Preferred Price List,Enterprise,INR,VAR-0145,20470.00,20,2026-01-01,2026-12-31,ACTIVE
PL-ENT,Enterprise Preferred Price List,Enterprise,INR,VAR-0146,46280.00,20,2026-01-01,2026-12-31,ACTIVE
PL-ENT,Enterprise Preferred Price List,Enterprise,INR,VAR-0147,19402.00,20,2026-01-01,2026-12-31,ACTIVE
PL-ENT,Enterprise Preferred Price List,Enterprise,INR,VAR-0148,42275.00,20,2026-01-01,2026-12-31,ACTIVE
PL-ENT,Enterprise Preferred Price List,Enterprise,INR,VAR-0149,21360.00,20,2026-01-01,2026-12-31,ACTIVE
PL-ENT,Enterprise Preferred Price List,Enterprise,INR,VAR-0150,26255.00,20,2026-01-01,2026-12-31,ACTIVE
PL-ENT,Enterprise Preferred Price List,Enterprise,INR,VAR-0151,56960.00,20,2026-01-01,2026-12-31,ACTIVE
PL-ENT,Enterprise Preferred Price List,Enterprise,INR,VAR-0152,105020.00,20,2026-01-01,2026-12-31,ACTIVE
PL-ENT,Enterprise Preferred Price List,Enterprise,INR,VAR-0153,202920.00,20,2026-01-01,2026-12-31,ACTIVE
PL-ENT,Enterprise Preferred Price List,Enterprise,INR,VAR-0154,396050.00,20,2026-01-01,2026-12-31,ACTIVE
PL-ENT,Enterprise Preferred Price List,Enterprise,INR,VAR-0155,39605.00,20,2026-01-01,2026-12-31,ACTIVE
PL-ENT,Enterprise Preferred Price List,Enterprise,INR,VAR-0156,97010.00,20,2026-01-01,2026-12-31,ACTIVE
PL-ENT,Enterprise Preferred Price List,Enterprise,INR,VAR-0157,191350.00,20,2026-01-01,2026-12-31,ACTIVE
PL-ENT,Enterprise Preferred Price List,Enterprise,INR,VAR-0158,41652.00,20,2026-01-01,2026-12-31,ACTIVE
PL-ENT,Enterprise Preferred Price List,Enterprise,INR,VAR-0159,101460.00,20,2026-01-01,2026-12-31,ACTIVE
PL-ENT,Enterprise Preferred Price List,Enterprise,INR,VAR-0160,373800.00,20,2026-01-01,2026-12-31,ACTIVE
PL-ENT,Enterprise Preferred Price List,Enterprise,INR,VAR-0161,35155.00,20,2026-01-01,2026-12-31,ACTIVE
PL-ENT,Enterprise Preferred Price List,Enterprise,INR,VAR-0162,20381.00,20,2026-01-01,2026-12-31,ACTIVE
PL-ENT,Enterprise Preferred Price List,Enterprise,INR,VAR-0163,36935.00,20,2026-01-01,2026-12-31,ACTIVE
PL-ENT,Enterprise Preferred Price List,Enterprise,INR,VAR-0164,73425.00,20,2026-01-01,2026-12-31,ACTIVE
PL-ENT,Enterprise Preferred Price List,Enterprise,INR,VAR-0165,63190.00,20,2026-01-01,2026-12-31,ACTIVE
PL-ENT,Enterprise Preferred Price List,Enterprise,INR,VAR-0166,34621.00,20,2026-01-01,2026-12-31,ACTIVE
PL-ENT,Enterprise Preferred Price List,Enterprise,INR,VAR-0167,149520.00,20,2026-01-01,2026-12-31,ACTIVE
PL-ENT,Enterprise Preferred Price List,Enterprise,INR,VAR-0168,47615.00,20,2026-01-01,2026-12-31,ACTIVE
PL-ENT,Enterprise Preferred Price List,Enterprise,INR,VAR-0169,67551.00,20,2026-01-01,2026-12-31,ACTIVE
PL-ENT,Enterprise Preferred Price List,Enterprise,INR,VAR-0170,56515.00,20,2026-01-01,2026-12-31,ACTIVE
PL-ENT,Enterprise Preferred Price List,Enterprise,INR,VAR-0171,72979.11,20,2026-01-01,2026-12-31,ACTIVE
PL-ENT,Enterprise Preferred Price List,Enterprise,INR,VAR-0172,22856.25,20,2026-01-01,2026-12-31,ACTIVE
PL-ENT,Enterprise Preferred Price List,Enterprise,INR,VAR-0173,15956.25,20,2026-01-01,2026-12-31,ACTIVE
PL-ENT,Enterprise Preferred Price List,Enterprise,INR,VAR-0174,21476.25,20,2026-01-01,2026-12-31,ACTIVE
PL-ENT,Enterprise Preferred Price List,Enterprise,INR,VAR-0175,15093.75,20,2026-01-01,2026-12-31,ACTIVE
PL-ENT,Enterprise Preferred Price List,Enterprise,INR,VAR-0176,22252.50,20,2026-01-01,2026-12-31,ACTIVE
PL-ENT,Enterprise Preferred Price List,Enterprise,INR,VAR-0177,14576.25,20,2026-01-01,2026-12-31,ACTIVE
PL-ENT,Enterprise Preferred Price List,Enterprise,INR,VAR-0178,8189.44,20,2026-01-01,2026-12-31,ACTIVE
PL-ENT,Enterprise Preferred Price List,Enterprise,INR,VAR-0179,8189.44,20,2026-01-01,2026-12-31,ACTIVE
PL-ENT,Enterprise Preferred Price List,Enterprise,INR,VAR-0180,9914.44,20,2026-01-01,2026-12-31,ACTIVE
PL-ENT,Enterprise Preferred Price List,Enterprise,INR,VAR-0181,3445.69,20,2026-01-01,2026-12-31,ACTIVE
PL-ENT,Enterprise Preferred Price List,Enterprise,INR,VAR-0182,16383.19,20,2026-01-01,2026-12-31,ACTIVE
PL-ENT,Enterprise Preferred Price List,Enterprise,INR,VAR-0183,7758.19,20,2026-01-01,2026-12-31,ACTIVE
PL-ENT,Enterprise Preferred Price List,Enterprise,INR,VAR-0184,18543.75,20,2026-01-01,2026-12-31,ACTIVE
PL-ENT,Enterprise Preferred Price List,Enterprise,INR,VAR-0185,8797.50,20,2026-01-01,2026-12-31,ACTIVE
PL-ENT,Enterprise Preferred Price List,Enterprise,INR,VAR-0186,20268.75,20,2026-01-01,2026-12-31,ACTIVE
PL-ENT,Enterprise Preferred Price List,Enterprise,INR,VAR-0187,4140.00,20,2026-01-01,2026-12-31,ACTIVE
PL-ENT,Enterprise Preferred Price List,Enterprise,INR,VAR-0188,4485.00,20,2026-01-01,2026-12-31,ACTIVE
PL-ENT,Enterprise Preferred Price List,Enterprise,INR,VAR-0189,2242.50,20,2026-01-01,2026-12-31,ACTIVE
PL-ENT,Enterprise Preferred Price List,Enterprise,INR,VAR-0190,1811.25,20,2026-01-01,2026-12-31,ACTIVE
PL-ENT,Enterprise Preferred Price List,Enterprise,INR,VAR-0191,5605.39,20,2026-01-01,2026-12-31,ACTIVE
PL-ENT,Enterprise Preferred Price List,Enterprise,INR,VAR-0192,3880.39,20,2026-01-01,2026-12-31,ACTIVE
PL-ENT,Enterprise Preferred Price List,Enterprise,INR,VAR-0193,289250.00,20,2026-01-01,2026-12-31,ACTIVE
PL-ENT,Enterprise Preferred Price List,Enterprise,INR,VAR-0194,238520.00,20,2026-01-01,2026-12-31,ACTIVE
PL-ENT,Enterprise Preferred Price List,Enterprise,INR,VAR-0195,69420.00,20,2026-01-01,2026-12-31,ACTIVE
PL-ENT,Enterprise Preferred Price List,Enterprise,INR,VAR-0196,271450.00,20,2026-01-01,2026-12-31,ACTIVE
PL-ENT,Enterprise Preferred Price List,Enterprise,INR,VAR-0197,462800.00,20,2026-01-01,2026-12-31,ACTIVE
PL-ENT,Enterprise Preferred Price List,Enterprise,INR,VAR-0198,28893.75,20,2026-01-01,2026-12-31,ACTIVE
PL-ENT,Enterprise Preferred Price List,Enterprise,INR,VAR-0199,194020.00,20,2026-01-01,2026-12-31,ACTIVE
PL-ENT,Enterprise Preferred Price List,Enterprise,INR,VAR-0200,307050.00,20,2026-01-01,2026-12-31,ACTIVE
PL-ENT,Enterprise Preferred Price List,Enterprise,INR,VAR-0201,186010.00,20,2026-01-01,2026-12-31,ACTIVE
PL-ENT,Enterprise Preferred Price List,Enterprise,INR,VAR-0202,271450.00,20,2026-01-01,2026-12-31,ACTIVE
PL-ENT,Enterprise Preferred Price List,Enterprise,INR,VAR-0203,14685.00,20,2026-01-01,2026-12-31,ACTIVE
PL-ENT,Enterprise Preferred Price List,Enterprise,INR,VAR-0204,33375.00,20,2026-01-01,2026-12-31,ACTIVE
PL-ENT,Enterprise Preferred Price List,Enterprise,INR,VAR-0205,6052.00,20,2026-01-01,2026-12-31,ACTIVE
PL-ENT,Enterprise Preferred Price List,Enterprise,INR,VAR-0206,5518.00,20,2026-01-01,2026-12-31,ACTIVE
PL-ENT,Enterprise Preferred Price List,Enterprise,INR,VAR-0207,3204.00,20,2026-01-01,2026-12-31,ACTIVE
PL-ENT,Enterprise Preferred Price List,Enterprise,INR,VAR-0208,3204.00,20,2026-01-01,2026-12-31,ACTIVE
PL-ENT,Enterprise Preferred Price List,Enterprise,INR,VAR-0209,3738.00,20,2026-01-01,2026-12-31,ACTIVE
PL-ENT,Enterprise Preferred Price List,Enterprise,INR,VAR-0210,11125.00,20,2026-01-01,2026-12-31,ACTIVE
PL-ENT,Enterprise Preferred Price List,Enterprise,INR,VAR-0211,7476.00,20,2026-01-01,2026-12-31,ACTIVE
PL-ENT,Enterprise Preferred Price List,Enterprise,INR,VAR-0212,145497.20,20,2026-01-01,2026-12-31,ACTIVE
PL-ENT,Enterprise Preferred Price List,Enterprise,INR,VAR-0213,280136.40,20,2026-01-01,2026-12-31,ACTIVE
PL-ENT,Enterprise Preferred Price List,Enterprise,INR,VAR-0214,93378.80,20,2026-01-01,2026-12-31,ACTIVE
PL-ENT,Enterprise Preferred Price List,Enterprise,INR,VAR-0215,154183.60,20,2026-01-01,2026-12-31,ACTIVE
PL-ENT,Enterprise Preferred Price List,Enterprise,INR,VAR-0216,59176.10,20,2026-01-01,2026-12-31,ACTIVE
PL-ENT,Enterprise Preferred Price List,Enterprise,INR,VAR-0217,72748.60,20,2026-01-01,2026-12-31,ACTIVE
PL-ENT,Enterprise Preferred Price List,Enterprise,INR,VAR-0218,62433.50,20,2026-01-01,2026-12-31,ACTIVE
PL-ENT,Enterprise Preferred Price List,Enterprise,INR,VAR-0219,128124.40,20,2026-01-01,2026-12-31,ACTIVE
PL-ENT,Enterprise Preferred Price List,Enterprise,INR,VAR-0220,172642.20,20,2026-01-01,2026-12-31,ACTIVE
PL-ENT,Enterprise Preferred Price List,Enterprise,INR,VAR-0221,379921.42,20,2026-01-01,2026-12-31,ACTIVE
PL-ENT,Enterprise Preferred Price List,Enterprise,INR,VAR-0222,58633.20,20,2026-01-01,2026-12-31,ACTIVE
PL-ENT,Enterprise Preferred Price List,Enterprise,INR,VAR-0223,68405.40,20,2026-01-01,2026-12-31,ACTIVE
PL-ENT,Enterprise Preferred Price List,Enterprise,INR,VAR-0224,89035.60,20,2026-01-01,2026-12-31,ACTIVE
PL-ENT,Enterprise Preferred Price List,Enterprise,INR,VAR-0225,59719.00,20,2026-01-01,2026-12-31,ACTIVE
PL-ENT,Enterprise Preferred Price List,Enterprise,INR,VAR-0226,57547.40,20,2026-01-01,2026-12-31,ACTIVE
PL-ENT,Enterprise Preferred Price List,Enterprise,INR,VAR-0227,76006.00,20,2026-01-01,2026-12-31,ACTIVE
PL-ENT,Enterprise Preferred Price List,Enterprise,INR,VAR-0228,96636.20,20,2026-01-01,2026-12-31,ACTIVE
PL-ENT,Enterprise Preferred Price List,Enterprise,INR,VAR-0229,61347.70,20,2026-01-01,2026-12-31,ACTIVE
PL-ENT,Enterprise Preferred Price List,Enterprise,INR,VAR-0230,57547.40,20,2026-01-01,2026-12-31,ACTIVE
PL-ENT,Enterprise Preferred Price List,Enterprise,INR,VAR-0231,83606.60,20,2026-01-01,2026-12-31,ACTIVE
PL-ENT,Enterprise Preferred Price List,Enterprise,INR,VAR-0232,69491.20,20,2026-01-01,2026-12-31,ACTIVE
PL-ENT,Enterprise Preferred Price List,Enterprise,INR,VAR-0233,227909.42,20,2026-01-01,2026-12-31,ACTIVE
PL-ENT,Enterprise Preferred Price List,Enterprise,INR,VAR-0234,334496.25,20,2026-01-01,2026-12-31,ACTIVE
PL-ENT,Enterprise Preferred Price List,Enterprise,INR,VAR-0235,723728.25,20,2026-01-01,2026-12-31,ACTIVE
PL-ENT,Enterprise Preferred Price List,Enterprise,INR,VAR-0236,240837.30,20,2026-01-01,2026-12-31,ACTIVE
PL-ENT,Enterprise Preferred Price List,Enterprise,INR,VAR-0237,160558.20,20,2026-01-01,2026-12-31,ACTIVE
PL-ENT,Enterprise Preferred Price List,Enterprise,INR,VAR-0238,298005.75,20,2026-01-01,2026-12-31,ACTIVE
PL-ENT,Enterprise Preferred Price List,Enterprise,INR,VAR-0239,839281.50,20,2026-01-01,2026-12-31,ACTIVE
PL-ENT,Enterprise Preferred Price List,Enterprise,INR,VAR-0240,255433.50,20,2026-01-01,2026-12-31,ACTIVE
PL-ENT,Enterprise Preferred Price List,Enterprise,INR,VAR-0241,167856.30,20,2026-01-01,2026-12-31,ACTIVE
PL-ENT,Enterprise Preferred Price List,Enterprise,INR,VAR-0242,316251.00,20,2026-01-01,2026-12-31,ACTIVE
PL-ENT,Enterprise Preferred Price List,Enterprise,INR,VAR-0243,577766.25,20,2026-01-01,2026-12-31,ACTIVE
PL-ENT,Enterprise Preferred Price List,Enterprise,INR,VAR-0244,1082551.50,20,2026-01-01,2026-12-31,ACTIVE
PL-ENT,Enterprise Preferred Price List,Enterprise,INR,VAR-0245,548709.00,20,2026-01-01,2026-12-31,ACTIVE
PL-ENT,Enterprise Preferred Price List,Enterprise,INR,VAR-0246,202499.75,20,2026-01-01,2026-12-31,ACTIVE
PL-ENT,Enterprise Preferred Price List,Enterprise,INR,VAR-0247,502983.25,20,2026-01-01,2026-12-31,ACTIVE
PL-ENT,Enterprise Preferred Price List,Enterprise,INR,VAR-0248,476854.25,20,2026-01-01,2026-12-31,ACTIVE
PL-ENT,Enterprise Preferred Price List,Enterprise,INR,VAR-0249,712015.25,20,2026-01-01,2026-12-31,ACTIVE
PL-ENT,Enterprise Preferred Price List,Enterprise,INR,VAR-0250,519967.10,20,2026-01-01,2026-12-31,ACTIVE
PL-ENT,Enterprise Preferred Price List,Enterprise,INR,VAR-0251,109741.80,20,2026-01-01,2026-12-31,ACTIVE
PL-ENT,Enterprise Preferred Price List,Enterprise,INR,VAR-0252,702870.10,20,2026-01-01,2026-12-31,ACTIVE
PL-ENT,Enterprise Preferred Price List,Enterprise,INR,VAR-0253,470322.00,20,2026-01-01,2026-12-31,ACTIVE
PL-ENT,Enterprise Preferred Price List,Enterprise,INR,VAR-0254,190741.70,20,2026-01-01,2026-12-31,ACTIVE
PL-ENT,Enterprise Preferred Price List,Enterprise,INR,VAR-0255,454644.60,20,2026-01-01,2026-12-31,ACTIVE
PL-ENT,Enterprise Preferred Price List,Enterprise,INR,VAR-0256,940644.00,20,2026-01-01,2026-12-31,ACTIVE
PL-ENT,Enterprise Preferred Price List,Enterprise,INR,VAR-0257,66057.58,20,2026-01-01,2026-12-31,ACTIVE
PL-ENT,Enterprise Preferred Price List,Enterprise,INR,VAR-0258,101868.35,20,2026-01-01,2026-12-31,ACTIVE
PL-ENT,Enterprise Preferred Price List,Enterprise,INR,VAR-0259,55659.55,20,2026-01-01,2026-12-31,ACTIVE
PL-ENT,Enterprise Preferred Price List,Enterprise,INR,VAR-0260,79814.15,20,2026-01-01,2026-12-31,ACTIVE
PL-ENT,Enterprise Preferred Price List,Enterprise,INR,VAR-0261,111138.75,20,2026-01-01,2026-12-31,ACTIVE
PL-ENT,Enterprise Preferred Price List,Enterprise,INR,VAR-0262,144513.75,20,2026-01-01,2026-12-31,ACTIVE
PL-ENT,Enterprise Preferred Price List,Enterprise,INR,VAR-0263,129048.89,20,2026-01-01,2026-12-31,ACTIVE
PL-ENT,Enterprise Preferred Price List,Enterprise,INR,VAR-0264,67861.39,20,2026-01-01,2026-12-31,ACTIVE
PL-ENT,Enterprise Preferred Price List,Enterprise,INR,VAR-0265,63411.39,20,2026-01-01,2026-12-31,ACTIVE
PL-ENT,Enterprise Preferred Price List,Enterprise,INR,VAR-0266,16643.00,20,2026-01-01,2026-12-31,ACTIVE
PL-ENT,Enterprise Preferred Price List,Enterprise,INR,VAR-0267,19847.00,20,2026-01-01,2026-12-31,ACTIVE
PL-ENT,Enterprise Preferred Price List,Enterprise,INR,VAR-0268,33197.00,20,2026-01-01,2026-12-31,ACTIVE
PL-ENT,Enterprise Preferred Price List,Enterprise,INR,VAR-0269,38626.00,20,2026-01-01,2026-12-31,ACTIVE
PL-ENT,Enterprise Preferred Price List,Enterprise,INR,VAR-0270,66216.00,20,2026-01-01,2026-12-31,ACTIVE
PL-ENT,Enterprise Preferred Price List,Enterprise,INR,VAR-0271,80990.00,20,2026-01-01,2026-12-31,ACTIVE
PL-ENT,Enterprise Preferred Price List,Enterprise,INR,VAR-0272,16287.00,20,2026-01-01,2026-12-31,ACTIVE
PL-ENT,Enterprise Preferred Price List,Enterprise,INR,VAR-0273,19580.00,20,2026-01-01,2026-12-31,ACTIVE
PL-ENT,Enterprise Preferred Price List,Enterprise,INR,VAR-0274,34265.00,20,2026-01-01,2026-12-31,ACTIVE
PL-ENT,Enterprise Preferred Price List,Enterprise,INR,VAR-0275,55625.00,20,2026-01-01,2026-12-31,ACTIVE
PL-ENT,Enterprise Preferred Price List,Enterprise,INR,VAR-0276,16020.00,20,2026-01-01,2026-12-31,ACTIVE
PL-ENT,Enterprise Preferred Price List,Enterprise,INR,VAR-0277,32930.00,20,2026-01-01,2026-12-31,ACTIVE
PL-ENT,Enterprise Preferred Price List,Enterprise,INR,VAR-0278,70666.00,20,2026-01-01,2026-12-31,ACTIVE
PL-ENT,Enterprise Preferred Price List,Enterprise,INR,VAR-0279,48504.11,20,2026-01-01,2026-12-31,ACTIVE
PL-ENT,Enterprise Preferred Price List,Enterprise,INR,VAR-0280,190104.00,20,2026-01-01,2026-12-31,ACTIVE
PL-ENT,Enterprise Preferred Price List,Enterprise,INR,VAR-0281,304380.00,20,2026-01-01,2026-12-31,ACTIVE
PL-ENT,Enterprise Preferred Price List,Enterprise,INR,VAR-0282,555360.00,20,2026-01-01,2026-12-31,ACTIVE
PL-ENT,Enterprise Preferred Price List,Enterprise,INR,VAR-0283,31506.00,20,2026-01-01,2026-12-31,ACTIVE
PL-ENT,Enterprise Preferred Price List,Enterprise,INR,VAR-0284,63012.00,20,2026-01-01,2026-12-31,ACTIVE
PL-ENT,Enterprise Preferred Price List,Enterprise,INR,VAR-0285,121752.00,20,2026-01-01,2026-12-31,ACTIVE
PL-ENT,Enterprise Preferred Price List,Enterprise,INR,VAR-0286,243504.00,20,2026-01-01,2026-12-31,ACTIVE
PL-ENT,Enterprise Preferred Price List,Enterprise,INR,VAR-0287,55536.00,20,2026-01-01,2026-12-31,ACTIVE
PL-ENT,Enterprise Preferred Price List,Enterprise,INR,VAR-0288,36846.00,20,2026-01-01,2026-12-31,ACTIVE
PL-ENT,Enterprise Preferred Price List,Enterprise,INR,VAR-0289,63546.00,20,2026-01-01,2026-12-31,ACTIVE
PL-ENT,Enterprise Preferred Price List,Enterprise,INR,VAR-0290,115344.00,20,2026-01-01,2026-12-31,ACTIVE
PL-ENT,Enterprise Preferred Price List,Enterprise,INR,VAR-0291,20185.20,20,2026-01-01,2026-12-31,ACTIVE
PL-ENT,Enterprise Preferred Price List,Enterprise,INR,VAR-0292,49662.00,20,2026-01-01,2026-12-31,ACTIVE
PL-ENT,Enterprise Preferred Price List,Enterprise,INR,VAR-0293,76896.00,20,2026-01-01,2026-12-31,ACTIVE
PL-ENT,Enterprise Preferred Price List,Enterprise,INR,VAR-0294,261660.00,20,2026-01-01,2026-12-31,ACTIVE
PL-ENT,Enterprise Preferred Price List,Enterprise,INR,VAR-0295,42718.93,20,2026-01-01,2026-12-31,ACTIVE
PL-ENT,Enterprise Preferred Price List,Enterprise,INR,VAR-0296,187790.00,20,2026-01-01,2026-12-31,ACTIVE
PL-ENT,Enterprise Preferred Price List,Enterprise,INR,VAR-0297,304380.00,20,2026-01-01,2026-12-31,ACTIVE
PL-ENT,Enterprise Preferred Price List,Enterprise,INR,VAR-0298,506410.00,20,2026-01-01,2026-12-31,ACTIVE
PL-ENT,Enterprise Preferred Price List,Enterprise,INR,VAR-0299,140175.00,20,2026-01-01,2026-12-31,ACTIVE
PL-ENT,Enterprise Preferred Price List,Enterprise,INR,VAR-0300,181115.00,20,2026-01-01,2026-12-31,ACTIVE
PL-ENT,Enterprise Preferred Price List,Enterprise,INR,VAR-0301,408510.00,20,2026-01-01,2026-12-31,ACTIVE
PL-ENT,Enterprise Preferred Price List,Enterprise,INR,VAR-0302,121040.00,20,2026-01-01,2026-12-31,ACTIVE
PL-ENT,Enterprise Preferred Price List,Enterprise,INR,VAR-0303,129495.00,20,2026-01-01,2026-12-31,ACTIVE
PL-ENT,Enterprise Preferred Price List,Enterprise,INR,VAR-0304,113030.00,20,2026-01-01,2026-12-31,ACTIVE
PL-ENT,Enterprise Preferred Price List,Enterprise,INR,VAR-0305,138840.00,20,2026-01-01,2026-12-31,ACTIVE
PL-ENT,Enterprise Preferred Price List,Enterprise,INR,VAR-0306,111962.00,20,2026-01-01,2026-12-31,ACTIVE
PL-ENT,Enterprise Preferred Price List,Enterprise,INR,VAR-0307,134835.00,20,2026-01-01,2026-12-31,ACTIVE
PL-ENT,Enterprise Preferred Price List,Enterprise,INR,VAR-0308,113920.00,20,2026-01-01,2026-12-31,ACTIVE
PL-ENT,Enterprise Preferred Price List,Enterprise,INR,VAR-0309,39382.50,20,2026-01-01,2026-12-31,ACTIVE
PL-ENT,Enterprise Preferred Price List,Enterprise,INR,VAR-0310,85440.00,20,2026-01-01,2026-12-31,ACTIVE
PL-ENT,Enterprise Preferred Price List,Enterprise,INR,VAR-0311,157530.00,20,2026-01-01,2026-12-31,ACTIVE
PL-ENT,Enterprise Preferred Price List,Enterprise,INR,VAR-0312,304380.00,20,2026-01-01,2026-12-31,ACTIVE
PL-ENT,Enterprise Preferred Price List,Enterprise,INR,VAR-0313,594075.00,20,2026-01-01,2026-12-31,ACTIVE
PL-ENT,Enterprise Preferred Price List,Enterprise,INR,VAR-0314,59407.50,20,2026-01-01,2026-12-31,ACTIVE
PL-ENT,Enterprise Preferred Price List,Enterprise,INR,VAR-0315,145515.00,20,2026-01-01,2026-12-31,ACTIVE
PL-ENT,Enterprise Preferred Price List,Enterprise,INR,VAR-0316,287025.00,20,2026-01-01,2026-12-31,ACTIVE
PL-ENT,Enterprise Preferred Price List,Enterprise,INR,VAR-0317,62478.00,20,2026-01-01,2026-12-31,ACTIVE
PL-ENT,Enterprise Preferred Price List,Enterprise,INR,VAR-0318,152190.00,20,2026-01-01,2026-12-31,ACTIVE
PL-ENT,Enterprise Preferred Price List,Enterprise,INR,VAR-0319,560700.00,20,2026-01-01,2026-12-31,ACTIVE
PL-ENT,Enterprise Preferred Price List,Enterprise,INR,VAR-0320,52732.50,20,2026-01-01,2026-12-31,ACTIVE
PL-ENT,Enterprise Preferred Price List,Enterprise,INR,VAR-0321,31061.00,20,2026-01-01,2026-12-31,ACTIVE
PL-ENT,Enterprise Preferred Price List,Enterprise,INR,VAR-0322,47615.00,20,2026-01-01,2026-12-31,ACTIVE
PL-ENT,Enterprise Preferred Price List,Enterprise,INR,VAR-0323,84105.00,20,2026-01-01,2026-12-31,ACTIVE
PL-ENT,Enterprise Preferred Price List,Enterprise,INR,VAR-0324,73870.00,20,2026-01-01,2026-12-31,ACTIVE
PL-ENT,Enterprise Preferred Price List,Enterprise,INR,VAR-0325,45301.00,20,2026-01-01,2026-12-31,ACTIVE
PL-ENT,Enterprise Preferred Price List,Enterprise,INR,VAR-0326,160200.00,20,2026-01-01,2026-12-31,ACTIVE
PL-ENT,Enterprise Preferred Price List,Enterprise,INR,VAR-0327,58295.00,20,2026-01-01,2026-12-31,ACTIVE
PL-ENT,Enterprise Preferred Price List,Enterprise,INR,VAR-0328,78231.00,20,2026-01-01,2026-12-31,ACTIVE
PL-ENT,Enterprise Preferred Price List,Enterprise,INR,VAR-0329,67195.00,20,2026-01-01,2026-12-31,ACTIVE
PL-ENT,Enterprise Preferred Price List,Enterprise,INR,VAR-0330,83659.11,20,2026-01-01,2026-12-31,ACTIVE
PL-ENT,Enterprise Preferred Price List,Enterprise,INR,VAR-0331,23287.50,20,2026-01-01,2026-12-31,ACTIVE
PL-ENT,Enterprise Preferred Price List,Enterprise,INR,VAR-0332,16387.50,20,2026-01-01,2026-12-31,ACTIVE
PL-ENT,Enterprise Preferred Price List,Enterprise,INR,VAR-0333,21907.50,20,2026-01-01,2026-12-31,ACTIVE
PL-ENT,Enterprise Preferred Price List,Enterprise,INR,VAR-0334,15525.00,20,2026-01-01,2026-12-31,ACTIVE
PL-ENT,Enterprise Preferred Price List,Enterprise,INR,VAR-0335,22683.75,20,2026-01-01,2026-12-31,ACTIVE
PL-ENT,Enterprise Preferred Price List,Enterprise,INR,VAR-0336,15007.50,20,2026-01-01,2026-12-31,ACTIVE
PL-ENT,Enterprise Preferred Price List,Enterprise,INR,VAR-0337,10345.69,20,2026-01-01,2026-12-31,ACTIVE
PL-ENT,Enterprise Preferred Price List,Enterprise,INR,VAR-0338,3876.94,20,2026-01-01,2026-12-31,ACTIVE
PL-ENT,Enterprise Preferred Price List,Enterprise,INR,VAR-0339,16814.44,20,2026-01-01,2026-12-31,ACTIVE
PL-ENT,Enterprise Preferred Price List,Enterprise,INR,VAR-0340,8189.44,20,2026-01-01,2026-12-31,ACTIVE
PL-ENT,Enterprise Preferred Price List,Enterprise,INR,VAR-0341,18975.00,20,2026-01-01,2026-12-31,ACTIVE
PL-ENT,Enterprise Preferred Price List,Enterprise,INR,VAR-0342,9228.75,20,2026-01-01,2026-12-31,ACTIVE
PL-ENT,Enterprise Preferred Price List,Enterprise,INR,VAR-0343,20700.00,20,2026-01-01,2026-12-31,ACTIVE
PL-ENT,Enterprise Preferred Price List,Enterprise,INR,VAR-0344,4571.25,20,2026-01-01,2026-12-31,ACTIVE
PL-ENT,Enterprise Preferred Price List,Enterprise,INR,VAR-0345,4916.25,20,2026-01-01,2026-12-31,ACTIVE
PL-ENT,Enterprise Preferred Price List,Enterprise,INR,VAR-0346,2673.75,20,2026-01-01,2026-12-31,ACTIVE
PL-ENT,Enterprise Preferred Price List,Enterprise,INR,VAR-0347,2242.50,20,2026-01-01,2026-12-31,ACTIVE
PL-ENT,Enterprise Preferred Price List,Enterprise,INR,VAR-0348,6036.64,20,2026-01-01,2026-12-31,ACTIVE
PL-ENT,Enterprise Preferred Price List,Enterprise,INR,VAR-0349,4311.64,20,2026-01-01,2026-12-31,ACTIVE
PL-ENT,Enterprise Preferred Price List,Enterprise,INR,VAR-0350,314170.00,20,2026-01-01,2026-12-31,ACTIVE
PL-ENT,Enterprise Preferred Price List,Enterprise,INR,VAR-0351,263440.00,20,2026-01-01,2026-12-31,ACTIVE
PL-ENT,Enterprise Preferred Price List,Enterprise,INR,VAR-0352,94340.00,20,2026-01-01,2026-12-31,ACTIVE
PL-ENT,Enterprise Preferred Price List,Enterprise,INR,VAR-0353,296370.00,20,2026-01-01,2026-12-31,ACTIVE
PL-ENT,Enterprise Preferred Price List,Enterprise,INR,VAR-0354,487720.00,20,2026-01-01,2026-12-31,ACTIVE
PL-ENT,Enterprise Preferred Price List,Enterprise,INR,VAR-0355,29325.00,20,2026-01-01,2026-12-31,ACTIVE
PL-ENT,Enterprise Preferred Price List,Enterprise,INR,VAR-0356,218940.00,20,2026-01-01,2026-12-31,ACTIVE
PL-ENT,Enterprise Preferred Price List,Enterprise,INR,VAR-0357,331970.00,20,2026-01-01,2026-12-31,ACTIVE
PL-ENT,Enterprise Preferred Price List,Enterprise,INR,VAR-0358,210930.00,20,2026-01-01,2026-12-31,ACTIVE
PL-ENT,Enterprise Preferred Price List,Enterprise,INR,VAR-0359,296370.00,20,2026-01-01,2026-12-31,ACTIVE
PL-ENT,Enterprise Preferred Price List,Enterprise,INR,VAR-0360,16287.00,20,2026-01-01,2026-12-31,ACTIVE
PL-ENT,Enterprise Preferred Price List,Enterprise,INR,VAR-0361,34977.00,20,2026-01-01,2026-12-31,ACTIVE
PL-ENT,Enterprise Preferred Price List,Enterprise,INR,VAR-0362,7654.00,20,2026-01-01,2026-12-31,ACTIVE
PL-ENT,Enterprise Preferred Price List,Enterprise,INR,VAR-0363,7120.00,20,2026-01-01,2026-12-31,ACTIVE
PL-ENT,Enterprise Preferred Price List,Enterprise,INR,VAR-0364,5340.00,20,2026-01-01,2026-12-31,ACTIVE
PL-ENT,Enterprise Preferred Price List,Enterprise,INR,VAR-0365,12727.00,20,2026-01-01,2026-12-31,ACTIVE
PL-ENT,Enterprise Preferred Price List,Enterprise,INR,VAR-0366,11214.00,20,2026-01-01,2026-12-31,ACTIVE
PL-STRAT,Strategic Global Partner Price List,Strategic,INR,VAR-0001,61090.00,50,2026-01-01,2026-12-31,ACTIVE
PL-STRAT,Strategic Global Partner Price List,Strategic,INR,VAR-0002,74210.00,50,2026-01-01,2026-12-31,ACTIVE
PL-STRAT,Strategic Global Partner Price List,Strategic,INR,VAR-0003,86100.00,50,2026-01-01,2026-12-31,ACTIVE
PL-STRAT,Strategic Global Partner Price List,Strategic,INR,VAR-0004,104140.00,50,2026-01-01,2026-12-31,ACTIVE
PL-STRAT,Strategic Global Partner Price List,Strategic,INR,VAR-0005,42640.00,50,2026-01-01,2026-12-31,ACTIVE
PL-STRAT,Strategic Global Partner Price List,Strategic,INR,VAR-0006,50840.00,50,2026-01-01,2026-12-31,ACTIVE
PL-STRAT,Strategic Global Partner Price List,Strategic,INR,VAR-0007,109880.00,50,2026-01-01,2026-12-31,ACTIVE
PL-STRAT,Strategic Global Partner Price List,Strategic,INR,VAR-0008,211560.00,50,2026-01-01,2026-12-31,ACTIVE
PL-STRAT,Strategic Global Partner Price List,Strategic,INR,VAR-0009,63960.00,50,2026-01-01,2026-12-31,ACTIVE
PL-STRAT,Strategic Global Partner Price List,Strategic,INR,VAR-0010,77900.00,50,2026-01-01,2026-12-31,ACTIVE
PL-STRAT,Strategic Global Partner Price List,Strategic,INR,VAR-0011,70520.00,50,2026-01-01,2026-12-31,ACTIVE
PL-STRAT,Strategic Global Partner Price List,Strategic,INR,VAR-0012,126280.00,50,2026-01-01,2026-12-31,ACTIVE
PL-STRAT,Strategic Global Partner Price List,Strategic,INR,VAR-0013,152520.00,50,2026-01-01,2026-12-31,ACTIVE
PL-STRAT,Strategic Global Partner Price List,Strategic,INR,VAR-0014,116440.00,50,2026-01-01,2026-12-31,ACTIVE
PL-STRAT,Strategic Global Partner Price List,Strategic,INR,VAR-0015,44690.00,50,2026-01-01,2026-12-31,ACTIVE
PL-STRAT,Strategic Global Partner Price List,Strategic,INR,VAR-0016,66420.00,50,2026-01-01,2026-12-31,ACTIVE
PL-STRAT,Strategic Global Partner Price List,Strategic,INR,VAR-0017,81180.00,50,2026-01-01,2026-12-31,ACTIVE
PL-STRAT,Strategic Global Partner Price List,Strategic,INR,VAR-0018,54940.00,50,2026-01-01,2026-12-31,ACTIVE
PL-STRAT,Strategic Global Partner Price List,Strategic,INR,VAR-0019,47150.00,50,2026-01-01,2026-12-31,ACTIVE
PL-STRAT,Strategic Global Partner Price List,Strategic,INR,VAR-0020,96760.00,50,2026-01-01,2026-12-31,ACTIVE
PL-STRAT,Strategic Global Partner Price List,Strategic,INR,VAR-0021,130380.00,50,2026-01-01,2026-12-31,ACTIVE
PL-STRAT,Strategic Global Partner Price List,Strategic,INR,VAR-0022,163918.00,50,2026-01-01,2026-12-31,ACTIVE
PL-STRAT,Strategic Global Partner Price List,Strategic,INR,VAR-0023,195078.00,50,2026-01-01,2026-12-31,ACTIVE
PL-STRAT,Strategic Global Partner Price List,Strategic,INR,VAR-0024,286918.00,50,2026-01-01,2026-12-31,ACTIVE
PL-STRAT,Strategic Global Partner Price List,Strategic,INR,VAR-0025,81918.00,50,2026-01-01,2026-12-31,ACTIVE
PL-STRAT,Strategic Global Partner Price List,Strategic,INR,VAR-0026,95038.00,50,2026-01-01,2026-12-31,ACTIVE
PL-STRAT,Strategic Global Partner Price List,Strategic,INR,VAR-0027,47560.00,50,2026-01-01,2026-12-31,ACTIVE
PL-STRAT,Strategic Global Partner Price List,Strategic,INR,VAR-0028,59860.00,50,2026-01-01,2026-12-31,ACTIVE
PL-STRAT,Strategic Global Partner Price List,Strategic,INR,VAR-0029,44280.00,50,2026-01-01,2026-12-31,ACTIVE
PL-STRAT,Strategic Global Partner Price List,Strategic,INR,VAR-0030,51660.00,50,2026-01-01,2026-12-31,ACTIVE
PL-STRAT,Strategic Global Partner Price List,Strategic,INR,VAR-0031,67240.00,50,2026-01-01,2026-12-31,ACTIVE
PL-STRAT,Strategic Global Partner Price List,Strategic,INR,VAR-0032,45100.00,50,2026-01-01,2026-12-31,ACTIVE
PL-STRAT,Strategic Global Partner Price List,Strategic,INR,VAR-0033,43460.00,50,2026-01-01,2026-12-31,ACTIVE
PL-STRAT,Strategic Global Partner Price List,Strategic,INR,VAR-0034,57400.00,50,2026-01-01,2026-12-31,ACTIVE
PL-STRAT,Strategic Global Partner Price List,Strategic,INR,VAR-0035,72980.00,50,2026-01-01,2026-12-31,ACTIVE
PL-STRAT,Strategic Global Partner Price List,Strategic,INR,VAR-0036,46330.00,50,2026-01-01,2026-12-31,ACTIVE
PL-STRAT,Strategic Global Partner Price List,Strategic,INR,VAR-0037,43460.00,50,2026-01-01,2026-12-31,ACTIVE
PL-STRAT,Strategic Global Partner Price List,Strategic,INR,VAR-0038,63140.00,50,2026-01-01,2026-12-31,ACTIVE
PL-STRAT,Strategic Global Partner Price List,Strategic,INR,VAR-0039,52480.00,50,2026-01-01,2026-12-31,ACTIVE
PL-STRAT,Strategic Global Partner Price List,Strategic,INR,VAR-0040,106518.00,50,2026-01-01,2026-12-31,ACTIVE
PL-STRAT,Strategic Global Partner Price List,Strategic,INR,VAR-0041,140958.00,50,2026-01-01,2026-12-31,ACTIVE
PL-STRAT,Strategic Global Partner Price List,Strategic,INR,VAR-0042,172118.00,50,2026-01-01,2026-12-31,ACTIVE
PL-STRAT,Strategic Global Partner Price List,Strategic,INR,VAR-0043,118996.00,50,2026-01-01,2026-12-31,ACTIVE
PL-STRAT,Strategic Global Partner Price List,Strategic,INR,VAR-0044,162572.00,50,2026-01-01,2026-12-31,ACTIVE
PL-STRAT,Strategic Global Partner Price List,Strategic,INR,VAR-0045,230450.00,50,2026-01-01,2026-12-31,ACTIVE
PL-STRAT,Strategic Global Partner Price List,Strategic,INR,VAR-0046,498610.00,50,2026-01-01,2026-12-31,ACTIVE
PL-STRAT,Strategic Global Partner Price List,Strategic,INR,VAR-0047,165924.00,50,2026-01-01,2026-12-31,ACTIVE
PL-STRAT,Strategic Global Partner Price List,Strategic,INR,VAR-0048,110616.00,50,2026-01-01,2026-12-31,ACTIVE
PL-STRAT,Strategic Global Partner Price List,Strategic,INR,VAR-0049,205310.00,50,2026-01-01,2026-12-31,ACTIVE
PL-STRAT,Strategic Global Partner Price List,Strategic,INR,VAR-0050,578220.00,50,2026-01-01,2026-12-31,ACTIVE
PL-STRAT,Strategic Global Partner Price List,Strategic,INR,VAR-0051,175980.00,50,2026-01-01,2026-12-31,ACTIVE
PL-STRAT,Strategic Global Partner Price List,Strategic,INR,VAR-0052,115644.00,50,2026-01-01,2026-12-31,ACTIVE
PL-STRAT,Strategic Global Partner Price List,Strategic,INR,VAR-0053,217880.00,50,2026-01-01,2026-12-31,ACTIVE
PL-STRAT,Strategic Global Partner Price List,Strategic,INR,VAR-0054,398050.00,50,2026-01-01,2026-12-31,ACTIVE
PL-STRAT,Strategic Global Partner Price List,Strategic,INR,VAR-0055,745820.00,50,2026-01-01,2026-12-31,ACTIVE
PL-STRAT,Strategic Global Partner Price List,Strategic,INR,VAR-0056,293300.00,50,2026-01-01,2026-12-31,ACTIVE
PL-STRAT,Strategic Global Partner Price List,Strategic,INR,VAR-0057,393860.00,50,2026-01-01,2026-12-31,ACTIVE
PL-STRAT,Strategic Global Partner Price List,Strategic,INR,VAR-0058,439950.00,50,2026-01-01,2026-12-31,ACTIVE
PL-STRAT,Strategic Global Partner Price List,Strategic,INR,VAR-0059,733250.00,50,2026-01-01,2026-12-31,ACTIVE
PL-STRAT,Strategic Global Partner Price List,Strategic,INR,VAR-0060,351960.00,50,2026-01-01,2026-12-31,ACTIVE
PL-STRAT,Strategic Global Partner Price List,Strategic,INR,VAR-0061,129890.00,50,2026-01-01,2026-12-31,ACTIVE
PL-STRAT,Strategic Global Partner Price List,Strategic,INR,VAR-0062,322630.00,50,2026-01-01,2026-12-31,ACTIVE
PL-STRAT,Strategic Global Partner Price List,Strategic,INR,VAR-0063,305870.00,50,2026-01-01,2026-12-31,ACTIVE
PL-STRAT,Strategic Global Partner Price List,Strategic,INR,VAR-0064,456710.00,50,2026-01-01,2026-12-31,ACTIVE
PL-STRAT,Strategic Global Partner Price List,Strategic,INR,VAR-0065,333524.00,50,2026-01-01,2026-12-31,ACTIVE
PL-STRAT,Strategic Global Partner Price List,Strategic,INR,VAR-0066,70392.00,50,2026-01-01,2026-12-31,ACTIVE
PL-STRAT,Strategic Global Partner Price List,Strategic,INR,VAR-0067,450844.00,50,2026-01-01,2026-12-31,ACTIVE
PL-STRAT,Strategic Global Partner Price List,Strategic,INR,VAR-0068,301680.00,50,2026-01-01,2026-12-31,ACTIVE
PL-STRAT,Strategic Global Partner Price List,Strategic,INR,VAR-0069,122348.00,50,2026-01-01,2026-12-31,ACTIVE
PL-STRAT,Strategic Global Partner Price List,Strategic,INR,VAR-0070,291624.00,50,2026-01-01,2026-12-31,ACTIVE
PL-STRAT,Strategic Global Partner Price List,Strategic,INR,VAR-0071,603360.00,50,2026-01-01,2026-12-31,ACTIVE
PL-STRAT,Strategic Global Partner Price List,Strategic,INR,VAR-0072,61418.00,50,2026-01-01,2026-12-31,ACTIVE
PL-STRAT,Strategic Global Partner Price List,Strategic,INR,VAR-0073,69618.00,50,2026-01-01,2026-12-31,ACTIVE
PL-STRAT,Strategic Global Partner Price List,Strategic,INR,VAR-0074,86018.00,50,2026-01-01,2026-12-31,ACTIVE
PL-STRAT,Strategic Global Partner Price List,Strategic,INR,VAR-0075,106436.00,50,2026-01-01,2026-12-31,ACTIVE
PL-STRAT,Strategic Global Partner Price List,Strategic,INR,VAR-0076,114636.00,50,2026-01-01,2026-12-31,ACTIVE
PL-STRAT,Strategic Global Partner Price List,Strategic,INR,VAR-0077,131036.00,50,2026-01-01,2026-12-31,ACTIVE
PL-STRAT,Strategic Global Partner Price List,Strategic,INR,VAR-0078,131118.00,50,2026-01-01,2026-12-31,ACTIVE
PL-STRAT,Strategic Global Partner Price List,Strategic,INR,VAR-0079,147518.00,50,2026-01-01,2026-12-31,ACTIVE
PL-STRAT,Strategic Global Partner Price List,Strategic,INR,VAR-0080,51578.00,50,2026-01-01,2026-12-31,ACTIVE
PL-STRAT,Strategic Global Partner Price List,Strategic,INR,VAR-0081,61499.18,50,2026-01-01,2026-12-31,ACTIVE
PL-STRAT,Strategic Global Partner Price List,Strategic,INR,VAR-0082,65599.18,50,2026-01-01,2026-12-31,ACTIVE
PL-STRAT,Strategic Global Partner Price List,Strategic,INR,VAR-0083,106599.18,50,2026-01-01,2026-12-31,ACTIVE
PL-STRAT,Strategic Global Partner Price List,Strategic,INR,VAR-0084,114799.18,50,2026-01-01,2026-12-31,ACTIVE
PL-STRAT,Strategic Global Partner Price List,Strategic,INR,VAR-0085,79539.18,50,2026-01-01,2026-12-31,ACTIVE
PL-STRAT,Strategic Global Partner Price List,Strategic,INR,VAR-0086,30339.18,50,2026-01-01,2026-12-31,ACTIVE
PL-STRAT,Strategic Global Partner Price List,Strategic,INR,VAR-0087,33619.18,50,2026-01-01,2026-12-31,ACTIVE
PL-STRAT,Strategic Global Partner Price List,Strategic,INR,VAR-0088,43459.18,50,2026-01-01,2026-12-31,ACTIVE
PL-STRAT,Strategic Global Partner Price List,Strategic,INR,VAR-0089,87739.18,50,2026-01-01,2026-12-31,ACTIVE
PL-STRAT,Strategic Global Partner Price List,Strategic,INR,VAR-0090,93479.18,50,2026-01-01,2026-12-31,ACTIVE
PL-STRAT,Strategic Global Partner Price List,Strategic,INR,VAR-0091,62319.18,50,2026-01-01,2026-12-31,ACTIVE
PL-STRAT,Strategic Global Partner Price List,Strategic,INR,VAR-0092,53299.18,50,2026-01-01,2026-12-31,ACTIVE
PL-STRAT,Strategic Global Partner Price List,Strategic,INR,VAR-0093,58219.18,50,2026-01-01,2026-12-31,ACTIVE
PL-STRAT,Strategic Global Partner Price List,Strategic,INR,VAR-0094,32718.00,50,2026-01-01,2026-12-31,ACTIVE
PL-STRAT,Strategic Global Partner Price List,Strategic,INR,VAR-0095,50758.00,50,2026-01-01,2026-12-31,ACTIVE
PL-STRAT,Strategic Global Partner Price List,Strategic,INR,VAR-0096,49118.00,50,2026-01-01,2026-12-31,ACTIVE
PL-STRAT,Strategic Global Partner Price List,Strategic,INR,VAR-0097,66338.00,50,2026-01-01,2026-12-31,ACTIVE
PL-STRAT,Strategic Global Partner Price List,Strategic,INR,VAR-0098,81918.00,50,2026-01-01,2026-12-31,ACTIVE
PL-STRAT,Strategic Global Partner Price List,Strategic,INR,VAR-0099,106518.00,50,2026-01-01,2026-12-31,ACTIVE
PL-STRAT,Strategic Global Partner Price List,Strategic,INR,VAR-0100,59859.18,50,2026-01-01,2026-12-31,ACTIVE
PL-STRAT,Strategic Global Partner Price List,Strategic,INR,VAR-0101,69699.18,50,2026-01-01,2026-12-31,ACTIVE
PL-STRAT,Strategic Global Partner Price List,Strategic,INR,VAR-0102,95119.18,50,2026-01-01,2026-12-31,ACTIVE
PL-STRAT,Strategic Global Partner Price List,Strategic,INR,VAR-0103,50019.18,50,2026-01-01,2026-12-31,ACTIVE
PL-STRAT,Strategic Global Partner Price List,Strategic,INR,VAR-0104,46739.18,50,2026-01-01,2026-12-31,ACTIVE
PL-STRAT,Strategic Global Partner Price List,Strategic,INR,VAR-0105,11644.00,50,2026-01-01,2026-12-31,ACTIVE
PL-STRAT,Strategic Global Partner Price List,Strategic,INR,VAR-0106,14596.00,50,2026-01-01,2026-12-31,ACTIVE
PL-STRAT,Strategic Global Partner Price List,Strategic,INR,VAR-0107,26896.00,50,2026-01-01,2026-12-31,ACTIVE
PL-STRAT,Strategic Global Partner Price List,Strategic,INR,VAR-0108,31898.00,50,2026-01-01,2026-12-31,ACTIVE
PL-STRAT,Strategic Global Partner Price List,Strategic,INR,VAR-0109,57318.00,50,2026-01-01,2026-12-31,ACTIVE
PL-STRAT,Strategic Global Partner Price List,Strategic,INR,VAR-0110,70930.00,50,2026-01-01,2026-12-31,ACTIVE
PL-STRAT,Strategic Global Partner Price List,Strategic,INR,VAR-0111,11316.00,50,2026-01-01,2026-12-31,ACTIVE
PL-STRAT,Strategic Global Partner Price List,Strategic,INR,VAR-0112,14350.00,50,2026-01-01,2026-12-31,ACTIVE
PL-STRAT,Strategic Global Partner Price List,Strategic,INR,VAR-0113,27880.00,50,2026-01-01,2026-12-31,ACTIVE
PL-STRAT,Strategic Global Partner Price List,Strategic,INR,VAR-0114,47560.00,50,2026-01-01,2026-12-31,ACTIVE
PL-STRAT,Strategic Global Partner Price List,Strategic,INR,VAR-0115,11070.00,50,2026-01-01,2026-12-31,ACTIVE
PL-STRAT,Strategic Global Partner Price List,Strategic,INR,VAR-0116,26650.00,50,2026-01-01,2026-12-31,ACTIVE
PL-STRAT,Strategic Global Partner Price List,Strategic,INR,VAR-0117,61418.00,50,2026-01-01,2026-12-31,ACTIVE
PL-STRAT,Strategic Global Partner Price List,Strategic,INR,VAR-0118,40999.18,50,2026-01-01,2026-12-31,ACTIVE
PL-STRAT,Strategic Global Partner Price List,Strategic,INR,VAR-0119,145960.00,50,2026-01-01,2026-12-31,ACTIVE
PL-STRAT,Strategic Global Partner Price List,Strategic,INR,VAR-0120,233700.00,50,2026-01-01,2026-12-31,ACTIVE
PL-STRAT,Strategic Global Partner Price List,Strategic,INR,VAR-0121,426400.00,50,2026-01-01,2026-12-31,ACTIVE
PL-STRAT,Strategic Global Partner Price List,Strategic,INR,VAR-0122,24190.00,50,2026-01-01,2026-12-31,ACTIVE
PL-STRAT,Strategic Global Partner Price List,Strategic,INR,VAR-0123,48380.00,50,2026-01-01,2026-12-31,ACTIVE
PL-STRAT,Strategic Global Partner Price List,Strategic,INR,VAR-0124,93480.00,50,2026-01-01,2026-12-31,ACTIVE
PL-STRAT,Strategic Global Partner Price List,Strategic,INR,VAR-0125,186960.00,50,2026-01-01,2026-12-31,ACTIVE
PL-STRAT,Strategic Global Partner Price List,Strategic,INR,VAR-0126,42640.00,50,2026-01-01,2026-12-31,ACTIVE
PL-STRAT,Strategic Global Partner Price List,Strategic,INR,VAR-0127,28290.00,50,2026-01-01,2026-12-31,ACTIVE
PL-STRAT,Strategic Global Partner Price List,Strategic,INR,VAR-0128,48790.00,50,2026-01-01,2026-12-31,ACTIVE
PL-STRAT,Strategic Global Partner Price List,Strategic,INR,VAR-0129,88560.00,50,2026-01-01,2026-12-31,ACTIVE
PL-STRAT,Strategic Global Partner Price List,Strategic,INR,VAR-0130,15498.00,50,2026-01-01,2026-12-31,ACTIVE
PL-STRAT,Strategic Global Partner Price List,Strategic,INR,VAR-0131,38130.00,50,2026-01-01,2026-12-31,ACTIVE
PL-STRAT,Strategic Global Partner Price List,Strategic,INR,VAR-0132,59040.00,50,2026-01-01,2026-12-31,ACTIVE
PL-STRAT,Strategic Global Partner Price List,Strategic,INR,VAR-0133,200900.00,50,2026-01-01,2026-12-31,ACTIVE
PL-STRAT,Strategic Global Partner Price List,Strategic,INR,VAR-0134,32799.18,50,2026-01-01,2026-12-31,ACTIVE
PL-STRAT,Strategic Global Partner Price List,Strategic,INR,VAR-0135,47970.00,50,2026-01-01,2026-12-31,ACTIVE
PL-STRAT,Strategic Global Partner Price List,Strategic,INR,VAR-0136,103730.00,50,2026-01-01,2026-12-31,ACTIVE
PL-STRAT,Strategic Global Partner Price List,Strategic,INR,VAR-0137,87740.00,50,2026-01-01,2026-12-31,ACTIVE
PL-STRAT,Strategic Global Partner Price List,Strategic,INR,VAR-0138,195160.00,50,2026-01-01,2026-12-31,ACTIVE
PL-STRAT,Strategic Global Partner Price List,Strategic,INR,VAR-0139,381300.00,50,2026-01-01,2026-12-31,ACTIVE
PL-STRAT,Strategic Global Partner Price List,Strategic,INR,VAR-0140,43870.00,50,2026-01-01,2026-12-31,ACTIVE
PL-STRAT,Strategic Global Partner Price List,Strategic,INR,VAR-0141,81590.00,50,2026-01-01,2026-12-31,ACTIVE
PL-STRAT,Strategic Global Partner Price List,Strategic,INR,VAR-0142,291100.00,50,2026-01-01,2026-12-31,ACTIVE
PL-STRAT,Strategic Global Partner Price List,Strategic,INR,VAR-0143,26240.00,50,2026-01-01,2026-12-31,ACTIVE
PL-STRAT,Strategic Global Partner Price List,Strategic,INR,VAR-0144,34030.00,50,2026-01-01,2026-12-31,ACTIVE
PL-STRAT,Strategic Global Partner Price List,Strategic,INR,VAR-0145,18860.00,50,2026-01-01,2026-12-31,ACTIVE
PL-STRAT,Strategic Global Partner Price List,Strategic,INR,VAR-0146,42640.00,50,2026-01-01,2026-12-31,ACTIVE
PL-STRAT,Strategic Global Partner Price List,Strategic,INR,VAR-0147,17876.00,50,2026-01-01,2026-12-31,ACTIVE
PL-STRAT,Strategic Global Partner Price List,Strategic,INR,VAR-0148,38950.00,50,2026-01-01,2026-12-31,ACTIVE
PL-STRAT,Strategic Global Partner Price List,Strategic,INR,VAR-0149,19680.00,50,2026-01-01,2026-12-31,ACTIVE
PL-STRAT,Strategic Global Partner Price List,Strategic,INR,VAR-0150,24190.00,50,2026-01-01,2026-12-31,ACTIVE
PL-STRAT,Strategic Global Partner Price List,Strategic,INR,VAR-0151,52480.00,50,2026-01-01,2026-12-31,ACTIVE
PL-STRAT,Strategic Global Partner Price List,Strategic,INR,VAR-0152,96760.00,50,2026-01-01,2026-12-31,ACTIVE
PL-STRAT,Strategic Global Partner Price List,Strategic,INR,VAR-0153,186960.00,50,2026-01-01,2026-12-31,ACTIVE
PL-STRAT,Strategic Global Partner Price List,Strategic,INR,VAR-0154,364900.00,50,2026-01-01,2026-12-31,ACTIVE
PL-STRAT,Strategic Global Partner Price List,Strategic,INR,VAR-0155,36490.00,50,2026-01-01,2026-12-31,ACTIVE
PL-STRAT,Strategic Global Partner Price List,Strategic,INR,VAR-0156,89380.00,50,2026-01-01,2026-12-31,ACTIVE
PL-STRAT,Strategic Global Partner Price List,Strategic,INR,VAR-0157,176300.00,50,2026-01-01,2026-12-31,ACTIVE
PL-STRAT,Strategic Global Partner Price List,Strategic,INR,VAR-0158,38376.00,50,2026-01-01,2026-12-31,ACTIVE
PL-STRAT,Strategic Global Partner Price List,Strategic,INR,VAR-0159,93480.00,50,2026-01-01,2026-12-31,ACTIVE
PL-STRAT,Strategic Global Partner Price List,Strategic,INR,VAR-0160,344400.00,50,2026-01-01,2026-12-31,ACTIVE
PL-STRAT,Strategic Global Partner Price List,Strategic,INR,VAR-0161,32390.00,50,2026-01-01,2026-12-31,ACTIVE
PL-STRAT,Strategic Global Partner Price List,Strategic,INR,VAR-0162,18778.00,50,2026-01-01,2026-12-31,ACTIVE
PL-STRAT,Strategic Global Partner Price List,Strategic,INR,VAR-0163,34030.00,50,2026-01-01,2026-12-31,ACTIVE
PL-STRAT,Strategic Global Partner Price List,Strategic,INR,VAR-0164,67650.00,50,2026-01-01,2026-12-31,ACTIVE
PL-STRAT,Strategic Global Partner Price List,Strategic,INR,VAR-0165,58220.00,50,2026-01-01,2026-12-31,ACTIVE
PL-STRAT,Strategic Global Partner Price List,Strategic,INR,VAR-0166,31898.00,50,2026-01-01,2026-12-31,ACTIVE
PL-STRAT,Strategic Global Partner Price List,Strategic,INR,VAR-0167,137760.00,50,2026-01-01,2026-12-31,ACTIVE
PL-STRAT,Strategic Global Partner Price List,Strategic,INR,VAR-0168,43870.00,50,2026-01-01,2026-12-31,ACTIVE
PL-STRAT,Strategic Global Partner Price List,Strategic,INR,VAR-0169,62238.00,50,2026-01-01,2026-12-31,ACTIVE
PL-STRAT,Strategic Global Partner Price List,Strategic,INR,VAR-0170,52070.00,50,2026-01-01,2026-12-31,ACTIVE
PL-STRAT,Strategic Global Partner Price List,Strategic,INR,VAR-0171,67239.18,50,2026-01-01,2026-12-31,ACTIVE
PL-STRAT,Strategic Global Partner Price List,Strategic,INR,VAR-0172,20537.50,50,2026-01-01,2026-12-31,ACTIVE
PL-STRAT,Strategic Global Partner Price List,Strategic,INR,VAR-0173,14337.50,50,2026-01-01,2026-12-31,ACTIVE
PL-STRAT,Strategic Global Partner Price List,Strategic,INR,VAR-0174,19297.50,50,2026-01-01,2026-12-31,ACTIVE
PL-STRAT,Strategic Global Partner Price List,Strategic,INR,VAR-0175,13562.50,50,2026-01-01,2026-12-31,ACTIVE
PL-STRAT,Strategic Global Partner Price List,Strategic,INR,VAR-0176,19995.00,50,2026-01-01,2026-12-31,ACTIVE
PL-STRAT,Strategic Global Partner Price List,Strategic,INR,VAR-0177,13097.50,50,2026-01-01,2026-12-31,ACTIVE
PL-STRAT,Strategic Global Partner Price List,Strategic,INR,VAR-0178,7358.62,50,2026-01-01,2026-12-31,ACTIVE
PL-STRAT,Strategic Global Partner Price List,Strategic,INR,VAR-0179,7358.62,50,2026-01-01,2026-12-31,ACTIVE
PL-STRAT,Strategic Global Partner Price List,Strategic,INR,VAR-0180,8908.62,50,2026-01-01,2026-12-31,ACTIVE
PL-STRAT,Strategic Global Partner Price List,Strategic,INR,VAR-0181,3096.12,50,2026-01-01,2026-12-31,ACTIVE
PL-STRAT,Strategic Global Partner Price List,Strategic,INR,VAR-0182,14721.12,50,2026-01-01,2026-12-31,ACTIVE
PL-STRAT,Strategic Global Partner Price List,Strategic,INR,VAR-0183,6971.12,50,2026-01-01,2026-12-31,ACTIVE
PL-STRAT,Strategic Global Partner Price List,Strategic,INR,VAR-0184,16662.50,50,2026-01-01,2026-12-31,ACTIVE
PL-STRAT,Strategic Global Partner Price List,Strategic,INR,VAR-0185,7905.00,50,2026-01-01,2026-12-31,ACTIVE
PL-STRAT,Strategic Global Partner Price List,Strategic,INR,VAR-0186,18212.50,50,2026-01-01,2026-12-31,ACTIVE
PL-STRAT,Strategic Global Partner Price List,Strategic,INR,VAR-0187,3720.00,50,2026-01-01,2026-12-31,ACTIVE
PL-STRAT,Strategic Global Partner Price List,Strategic,INR,VAR-0188,4030.00,50,2026-01-01,2026-12-31,ACTIVE
PL-STRAT,Strategic Global Partner Price List,Strategic,INR,VAR-0189,2015.00,50,2026-01-01,2026-12-31,ACTIVE
PL-STRAT,Strategic Global Partner Price List,Strategic,INR,VAR-0190,1627.50,50,2026-01-01,2026-12-31,ACTIVE
PL-STRAT,Strategic Global Partner Price List,Strategic,INR,VAR-0191,5036.73,50,2026-01-01,2026-12-31,ACTIVE
PL-STRAT,Strategic Global Partner Price List,Strategic,INR,VAR-0192,3486.72,50,2026-01-01,2026-12-31,ACTIVE
PL-STRAT,Strategic Global Partner Price List,Strategic,INR,VAR-0193,266500.00,50,2026-01-01,2026-12-31,ACTIVE
PL-STRAT,Strategic Global Partner Price List,Strategic,INR,VAR-0194,219760.00,50,2026-01-01,2026-12-31,ACTIVE
PL-STRAT,Strategic Global Partner Price List,Strategic,INR,VAR-0195,63960.00,50,2026-01-01,2026-12-31,ACTIVE
PL-STRAT,Strategic Global Partner Price List,Strategic,INR,VAR-0196,250100.00,50,2026-01-01,2026-12-31,ACTIVE
PL-STRAT,Strategic Global Partner Price List,Strategic,INR,VAR-0197,426400.00,50,2026-01-01,2026-12-31,ACTIVE
PL-STRAT,Strategic Global Partner Price List,Strategic,INR,VAR-0198,25962.50,50,2026-01-01,2026-12-31,ACTIVE
PL-STRAT,Strategic Global Partner Price List,Strategic,INR,VAR-0199,178760.00,50,2026-01-01,2026-12-31,ACTIVE
PL-STRAT,Strategic Global Partner Price List,Strategic,INR,VAR-0200,282900.00,50,2026-01-01,2026-12-31,ACTIVE
PL-STRAT,Strategic Global Partner Price List,Strategic,INR,VAR-0201,171380.00,50,2026-01-01,2026-12-31,ACTIVE
PL-STRAT,Strategic Global Partner Price List,Strategic,INR,VAR-0202,250100.00,50,2026-01-01,2026-12-31,ACTIVE
PL-STRAT,Strategic Global Partner Price List,Strategic,INR,VAR-0203,13530.00,50,2026-01-01,2026-12-31,ACTIVE
PL-STRAT,Strategic Global Partner Price List,Strategic,INR,VAR-0204,30750.00,50,2026-01-01,2026-12-31,ACTIVE
PL-STRAT,Strategic Global Partner Price List,Strategic,INR,VAR-0205,5576.00,50,2026-01-01,2026-12-31,ACTIVE
PL-STRAT,Strategic Global Partner Price List,Strategic,INR,VAR-0206,5084.00,50,2026-01-01,2026-12-31,ACTIVE
PL-STRAT,Strategic Global Partner Price List,Strategic,INR,VAR-0207,2952.00,50,2026-01-01,2026-12-31,ACTIVE
PL-STRAT,Strategic Global Partner Price List,Strategic,INR,VAR-0208,2952.00,50,2026-01-01,2026-12-31,ACTIVE
PL-STRAT,Strategic Global Partner Price List,Strategic,INR,VAR-0209,3444.00,50,2026-01-01,2026-12-31,ACTIVE
PL-STRAT,Strategic Global Partner Price List,Strategic,INR,VAR-0210,10250.00,50,2026-01-01,2026-12-31,ACTIVE
PL-STRAT,Strategic Global Partner Price List,Strategic,INR,VAR-0211,6888.00,50,2026-01-01,2026-12-31,ACTIVE
PL-STRAT,Strategic Global Partner Price List,Strategic,INR,VAR-0212,134053.60,50,2026-01-01,2026-12-31,ACTIVE
PL-STRAT,Strategic Global Partner Price List,Strategic,INR,VAR-0213,258103.20,50,2026-01-01,2026-12-31,ACTIVE
PL-STRAT,Strategic Global Partner Price List,Strategic,INR,VAR-0214,86034.40,50,2026-01-01,2026-12-31,ACTIVE
PL-STRAT,Strategic Global Partner Price List,Strategic,INR,VAR-0215,142056.80,50,2026-01-01,2026-12-31,ACTIVE
PL-STRAT,Strategic Global Partner Price List,Strategic,INR,VAR-0216,54521.80,50,2026-01-01,2026-12-31,ACTIVE
PL-STRAT,Strategic Global Partner Price List,Strategic,INR,VAR-0217,67026.80,50,2026-01-01,2026-12-31,ACTIVE
PL-STRAT,Strategic Global Partner Price List,Strategic,INR,VAR-0218,57523.00,50,2026-01-01,2026-12-31,ACTIVE
PL-STRAT,Strategic Global Partner Price List,Strategic,INR,VAR-0219,118047.20,50,2026-01-01,2026-12-31,ACTIVE
PL-STRAT,Strategic Global Partner Price List,Strategic,INR,VAR-0220,159063.60,50,2026-01-01,2026-12-31,ACTIVE
PL-STRAT,Strategic Global Partner Price List,Strategic,INR,VAR-0221,350039.96,50,2026-01-01,2026-12-31,ACTIVE
PL-STRAT,Strategic Global Partner Price List,Strategic,INR,VAR-0222,54021.60,50,2026-01-01,2026-12-31,ACTIVE
PL-STRAT,Strategic Global Partner Price List,Strategic,INR,VAR-0223,63025.20,50,2026-01-01,2026-12-31,ACTIVE
PL-STRAT,Strategic Global Partner Price List,Strategic,INR,VAR-0224,82032.80,50,2026-01-01,2026-12-31,ACTIVE
PL-STRAT,Strategic Global Partner Price List,Strategic,INR,VAR-0225,55022.00,50,2026-01-01,2026-12-31,ACTIVE
PL-STRAT,Strategic Global Partner Price List,Strategic,INR,VAR-0226,53021.20,50,2026-01-01,2026-12-31,ACTIVE
PL-STRAT,Strategic Global Partner Price List,Strategic,INR,VAR-0227,70028.00,50,2026-01-01,2026-12-31,ACTIVE
PL-STRAT,Strategic Global Partner Price List,Strategic,INR,VAR-0228,89035.60,50,2026-01-01,2026-12-31,ACTIVE
PL-STRAT,Strategic Global Partner Price List,Strategic,INR,VAR-0229,56522.60,50,2026-01-01,2026-12-31,ACTIVE
PL-STRAT,Strategic Global Partner Price List,Strategic,INR,VAR-0230,53021.20,50,2026-01-01,2026-12-31,ACTIVE
PL-STRAT,Strategic Global Partner Price List,Strategic,INR,VAR-0231,77030.80,50,2026-01-01,2026-12-31,ACTIVE
PL-STRAT,Strategic Global Partner Price List,Strategic,INR,VAR-0232,64025.60,50,2026-01-01,2026-12-31,ACTIVE
PL-STRAT,Strategic Global Partner Price List,Strategic,INR,VAR-0233,209983.96,50,2026-01-01,2026-12-31,ACTIVE
PL-STRAT,Strategic Global Partner Price List,Strategic,INR,VAR-0234,311107.50,50,2026-01-01,2026-12-31,ACTIVE
PL-STRAT,Strategic Global Partner Price List,Strategic,INR,VAR-0235,673123.50,50,2026-01-01,2026-12-31,ACTIVE
PL-STRAT,Strategic Global Partner Price List,Strategic,INR,VAR-0236,223997.40,50,2026-01-01,2026-12-31,ACTIVE
PL-STRAT,Strategic Global Partner Price List,Strategic,INR,VAR-0237,149331.60,50,2026-01-01,2026-12-31,ACTIVE
PL-STRAT,Strategic Global Partner Price List,Strategic,INR,VAR-0238,277168.50,50,2026-01-01,2026-12-31,ACTIVE
PL-STRAT,Strategic Global Partner Price List,Strategic,INR,VAR-0239,780597.00,50,2026-01-01,2026-12-31,ACTIVE
PL-STRAT,Strategic Global Partner Price List,Strategic,INR,VAR-0240,237573.00,50,2026-01-01,2026-12-31,ACTIVE
PL-STRAT,Strategic Global Partner Price List,Strategic,INR,VAR-0241,156119.40,50,2026-01-01,2026-12-31,ACTIVE
PL-STRAT,Strategic Global Partner Price List,Strategic,INR,VAR-0242,294138.00,50,2026-01-01,2026-12-31,ACTIVE
PL-STRAT,Strategic Global Partner Price List,Strategic,INR,VAR-0243,537367.50,50,2026-01-01,2026-12-31,ACTIVE
PL-STRAT,Strategic Global Partner Price List,Strategic,INR,VAR-0244,1006857.00,50,2026-01-01,2026-12-31,ACTIVE
PL-STRAT,Strategic Global Partner Price List,Strategic,INR,VAR-0245,510342.00,50,2026-01-01,2026-12-31,ACTIVE
PL-STRAT,Strategic Global Partner Price List,Strategic,INR,VAR-0246,188340.50,50,2026-01-01,2026-12-31,ACTIVE
PL-STRAT,Strategic Global Partner Price List,Strategic,INR,VAR-0247,467813.50,50,2026-01-01,2026-12-31,ACTIVE
PL-STRAT,Strategic Global Partner Price List,Strategic,INR,VAR-0248,443511.50,50,2026-01-01,2026-12-31,ACTIVE
PL-STRAT,Strategic Global Partner Price List,Strategic,INR,VAR-0249,662229.50,50,2026-01-01,2026-12-31,ACTIVE
PL-STRAT,Strategic Global Partner Price List,Strategic,INR,VAR-0250,483609.80,50,2026-01-01,2026-12-31,ACTIVE
PL-STRAT,Strategic Global Partner Price List,Strategic,INR,VAR-0251,102068.40,50,2026-01-01,2026-12-31,ACTIVE
PL-STRAT,Strategic Global Partner Price List,Strategic,INR,VAR-0252,653723.80,50,2026-01-01,2026-12-31,ACTIVE
PL-STRAT,Strategic Global Partner Price List,Strategic,INR,VAR-0253,437436.00,50,2026-01-01,2026-12-31,ACTIVE
PL-STRAT,Strategic Global Partner Price List,Strategic,INR,VAR-0254,177404.60,50,2026-01-01,2026-12-31,ACTIVE
PL-STRAT,Strategic Global Partner Price List,Strategic,INR,VAR-0255,422854.80,50,2026-01-01,2026-12-31,ACTIVE
PL-STRAT,Strategic Global Partner Price List,Strategic,INR,VAR-0256,874872.00,50,2026-01-01,2026-12-31,ACTIVE
PL-STRAT,Strategic Global Partner Price List,Strategic,INR,VAR-0257,60862.04,50,2026-01-01,2026-12-31,ACTIVE
PL-STRAT,Strategic Global Partner Price List,Strategic,INR,VAR-0258,93856.23,50,2026-01-01,2026-12-31,ACTIVE
PL-STRAT,Strategic Global Partner Price List,Strategic,INR,VAR-0259,51281.83,50,2026-01-01,2026-12-31,ACTIVE
PL-STRAT,Strategic Global Partner Price List,Strategic,INR,VAR-0260,73536.63,50,2026-01-01,2026-12-31,ACTIVE
PL-STRAT,Strategic Global Partner Price List,Strategic,INR,VAR-0261,102397.50,50,2026-01-01,2026-12-31,ACTIVE
PL-STRAT,Strategic Global Partner Price List,Strategic,INR,VAR-0262,133147.50,50,2026-01-01,2026-12-31,ACTIVE
PL-STRAT,Strategic Global Partner Price List,Strategic,INR,VAR-0263,118898.98,50,2026-01-01,2026-12-31,ACTIVE
PL-STRAT,Strategic Global Partner Price List,Strategic,INR,VAR-0264,62523.98,50,2026-01-01,2026-12-31,ACTIVE
PL-STRAT,Strategic Global Partner Price List,Strategic,INR,VAR-0265,58423.98,50,2026-01-01,2026-12-31,ACTIVE
PL-STRAT,Strategic Global Partner Price List,Strategic,INR,VAR-0266,15334.00,50,2026-01-01,2026-12-31,ACTIVE
PL-STRAT,Strategic Global Partner Price List,Strategic,INR,VAR-0267,18286.00,50,2026-01-01,2026-12-31,ACTIVE
PL-STRAT,Strategic Global Partner Price List,Strategic,INR,VAR-0268,30586.00,50,2026-01-01,2026-12-31,ACTIVE
PL-STRAT,Strategic Global Partner Price List,Strategic,INR,VAR-0269,35588.00,50,2026-01-01,2026-12-31,ACTIVE
PL-STRAT,Strategic Global Partner Price List,Strategic,INR,VAR-0270,61008.00,50,2026-01-01,2026-12-31,ACTIVE
PL-STRAT,Strategic Global Partner Price List,Strategic,INR,VAR-0271,74620.00,50,2026-01-01,2026-12-31,ACTIVE
PL-STRAT,Strategic Global Partner Price List,Strategic,INR,VAR-0272,15006.00,50,2026-01-01,2026-12-31,ACTIVE
PL-STRAT,Strategic Global Partner Price List,Strategic,INR,VAR-0273,18040.00,50,2026-01-01,2026-12-31,ACTIVE
PL-STRAT,Strategic Global Partner Price List,Strategic,INR,VAR-0274,31570.00,50,2026-01-01,2026-12-31,ACTIVE
PL-STRAT,Strategic Global Partner Price List,Strategic,INR,VAR-0275,51250.00,50,2026-01-01,2026-12-31,ACTIVE
PL-STRAT,Strategic Global Partner Price List,Strategic,INR,VAR-0276,14760.00,50,2026-01-01,2026-12-31,ACTIVE
PL-STRAT,Strategic Global Partner Price List,Strategic,INR,VAR-0277,30340.00,50,2026-01-01,2026-12-31,ACTIVE
PL-STRAT,Strategic Global Partner Price List,Strategic,INR,VAR-0278,65108.00,50,2026-01-01,2026-12-31,ACTIVE
PL-STRAT,Strategic Global Partner Price List,Strategic,INR,VAR-0279,44689.18,50,2026-01-01,2026-12-31,ACTIVE
PL-STRAT,Strategic Global Partner Price List,Strategic,INR,VAR-0280,175152.00,50,2026-01-01,2026-12-31,ACTIVE
PL-STRAT,Strategic Global Partner Price List,Strategic,INR,VAR-0281,280440.00,50,2026-01-01,2026-12-31,ACTIVE
PL-STRAT,Strategic Global Partner Price List,Strategic,INR,VAR-0282,511680.00,50,2026-01-01,2026-12-31,ACTIVE
PL-STRAT,Strategic Global Partner Price List,Strategic,INR,VAR-0283,29028.00,50,2026-01-01,2026-12-31,ACTIVE
PL-STRAT,Strategic Global Partner Price List,Strategic,INR,VAR-0284,58056.00,50,2026-01-01,2026-12-31,ACTIVE
PL-STRAT,Strategic Global Partner Price List,Strategic,INR,VAR-0285,112176.00,50,2026-01-01,2026-12-31,ACTIVE
PL-STRAT,Strategic Global Partner Price List,Strategic,INR,VAR-0286,224352.00,50,2026-01-01,2026-12-31,ACTIVE
PL-STRAT,Strategic Global Partner Price List,Strategic,INR,VAR-0287,51168.00,50,2026-01-01,2026-12-31,ACTIVE
PL-STRAT,Strategic Global Partner Price List,Strategic,INR,VAR-0288,33948.00,50,2026-01-01,2026-12-31,ACTIVE
PL-STRAT,Strategic Global Partner Price List,Strategic,INR,VAR-0289,58548.00,50,2026-01-01,2026-12-31,ACTIVE
PL-STRAT,Strategic Global Partner Price List,Strategic,INR,VAR-0290,106272.00,50,2026-01-01,2026-12-31,ACTIVE
PL-STRAT,Strategic Global Partner Price List,Strategic,INR,VAR-0291,18597.60,50,2026-01-01,2026-12-31,ACTIVE
PL-STRAT,Strategic Global Partner Price List,Strategic,INR,VAR-0292,45756.00,50,2026-01-01,2026-12-31,ACTIVE
PL-STRAT,Strategic Global Partner Price List,Strategic,INR,VAR-0293,70848.00,50,2026-01-01,2026-12-31,ACTIVE
PL-STRAT,Strategic Global Partner Price List,Strategic,INR,VAR-0294,241080.00,50,2026-01-01,2026-12-31,ACTIVE
PL-STRAT,Strategic Global Partner Price List,Strategic,INR,VAR-0295,39359.02,50,2026-01-01,2026-12-31,ACTIVE
PL-STRAT,Strategic Global Partner Price List,Strategic,INR,VAR-0296,173020.00,50,2026-01-01,2026-12-31,ACTIVE
PL-STRAT,Strategic Global Partner Price List,Strategic,INR,VAR-0297,280440.00,50,2026-01-01,2026-12-31,ACTIVE
PL-STRAT,Strategic Global Partner Price List,Strategic,INR,VAR-0298,466580.00,50,2026-01-01,2026-12-31,ACTIVE
PL-STRAT,Strategic Global Partner Price List,Strategic,INR,VAR-0299,129150.00,50,2026-01-01,2026-12-31,ACTIVE
PL-STRAT,Strategic Global Partner Price List,Strategic,INR,VAR-0300,166870.00,50,2026-01-01,2026-12-31,ACTIVE
PL-STRAT,Strategic Global Partner Price List,Strategic,INR,VAR-0301,376380.00,50,2026-01-01,2026-12-31,ACTIVE
PL-STRAT,Strategic Global Partner Price List,Strategic,INR,VAR-0302,111520.00,50,2026-01-01,2026-12-31,ACTIVE
PL-STRAT,Strategic Global Partner Price List,Strategic,INR,VAR-0303,119310.00,50,2026-01-01,2026-12-31,ACTIVE
PL-STRAT,Strategic Global Partner Price List,Strategic,INR,VAR-0304,104140.00,50,2026-01-01,2026-12-31,ACTIVE
PL-STRAT,Strategic Global Partner Price List,Strategic,INR,VAR-0305,127920.00,50,2026-01-01,2026-12-31,ACTIVE
PL-STRAT,Strategic Global Partner Price List,Strategic,INR,VAR-0306,103156.00,50,2026-01-01,2026-12-31,ACTIVE
PL-STRAT,Strategic Global Partner Price List,Strategic,INR,VAR-0307,124230.00,50,2026-01-01,2026-12-31,ACTIVE
PL-STRAT,Strategic Global Partner Price List,Strategic,INR,VAR-0308,104960.00,50,2026-01-01,2026-12-31,ACTIVE
PL-STRAT,Strategic Global Partner Price List,Strategic,INR,VAR-0309,36285.00,50,2026-01-01,2026-12-31,ACTIVE
PL-STRAT,Strategic Global Partner Price List,Strategic,INR,VAR-0310,78720.00,50,2026-01-01,2026-12-31,ACTIVE
PL-STRAT,Strategic Global Partner Price List,Strategic,INR,VAR-0311,145140.00,50,2026-01-01,2026-12-31,ACTIVE
PL-STRAT,Strategic Global Partner Price List,Strategic,INR,VAR-0312,280440.00,50,2026-01-01,2026-12-31,ACTIVE
PL-STRAT,Strategic Global Partner Price List,Strategic,INR,VAR-0313,547350.00,50,2026-01-01,2026-12-31,ACTIVE
PL-STRAT,Strategic Global Partner Price List,Strategic,INR,VAR-0314,54735.00,50,2026-01-01,2026-12-31,ACTIVE
PL-STRAT,Strategic Global Partner Price List,Strategic,INR,VAR-0315,134070.00,50,2026-01-01,2026-12-31,ACTIVE
PL-STRAT,Strategic Global Partner Price List,Strategic,INR,VAR-0316,264450.00,50,2026-01-01,2026-12-31,ACTIVE
PL-STRAT,Strategic Global Partner Price List,Strategic,INR,VAR-0317,57564.00,50,2026-01-01,2026-12-31,ACTIVE
PL-STRAT,Strategic Global Partner Price List,Strategic,INR,VAR-0318,140220.00,50,2026-01-01,2026-12-31,ACTIVE
PL-STRAT,Strategic Global Partner Price List,Strategic,INR,VAR-0319,516600.00,50,2026-01-01,2026-12-31,ACTIVE
PL-STRAT,Strategic Global Partner Price List,Strategic,INR,VAR-0320,48585.00,50,2026-01-01,2026-12-31,ACTIVE
PL-STRAT,Strategic Global Partner Price List,Strategic,INR,VAR-0321,28618.00,50,2026-01-01,2026-12-31,ACTIVE
PL-STRAT,Strategic Global Partner Price List,Strategic,INR,VAR-0322,43870.00,50,2026-01-01,2026-12-31,ACTIVE
PL-STRAT,Strategic Global Partner Price List,Strategic,INR,VAR-0323,77490.00,50,2026-01-01,2026-12-31,ACTIVE
PL-STRAT,Strategic Global Partner Price List,Strategic,INR,VAR-0324,68060.00,50,2026-01-01,2026-12-31,ACTIVE
PL-STRAT,Strategic Global Partner Price List,Strategic,INR,VAR-0325,41738.00,50,2026-01-01,2026-12-31,ACTIVE
PL-STRAT,Strategic Global Partner Price List,Strategic,INR,VAR-0326,147600.00,50,2026-01-01,2026-12-31,ACTIVE
PL-STRAT,Strategic Global Partner Price List,Strategic,INR,VAR-0327,53710.00,50,2026-01-01,2026-12-31,ACTIVE
PL-STRAT,Strategic Global Partner Price List,Strategic,INR,VAR-0328,72078.00,50,2026-01-01,2026-12-31,ACTIVE
PL-STRAT,Strategic Global Partner Price List,Strategic,INR,VAR-0329,61910.00,50,2026-01-01,2026-12-31,ACTIVE
PL-STRAT,Strategic Global Partner Price List,Strategic,INR,VAR-0330,77079.18,50,2026-01-01,2026-12-31,ACTIVE
PL-STRAT,Strategic Global Partner Price List,Strategic,INR,VAR-0331,20925.00,50,2026-01-01,2026-12-31,ACTIVE
PL-STRAT,Strategic Global Partner Price List,Strategic,INR,VAR-0332,14725.00,50,2026-01-01,2026-12-31,ACTIVE
PL-STRAT,Strategic Global Partner Price List,Strategic,INR,VAR-0333,19685.00,50,2026-01-01,2026-12-31,ACTIVE
PL-STRAT,Strategic Global Partner Price List,Strategic,INR,VAR-0334,13950.00,50,2026-01-01,2026-12-31,ACTIVE
PL-STRAT,Strategic Global Partner Price List,Strategic,INR,VAR-0335,20382.50,50,2026-01-01,2026-12-31,ACTIVE
PL-STRAT,Strategic Global Partner Price List,Strategic,INR,VAR-0336,13485.00,50,2026-01-01,2026-12-31,ACTIVE
PL-STRAT,Strategic Global Partner Price List,Strategic,INR,VAR-0337,9296.12,50,2026-01-01,2026-12-31,ACTIVE
PL-STRAT,Strategic Global Partner Price List,Strategic,INR,VAR-0338,3483.62,50,2026-01-01,2026-12-31,ACTIVE
PL-STRAT,Strategic Global Partner Price List,Strategic,INR,VAR-0339,15108.62,50,2026-01-01,2026-12-31,ACTIVE
PL-STRAT,Strategic Global Partner Price List,Strategic,INR,VAR-0340,7358.62,50,2026-01-01,2026-12-31,ACTIVE
PL-STRAT,Strategic Global Partner Price List,Strategic,INR,VAR-0341,17050.00,50,2026-01-01,2026-12-31,ACTIVE
PL-STRAT,Strategic Global Partner Price List,Strategic,INR,VAR-0342,8292.50,50,2026-01-01,2026-12-31,ACTIVE
PL-STRAT,Strategic Global Partner Price List,Strategic,INR,VAR-0343,18600.00,50,2026-01-01,2026-12-31,ACTIVE
PL-STRAT,Strategic Global Partner Price List,Strategic,INR,VAR-0344,4107.50,50,2026-01-01,2026-12-31,ACTIVE
PL-STRAT,Strategic Global Partner Price List,Strategic,INR,VAR-0345,4417.50,50,2026-01-01,2026-12-31,ACTIVE
PL-STRAT,Strategic Global Partner Price List,Strategic,INR,VAR-0346,2402.50,50,2026-01-01,2026-12-31,ACTIVE
PL-STRAT,Strategic Global Partner Price List,Strategic,INR,VAR-0347,2015.00,50,2026-01-01,2026-12-31,ACTIVE
PL-STRAT,Strategic Global Partner Price List,Strategic,INR,VAR-0348,5424.23,50,2026-01-01,2026-12-31,ACTIVE
PL-STRAT,Strategic Global Partner Price List,Strategic,INR,VAR-0349,3874.22,50,2026-01-01,2026-12-31,ACTIVE
PL-STRAT,Strategic Global Partner Price List,Strategic,INR,VAR-0350,289460.00,50,2026-01-01,2026-12-31,ACTIVE
PL-STRAT,Strategic Global Partner Price List,Strategic,INR,VAR-0351,242720.00,50,2026-01-01,2026-12-31,ACTIVE
PL-STRAT,Strategic Global Partner Price List,Strategic,INR,VAR-0352,86920.00,50,2026-01-01,2026-12-31,ACTIVE
PL-STRAT,Strategic Global Partner Price List,Strategic,INR,VAR-0353,273060.00,50,2026-01-01,2026-12-31,ACTIVE
PL-STRAT,Strategic Global Partner Price List,Strategic,INR,VAR-0354,449360.00,50,2026-01-01,2026-12-31,ACTIVE
PL-STRAT,Strategic Global Partner Price List,Strategic,INR,VAR-0355,26350.00,50,2026-01-01,2026-12-31,ACTIVE
PL-STRAT,Strategic Global Partner Price List,Strategic,INR,VAR-0356,201720.00,50,2026-01-01,2026-12-31,ACTIVE
PL-STRAT,Strategic Global Partner Price List,Strategic,INR,VAR-0357,305860.00,50,2026-01-01,2026-12-31,ACTIVE
PL-STRAT,Strategic Global Partner Price List,Strategic,INR,VAR-0358,194340.00,50,2026-01-01,2026-12-31,ACTIVE
PL-STRAT,Strategic Global Partner Price List,Strategic,INR,VAR-0359,273060.00,50,2026-01-01,2026-12-31,ACTIVE
PL-STRAT,Strategic Global Partner Price List,Strategic,INR,VAR-0360,15006.00,50,2026-01-01,2026-12-31,ACTIVE
PL-STRAT,Strategic Global Partner Price List,Strategic,INR,VAR-0361,32226.00,50,2026-01-01,2026-12-31,ACTIVE
PL-STRAT,Strategic Global Partner Price List,Strategic,INR,VAR-0362,7052.00,50,2026-01-01,2026-12-31,ACTIVE
PL-STRAT,Strategic Global Partner Price List,Strategic,INR,VAR-0363,6560.00,50,2026-01-01,2026-12-31,ACTIVE
PL-STRAT,Strategic Global Partner Price List,Strategic,INR,VAR-0364,4920.00,50,2026-01-01,2026-12-31,ACTIVE
PL-STRAT,Strategic Global Partner Price List,Strategic,INR,VAR-0365,11726.00,50,2026-01-01,2026-12-31,ACTIVE
PL-STRAT,Strategic Global Partner Price List,Strategic,INR,VAR-0366,10332.00,50,2026-01-01,2026-12-31,ACTIVE
