variant_id,product_id,sku,variant_name,cpu,ram,storage,storage_type,gpu,screen_size,resolution,color,connectivity,operating_system,form_factor,warranty_months,extra_price,cost_price,selling_price,barcode,status
VAR-0001,PROD-0001,LAP-DEL-5440-I5-16-512,Dell Latitude 5440 Core i5 / 16GB / 512GB SSD / Win 11 Pro,Intel Core i5-1335U,16GB DDR4,512GB,NVMe PCIe Gen4 SSD,Intel Iris Xe,"14.0""",1920x1080 FHD IPS,Grey,Wi-Fi 6E + BT 5.3,Windows 11 Pro,Clamshell Laptop,36,0.00,62000.00,74500.00,8907100000002,ACTIVE
VAR-0002,PROD-0001,LAP-DEL-5440-I7-32-1TB,Dell Latitude 5440 Core i7 / 32GB / 1TB SSD / Win 11 Pro,Intel Core i7-1355U,32GB DDR4,1TB,NVMe PCIe Gen4 SSD,Intel Iris Xe,"14.0""",1920x1080 FHD IPS,Grey,Wi-Fi 6E + BT 5.3,Windows 11 Pro,Clamshell Laptop,36,16000.00,74800.00,90500.00,8907100000003,ACTIVE
VAR-0003,PROD-0002,LAP-DEL-7440-I7-16-512,Dell Latitude 7440 i7 / 16GB / 512GB SSD / Titan Grey,Intel Core i7-1365U vPro,16GB LPDDR5,512GB,NVMe SSD,Intel Iris Xe,"14.0""",1920x1200 FHD+ 16:10,Titan Grey,Wi-Fi 6E + BT 5.3,Windows 11 Pro,Ultralight Laptop,36,0.00,88000.00,105000.00,8907100000004,ACTIVE
VAR-0004,PROD-0002,LAP-DEL-7440-I7-32-1TB,Dell Latitude 7440 i7 / 32GB / 1TB SSD / 4G LTE,Intel Core i7-1365U vPro,32GB LPDDR5,1TB,NVMe SSD,Intel Iris Xe,"14.0""",1920x1200 FHD+ 16:10,Titan Grey,Wi-Fi 6E + 4G LTE,Windows 11 Pro,Ultralight Laptop,36,22000.00,105600.00,127000.00,8907100000005,ACTIVE
VAR-0005,PROD-0003,LAP-DEL-3540-I3-8-256,Dell Latitude 3540 i3 / 8GB / 256GB SSD,Intel Core i3-1315U,8GB DDR4,256GB,NVMe SSD,Intel UHD Graphics,"15.6""",1920x1080 FHD Anti-Glare,Black,Wi-Fi 6 + BT 5.2,Windows 11 Pro,Standard Laptop,12,0.00,44000.00,52000.00,8907100000006,ACTIVE
VAR-0006,PROD-0003,LAP-DEL-3540-I5-16-512,Dell Latitude 3540 i5 / 16GB / 512GB SSD,Intel Core i5-1335U,16GB DDR4,512GB,NVMe SSD,Intel Iris Xe,"15.6""",1920x1080 FHD Anti-Glare,Black,Wi-Fi 6 + BT 5.2,Windows 11 Pro,Standard Laptop,12,10000.00,52000.00,62000.00,8907100000007,ACTIVE
VAR-0007,PROD-0004,LAP-DEL-3581-I7-32-1TB-A1000,Dell Precision 3581 i7 / 32GB / 1TB / RTX A1000,Intel Core i7-13800H vPro,32GB DDR5,1TB,NVMe Gen4 SSD,NVIDIA RTX A1000 6GB,"15.6""",1920x1080 FHD 100% sRGB,Titan Grey,Wi-Fi 6E + BT 5.3,Windows 11 Pro for Workstations,Mobile Workstation,36,0.00,112000.00,134000.00,8907100000008,ACTIVE
VAR-0008,PROD-0005,LAP-DEL-5680-I9-64-2TB-A3500,Dell Precision 5680 i9 / 64GB / 2TB / RTX 3500 Ada,Intel Core i9-13900H,64GB LPDDR5,2TB,NVMe Gen4 Performance SSD,NVIDIA RTX 3500 Ada 12GB,"16.0""",3840x2400 UHD+ OLED Touch,Platinum Silver,Wi-Fi 6E + BT 5.3,Windows 11 Pro for Workstations,Precision Workstation,36,0.00,215000.00,258000.00,8907100000009,ACTIVE
VAR-0009,PROD-0006,LAP-LEN-T14-01,Lenovo ThinkPad T14 Gen 4 i5 / 16GB / 512GB SSD / Thunder Black,Intel Core i5-1335U vPro,16GB DDR5,512GB,NVMe PCIe Gen4 Opal2 SSD,Intel Iris Xe,"14.0""",1920x1200 WUXGA IPS Anti-Glare,Thunder Black,Wi-Fi 6E + BT 5.1,Windows 11 Pro 64,Business Laptop,36,0.00,65000.00,78000.00,8907100000010,ACTIVE
VAR-0010,PROD-0006,LAP-LEN-T14-02,Lenovo ThinkPad T14 Gen 4 i7 / 32GB / 1TB SSD / Thunder Black,Intel Core i7-1355U vPro,32GB DDR5,1TB,NVMe PCIe Gen4 Opal2 SSD,Intel Iris Xe,"14.0""",1920x1200 WUXGA IPS Anti-Glare,Thunder Black,Wi-Fi 6E + BT 5.1,Windows 11 Pro 64,Business Laptop,36,17000.00,78600.00,95000.00,8907100000011,ACTIVE
VAR-0011,PROD-0007,LAP-LEN-T16-I5-16-512,Lenovo ThinkPad T16 Gen 2 i5 / 16GB / 512GB / Black,Intel Core i5-1335U,16GB DDR5,512GB,NVMe Gen4 SSD,Intel Iris Xe,"16.0""",1920x1200 WUXGA 300nits,Thunder Black,Wi-Fi 6E + BT 5.1,Windows 11 Pro,Business Laptop,36,0.00,72000.00,86000.00,8907100000012,ACTIVE
VAR-0012,PROD-0008,LAP-LEN-X1C-I7-16-512,Lenovo ThinkPad X1 Carbon Gen 11 i7 / 16GB / 512GB,Intel Core i7-1365U vPro,16GB LPDDR5,512GB,NVMe Gen4 Performance,Intel Iris Xe,"14.0""",1920x1200 Low Power IPS 400nits,Deep Black,Wi-Fi 6E + BT 5.1,Windows 11 Pro,Flagship Ultrabook,36,0.00,128000.00,154000.00,8907100000013,ACTIVE
VAR-0013,PROD-0008,LAP-LEN-X1C-I7-32-1TB,Lenovo ThinkPad X1 Carbon Gen 11 i7 / 32GB / 1TB / 2.8K OLED,Intel Core i7-1370P vPro,32GB LPDDR5,1TB,NVMe Gen4 Performance,Intel Iris Xe,"14.0""",2880x1800 2.8K OLED 400nits,Deep Black,Wi-Fi 6E + 5G Sub6,Windows 11 Pro,Flagship Ultrabook,36,32000.00,153600.00,186000.00,8907100000014,ACTIVE
VAR-0014,PROD-0009,LAP-LEN-P16V-I7-32-1TB-A2000,Lenovo ThinkPad P16v i7 / 32GB / 1TB / RTX A2000 Ada,Intel Core i7-13700H,32GB DDR5,1TB,NVMe Gen4 Performance,NVIDIA RTX A2000 Ada 8GB,"16.0""",1920x1200 IPS 300nits,Thunder Black,Wi-Fi 6E + BT 5.1,Windows 11 Pro Workstations,Mobile Workstation,36,0.00,118000.00,142000.00,8907100000015,ACTIVE
VAR-0015,PROD-0010,LAP-LEN-E14-I5-16-512,Lenovo ThinkPad E14 Gen 5 i5 / 16GB / 512GB SSD / Graphite,Intel Core i5-1335U,16GB DDR4,512GB,NVMe SSD,Intel Iris Xe,"14.0""",1920x1200 WUXGA IPS,Graphite Black,Wi-Fi 6 + BT 5.1,Windows 11 Pro,Business Laptop,12,0.00,46000.00,54500.00,8907100000016,ACTIVE
VAR-0016,PROD-0011,VAR-LAP-HP-EB840-01,HP EliteBook 840 G10 i5 / 16GB / 512GB SSD / Silver,Intel Core i5-1335U vPro,16GB DDR5,512GB,PCIe NVMe SSD,Intel Iris Xe,"14.0""",1920x1200 WUXGA IPS Anti-Glare,Pike Silver,Wi-Fi 6E + BT 5.3,Windows 11 Pro,Enterprise Notebook,36,0.00,67000.00,81000.00,8907100000017,ACTIVE
VAR-0017,PROD-0011,VAR-LAP-HP-EB840-02,HP EliteBook 840 G10 i7 / 32GB / 1TB SSD / Silver,Intel Core i7-1365U vPro,32GB DDR5,1TB,PCIe NVMe SSD,Intel Iris Xe,"14.0""",1920x1200 WUXGA IPS Anti-Glare,Pike Silver,Wi-Fi 6E + BT 5.3,Windows 11 Pro,Enterprise Notebook,36,18000.00,81400.00,99000.00,8907100000018,ACTIVE
VAR-0018,PROD-0012,LAP-HP-650-I5-16-512,HP EliteBook 650 G10 i5 / 16GB / 512GB / Silver,Intel Core i5-1335U,16GB DDR4,512GB,NVMe SSD,Intel Iris Xe,"15.6""",1920x1080 FHD IPS,Pike Silver,Wi-Fi 6E + BT 5.3,Windows 11 Pro,Business Notebook,36,0.00,56000.00,67000.00,8907100000019,ACTIVE
VAR-0019,PROD-0013,LAP-HP-440-I5-16-512,HP ProBook 440 G10 i5 / 16GB / 512GB SSD / Silver,Intel Core i5-1335U,16GB DDR4,512GB,NVMe SSD,Intel Iris Xe,"14.0""",1920x1080 FHD IPS,Pike Silver,Wi-Fi 6E + BT 5.3,Windows 11 Pro,Business Laptop,12,0.00,48000.00,57500.00,8907100000020,ACTIVE
VAR-0020,PROD-0014,LAP-HP-ZBF-I7-32-1TB-A500,HP ZBook Firefly 14 i7 / 32GB / 1TB / RTX A500 4GB,Intel Core i7-1365U vPro,32GB DDR5,1TB,PCIe NVMe TLC SSD,NVIDIA RTX A500 4GB,"14.0""",1920x1200 WUXGA IPS DreamColor,Space Silver,Wi-Fi 6E + BT 5.3,Windows 11 Pro Workstations,Mobile Workstation,36,0.00,98000.00,118000.00,8907100000021,ACTIVE
VAR-0021,PROD-0015,LAP-HP-ZBP-I7-32-1TB-RTX2000,HP ZBook Power 15.6 i7 / 32GB / 1TB / RTX 2000 Ada,Intel Core i7-13700H,32GB DDR5,1TB,PCIe NVMe TLC SSD,NVIDIA RTX 2000 Ada 8GB,"15.6""",1920x1080 FHD IPS 400nits,Dark Silver,Wi-Fi 6E + BT 5.3,Windows 11 Pro Workstations,Mobile Workstation,36,0.00,132000.00,159000.00,8907100000022,ACTIVE
VAR-0022,PROD-0016,LAP-APP-MBP14-M3P-18-512-SB,"Apple MacBook Pro 14"" M3 Pro (11-core CPU/14-core GPU) / 18GB / 512GB / Space Black",Apple M3 Pro 11-core,18GB Unified Memory,512GB,Apple High-Speed SSD,14-core GPU,"14.2""",3024x1964 Liquid Retina XDR 120Hz,Space Black,Wi-Fi 6E + BT 5.3,macOS Sonoma,Premium Laptop,12,0.00,168000.00,199900.00,8907100000023,ACTIVE
VAR-0023,PROD-0016,LAP-APP-MBP14-M3P-36-1TB-SIL,"Apple MacBook Pro 14"" M3 Pro (12-core CPU/18-core GPU) / 36GB / 1TB / Silver",Apple M3 Pro 12-core,36GB Unified Memory,1TB,Apple High-Speed SSD,18-core GPU,"14.2""",3024x1964 Liquid Retina XDR 120Hz,Silver,Wi-Fi 6E + BT 5.3,macOS Sonoma,Premium Laptop,12,38000.00,198400.00,237900.00,8907100000024,ACTIVE
VAR-0024,PROD-0017,LAP-APP-MBP16-M3M-36-1TB-SB,"Apple MacBook Pro 16"" M3 Max / 36GB / 1TB / Space Black",Apple M3 Max 14-core,36GB Unified Memory,1TB,Apple High-Speed SSD,30-core GPU,"16.2""",3456x2234 Liquid Retina XDR 120Hz,Space Black,Wi-Fi 6E + BT 5.3,macOS Sonoma,Premium Laptop,12,0.00,285000.00,349900.00,8907100000025,ACTIVE
VAR-0025,PROD-0018,LAP-APP-MBA13-M2-16-256-MID,"Apple MacBook Air 13"" M2 / 16GB / 256GB / Midnight",Apple M2 8-core,16GB Unified Memory,256GB,Apple SSD,8-core GPU,"13.6""",2560x1664 Liquid Retina,Midnight,Wi-Fi 6 + BT 5.3,macOS Sonoma,Ultrabook,12,0.00,84000.00,99900.00,8907100000026,ACTIVE
VAR-0026,PROD-0018,LAP-APP-MBA13-M2-16-512-SLV,"Apple MacBook Air 13"" M2 / 16GB / 512GB / Silver",Apple M2 8-core,16GB Unified Memory,512GB,Apple SSD,10-core GPU,"13.6""",2560x1664 Liquid Retina,Silver,Wi-Fi 6 + BT 5.3,macOS Sonoma,Ultrabook,12,16000.00,96800.00,115900.00,8907100000027,ACTIVE
VAR-0027,PROD-0019,DSK-DEL-7010SFF-I5-16-512,Dell OptiPlex 7010 SFF i5 / 16GB / 512GB SSD / Win 11 Pro,Intel Core i5-13500,16GB DDR4,512GB,NVMe PCIe SSD,Intel UHD 770,,,Black,Gigabit Ethernet,Windows 11 Pro,Small Form Factor (SFF),36,0.00,48000.00,58000.00,8907100000028,ACTIVE
VAR-0028,PROD-0019,DSK-DEL-7010SFF-I7-32-1TB,Dell OptiPlex 7010 SFF i7 / 32GB / 1TB SSD / Win 11 Pro,Intel Core i7-13700,32GB DDR4,1TB,NVMe PCIe SSD,Intel UHD 770,,,Black,Gigabit Ethernet,Windows 11 Pro,Small Form Factor (SFF),36,15000.00,60000.00,73000.00,8907100000029,ACTIVE
VAR-0029,PROD-0020,DSK-DEL-7010MCR-I5-16-512,Dell OptiPlex 7010 Micro i5 / 16GB / 512GB SSD,Intel Core i5-13500T,16GB DDR4,512GB,NVMe SSD,Intel UHD 770,,,Black,Wi-Fi 6E + GbE,Windows 11 Pro,Micro / Tiny Form Factor,36,0.00,45000.00,54000.00,8907100000030,ACTIVE
VAR-0030,PROD-0021,DSK-DEL-7010TWR-I7-16-1TB,Dell OptiPlex 7010 Tower i7 / 16GB / 1TB SSD,Intel Core i7-13700,16GB DDR5,1TB,NVMe PCIe SSD,Intel UHD 770,,,Black,Gigabit Ethernet,Windows 11 Pro,Tower Desktop,36,0.00,52000.00,63000.00,8907100000031,ACTIVE
VAR-0031,PROD-0022,DSK-DEL-7410AIO-I5-16-512,Dell OptiPlex 7410 AIO i5 / 16GB / 512GB / FHD Touch,Intel Core i5-13500,16GB DDR5,512GB,NVMe SSD,Intel UHD 770,"23.8""",1920x1080 FHD Touch IPS,Dark Grey,Wi-Fi 6E + GbE,Windows 11 Pro,All-in-One (AIO),36,0.00,68000.00,82000.00,8907100000032,ACTIVE
VAR-0032,PROD-0023,DSK-HP-400TWR-I5-16-512,HP Pro Tower 400 G9 i5 / 16GB / 512GB SSD,Intel Core i5-13500,16GB DDR4,512GB,NVMe SSD,Intel UHD 770,,,Black,Gigabit Ethernet,Windows 11 Pro,Tower Desktop,36,0.00,46000.00,55000.00,8907100000033,ACTIVE
VAR-0033,PROD-0024,DSK-HP-400SFF-I5-16-512,HP Pro SFF 400 G9 i5 / 16GB / 512GB SSD,Intel Core i5-13500,16GB DDR4,512GB,NVMe SSD,Intel UHD 770,,,Black,Gigabit Ethernet,Windows 11 Pro,Small Form Factor (SFF),36,0.00,44000.00,53000.00,8907100000034,ACTIVE
VAR-0034,PROD-0025,DSK-HP-800MINI-I7-16-512,HP Elite Mini 800 G9 i7 / 16GB / 512GB SSD / Wi-Fi 6E,Intel Core i7-13700T,16GB DDR5,512GB,NVMe SSD,Intel UHD 770,,,Black,Wi-Fi 6E + GbE,Windows 11 Pro,Mini Form Factor,36,0.00,58000.00,70000.00,8907100000035,ACTIVE
VAR-0035,PROD-0026,DSK-HP-800AIO-I7-16-512,HP EliteOne 800 G9 i7 / 16GB / 512GB / Non-Touch FHD,Intel Core i7-13700,16GB DDR5,512GB,NVMe SSD,Intel UHD 770,"23.8""",1920x1080 FHD IPS Anti-Glare,Silver,Wi-Fi 6E + GbE,Windows 11 Pro,All-in-One (AIO),36,0.00,74000.00,89000.00,8907100000036,ACTIVE
VAR-0036,PROD-0027,DSK-LEN-M70S-I5-16-512,Lenovo ThinkCentre M70s Gen 4 i5 / 16GB / 512GB SSD,Intel Core i5-13400,16GB DDR4,512GB,NVMe SSD,Intel UHD 730,,,Raven Black,Gigabit Ethernet,Windows 11 Pro,Small Form Factor (SFF),36,0.00,47000.00,56500.00,8907100000037,ACTIVE
VAR-0037,PROD-0028,DSK-LEN-M70Q-I5-16-512,Lenovo ThinkCentre M70q Gen 4 i5 / 16GB / 512GB SSD,Intel Core i5-13400T,16GB DDR4,512GB,NVMe SSD,Intel UHD 730,,,Raven Black,Wi-Fi 6 + GbE,Windows 11 Pro,Tiny Micro Desktop,36,0.00,44000.00,53000.00,8907100000038,ACTIVE
VAR-0038,PROD-0029,DSK-LEN-M90T-I7-32-1TB,Lenovo ThinkCentre M90t Gen 4 i7 / 32GB / 1TB SSD,Intel Core i7-13700 vPro,32GB DDR5,1TB,NVMe Gen4 SSD,Intel UHD 770,,,Raven Black,Gigabit Ethernet,Windows 11 Pro,Tower Desktop,36,0.00,64000.00,77000.00,8907100000039,ACTIVE
VAR-0039,PROD-0030,DSK-LEN-NEO50A-I5-16-512,Lenovo ThinkCentre Neo 50a i5 / 16GB / 512GB SSD,Intel Core i5-13500H,16GB DDR5,512GB,NVMe SSD,Intel Iris Xe,"23.8""",1920x1080 FHD IPS,Black/Silver,Wi-Fi 6 + GbE,Windows 11 Pro,All-in-One (AIO),36,0.00,53000.00,64000.00,8907100000040,ACTIVE
VAR-0040,PROD-0031,DSK-APP-MINI-M2P-16-512,Apple Mac Mini M2 Pro (10-core CPU/16-core GPU) / 16GB / 512GB,Apple M2 Pro 10-core,16GB Unified Memory,512GB,Apple SSD,16-core GPU,,,Silver,Gigabit Ethernet + Wi-Fi 6E,macOS Sonoma,Mini Desktop,12,0.00,108000.00,129900.00,8907100000041,ACTIVE
VAR-0041,PROD-0031,DSK-APP-MINI-M2P-32-1TB,Apple Mac Mini M2 Pro (12-core CPU/19-core GPU) / 32GB / 1TB / 10GbE,Apple M2 Pro 12-core,32GB Unified Memory,1TB,Apple SSD,19-core GPU,,,Silver,10GbE + Wi-Fi 6E,macOS Sonoma,Mini Desktop,12,42000.00,141600.00,171900.00,8907100000042,ACTIVE
VAR-0042,PROD-0032,DSK-APP-STUDIO-M2M-32-512,Apple Mac Studio M2 Max / 32GB / 512GB SSD,Apple M2 Max 12-core,32GB Unified Memory,512GB,Apple High-Speed SSD,30-core GPU,,,Silver,10GbE + Wi-Fi 6E,macOS Sonoma,Compact Workstation,12,0.00,175000.00,209900.00,8907100000043,ACTIVE
VAR-0043,PROD-0033,WKS-DEL-3660-I7-32-1TB-A2000,Dell Precision 3660 i7 / 32GB / 1TB SSD / RTX A2000 12GB,Intel Core i7-13700K,32GB DDR5 4800MHz,1TB,NVMe PCIe Gen4 SSD,NVIDIA RTX A2000 12GB,,,Black,Gigabit Ethernet,Windows 11 Pro for Workstations,Tower Workstation,36,0.00,115000.00,142000.00,8907100000044,ACTIVE
VAR-0044,PROD-0033,WKS-DEL-3660-I9-64-2TB-A4000,Dell Precision 3660 i9 / 64GB / 2TB SSD / RTX A4000 16GB,Intel Core i9-13900K,64GB DDR5 4800MHz,2TB,NVMe PCIe Gen4 SSD,NVIDIA RTX A4000 16GB,,,Black,Gigabit Ethernet,Windows 11 Pro for Workstations,Tower Workstation,36,52000.00,156600.00,194000.00,8907100000045,ACTIVE
VAR-0045,PROD-0034,WKS-DEL-5860-XW24-64-2TB-A4500,Dell Precision 5860 Xeon w5-2455X / 64GB ECC / 2TB / RTX A4500,Intel Xeon w5-2455X 16-Core,64GB DDR5 ECC RDIMM,2TB,NVMe PCIe Gen4 Enterprise SSD,NVIDIA RTX A4500 20GB,,,Black,Dual 1GbE / 10GbE Optional,Windows 11 Pro for Workstations,Mid-Tower Workstation,36,0.00,220000.00,275000.00,8907100000046,ACTIVE
VAR-0046,PROD-0035,WKS-DEL-7960-XW34-128-4TB-2XA6000,Dell Precision 7960 Xeon w7-3465X / 128GB ECC / 4TB / 2x RTX 6000 Ada,Intel Xeon w7-3465X 28-Core,128GB DDR5 ECC RDIMM,4TB (2x 2TB RAID0),NVMe Gen4 Enterprise SSD,2x NVIDIA RTX 6000 Ada 48GB,,,Black,Dual 10GbE LAN,Ubuntu Linux 22.04 LTS,Full-Tower Workstation,36,0.00,48000.00,595000.00,8907100000047,ACTIVE
VAR-0047,PROD-0036,WKS-DEL-3930-I7-32-1TB-A2000,Dell Precision 3930 1U i7 / 32GB ECC / 1TB / RTX A2000,Intel Core i7-13700E,32GB DDR5 ECC,1TB,NVMe PCIe Gen4 SSD,NVIDIA RTX A2000 12GB,,,Chassis Black,Dual GbE,Windows 11 Pro for Workstations,1U Rackmount,36,0.00,160000.00,198000.00,8907100000048,ACTIVE
VAR-0048,PROD-0037,WKS-HP-Z2TWR-I7-32-1TB-A2000,HP Z2 Tower G9 i7 / 32GB / 1TB SSD / RTX A2000,Intel Core i7-13700K,32GB DDR5 4800MHz,1TB,HP Z Turbo Drive NVMe,NVIDIA RTX A2000 12GB,,,Space Silver/Black,Gigabit Ethernet,Windows 11 Pro for Workstations,Tower Workstation,36,0.00,108000.00,132000.00,8907100000049,ACTIVE
VAR-0049,PROD-0038,WKS-HP-Z4G5-XW24-64-2TB-A4000,HP Z4 G5 Xeon w5-2465X / 64GB ECC / 2TB / RTX A4000,Intel Xeon w5-2465X 16-Core,64GB DDR5 ECC RDIMM,2TB,HP Z Turbo Dual M.2 SSD,NVIDIA RTX A4000 16GB,,,Black,Dual 1GbE / 10GbE Ready,Windows 11 Pro for Workstations,Tower Workstation,36,0.00,195000.00,245000.00,8907100000050,ACTIVE
VAR-0050,PROD-0039,WKS-HP-Z8F-XW34-128-4TB-RTX6000,HP Z8 Fury G5 Xeon w9-3495X / 128GB ECC / 4TB / RTX 6000 Ada,Intel Xeon w9-3495X 56-Core,128GB DDR5 ECC RDIMM,4TB (2x 2TB NVMe),HP Z Turbo Enterprise,NVIDIA RTX 6000 Ada 48GB,,,Dark Grey,Dual 10GbE onboard,Ubuntu Linux 22.04 LTS,Heavy Tower Workstation,36,0.00,560000.00,690000.00,8907100000051,ACTIVE
VAR-0051,PROD-0040,WKS-HP-ZC4R-XW22-32-1TB-A2000,HP ZCentral 4R Xeon W-2223 / 32GB ECC / 1TB / RTX A2000,Intel Xeon W-2223 4-Core,32GB DDR4 ECC RDIMM,1TB,HP Z Turbo M.2 SSD,NVIDIA RTX A2000 12GB,,,Chassis Black,Dual 10GbE,Windows 11 Pro for Workstations,1U Rackmount,36,0.00,170000.00,210000.00,8907100000052,ACTIVE
VAR-0052,PROD-0041,WKS-LEN-P3-I7-32-1TB-A2000,Lenovo ThinkStation P3 i7 / 32GB / 1TB / RTX A2000,Intel Core i7-13700K,32GB DDR5 4800MHz,1TB,NVMe PCIe Gen4 SSD,NVIDIA RTX A2000 12GB,,,Raven Black,Gigabit Ethernet,Windows 11 Pro for Workstations,Tower Workstation,36,0.00,112000.00,138000.00,8907100000053,ACTIVE
VAR-0053,PROD-0042,WKS-LEN-P5-XW24-64-2TB-A4500,Lenovo ThinkStation P5 Xeon w5-2455X / 64GB ECC / 2TB / RTX A4500,Intel Xeon w5-2455X 16-Core,64GB DDR5 ECC RDIMM,2TB,NVMe PCIe Gen4 SSD,NVIDIA RTX A4500 20GB,,,Raven Black / Red,1GbE + 10GbE LAN,Windows 11 Pro for Workstations,Tower Workstation,36,0.00,210000.00,260000.00,8907100000054,ACTIVE
VAR-0054,PROD-0043,WKS-LEN-P7-XW34-128-2TB-RTX5000,Lenovo ThinkStation P7 Xeon w7-3465X / 128GB ECC / 2TB / RTX 5000 Ada,Intel Xeon w7-3465X 28-Core,128GB DDR5 ECC RDIMM,2TB,NVMe PCIe Gen4 Enterprise SSD,NVIDIA RTX 5000 Ada 32GB,,,Raven Black / Red,Dual 10GbE onboard,Windows 11 Pro for Workstations,Tower Workstation,36,0.00,38000.00,475000.00,8907100000055,ACTIVE
VAR-0055,PROD-0044,WKS-LEN-PX-2XSILV-256-4TB-2XA6000,Lenovo ThinkStation PX 2x Xeon Gold 6430 / 256GB ECC / 4TB / 2x RTX 6000 Ada,2x Intel Xeon Gold 6430 (64 Cores),256GB DDR5 ECC RDIMM,4TB NVMe SSD,Dual U.3 Enterprise SSD,2x NVIDIA RTX 6000 Ada 48GB,,,Raven Black / Red,Dual 10GbE onboard,Ubuntu Linux 22.04 LTS,Heavy Tower / 4U Rackable,36,0.00,720000.00,890000.00,8907100000056,ACTIVE
VAR-0056,PROD-0045,SRV-DEL-R660-1X-64-2TB,Dell PowerEdge R660 1x Xeon Silver 4410Y / 64GB ECC / 2x 960GB SSD / PERC H755,1x Intel Xeon Silver 4410Y 12C/24T,64GB (2x 32GB) DDR5 RDIMM,1.92TB (2x 960GB SAS SSD),Enterprise SAS SSD RAID1,,,,Silver/Black,Broadcom 5720 Quad 1GbE LOM,No OS / Hypervisor Ready,1U Rackmount,36,0.00,280000.00,350000.00,8907100000057,ACTIVE
VAR-0057,PROD-0045,SRV-DEL-R660-2X-128-4TB,Dell PowerEdge R660 2x Xeon Gold 5418Y / 128GB ECC / 4x 1.92TB SSD / Dual 10GbE,2x Intel Xeon Gold 5418Y (48 Cores),128GB (4x 32GB) DDR5 RDIMM,7.68TB (4x 1.92TB SSD),Enterprise NVMe SSD RAID10,,,,Silver/Black,Dual 10GbE SFP+ OCP 3.0,VMware ESXi 8.0 Pre-Installed,1U Rackmount,36,120000.00,376000.00,470000.00,8907100000058,ACTIVE
VAR-0058,PROD-0046,VAR-SRV-DEL-R760-01,Dell PowerEdge R760 2x Xeon Gold 6430 / 128GB ECC / 4x 1.92TB SSD / Dual 10GbE,2x Intel Xeon Gold 6430 (64 Cores),128GB (4x 32GB) DDR5 RDIMM,7.68TB (4x 1.92TB SAS SSD),Enterprise SAS SSD RAID5,,,,Silver/Black,Dual 10GbE SFP+ + Dual 1GbE Base-T,VMware ESXi 8.0 Pre-Configured,2U Rackmount,36,0.00,420000.00,525000.00,8907100000059,ACTIVE
VAR-0059,PROD-0046,VAR-SRV-DEL-R760-02,Dell PowerEdge R760 2x Xeon Platinum 8468 / 256GB ECC / 8x 3.84TB NVMe / Quad 25GbE,2x Intel Xeon Platinum 8468 (96 Cores),256GB (8x 32GB) DDR5 RDIMM,30.7TB (8x 3.84TB NVMe),Enterprise NVMe RAID10,,,,Silver/Black,Mellanox ConnectX-6 Dual 25GbE,Red Hat Enterprise Linux 9,2U Rackmount,36,350000.00,700000.00,875000.00,8907100000060,ACTIVE
VAR-0060,PROD-0047,SRV-DEL-R760XS-2X-64-4TB,Dell PowerEdge R760xs 2x Xeon Silver 4410Y / 64GB ECC / 4x 960GB SSD,2x Intel Xeon Silver 4410Y 24C/48T,64GB DDR5 RDIMM,3.84TB (4x 960GB SAS),PERC H755 SAS RAID,,,,Silver/Black,Broadcom 57416 Dual 10GbE,No OS,2U Rackmount,36,0.00,340000.00,420000.00,8907100000061,ACTIVE
VAR-0061,PROD-0048,SRV-DEL-T360-E2436-32-4TB,Dell PowerEdge T360 Xeon E-2436 / 32GB ECC / 2x 2TB SATA Enterprise HDD,Intel Xeon E-2436 6C/12T,32GB (2x 16GB) DDR5 UDIMM ECC,4TB (2x 2TB Enterprise SATA),PERC H355 RAID1,,,,Black,Dual 1GbE LOM,Windows Server 2022 Standard (16 Core),Tower Server,36,0.00,125000.00,155000.00,8907100000062,ACTIVE
VAR-0062,PROD-0049,SRV-DEL-T560-2X-64-8TB,Dell PowerEdge T560 2x Xeon Silver 4410Y / 64GB ECC / 4x 2.4TB SAS HDD,2x Intel Xeon Silver 4410Y,64GB DDR5 RDIMM,9.6TB (4x 2.4TB 10K SAS),PERC H755 SAS RAID5,,,,Black,Quad 1GbE + Dual 10GbE,Windows Server 2022 Standard,5U Tower / Rackable,36,0.00,310000.00,385000.00,8907100000063,ACTIVE
VAR-0063,PROD-0050,SRV-HPE-DL360-1X-64-2TB,HPE ProLiant DL360 Gen11 1x Xeon Silver 4410Y / 64GB / 2x 960GB SSD,1x Intel Xeon Silver 4410Y 12C/24T,64GB DDR5 SmartMemory,1.92TB (2x 960GB SATA RI SSD),HPE MR408i-o Storage Controller,,,,Silver/Black,HPE Broadcom 10GbE 2-port OCP3,HPE iLO 6 Standard,1U Rackmount,36,0.00,295000.00,365000.00,8907100000064,ACTIVE
VAR-0064,PROD-0051,SRV-HPE-DL380-2X-128-4TB,HPE ProLiant DL380 Gen11 2x Xeon Gold 5418Y / 128GB / 4x 1.92TB SAS SSD,2x Intel Xeon Gold 5418Y (48 Cores),128GB DDR5 SmartMemory,7.68TB (4x 1.92TB SAS SSD),HPE SR932i-p Tri-Mode Controller,,,,Silver/Black,HPE 10/25GbE 2-port SFP28 OCP3,HPE iLO 6 Advanced,2U Rackmount,36,0.00,440000.00,545000.00,8907100000065,ACTIVE
VAR-0065,PROD-0052,SRV-HPE-ML350-2X-64-8TB,HPE ProLiant ML350 Gen11 2x Xeon Silver 4410Y / 64GB / 4x 2.4TB SAS,2x Intel Xeon Silver 4410Y,64GB DDR5 SmartMemory,9.6TB (4x 2.4TB SAS 10K),HPE MR408i-o Storage Controller,,,,Black,HPE 1GbE 4-port Base-T,HPE iLO 6 Standard,4U Tower / Rackable,36,0.00,320000.00,398000.00,8907100000066,ACTIVE
VAR-0066,PROD-0053,SRV-HPE-MICRO-E2314-16-2TB,HPE MicroServer Gen10 Plus v2 Xeon E-2314 / 16GB / 2x 1TB SATA,Intel Xeon E-2314 4C/4T,16GB DDR4 ECC UDIMM,2TB (2x 1TB SATA Non-Hot Plug),Embedded Software RAID,,,,Black,4x 1GbE embedded ports,ClearOS / Linux Ready,Ultra Micro Tower,12,0.00,68000.00,84000.00,8907100000067,ACTIVE
VAR-0067,PROD-0054,SRV-LEN-SR650-2X-128-4TB,Lenovo ThinkSystem SR650 V3 2x Xeon Gold 5418Y / 128GB TruDDR5 / 4x 1.92TB SSD,2x Intel Xeon Gold 5418Y,128GB TruDDR5 4800MHz,7.68TB (4x 1.92TB SAS SSD),ThinkSystem RAID 940-8i 4GB Flash,,,,Black/Silver,Dual 10/25GbE SFP28 OCP,Lenovo XClarity Controller Enterprise,2U Rackmount,36,0.00,435000.00,538000.00,8907100000068,ACTIVE
VAR-0068,PROD-0055,SRV-LEN-SR630-1X-64-2TB,Lenovo ThinkSystem SR630 V3 1x Xeon Silver 4410Y / 64GB / 2x 960GB SSD,1x Intel Xeon Silver 4410Y,64GB TruDDR5,1.92TB (2x 960GB SAS),ThinkSystem RAID 5350-8i,,,,Black/Silver,Dual 10GbE SFP+ OCP,Lenovo XClarity Controller,1U Rackmount,36,0.00,290000.00,360000.00,8907100000069,ACTIVE
VAR-0069,PROD-0056,SRV-LEN-ST250-E2324-16-2TB,Lenovo ThinkSystem ST250 V2 Xeon E-2324G / 16GB / 2x 1TB SATA,Intel Xeon E-2324G 4C/4T,16GB TruDDR4 ECC,2TB (2x 1TB Enterprise SATA),RAID 530-8i PCIe 12Gb,,,,Black,Dual 1GbE ports,Lenovo XClarity Controller,4U Tower,36,0.00,118000.00,146000.00,8907100000070,ACTIVE
VAR-0070,PROD-0057,SRV-LEN-ST550-2X-64-6TB,Lenovo ThinkSystem ST550 V2 2x Xeon Silver 4310 / 64GB / 3x 2TB SAS,2x Intel Xeon Silver 4310 12C/24T,64GB TruDDR4,6TB (3x 2TB 12G SAS HDD),ThinkSystem RAID 730-8i,,,,Black,Dual 1GbE ports,Lenovo XClarity Controller,4U Tower / Rackable,36,0.00,280000.00,348000.00,8907100000071,ACTIVE
VAR-0071,PROD-0058,SRV-DEL-R760XD2-2X-128-96TB,Dell PowerEdge R760xd2 2x Xeon Silver 4410Y / 128GB ECC / 6x 16TB SAS Enterprise,2x Intel Xeon Silver 4410Y,128GB DDR5 RDIMM,96TB (6x 16TB 7.2K SAS),PERC H755 Front SAS RAID,,,,Silver/Black,Dual 10GbE SFP+ + Quad 1GbE,No OS,2U Storage Rackmount,36,0.00,580000.00,720000.00,8907100000072,ACTIVE
VAR-0072,PROD-0059,SMP-APP-IP15-128-BLK,Apple iPhone 15 128GB Black 5G Enterprise,A16 Bionic Hexa-Core,6GB RAM,128GB,NVMe Flash,Apple 5-core GPU,"6.1""",2556x1179 Super Retina XDR OLED,Black,5G + Wi-Fi 6 + NFC,iOS 17,Smartphone,12,0.00,64000.00,74900.00,8907100000073,ACTIVE
VAR-0073,PROD-0059,SMP-APP-IP15-256-BLU,Apple iPhone 15 256GB Blue 5G Enterprise,A16 Bionic Hexa-Core,6GB RAM,256GB,NVMe Flash,Apple 5-core GPU,"6.1""",2556x1179 Super Retina XDR OLED,Blue,5G + Wi-Fi 6 + NFC,iOS 17,Smartphone,12,8500.00,71500.00,84900.00,8907100000074,ACTIVE
VAR-0074,PROD-0059,SMP-APP-IP15-512-GRN,Apple iPhone 15 512GB Green 5G Enterprise,A16 Bionic Hexa-Core,6GB RAM,512GB,NVMe Flash,Apple 5-core GPU,"6.1""",2556x1179 Super Retina XDR OLED,Green,5G + Wi-Fi 6 + NFC,iOS 17,Smartphone,12,25000.00,86000.00,104900.00,8907100000075,ACTIVE
VAR-0075,PROD-0060,SMP-APP-IP15P-128-NTI,Apple iPhone 15 Pro 128GB Natural Titanium 5G,A17 Pro Hexa-Core,8GB RAM,128GB,NVMe Flash,Apple 6-core GPU (Hardware Ray Tracing),"6.1""",2556x1179 ProMotion 120Hz OLED,Natural Titanium,5G + Wi-Fi 6E + UWB,iOS 17,Smartphone,12,0.00,112000.00,129800.00,8907100000076,ACTIVE
VAR-0076,PROD-0060,SMP-APP-IP15P-256-BTI,Apple iPhone 15 Pro 256GB Black Titanium 5G,A17 Pro Hexa-Core,8GB RAM,256GB,NVMe Flash,Apple 6-core GPU,"6.1""",2556x1179 ProMotion 120Hz OLED,Black Titanium,5G + Wi-Fi 6E + UWB,iOS 17,Smartphone,12,9000.00,120000.00,139800.00,8907100000077,ACTIVE
VAR-0077,PROD-0060,SMP-APP-IP15P-512-WTI,Apple iPhone 15 Pro 512GB White Titanium 5G,A17 Pro Hexa-Core,8GB RAM,512GB,NVMe Flash,Apple 6-core GPU,"6.1""",2556x1179 ProMotion 120Hz OLED,White Titanium,5G + Wi-Fi 6E + UWB,iOS 17,Smartphone,12,27000.00,136000.00,159800.00,8907100000078,ACTIVE
VAR-0078,PROD-0061,SMP-APP-IP15PM-256-NTI,Apple iPhone 15 Pro Max 256GB Natural Titanium,A17 Pro Hexa-Core,8GB RAM,256GB,NVMe Flash,Apple 6-core GPU,"6.7""",2796x1290 ProMotion 120Hz OLED,Natural Titanium,5G + Wi-Fi 6E + UWB,iOS 17,Smartphone,12,0.00,138000.00,159900.00,8907100000079,ACTIVE
VAR-0079,PROD-0061,SMP-APP-IP15PM-512-BTI,Apple iPhone 15 Pro Max 512GB Blue Titanium,A17 Pro Hexa-Core,8GB RAM,512GB,NVMe Flash,Apple 6-core GPU,"6.7""",2796x1290 ProMotion 120Hz OLED,Blue Titanium,5G + Wi-Fi 6E + UWB,iOS 17,Smartphone,12,18000.00,153000.00,179900.00,8907100000080,ACTIVE
VAR-0080,PROD-0062,SMP-APP-IP14-128-MID,Apple iPhone 14 128GB Midnight 5G,A15 Bionic Hexa-Core,6GB RAM,128GB,NVMe Flash,Apple 5-core GPU,"6.1""",2532x1170 Super Retina XDR,Midnight,5G + Wi-Fi 6 + Lightning,iOS 17,Smartphone,12,0.00,54000.00,62900.00,8907100000081,ACTIVE
VAR-0081,PROD-0063,SMP-SAM-S24-128-OBLK,Samsung Galaxy S24 5G 8GB/128GB Onyx Black Knox Enterprise,Exynos 2400 Deca-Core,8GB LPDDR5X,128GB,UFS 4.0 Storage,Samsung Xclipse 940,"6.2""",2340x1080 Dynamic AMOLED 2X 120Hz,Onyx Black,5G + Wi-Fi 6E + Dual SIM,Android 14 / One UI 6.1,Smartphone,24,0.00,65000.00,74999.00,8907100000082,ACTIVE
VAR-0082,PROD-0063,SMP-SAM-S24-256-MGRY,Samsung Galaxy S24 5G 8GB/256GB Marble Gray Knox Enterprise,Exynos 2400 Deca-Core,8GB LPDDR5X,256GB,UFS 4.0 Storage,Samsung Xclipse 940,"6.2""",2340x1080 Dynamic AMOLED 2X 120Hz,Marble Gray,5G + Wi-Fi 6E + Dual SIM,Android 14 / One UI 6.1,Smartphone,24,5000.00,69500.00,79999.00,8907100000083,ACTIVE
VAR-0083,PROD-0064,SMP-SAM-S24U-256-TBLK,Samsung Galaxy S24 Ultra 12GB/256GB Titanium Black,Snapdragon 8 Gen 3 for Galaxy,12GB LPDDR5X,256GB,UFS 4.0 Storage,Adreno 750,"6.8""",3120x1440 Dynamic AMOLED 2X 120Hz Gorilla Armor,Titanium Black,5G + Wi-Fi 7 + UWB,Android 14 / One UI 6.1,Smartphone with S Pen,24,0.00,114000.00,129999.00,8907100000084,ACTIVE
VAR-0084,PROD-0064,SMP-SAM-S24U-512-TGRY,Samsung Galaxy S24 Ultra 12GB/512GB Titanium Gray,Snapdragon 8 Gen 3 for Galaxy,12GB LPDDR5X,512GB,UFS 4.0 Storage,Adreno 750,"6.8""",3120x1440 Dynamic AMOLED 2X 120Hz,Titanium Gray,5G + Wi-Fi 7 + UWB,Android 14 / One UI 6.1,Smartphone with S Pen,24,10000.00,123000.00,139999.00,8907100000085,ACTIVE
VAR-0085,PROD-0065,SMP-SAM-S24P-256-COVLT,Samsung Galaxy S24+ 12GB/256GB Cobalt Violet,Exynos 2400 Deca-Core,12GB LPDDR5X,256GB,UFS 4.0 Storage,Samsung Xclipse 940,"6.7""",3120x1440 Dynamic AMOLED 2X 120Hz,Cobalt Violet,5G + Wi-Fi 6E + Dual SIM,Android 14 / One UI 6.1,Smartphone,24,0.00,84000.00,96999.00,8907100000086,ACTIVE
VAR-0086,PROD-0066,SMP-SAM-A55-128-NAVY,Samsung Galaxy A55 5G 8GB/128GB Awesome Navy Knox,Exynos 1480 Octa-Core,8GB RAM,128GB,UFS 3.1 Storage,Xclipse 530,"6.6""",2340x1080 Super AMOLED 120Hz,Awesome Navy,5G + Wi-Fi 6 + Dual SIM,Android 14 / One UI 6.1,Smartphone,24,0.00,32000.00,36999.00,8907100000087,ACTIVE
VAR-0087,PROD-0066,SMP-SAM-A55-256-ICEB,Samsung Galaxy A55 5G 8GB/256GB Awesome Iceblue Knox,Exynos 1480 Octa-Core,8GB RAM,256GB,UFS 3.1 Storage,Xclipse 530,"6.6""",2340x1080 Super AMOLED 120Hz,Awesome Iceblue,5G + Wi-Fi 6 + Dual SIM,Android 14 / One UI 6.1,Smartphone,24,4000.00,35500.00,40999.00,8907100000088,ACTIVE
VAR-0088,PROD-0067,SMP-SAM-XC6P-128-BLK,Samsung Galaxy XCover6 Pro 6GB/128GB Black Rugged 5G,Snapdragon 778G 5G,6GB RAM,128GB,microSD expandable to 1TB,Adreno 642L,"6.6""",2408x1080 PLS LCD 120Hz Glove-Touch,Matte Black,5G + Wi-Fi 6E + POGO Pin,Android 14 / One UI 6.0,Rugged Field Smartphone,24,0.00,46000.00,52999.00,8907100000089,ACTIVE
VAR-0089,PROD-0068,SMP-GOO-PX8P-128-OBS,Google Pixel 8 Pro 12GB/128GB Obsidian 5G,Google Tensor G3,12GB LPDDR5X,128GB,UFS 3.1 Storage,Immortalis-G715s MC10,"6.7""",2992x1344 LTPO OLED 120Hz 2400nits,Obsidian Black,5G + Wi-Fi 7 + UWB,Android 14 (7 Years OS),Smartphone,12,0.00,92000.00,106999.00,8907100000090,ACTIVE
VAR-0090,PROD-0068,SMP-GOO-PX8P-256-POR,Google Pixel 8 Pro 12GB/256GB Porcelain 5G,Google Tensor G3,12GB LPDDR5X,256GB,UFS 3.1 Storage,Immortalis-G715s MC10,"6.7""",2992x1344 LTPO OLED 120Hz 2400nits,Porcelain White,5G + Wi-Fi 7 + UWB,Android 14 (7 Years OS),Smartphone,12,7000.00,98000.00,113999.00,8907100000091,ACTIVE
VAR-0091,PROD-0069,SMP-GOO-PX8-128-HAZ,Google Pixel 8 8GB/128GB Hazel 5G,Google Tensor G3,8GB LPDDR5X,128GB,UFS 3.1 Storage,Immortalis-G715s,"6.2""",2400x1080 Actua OLED 120Hz,Hazel Green,5G + Wi-Fi 7 + Dual SIM,Android 14,Smartphone,12,0.00,66000.00,75999.00,8907100000092,ACTIVE
VAR-0092,PROD-0070,SMP-1PL-12-256-SILK,OnePlus 12 12GB/256GB Silky Black 5G,Snapdragon 8 Gen 3,12GB LPDDR5X,256GB,UFS 4.0 Storage,Adreno 750,"6.82""",3168x1440 2K ProXDR 120Hz,Silky Black,5G + Wi-Fi 7 + Dual Nano-SIM,OxygenOS 14 (Android 14),Smartphone,12,0.00,57000.00,64999.00,8907100000093,ACTIVE
VAR-0093,PROD-0070,SMP-1PL-12-512-FLGR,OnePlus 12 16GB/512GB Flowy Emerald 5G,Snapdragon 8 Gen 3,16GB LPDDR5X,512GB,UFS 4.0 Storage,Adreno 750,"6.82""",3168x1440 2K ProXDR 120Hz,Flowy Emerald,5G + Wi-Fi 7 + Dual Nano-SIM,OxygenOS 14 (Android 14),Smartphone,12,6000.00,62000.00,70999.00,8907100000094,ACTIVE
VAR-0094,PROD-0071,TAB-APP-IP10-64-WIFI-SLV,"Apple iPad 10.9"" 64GB Wi-Fi Silver",A14 Bionic 6-core,4GB RAM,64GB,Flash Storage,4-core GPU,"10.9""",2360x1640 Liquid Retina True Tone,Silver,Wi-Fi 6 + BT 5.2,iPadOS 17,Standard Tablet,12,0.00,33000.00,39900.00,8907100000095,ACTIVE
VAR-0095,PROD-0071,TAB-APP-IP10-256-CEL-BLU,"Apple iPad 10.9"" 256GB Wi-Fi + Cellular 5G Blue",A14 Bionic 6-core,4GB RAM,256GB,Flash Storage,4-core GPU,"10.9""",2360x1640 Liquid Retina True Tone,Blue,5G Cellular + Wi-Fi 6,iPadOS 17,Cellular Tablet,12,22000.00,52000.00,61900.00,8907100000096,ACTIVE
VAR-0096,PROD-0072,TAB-APP-AIRM2-128-WIFI-SG,"Apple iPad Air 11"" M2 128GB Wi-Fi Space Grey",Apple M2 8-core,8GB Unified Memory,128GB,Flash Storage,9-core GPU,"11.0""",2360x1640 Liquid Retina P3,Space Grey,Wi-Fi 6E + BT 5.3,iPadOS 17,Performance Tablet,12,0.00,51000.00,59900.00,8907100000097,ACTIVE
VAR-0097,PROD-0072,TAB-APP-AIRM2-256-CEL-SLV,"Apple iPad Air 11"" M2 256GB Wi-Fi + 5G Cellular Silver",Apple M2 8-core,8GB Unified Memory,256GB,Flash Storage,9-core GPU,"11.0""",2360x1640 Liquid Retina P3,Starlight Silver,5G Cellular + Wi-Fi 6E,iPadOS 17,Cellular Tablet,12,21000.00,69000.00,80900.00,8907100000098,ACTIVE
VAR-0098,PROD-0073,TAB-APP-PRO11M4-256-WIFI-SB,"Apple iPad Pro 11"" M4 256GB Wi-Fi Space Black",Apple M4 9-core,8GB Unified Memory,256GB,Ultra Fast Storage,10-core GPU (Ray Tracing),"11.0""",2420x1668 Ultra Retina Tandem OLED 120Hz,Space Black,Wi-Fi 6E + BT 5.3,iPadOS 17,Pro Tablet,12,0.00,86000.00,99900.00,8907100000099,ACTIVE
VAR-0099,PROD-0074,TAB-APP-PRO13M4-256-CEL-SLV,"Apple iPad Pro 13"" M4 256GB 5G Cellular Silver",Apple M4 9-core,8GB Unified Memory,256GB,Ultra Fast Storage,10-core GPU,"13.0""",2752x2064 Ultra Retina Tandem OLED 120Hz,Silver,5G Cellular + Wi-Fi 6E,iPadOS 17,Pro Tablet,12,0.00,112000.00,129900.00,8907100000100,ACTIVE
VAR-0100,PROD-0075,TAB-SAM-S9-128-WIFI-GRY,Samsung Galaxy Tab S9 8GB/128GB Wi-Fi Graphite,Snapdragon 8 Gen 2 for Galaxy,8GB RAM,128GB,UFS 4.0 Storage,Adreno 740,"11.0""",2560x1600 Dynamic AMOLED 2X 120Hz,Graphite,Wi-Fi 6E + BT 5.3,Android 14 / One UI 6.0,Enterprise Tablet,24,0.00,62000.00,72999.00,8907100000101,ACTIVE
VAR-0101,PROD-0075,TAB-SAM-S9-256-5G-GRY,Samsung Galaxy Tab S9 12GB/256GB 5G Graphite,Snapdragon 8 Gen 2 for Galaxy,12GB RAM,256GB,UFS 4.0 Storage,Adreno 740,"11.0""",2560x1600 Dynamic AMOLED 2X 120Hz,Graphite,5G + Wi-Fi 6E + Dual SIM,Android 14 / One UI 6.0,Cellular Tablet,24,12000.00,72500.00,84999.00,8907100000102,ACTIVE
VAR-0102,PROD-0076,TAB-SAM-S9U-256-5G-GRY,Samsung Galaxy Tab S9 Ultra 12GB/256GB 5G Graphite,Snapdragon 8 Gen 2 for Galaxy,12GB RAM,256GB,UFS 4.0 Storage,Adreno 740,"14.6""",2960x1848 Dynamic AMOLED 2X 120Hz,Graphite,5G + Wi-Fi 6E,Android 14 / One UI 6.0,Flagship Presentation Tablet,24,0.00,98000.00,115999.00,8907100000103,ACTIVE
VAR-0103,PROD-0077,VAR-TAB-SAM-ACT4-01,Samsung Galaxy Tab Active4 Pro 6GB/128GB 5G Rugged Field Tablet,Snapdragon 778G 5G,6GB RAM,128GB,microSD up to 1TB,Adreno 642L,"10.1""",1920x1200 WUXGA Glove-Touch Screen,Industrial Black,5G + Wi-Fi 6 + POGO Pin + NFC,Android 14 / Knox Suite,Rugged Field Tablet,24,0.00,52000.00,60999.00,8907100000104,ACTIVE
VAR-0104,PROD-0078,TAB-LEN-P12P-256-WIFI-GRY,Lenovo Tab P12 Pro 8GB/256GB Wi-Fi Storm Grey,Snapdragon 870 Octa-Core,8GB LPDDR5,256GB,UFS 3.1 Storage,Adreno 650,"12.6""",2560x1600 AMOLED 120Hz Dolby Vision,Storm Grey,Wi-Fi 6 + BT 5.2,Android 13,Commercial Tablet,12,0.00,48000.00,56999.00,8907100000105,ACTIVE
VAR-0105,PROD-0079,VAR-MON-DEL-P2422H-01,"Dell P2422H 23.8"" FHD IPS (HDMI/DP/VGA/USB Hub)",,,,,,"23.8""",1920x1080 FHD 60Hz,Black/Silver,"HDMI 1.4, DP 1.2, VGA, 4x USB 3.2",,Ergonomic Tilt/Swivel/Pivot Stand,36,0.00,11500.00,14200.00,8907100000106,ACTIVE
VAR-0106,PROD-0080,MON-DEL-P2722H-01,"Dell P2722H 27"" FHD IPS Monitor",,,,,,"27.0""",1920x1080 FHD 60Hz,Black/Silver,"HDMI, DP, VGA, USB 3.2 Hub",,Height-Adjustable Stand,36,0.00,14500.00,17800.00,8907100000107,ACTIVE
VAR-0107,PROD-0081,MON-DEL-P2723DE-01,"Dell P2723DE 27"" QHD USB-C Hub Monitor (RJ45 / 90W PD)",,,,,,"27.0""",2560x1440 QHD 60Hz,Silver,"USB-C (90W PD), DP In/Out (Daisy Chain), HDMI, RJ45 GbE",,Height/Swivel/Pivot Stand,36,0.00,27000.00,32800.00,8907100000108,ACTIVE
VAR-0108,PROD-0082,MON-DEL-U2724D-01,"Dell UltraSharp U2724D 27"" QHD 120Hz IPS Black",,,,,,"27.0""",2560x1440 QHD 120Hz,Platinum Silver,"DP 1.4, HDMI, USB-C upstream/downstream",,Premium Ergonomic Stand,36,0.00,32000.00,38900.00,8907100000109,ACTIVE
VAR-0109,PROD-0083,MON-DEL-U3223QE-01,"Dell UltraSharp U3223QE 31.5"" 4K USB-C Hub (90W PD / KVM)",,,,,,"31.5""",3840x2160 4K UHD 60Hz,Platinum Silver,"USB-C (90W PD), DP 1.4 In/Out, HDMI 2.0, RJ45, Auto-KVM",,Full Ergonomic Stand,36,0.00,58000.00,69900.00,8907100000110,ACTIVE
VAR-0110,PROD-0084,MON-DEL-U3423WE-01,"Dell UltraSharp U3423WE 34"" Curved WQHD USB-C Ultrawide",,,,,,"34.1""",3440x1440 WQHD Curved 1900R,Platinum Silver,"USB-C (90W PD), HDMI 2.1, DP 1.4, RJ45, Audio Out",,Heavy-duty Tilt/Swivel Stand,36,0.00,72000.00,86500.00,8907100000111,ACTIVE
VAR-0111,PROD-0085,VAR-MON-HP-E24G4-01,"HP E24 G4 23.8"" FHD IPS (VGA/HDMI/DP/4x USB)",,,,,,"23.8""",1920x1080 FHD 60Hz,Black/Silver,"VGA, HDMI 1.4, DP 1.2, 4x USB-A Hub",,4-Way Ergonomic Stand,36,0.00,11200.00,13800.00,8907100000112,ACTIVE
VAR-0112,PROD-0086,MON-HP-E27G4-01,"HP E27 G4 27"" FHD IPS Commercial Monitor",,,,,,"27.0""",1920x1080 FHD 60Hz,Black/Silver,"VGA, HDMI, DP, 4x USB Hub",,Height-Adjustable Stand,36,0.00,14200.00,17500.00,8907100000113,ACTIVE
VAR-0113,PROD-0087,MON-HP-E27UG5-01,"HP E27u G5 27"" QHD USB-C Hub Monitor (65W PD / RJ45)",,,,,,"27.0""",2560x1440 QHD 75Hz,Silver/Black,"USB-C (65W PD), DP In/Out, HDMI 1.4, RJ45",,Ergonomic Stand,36,0.00,28000.00,34000.00,8907100000114,ACTIVE
VAR-0114,PROD-0088,MON-HP-Z27KG3-01,"HP Z27k G3 27"" 4K UHD USB-C Workstation Display (100W PD)",,,,,,"27.0""",3840x2160 4K UHD 60Hz,Turbo Silver Aluminum,"USB-C (100W PD), DP In/Out, HDMI 2.0, RJ45",,4-Way Aluminum Stand,36,0.00,48000.00,58000.00,8907100000115,ACTIVE
VAR-0115,PROD-0089,MON-LEN-T24I30-01,"Lenovo ThinkVision T24i-30 23.8"" FHD IPS Monitor",,,,,,"23.8""",1920x1080 FHD 60Hz,Raven Black,"VGA, HDMI 1.4, DP 1.2, 4x USB 3.2 Hub",,Lift/Tilt/Pivot Stand,36,0.00,11000.00,13500.00,8907100000116,ACTIVE
VAR-0116,PROD-0090,MON-LEN-T27H30-01,"Lenovo ThinkVision T27h-30 27"" QHD USB-C Docking Display",,,,,,"27.0""",2560x1440 QHD 60Hz,Raven Black,"USB-C (90W PD), DP 1.4 In/Out, HDMI 2.0, RJ45",,Ergonomic Stand with Phone Holder,36,0.00,26500.00,32500.00,8907100000117,ACTIVE
VAR-0117,PROD-0091,MON-LEN-P32P30-01,"Lenovo ThinkVision P32p-30 31.5"" 4K Thunderbolt 4 Hub Monitor",,,,,,"31.5""",3840x2160 4K UHD IPS,Raven Black,"Thunderbolt 4 In (100W), Thunderbolt 4 Out (27W), HDMI 2.0, DP 1.4, RJ45",,Full Ergonomic Stand,36,0.00,62000.00,74900.00,8907100000118,ACTIVE
VAR-0118,PROD-0092,MON-LG-34WN80C-01,"LG 34WN80C-B 34"" Curved WQHD UltraWide USB-C",,,,,,"34.0""",3440x1440 WQHD Curved 1900R,Matte Black,"USB-C (60W PD), 2x HDMI, DP 1.4, 2x USB 3.0",,Tilt/Height Stand,36,0.00,42000.00,49999.00,8907100000119,ACTIVE
VAR-0119,PROD-0093,NET-CIS-9200L-24P-01,Cisco Catalyst 9200L 24-Port PoE+ (370W) / 4x 1G SFP Uplinks,,,,,,,,Cisco Grey,"24x 10/100/1000 PoE+, 4x 1G SFP",Cisco IOS-XE Network Essentials,1U Rackmount,60,0.00,145000.00,178000.00,8907100000120,ACTIVE
VAR-0120,PROD-0094,VAR-NET-CIS-C9200L-48-01,Cisco Catalyst 9200L 48-Port PoE+ (740W) / 4x 10G SFP+ Uplinks,,,,,,,,Cisco Grey,"48x 10/100/1000 PoE+ (740W), 4x 10G SFP+",Cisco IOS-XE Network Essentials,1U Rackmount,60,0.00,230000.00,285000.00,8907100000121,ACTIVE
VAR-0121,PROD-0095,NET-CIS-9300-48U-01,Cisco Catalyst 9300 48-Port UPOE (820W) / Modular Uplink,,,,,,,,Cisco Grey,48x 100M/1G/2.5G/5G/10G Cisco UPOE,Cisco IOS-XE Network Advantage,1U Rackmount,60,0.00,420000.00,520000.00,8907100000122,ACTIVE
VAR-0122,PROD-0096,NET-CIS-CBS250-24T-01,Cisco CBS250 24-Port GE Non-PoE / 4x 1G SFP,,,,,,,,Grey,"24x 10/100/1000 RJ45, 4x 1G SFP",Cisco Business OS,1U Rackmount,36,0.00,24000.00,29500.00,8907100000123,ACTIVE
VAR-0123,PROD-0097,NET-CIS-9120AXI-01,Cisco Catalyst 9120AX Series Internal Antenna Wi-Fi 6 AP,,,,,,,,White,"1x 2.5GbE mGig PoE In, Dual 5GHz/2.4GHz Wi-Fi 6",Cisco DNA Ready,Ceiling / Wall Mount,60,0.00,48000.00,59000.00,8907100000124,ACTIVE
VAR-0124,PROD-0098,NET-ARU-6100-24P-01,Aruba CX 6100 24-Port PoE+ (370W) / 4x 10G SFP+ Uplinks,,,,,,,,Grey,"24x 10/100/1000 Class 4 PoE+, 4x 1/10G SFP+",ArubaOS-CX,1U Rackmount,60,0.00,92000.00,114000.00,8907100000125,ACTIVE
VAR-0125,PROD-0099,NET-ARU-6200-48P-01,Aruba CX 6200F 48-Port PoE+ (740W) / 4x 10G SFP+,,,,,,,,Grey,"48x 10/100/1000 PoE+, 4x 1/10G SFP+ VSF Stacking",ArubaOS-CX with Network Analytics Engine,1U Rackmount,60,0.00,185000.00,228000.00,8907100000126,ACTIVE
VAR-0126,PROD-0100,NET-ARU-AP515-01,Aruba AP-515 (IN) Unified Campus Wi-Fi 6 Access Point,,,,,,,,White,"1x 2.5GbE PoE, 1x 1GbE, Wi-Fi 6 4x4:4",ArubaOS / InstantOS,Ceiling / Wall Mount,60,0.00,42000.00,52000.00,8907100000127,ACTIVE
VAR-0127,PROD-0101,NET-ARU-AP505-01,Aruba AP-505 (IN) Unified Wi-Fi 6 Access Point,,,,,,,,White,"1x 1GbE PoE In, Dual Radio 2x2:2 MIMO",Aruba InstantOS,Ceiling Mount,60,0.00,28000.00,34500.00,8907100000128,ACTIVE
VAR-0128,PROD-0102,NET-UBI-PRO24P-01,Ubiquiti UniFi USW-Pro-24-PoE (400W Total PoE Budget),,,,,,,,Silver,"16x PoE+ (30W), 8x PoE++ (64W), 2x 10G SFP+",UniFi Network OS,1U Rackmount,24,0.00,48000.00,59500.00,8907100000129,ACTIVE
VAR-0129,PROD-0103,NET-UBI-PRO48P-01,Ubiquiti UniFi USW-Pro-48-PoE (600W Total PoE Budget),,,,,,,,Silver,"40x PoE+, 8x PoE++, 4x 10G SFP+",UniFi Network OS,1U Rackmount,24,0.00,88000.00,108000.00,8907100000130,ACTIVE
VAR-0130,PROD-0104,NET-UBI-U6PRO-01,Ubiquiti UniFi 6 Pro 4x4 MIMO Ceiling AP,,,,,,,,White,"1x GbE PoE In, 4x4 5GHz + 2x2 2.4GHz",UniFi Network OS,Ceiling / Wall Mount,24,0.00,15500.00,18900.00,8907100000131,ACTIVE
VAR-0131,PROD-0105,NET-UBI-UDMP-01,Ubiquiti UDM-Pro 1U Rack Gateway & Security Appliance,,,,,,,,Silver,"8x 1GbE RJ45, 1x 10G SFP+ LAN, 1x 10G SFP+ WAN, 3.5"" HDD Bay",UniFi OS,1U Rackmount,24,0.00,38000.00,46500.00,8907100000132,ACTIVE
VAR-0132,PROD-0106,NET-FOR-FG60F-01,Fortinet FortiGate 60F Hardware with 1-Year FortiGuard Unified Threat Protection (UTP),,,,,,,,White,"10x GE RJ45 ports (including 2x WAN, 1x DMZ, 7x Internal)",FortiOS 7.4,Desktop / Rack-Tray Mount,36,0.00,58000.00,72000.00,8907100000133,ACTIVE
VAR-0133,PROD-0107,NET-FOR-FG100F-01,Fortinet FortiGate 100F Hardware + 1-Year UTP Security Bundle,,,,,,,,Chassis Black/White,"2x 10GE SFP+, 4x 1GE SFP, 16x GE RJ45, Dual Internal PSU",FortiOS 7.4,1U Rackmount,36,0.00,195000.00,245000.00,8907100000134,ACTIVE
VAR-0134,PROD-0108,NET-TPL-SG3428-01,TP-Link Omada SG3428XMP 24-Port PoE+ (384W) / 4x 10G SFP+,,,,,,,,Black,"24x Gigabit PoE+ ports, 4x 10G SFP+ Slots",Omada SDN OS,1U Rackmount,36,0.00,32000.00,39999.00,8907100000135,ACTIVE
VAR-0135,PROD-0109,STO-SYN-DS923P-DISKLESS,Synology DS923+ 4-Bay NAS Diskless Enclosure,AMD Ryzen R1600 Dual-Core,4GB DDR4 ECC,Diskless,"4x 3.5""/2.5"" SATA bays + 2x M.2 NVMe",,,,Black,2x 1GbE (10GbE Upgradeable),Synology DSM 7.2,4-Bay Desktop Tower,36,0.00,48000.00,58500.00,8907100000136,ACTIVE
VAR-0136,PROD-0109,STO-SYN-DS923P-32TB,Synology DS923+ Populated with 32TB (4x 8TB Enterprise HDDs),AMD Ryzen R1600 Dual-Core,16GB DDR4 ECC,32TB Raw (4x 8TB),Enterprise SATA HDDs RAID5,,,,Black,2x 1GbE + 10GbE Module Installed,Synology DSM 7.2,4-Bay Desktop Tower,36,68000.00,102400.00,126500.00,8907100000137,ACTIVE
VAR-0137,PROD-0110,STO-SYN-DS1821P-DISKLESS,Synology DS1821+ 8-Bay NAS Diskless Enclosure,AMD Ryzen V1500B Quad-Core,4GB DDR4 ECC,Diskless,"8x 3.5""/2.5"" SATA bays + dual M.2 NVMe",,,,Black,4x 1GbE with Link Aggregation,Synology DSM 7.2,8-Bay Desktop Tower,36,0.00,88000.00,107000.00,8907100000138,ACTIVE
VAR-0138,PROD-0111,STO-SYN-RS2423P-DISKLESS,Synology RS2423+ 12-Bay 2U Rackmount Diskless Enclosure,AMD Ryzen V1780B Quad-Core,8GB DDR4 ECC UDIMM,Diskless,"12x 3.5"" SATA bays",,,,Silver/Black,1x 10GbE + 2x 1GbE ports,Synology DSM 7.2,2U Rackmount,36,0.00,195000.00,238000.00,8907100000139,ACTIVE
VAR-0139,PROD-0112,STO-SYN-RS3621XS-16GB,Synology RS3621xs+ Xeon D-1541 8-Core / 16GB ECC / Dual 10GbE,Intel Xeon D-1541 8-Core,16GB DDR4 ECC RDIMM (Max 64GB),Diskless (12-Bays),SAS/SATA Hot-Swap Drive Bays,,,,Silver/Black,Dual 10GbE Base-T + Quad 1GbE,Synology DSM 7.2,2U Rackmount with Redundant PSU,60,0.00,380000.00,465000.00,8907100000140,ACTIVE
VAR-0140,PROD-0113,STO-QNP-TS464-8G,QNAP TS-464 4-Bay Intel Celeron N5095 / 8GB RAM / Dual 2.5GbE,Intel Celeron N5095 Quad-Core,8GB DDR4,Diskless,"4x 3.5"" SATA bays + dual M.2 NVMe",,,,Black/Gold,2x 2.5GbE RJ45,QTS 5.1,4-Bay Tower,36,0.00,44000.00,53500.00,8907100000141,ACTIVE
VAR-0141,PROD-0114,STO-QNP-TS873A-8G,QNAP TS-873A 8-Bay Ryzen / 8GB ECC / Dual 2.5GbE,AMD Ryzen V1500B Quad-Core,8GB DDR4 (ECC Supported),Diskless,"8x 3.5"" SATA bays + dual M.2 NVMe",,,,Black,"2x 2.5GbE ports, 2x PCIe Gen3 slots",QuTS hero (ZFS),8-Bay Tower,36,0.00,82000.00,99500.00,8907100000142,ACTIVE
VAR-0142,PROD-0115,STO-QNP-TS1685-32G,QNAP TS-1685 Xeon D-1531 6-Core / 32GB RAM / Quad 10GbE Ready,Intel Xeon D-1531 6-Core,32GB DDR4 ECC RAM,Diskless,"12x 3.5"" + 4x 2.5"" SSD bays",,,,Black,2x 10GBASE-T + 4x 1GbE,QTS 5.1 Enterprise,Heavy Desktop Appliance,36,0.00,290000.00,355000.00,8907100000143,ACTIVE
VAR-0143,PROD-0116,STO-WD-16TB-SAS-01,WD Ultrastar DC HC550 16TB 7200 RPM SAS 12Gb/s 512MB Cache,,,16TB,"Enterprise 3.5"" SAS 12Gb/s HDD",,"3.5""",,Silver,SAS 12Gb/s Interface,,"3.5"" Internal Drive",60,0.00,26000.00,32000.00,8907100000144,ACTIVE
VAR-0144,PROD-0117,STO-WD-20TB-SATA-01,WD Ultrastar DC HC560 20TB 7200 RPM SATA 6Gb/s Enterprise HDD,,,20TB,"Enterprise 3.5"" SATA 6Gb/s HDD",,"3.5""",,Silver,SATA 6Gb/s Interface,,"3.5"" Internal Drive",60,0.00,34000.00,41500.00,8907100000145,ACTIVE
VAR-0145,PROD-0118,STO-SAM-PM893-1920-01,"Samsung PM893 1.92TB 2.5"" SATA Enterprise SSD (1.3 DWPD)",,,1.92TB,V-NAND TLC Enterprise SATA SSD,,"2.5""",,Silver,SATA 6Gbps Interface,,"2.5"" Hot-Swap Form Factor",60,0.00,18500.00,23000.00,8907100000146,ACTIVE
VAR-0146,PROD-0119,STO-SAM-PM1733-3840-01,Samsung PM1733 3.84TB U.2 PCIe Gen4 NVMe Enterprise SSD,,,3.84TB,Enterprise U.2 NVMe SSD,,"2.5"" U.2",,Silver/Black,PCIe Gen4 x4 Dual-Port,,"2.5"" U.2 Drive",60,0.00,42000.00,52000.00,8907100000147,ACTIVE
VAR-0147,PROD-0120,STO-KIN-DC500M-1920-01,"Kingston DC500M 1.92TB Enterprise 2.5"" SATA SSD",,,1.92TB,3D TLC Enterprise SSD,,"2.5""",,Black,SATA 6Gbps,,"2.5"" Drive",60,0.00,17500.00,21800.00,8907100000148,ACTIVE
VAR-0148,PROD-0121,STO-KIN-DC1500M-3840-01,Kingston DC1500M 3.84TB U.2 NVMe Enterprise SSD,,,3.84TB,Enterprise U.2 NVMe,,"2.5"" U.2",,Black,PCIe NVMe Gen 3.0 x4,,"2.5"" U.2 Drive",60,0.00,38000.00,47500.00,8907100000149,ACTIVE
VAR-0149,PROD-0122,STO-DEL-24TB-SAS-01,"Dell 2.4TB 10K SAS 12Gbps 2.5"" Hot-Plug Hard Drive with Caddy",,,2.4TB,"10,000 RPM SAS 12G HDD",,"2.5""",,Silver/Black,SAS 12Gbps Hot-Plug,,"2.5"" Hot-Plug Caddy",36,0.00,19000.00,24000.00,8907100000150,ACTIVE
VAR-0150,PROD-0123,UPS-APC-SMC1500-01,APC Smart-UPS 1500VA LCD 230V Tower UPS (900W Output),,,,,,,,Black,IEC 320 C13 (8 Outlets),,Tower Form Factor,24,0.00,24000.00,29500.00,8907100000151,ACTIVE
VAR-0151,PROD-0124,UPS-APC-SMT2200-01,APC Smart-UPS 2200VA 230V SmartConnect Tower (1980W Output),,,,,,,,Black,"8x C13 + 2x C19 Outlets, SmartConnect Cloud Port",,Tower UPS,36,0.00,52000.00,64000.00,8907100000152,ACTIVE
VAR-0152,PROD-0125,UPS-APC-SRT3000-01,APC Smart-UPS On-Line 3000VA 230V Rack/Tower 2U (2700W Output),,,,,,,,Black,"6x C13 + 2x C19, SmartSlot for Network Card",,2U Rack/Tower Convertible,36,0.00,96000.00,118000.00,8907100000153,ACTIVE
VAR-0153,PROD-0126,UPS-APC-SRT5K-01,APC Smart-UPS On-Line 5kVA 230V 3U Rack/Tower (4500W Output),,,,,,,,Black,"Hardwire 3-wire or IEC Outlets, Pre-installed Network Card",,3U Rack/Tower,36,0.00,185000.00,228000.00,8907100000154,ACTIVE
VAR-0154,PROD-0127,UPS-APC-SRT10K-01,"APC Smart-UPS On-Line 10kVA 230V 6U Rack/Tower (10,000W Output)",,,,,,,,Black,"Hardwire Input/Output, Dual Network Management Card",,6U Rack/Tower (Chassis + Battery),36,0.00,360000.00,445000.00,8907100000155,ACTIVE
VAR-0155,PROD-0128,UPS-EAT-9SX1000-01,Eaton 9SX 1000VA 230V Tower UPS (900W Output),,,,,,,,Black,"6x IEC C13 Outlets, USB, RS232, Slot for Network-M2",,Tower UPS,36,0.00,36000.00,44500.00,8907100000156,ACTIVE
VAR-0156,PROD-0129,UPS-EAT-9PX3000-01,Eaton 9PX 3000VA 2U Rack/Tower UPS (3000W Unity Power Factor),,,,,,,,Black,"8x C13 + 2x C19 Outlets, Network-M2 Card Ready",,2U Rack/Tower Convertible,36,0.00,89000.00,109000.00,8907100000157,ACTIVE
VAR-0157,PROD-0130,UPS-EAT-9PX6000-01,Eaton 9PX 6000VA 3U Rack/Tower with Network-M2 Card,,,,,,,,Black,"Hardwire + IEC Outlets, Gigabit Network Management Card",,3U Rack/Tower,36,0.00,175000.00,215000.00,8907100000158,ACTIVE
VAR-0158,PROD-0131,UPS-VER-GXT5-1K-01,Vertiv Liebert GXT5 1000VA 2U Rack/Tower UPS (1000W),,,,,,,,Black,"8x IEC C13 Outlets, RDU101 Communications Ready",,2U Rack/Tower,36,0.00,38000.00,46800.00,8907100000159,ACTIVE
VAR-0159,PROD-0132,UPS-VER-GXT5-3K-01,Vertiv Liebert GXT5 3000VA 2U Rack/Tower UPS (3000W),,,,,,,,Black,"6x C13 + 1x C19 Outlets, Web/SNMP Card Included",,2U Rack/Tower,36,0.00,92000.00,114000.00,8907100000160,ACTIVE
VAR-0160,PROD-0133,UPS-VER-GXT5-10K-01,"Vertiv Liebert GXT5 10kVA 5U Rack/Tower Enterprise UPS (10,000W)",,,,,,,,Black,"Hardwire Terminal Block, Dual Slot Communications",,5U Rack/Tower,36,0.00,340000.00,420000.00,8907100000161,ACTIVE
VAR-0161,PROD-0134,UPS-APC-AP7921B-01,APC 1U 16A 230V Switched Rack PDU (8x C13 Outlets),,,,,,,,Black,"8x IEC 320 C13 Outlets, RJ45 10/100 Ethernet",,1U Horizontal Rackmount,24,0.00,32000.00,39500.00,8907100000162,ACTIVE
VAR-0162,PROD-0135,PRN-HP-M404DN-01,HP LaserJet Pro M404dn Mono Laser (40 ppm / Duplex / Gigabit LAN),,,,,,,,White,"Gigabit Ethernet 10/100/1000, USB 2.0",,Desktop Printer,12,0.00,18500.00,22900.00,8907100000163,ACTIVE
VAR-0163,PROD-0136,PRN-HP-M428FDW-01,HP LaserJet Pro MFP M428fdw (Print/Scan/Copy/Fax / 40 ppm / Wi-Fi),,,,,,,,White,"Wi-Fi 802.11b/g/n, Gigabit Ethernet, USB",,Multifunction Desktop,12,0.00,34000.00,41500.00,8907100000164,ACTIVE
VAR-0164,PROD-0137,PRN-HP-M480F-01,HP Color LaserJet Enterprise MFP M480f (29 ppm Color / Duplex / HP Sure Start),,,,,,,,White/Black,"Gigabit Ethernet, 2x Hi-Speed USB 2.0 Host",,Enterprise Desktop MFP,36,0.00,68000.00,82500.00,8907100000165,ACTIVE
VAR-0165,PROD-0138,PRN-HP-M555DN-01,"HP Color LaserJet Enterprise M555dn (40 ppm Color / 4.3"" Touchscreen)",,,,,,,,White/Black,"Gigabit Ethernet 10/100/1000, 2x USB 2.0",,Heavy Workgroup Printer,36,0.00,58000.00,71000.00,8907100000166,ACTIVE
VAR-0166,PROD-0139,PRN-CAN-MF445DW-01,Canon imageCLASS MF445dw (Print/Scan/Copy/Fax / 40 ppm),,,,,,,,White,"Wi-Fi Direct, Gigabit Ethernet, USB 2.0",,Desktop Multifunction,12,0.00,32000.00,38900.00,8907100000167,ACTIVE
VAR-0167,PROD-0140,PRN-CAN-IR2625I-01,Canon imageRUNNER 2625i A3 Multifunction Copier (Dual Cassette + Platen),,,,,,,,White/Grey,"Gigabit Ethernet 1000Base-T, USB 2.0",,Floor-Standing A3 Console,36,0.00,135000.00,168000.00,8907100000168,ACTIVE
VAR-0168,PROD-0141,PRN-BRO-6400DW-01,Brother HL-L6400DW (52 ppm / Duplex / Wi-Fi / NFC / Gigabit LAN),,,,,,,,Charcoal Grey,"Gigabit Ethernet, Wireless 802.11b/g/n, NFC Card Reader",,Desktop Printer,24,0.00,44000.00,53500.00,8907100000169,ACTIVE
VAR-0169,PROD-0142,PRN-BRO-8900CDW-01,Brother MFC-L8900CDW Color All-in-One (Print/Scan/Copy/Fax),,,,,,,,White/Grey,"Gigabit Ethernet, Wireless 802.11b/g/n, USB",,Multifunction Floor/Desk,24,0.00,62000.00,75900.00,8907100000170,ACTIVE
VAR-0170,PROD-0143,PRN-EPS-C579R-01,Epson WorkForce Pro WF-C579R Replaceable Ink Pack System MFP,,,,,,,,White,"Wi-Fi Direct, Gigabit Ethernet, PCL/PostScript Emulation",,Desktop Color MFP,24,0.00,52000.00,63500.00,8907100000171,ACTIVE
VAR-0171,PROD-0144,PRN-EPS-L15160-01,Epson EcoTank L15160 A3 Color All-in-One InkTank Printer,,,,,,,,Black,"Wi-Fi, Wi-Fi Direct, Ethernet, USB 2.0",,A3 Desktop MFP,24,0.00,68000.00,81999.00,8907100000172,ACTIVE
VAR-0172,PROD-0145,ACC-DEL-WD22TB4-01,Dell Thunderbolt 4 Dock WD22TB4 with 180W Power Adapter,,,,,,,,Black,"2x Thunderbolt 4, 2x DP 1.4, 1x HDMI 2.0, 3x USB-A 3.2, 1x GbE",,Desktop Dock,36,0.00,21000.00,26500.00,8907100000173,ACTIVE
VAR-0173,PROD-0146,VAR-ACC-DEL-WD19S-01,Dell USB-C Dock WD19S with 130W AC Power Adapter,,,,,,,,Black,"2x DP 1.4, 1x HDMI 2.0, 3x USB 3.1 Gen 1, 2x USB-C, Gigabit Ethernet",,Desktop Dock,36,0.00,14500.00,18500.00,8907100000174,ACTIVE
VAR-0174,PROD-0147,ACC-HP-TBG4-01,HP Thunderbolt Dock 120W G4 (Dual DP / HDMI / USB-C / RJ45),,,,,,,,Black,"Thunderbolt 4, 2x DP, 1x HDMI, 4x USB-A, 2.5GbE LAN",,Desktop Dock,36,0.00,19500.00,24900.00,8907100000175,ACTIVE
VAR-0175,PROD-0148,ACC-HP-USBCG5-01,HP USB-C Dock G5 with 120W Power Supply,,,,,,,,Black,"2x DP 1.4, 1x HDMI 2.0, 4x USB-A 3.0, Gigabit LAN",,Desktop Dock,36,0.00,13800.00,17500.00,8907100000176,ACTIVE
VAR-0176,PROD-0149,ACC-LEN-TB4-01,Lenovo ThinkPad Universal Thunderbolt 4 Dock with 135W Slim Tip Adapter,,,,,,,,Black/Red,"1x TB4, 2x DP 1.4, 1x HDMI 2.1, 4x USB 3.2, Gigabit Ethernet",,Desktop Dock,36,0.00,20500.00,25800.00,8907100000177,ACTIVE
VAR-0177,PROD-0150,ACC-LEN-USBC-01,Lenovo ThinkPad Universal USB-C Dock v2 with 90W Adapter,,,,,,,,Black,"2x DP 1.4, 1x HDMI 2.0, 3x USB 3.1, 2x USB 2.0, Gigabit Ethernet",,Desktop Dock,36,0.00,13500.00,16900.00,8907100000178,ACTIVE
VAR-0178,PROD-0151,ACC-LOG-MXM3S-GRPH,Logitech MX Master 3S Wireless Mouse - Graphite,,,,,,,,Graphite,Bluetooth Low Energy + Logi Bolt USB Receiver,,Ergonomic Mouse,24,0.00,7200.00,9495.00,8907100000179,ACTIVE
VAR-0179,PROD-0151,ACC-LOG-MXM3S-PALE,Logitech MX Master 3S Wireless Mouse - Pale Grey,,,,,,,,Pale Grey,Bluetooth Low Energy + Logi Bolt USB Receiver,,Ergonomic Mouse,24,0.00,7200.00,9495.00,8907100000180,ACTIVE
VAR-0180,PROD-0152,ACC-LOG-MXKEYS-GRPH,Logitech MX Keys S Wireless Keyboard - Graphite,,,,,,,,Graphite,Bluetooth LE + Logi Bolt USB Receiver,,Full Size Keyboard,24,0.00,8500.00,11495.00,8907100000181,ACTIVE
VAR-0181,PROD-0153,ACC-LOG-MK540-01,Logitech MK540 Wireless Desktop Combo (Unifying USB Receiver),,,,,,,,Black,2.4GHz Wireless with Logitech Unifying USB,,Keyboard & Mouse Combo,36,0.00,2800.00,3995.00,8907100000182,ACTIVE
VAR-0182,PROD-0154,ACC-LOG-BRIO4K-01,Logitech Brio 4K Ultra HD Webcam with Detachable Privacy Shutter,,,,,,,4K UHD 30fps / 1080p 60fps,Black,USB-C to USB-A/C Cable,,Monitor Mount / Tripod,36,0.00,14500.00,18995.00,8907100000183,ACTIVE
VAR-0183,PROD-0155,ACC-LOG-C925E-01,Logitech C925e 1080p Business Webcam (78-Degree FOV),,,,,,,1080p FHD 30fps,Black,USB-A Plug and Play,,Monitor Mount,36,0.00,6800.00,8995.00,8907100000184,ACTIVE
VAR-0184,PROD-0156,ACC-JAB-EV265-USB-A,Jabra Evolve2 65 MS Stereo with Link 380 USB-A Bluetooth Adapter,,,,,,,,Black,Bluetooth 5.0 + USB-A Dongle (30m Range),,On-Ear Headset,24,0.00,16500.00,21500.00,8907100000185,ACTIVE
VAR-0185,PROD-0157,ACC-JAB-EV240-USBC,Jabra Evolve2 40 MS Stereo USB-C Wired Headset,,,,,,,,Black,USB-C Corded Connection,,On-Ear Headset,24,0.00,7800.00,10200.00,8907100000186,ACTIVE
VAR-0186,PROD-0158,ACC-POL-VFOC2-USBC,Poly Voyager Focus 2 UC with BT700 USB-C Adapter and Charge Stand,,,,,,,,Black,Bluetooth 5.1 + BT700 USB-C Dongle,,On-Ear Headset with Desktop Stand,24,0.00,18000.00,23500.00,8907100000187,ACTIVE
VAR-0187,PROD-0159,ACC-DEL-BAG-15-01,"Dell Premier Slim Backpack 15 (Fits up to 15.6"" Notebooks)",,,,,,"15.6""",,Heather Grey,Water-resistant ballistic polyester,,Backpack,36,0.00,3400.00,4800.00,8907100000188,ACTIVE
VAR-0188,PROD-0160,ACC-HP-EXECBAG-01,"HP Executive 15.6"" Backpack with RFID Shielding",,,,,,"15.6""",,Black,Heavy-duty nylon with lockable double-teeth zippers,,Backpack,12,0.00,3800.00,5200.00,8907100000189,ACTIVE
VAR-0189,PROD-0161,ACC-KEN-CS20-01,Kensington ClickSafe 2.0 Master Keyed Carbon Steel Cable Lock (1.8m),,,,,,,,Carbon Steel / Black,T-Bar Security Slot Anchor,,Security Cable,60,0.00,1800.00,2600.00,8907100000190,ACTIVE
VAR-0190,PROD-0162,ACC-TAR-DEFCON-01,Targus Defcon CL 4-Digit Combination Laptop Lock (2m),,,,,,,,Steel / Black,Standard Security Slot,,Combination Cable,24,0.00,1400.00,2100.00,8907100000191,ACTIVE
VAR-0191,PROD-0163,ACC-ANK-GAN120-01,Anker 737 Charger 120W GaNPrime 3-Port (2C1A),,,,,,,,Black,"2x USB-C Power Delivery, 1x USB-A PowerIQ",,Wall Adapter,24,0.00,4800.00,6499.00,8907100000192,ACTIVE
VAR-0192,PROD-0164,ACC-BEL-HUB7-01,Belkin USB-C 7-in-1 Multiport Hub Adapter with 4K HDMI,,,,,,,4K @ 30Hz,Space Grey Aluminum,"USB-C tethered cable, HDMI, 2x USB-A 3.0, SD Card",,Dongle Hub,24,0.00,3200.00,4499.00,8907100000193,ACTIVE
VAR-0193,PROD-0165,COL-LOG-RALLYBAR-GRA,Logitech Rally Bar 4K Video Bar - Graphite,,,,,,,Up to 4K Ultra HD @ 30fps,Graphite,"HDMI In/Out, USB 3.0, Gigabit Ethernet, Wi-Fi",CollabOS (App Appliance or USB Mode),Wall/TV Mountable Bar,24,0.00,260000.00,325000.00,8907100000194,ACTIVE
VAR-0194,PROD-0166,COL-LOG-RALLYPLUS-01,Logitech Rally Plus System (Camera + 2x Speakers + 2x Mic Pods + Table/Display Hubs),,,,,,,4K UHD PTZ with 15x HD Zoom,Black,"Dual HDMI, USB 3.0, Cat6A Hub Interconnect",Host PC / Room System Mode,Modular Room Component Kit,24,0.00,215000.00,268000.00,8907100000195,ACTIVE
VAR-0195,PROD-0167,COL-LOG-MEETUP-01,Logitech MeetUp 4K Ultra HD Huddle Room Camera,,,,,,,4K Ultra HD 120-Degree FOV,Black,"USB 3.0 Type-C, Bluetooth",Plug and Play,Wall / Monitor Mount,24,0.00,62000.00,78000.00,8907100000196,ACTIVE
VAR-0196,PROD-0168,COL-POL-X50-TC8,Poly Studio X50 Video Bar bundled with Poly TC8 Touch Controller,,,,,,,4K UHD with 5x Digital Zoom,White/Grey,"Dual HDMI Out, HDMI In, Dual GbE, Wi-Fi 802.11ac",Poly VideoOS (Native Teams/Zoom Rooms),All-in-One Appliance,12,0.00,245000.00,305000.00,8907100000197,ACTIVE
VAR-0197,PROD-0169,COL-POL-X70-01,Poly Studio X70 Dual-Camera 4K Video Appliance,,,,,,,Dual 4K Sensors (120-deg Wide + 70-deg Tele),Charcoal Grey,"Dual HDMI Out, HDMI In, 2x RJ45 GbE",Poly VideoOS,Large Room Video Bar,12,0.00,420000.00,520000.00,8907100000198,ACTIVE
VAR-0198,PROD-0170,COL-JAB-SPK75-01,Jabra Speak2 75 MS with Link 380 USB-A/C Adapter (32-Hour Battery),,,,,,,,Dark Grey,Bluetooth 5.2 + Integrated USB-A/USB-C Cable,,Puck Speakerphone,24,0.00,26000.00,33500.00,8907100000199,ACTIVE
VAR-0199,PROD-0171,COL-JAB-PANA50-BLK,Jabra Panacast 50 Panoramic-4K Intelligent Video Bar - Black,,,,,,,Panoramic-4K (3840x1080) 180-Degree,Black,"USB-C 3.0, Gigabit Ethernet, Wi-Fi",Jabra Direct / Xpress,Wall Mounted Bar,24,0.00,175000.00,218000.00,8907100000200,ACTIVE
VAR-0200,PROD-0172,COL-CIS-ROOMBAR-01,Cisco Webex Room Bar with First Nations Navigator Touch Panel,,,,,,,4K Ultra HD 12MP Sensor,First Nations White,"HDMI In, Dual HDMI Out, GbE PoE, Wi-Fi",Cisco RoomOS,All-in-One Bar,36,0.00,280000.00,345000.00,8907100000201,ACTIVE
VAR-0201,PROD-0173,COL-BAR-CX30G2-01,Barco ClickShare CX-30 Gen 2 Base Unit with 2x USB-C Conferencing Buttons,,,,,,,4K UHD Output @ 30Hz,Black/Silver,"HDMI 1.4b Out, USB-A/C, Gigabit Ethernet, Wi-Fi",ClickShare Platform,Base Unit + 2 Buttons,36,0.00,168000.00,209000.00,8907100000202,ACTIVE
VAR-0202,PROD-0174,COL-BAR-CX50G2-01,Barco ClickShare CX-50 Gen 2 Base Unit with Dual 4K HDMI Outputs,,,,,,,Dual 4K UHD Outputs @ 60Hz,Black/Silver,"2x HDMI Out, 1x HDMI In, USB-C, Dual GbE",ClickShare Platform,Base Unit + 2 Buttons,36,0.00,245000.00,305000.00,8907100000203,ACTIVE
VAR-0203,PROD-0175,SEC-CIS-10GSR-01,Cisco 10GBASE-SR SFP+ Transceiver (850nm Multimode LC Duplex),,,,,,,,Metallic Silver,10Gbps LC Duplex Fiber (300m OM3),,SFP+ Optical Transceiver,60,0.00,12000.00,16500.00,8907100000204,ACTIVE
VAR-0204,PROD-0176,SEC-CIS-10GLR-01,Cisco 10GBASE-LR SFP+ Transceiver (1310nm Single-Mode 10km),,,,,,,,Metallic Silver,10Gbps LC Duplex Single-Mode,,SFP+ Optical Transceiver,60,0.00,28000.00,37500.00,8907100000205,ACTIVE
VAR-0205,PROD-0177,SEC-ARU-DAC3M-01,Aruba 10G SFP+ to SFP+ 3-Meter Direct Attach Copper Cable,,,,,,,,Black/Silver,10Gbps SFP+ to SFP+ Direct Attach (3m),,Passive Twinax Cable,60,0.00,4500.00,6800.00,8907100000206,ACTIVE
VAR-0206,PROD-0178,SEC-UBI-UFMM10G-01,Ubiquiti UniFi 10G SFP+ Multi-Mode Optical Transceiver (Pack of 2),,,,,,,,Silver,10Gbps 850nm LC Duplex (Pair of 2),,SFP+ Optical Module Pair,24,0.00,4200.00,6200.00,8907100000207,ACTIVE
VAR-0207,PROD-0179,SEC-BEL-C6A10PK-BLU,Belkin Cat6A Shielded RJ45 Patch Cable 2-Meter Blue (10-Pack),,,,,,,,Blue,10GBase-T Cat6A Shielded RJ45 (10-Pack),,Pack of 10 Cables,60,0.00,2200.00,3600.00,8907100000208,ACTIVE
VAR-0208,PROD-0179,SEC-BEL-C6A10PK-GRY,Belkin Cat6A Shielded RJ45 Patch Cable 2-Meter Grey (10-Pack),,,,,,,,Grey,10GBase-T Cat6A Shielded RJ45 (10-Pack),,Pack of 10 Cables,60,0.00,2200.00,3600.00,8907100000209,ACTIVE
VAR-0209,PROD-0180,SEC-DLK-PP24-01,D-Link 24-Port Cat6 1U Rackmount Patch Panel with Cable Wire Bar,,,,,,,,Black,"24x RJ45 Cat6 Female Jacks, Dual Type IDC Terminals",,1U Rackmount Panel,60,0.00,2800.00,4200.00,8907100000210,ACTIVE
VAR-0210,PROD-0181,SEC-DEL-RAILS-01,Dell ReadyRails II 1U/2U Sliding Rail Kit without Cable Management Arm,,,,,,,,Galvanized Steel,"4-Post 19"" Rack Mount Rails",,Server Rail Kit,36,0.00,8500.00,12500.00,8907100000211,ACTIVE
VAR-0211,PROD-0182,SEC-APC-CMA-01,APC NetShelter Server Cable Management Arm for 1U/2U Chassis,,,,,,,,Black,Toolless Snap-On Rack Arm,,Cable Management Arm,24,0.00,5500.00,8400.00,8907100000212,ACTIVE
VAR-0212,PROD-0004,LAP-DEL-3581-I7-32-1TB-A1000-32G-1TB,Dell Precision 3581 i7 / 32GB / 1TB SSD / Win 11 Pro,Intel Core i7-13800H vPro,32GB DDR5,1TB,NVMe Gen4 SSD,NVIDIA RTX A1000 6GB,"15.6""",1920x1080 FHD 100% sRGB,Titan Grey,Wi-Fi 6E + BT 5.3,Windows 11 Pro for Workstations,Mobile Workstation,36,29480.00,134994.40,163480.00,8907100000213,ACTIVE
VAR-0213,PROD-0005,LAP-DEL-5680-I9-64-2TB-A3500-32G-1TB,Dell Precision 5680 i9 / 32GB / 1TB SSD / Win 11 Pro,Intel Core i9-13900H,32GB DDR5,1TB,NVMe Gen4 Performance SSD,NVIDIA RTX 3500 Ada 12GB,"16.0""",3840x2400 UHD+ OLED Touch,Platinum Silver,Wi-Fi 6E + BT 5.3,Windows 11 Pro for Workstations,Precision Workstation,36,56760.00,259272.80,314760.00,8907100000214,ACTIVE
VAR-0214,PROD-0007,LAP-LEN-T16-I5-16-512-32G-1TB,Lenovo ThinkPad T16 Gen 2 i5 / 32GB / 1TB SSD / Win 11 Pro,Intel Core i5-1335U,32GB DDR5,1TB,NVMe Gen4 SSD,Intel Iris Xe,"16.0""",1920x1200 WUXGA 300nits,Thunder Black,Wi-Fi 6E + BT 5.1,Windows 11 Pro,Business Laptop,36,18920.00,86757.60,104920.00,8907100000215,ACTIVE
VAR-0215,PROD-0009,LAP-LEN-P16V-I7-32-1TB-A2000-32G-1TB,Lenovo ThinkPad P16v i7 / 32GB / 1TB SSD / Win 11 Pro,Intel Core i7-13700H,32GB DDR5,1TB,NVMe Gen4 Performance,NVIDIA RTX A2000 Ada 8GB,"16.0""",1920x1200 IPS 300nits,Thunder Black,Wi-Fi 6E + BT 5.1,Windows 11 Pro Workstations,Mobile Workstation,36,31240.00,142367.20,173240.00,8907100000216,ACTIVE
VAR-0216,PROD-0010,LAP-LEN-E14-I5-16-512-32G-1TB,Lenovo ThinkPad E14 Gen 5 i5 / 32GB / 1TB SSD / Win 11 Pro,Intel Core i5-1335U,32GB DDR5,1TB,NVMe SSD,Intel Iris Xe,"14.0""",1920x1200 WUXGA IPS,Graphite Black,Wi-Fi 6 + BT 5.1,Windows 11 Pro,Business Laptop,12,11990.00,55352.20,66490.00,8907100000217,ACTIVE
VAR-0217,PROD-0012,LAP-HP-650-I5-16-512-32G-1TB,HP EliteBook 650 G10 i5 / 32GB / 1TB SSD / Win 11 Pro,Intel Core i5-1335U,32GB DDR5,1TB,NVMe SSD,Intel Iris Xe,"15.6""",1920x1080 FHD IPS,Pike Silver,Wi-Fi 6E + BT 5.3,Windows 11 Pro,Business Notebook,36,14740.00,67497.20,81740.00,8907100000218,ACTIVE
VAR-0218,PROD-0013,LAP-HP-440-I5-16-512-32G-1TB,HP ProBook 440 G10 i5 / 32GB / 1TB SSD / Win 11 Pro,Intel Core i5-1335U,32GB DDR5,1TB,NVMe SSD,Intel Iris Xe,"14.0""",1920x1080 FHD IPS,Pike Silver,Wi-Fi 6E + BT 5.3,Windows 11 Pro,Business Laptop,12,12650.00,57867.00,70150.00,8907100000219,ACTIVE
VAR-0219,PROD-0014,LAP-HP-ZBF-I7-32-1TB-A500-32G-1TB,HP ZBook Firefly 14 i7 / 32GB / 1TB SSD / Win 11 Pro,Intel Core i7-1365U vPro,32GB DDR5,1TB,PCIe NVMe TLC SSD,NVIDIA RTX A500 4GB,"14.0""",1920x1200 WUXGA IPS DreamColor,Space Silver,Wi-Fi 6E + BT 5.3,Windows 11 Pro Workstations,Mobile Workstation,36,25960.00,118248.80,143960.00,8907100000220,ACTIVE
VAR-0220,PROD-0015,LAP-HP-ZBP-I7-32-1TB-RTX2000-32G-1TB,HP ZBook Power 15.6 i7 / 32GB / 1TB SSD / Win 11 Pro,Intel Core i7-13700H,32GB DDR5,1TB,PCIe NVMe TLC SSD,NVIDIA RTX 2000 Ada 8GB,"15.6""",1920x1080 FHD IPS 400nits,Dark Silver,Wi-Fi 6E + BT 5.3,Windows 11 Pro Workstations,Mobile Workstation,36,34980.00,159284.40,193980.00,8907100000221,ACTIVE
VAR-0221,PROD-0017,LAP-APP-MBP16-M3M-36-1TB-SB-32G-1TB,"Apple MacBook Pro 16"" M3 Max / 32GB / 1TB SSD / Win 11 Pro",Apple M3 Max 14-core,32GB DDR5,1TB,Apple High-Speed SSD,30-core GPU,"16.2""",3456x2234 Liquid Retina XDR 120Hz,Space Black,Wi-Fi 6E + BT 5.3,macOS Sonoma,Premium Laptop,12,76978.00,345042.84,426878.00,8907100000222,ACTIVE
VAR-0222,PROD-0020,DSK-DEL-7010MCR-I5-16-512-32G-1TB,Dell OptiPlex 7010 Micro i5 / 32GB / 1TB SSD / Win 11 Pro,Intel Core i5-13500T,32GB DDR5,1TB,NVMe SSD,Intel UHD 770,,,Black,Wi-Fi 6E + GbE,Windows 11 Pro,Micro / Tiny Form Factor,36,11880.00,54266.40,65880.00,8907100000223,ACTIVE
VAR-0223,PROD-0021,DSK-DEL-7010TWR-I7-16-1TB-32G-1TB,Dell OptiPlex 7010 Tower i7 / 32GB / 1TB SSD / Win 11 Pro,Intel Core i7-13700,32GB DDR5,1TB,NVMe PCIe SSD,Intel UHD 770,,,Black,Gigabit Ethernet,Windows 11 Pro,Tower Desktop,36,13860.00,62810.80,76860.00,8907100000224,ACTIVE
VAR-0224,PROD-0022,DSK-DEL-7410AIO-I5-16-512-32G-1TB,Dell OptiPlex 7410 AIO i5 / 32GB / 1TB SSD / Win 11 Pro,Intel Core i5-13500,32GB DDR5,1TB,NVMe SSD,Intel UHD 770,"23.8""",1920x1080 FHD Touch IPS,Dark Grey,Wi-Fi 6E + GbE,Windows 11 Pro,All-in-One (AIO),36,18040.00,82071.20,100040.00,8907100000225,ACTIVE
VAR-0225,PROD-0023,DSK-HP-400TWR-I5-16-512-32G-1TB,HP Pro Tower 400 G9 i5 / 32GB / 1TB SSD / Win 11 Pro,Intel Core i5-13500,32GB DDR5,1TB,NVMe SSD,Intel UHD 770,,,Black,Gigabit Ethernet,Windows 11 Pro,Tower Desktop,36,12100.00,55438.00,67100.00,8907100000226,ACTIVE
VAR-0226,PROD-0024,DSK-HP-400SFF-I5-16-512-32G-1TB,HP Pro SFF 400 G9 i5 / 32GB / 1TB SSD / Win 11 Pro,Intel Core i5-13500,32GB DDR5,1TB,NVMe SSD,Intel UHD 770,,,Black,Gigabit Ethernet,Windows 11 Pro,Small Form Factor (SFF),36,11660.00,53094.80,64660.00,8907100000227,ACTIVE
VAR-0227,PROD-0025,DSK-HP-800MINI-I7-16-512-32G-1TB,HP Elite Mini 800 G9 i7 / 32GB / 1TB SSD / Win 11 Pro,Intel Core i7-13700T,32GB DDR5,1TB,NVMe SSD,Intel UHD 770,,,Black,Wi-Fi 6E + GbE,Windows 11 Pro,Mini Form Factor,36,15400.00,70012.00,85400.00,8907100000228,ACTIVE
VAR-0228,PROD-0026,DSK-HP-800AIO-I7-16-512-32G-1TB,HP EliteOne 800 G9 i7 / 32GB / 1TB SSD / Win 11 Pro,Intel Core i7-13700,32GB DDR5,1TB,NVMe SSD,Intel UHD 770,"23.8""",1920x1080 FHD IPS Anti-Glare,Silver,Wi-Fi 6E + GbE,Windows 11 Pro,All-in-One (AIO),36,19580.00,89272.40,108580.00,8907100000229,ACTIVE
VAR-0229,PROD-0027,DSK-LEN-M70S-I5-16-512-32G-1TB,Lenovo ThinkCentre M70s Gen 4 i5 / 32GB / 1TB SSD / Win 11 Pro,Intel Core i5-13400,32GB DDR5,1TB,NVMe SSD,Intel UHD 730,,,Raven Black,Gigabit Ethernet,Windows 11 Pro,Small Form Factor (SFF),36,12430.00,56695.40,68930.00,8907100000230,ACTIVE
VAR-0230,PROD-0028,DSK-LEN-M70Q-I5-16-512-32G-1TB,Lenovo ThinkCentre M70q Gen 4 i5 / 32GB / 1TB SSD / Win 11 Pro,Intel Core i5-13400T,32GB DDR5,1TB,NVMe SSD,Intel UHD 730,,,Raven Black,Wi-Fi 6 + GbE,Windows 11 Pro,Tiny Micro Desktop,36,11660.00,53094.80,64660.00,8907100000231,ACTIVE
VAR-0231,PROD-0029,DSK-LEN-M90T-I7-32-1TB-32G-1TB,Lenovo ThinkCentre M90t Gen 4 i7 / 32GB / 1TB SSD / Win 11 Pro,Intel Core i7-13700 vPro,32GB DDR5,1TB,NVMe Gen4 SSD,Intel UHD 770,,,Raven Black,Gigabit Ethernet,Windows 11 Pro,Tower Desktop,36,16940.00,77213.20,93940.00,8907100000232,ACTIVE
VAR-0232,PROD-0030,DSK-LEN-NEO50A-I5-16-512-32G-1TB,Lenovo ThinkCentre Neo 50a i5 / 32GB / 1TB SSD / Win 11 Pro,Intel Core i5-13500H,32GB DDR5,1TB,NVMe SSD,Intel Iris Xe,"23.8""",1920x1080 FHD IPS,Black/Silver,Wi-Fi 6 + GbE,Windows 11 Pro,All-in-One (AIO),36,14080.00,63982.40,78080.00,8907100000233,ACTIVE
VAR-0233,PROD-0032,DSK-APP-STUDIO-M2M-32-512-32G-1TB,Apple Mac Studio M2 Max / 32GB / 1TB SSD / Win 11 Pro,Apple M2 Max 12-core,32GB DDR5,1TB,Apple High-Speed SSD,30-core GPU,,,Silver,10GbE + Wi-Fi 6E,macOS Sonoma,Compact Workstation,12,46178.00,211018.84,256078.00,8907100000234,ACTIVE
VAR-0234,PROD-0034,WKS-DEL-5860-XW24-64-2TB-A4500-128G-2TB,Dell Precision 5860 Xeon w5-2455X / 128GB ECC / 2TB SSD / Dual GPU Ready,Intel Xeon w5-2455X 16-Core,128GB DDR5 ECC,2TB NVMe,NVMe PCIe Gen4 Enterprise SSD,NVIDIA RTX A4500 20GB,,,Black,Dual 1GbE / 10GbE Optional,Windows 11 Pro for Workstations,Mid-Tower Workstation,36,96250.00,295075.00,371250.00,8907100000235,ACTIVE
VAR-0235,PROD-0035,WKS-DEL-7960-XW34-128-4TB-2XA6000-128G-2TB,Dell Precision 7960 Xeon w7-3465X / 128GB ECC / 2TB SSD / Dual GPU Ready,Intel Xeon w7-3465X 28-Core,128GB DDR5 ECC,2TB NVMe,NVMe Gen4 Enterprise SSD,2x NVIDIA RTX 6000 Ada 48GB,,,Black,Dual 10GbE LAN,Ubuntu Linux 22.04 LTS,Full-Tower Workstation,36,208250.00,642435.00,803250.00,8907100000236,ACTIVE
VAR-0236,PROD-0036,WKS-DEL-3930-I7-32-1TB-A2000-128G-2TB,Dell Precision 3930 1U i7 / 128GB ECC / 2TB SSD / Dual GPU Ready,Intel Core i7-13700E,128GB DDR5 ECC,2TB NVMe,NVMe PCIe Gen4 SSD,NVIDIA RTX A2000 12GB,,,Chassis Black,Dual GbE,Windows 11 Pro for Workstations,1U Rackmount,36,69300.00,214054.00,267300.00,8907100000237,ACTIVE
VAR-0237,PROD-0037,WKS-HP-Z2TWR-I7-32-1TB-A2000-128G-2TB,HP Z2 Tower G9 i7 / 128GB ECC / 2TB SSD / Dual GPU Ready,Intel Core i7-13700K,128GB DDR5 ECC,2TB NVMe,HP Z Turbo Drive NVMe,NVIDIA RTX A2000 12GB,,,Space Silver/Black,Gigabit Ethernet,Windows 11 Pro for Workstations,Tower Workstation,36,46200.00,144036.00,178200.00,8907100000238,ACTIVE
VAR-0238,PROD-0038,WKS-HP-Z4G5-XW24-64-2TB-A4000-128G-2TB,HP Z4 G5 Xeon w5-2465X / 128GB ECC / 2TB SSD / Dual GPU Ready,Intel Xeon w5-2465X 16-Core,128GB DDR5 ECC,2TB NVMe,HP Z Turbo Dual M.2 SSD,NVIDIA RTX A4000 16GB,,,Black,Dual 1GbE / 10GbE Ready,Windows 11 Pro for Workstations,Tower Workstation,36,85750.00,261885.00,330750.00,8907100000239,ACTIVE
VAR-0239,PROD-0039,WKS-HP-Z8F-XW34-128-4TB-RTX6000-128G-2TB,HP Z8 Fury G5 Xeon w9-3495X / 128GB ECC / 2TB SSD / Dual GPU Ready,Intel Xeon w9-3495X 56-Core,128GB DDR5 ECC,2TB NVMe,HP Z Turbo Enterprise,NVIDIA RTX 6000 Ada 48GB,,,Dark Grey,Dual 10GbE onboard,Ubuntu Linux 22.04 LTS,Heavy Tower Workstation,36,241500.00,748370.00,931500.00,8907100000240,ACTIVE
VAR-0240,PROD-0040,WKS-HP-ZC4R-XW22-32-1TB-A2000-128G-2TB,HP ZCentral 4R Xeon W-2223 / 128GB ECC / 2TB SSD / Dual GPU Ready,Intel Xeon W-2223 4-Core,128GB DDR5 ECC,2TB NVMe,HP Z Turbo M.2 SSD,NVIDIA RTX A2000 12GB,,,Chassis Black,Dual 10GbE,Windows 11 Pro for Workstations,1U Rackmount,36,73500.00,227330.00,283500.00,8907100000241,ACTIVE
VAR-0241,PROD-0041,WKS-LEN-P3-I7-32-1TB-A2000-128G-2TB,Lenovo ThinkStation P3 i7 / 128GB ECC / 2TB SSD / Dual GPU Ready,Intel Core i7-13700K,128GB DDR5 ECC,2TB NVMe,NVMe PCIe Gen4 SSD,NVIDIA RTX A2000 12GB,,,Raven Black,Gigabit Ethernet,Windows 11 Pro for Workstations,Tower Workstation,36,48300.00,149674.00,186300.00,8907100000242,ACTIVE
VAR-0242,PROD-0042,WKS-LEN-P5-XW24-64-2TB-A4500-128G-2TB,Lenovo ThinkStation P5 Xeon w5-2455X / 128GB ECC / 2TB SSD / Dual GPU Ready,Intel Xeon w5-2455X 16-Core,128GB DDR5 ECC,2TB NVMe,NVMe PCIe Gen4 SSD,NVIDIA RTX A4500 20GB,,,Raven Black / Red,1GbE + 10GbE LAN,Windows 11 Pro for Workstations,Tower Workstation,36,91000.00,280980.00,351000.00,8907100000243,ACTIVE
VAR-0243,PROD-0043,WKS-LEN-P7-XW34-128-2TB-RTX5000-128G-2TB,Lenovo ThinkStation P7 Xeon w7-3465X / 128GB ECC / 2TB SSD / Dual GPU Ready,Intel Xeon w7-3465X 28-Core,128GB DDR5 ECC,2TB NVMe,NVMe PCIe Gen4 Enterprise SSD,NVIDIA RTX 5000 Ada 32GB,,,Raven Black / Red,Dual 10GbE onboard,Windows 11 Pro for Workstations,Tower Workstation,36,166250.00,509675.00,641250.00,8907100000244,ACTIVE
VAR-0244,PROD-0044,WKS-LEN-PX-2XSILV-256-4TB-2XA6000-128G-2TB,Lenovo ThinkStation PX 2x Xeon Gold 6430 / 128GB ECC / 2TB SSD / Dual GPU Ready,2x Intel Xeon Gold 6430 (64 Cores),128GB DDR5 ECC,2TB NVMe,Dual U.3 Enterprise SSD,2x NVIDIA RTX 6000 Ada 48GB,,,Raven Black / Red,Dual 10GbE onboard,Ubuntu Linux 22.04 LTS,Heavy Tower / 4U Rackable,36,311500.00,962970.00,1201500.00,8907100000245,ACTIVE
VAR-0245,PROD-0047,SRV-DEL-R760XS-2X-64-4TB-2X-256G-8TB,Dell PowerEdge R760xs 2x Xeon Silver 4410Y / 256GB ECC / 8x 1.92TB SSD / Redundant PSU,2x Intel Xeon Silver 4410Y 24C/48T,256GB DDR5 ECC RDIMM,15.3TB (8x 1.92TB SAS SSD),PERC H755 SAS RAID,,,,Silver/Black,Broadcom 57416 Dual 10GbE,No OS,2U Rackmount,36,189000.00,491200.00,609000.00,8907100000246,ACTIVE
VAR-0246,PROD-0048,SRV-DEL-T360-E2436-32-4TB-2X-256G-8TB,Dell PowerEdge T360 Xeon E-2436 / 256GB ECC / 8x 1.92TB SSD / Redundant PSU,Intel Xeon E-2436 6C/12T,256GB DDR5 ECC RDIMM,15.3TB (8x 1.92TB SAS SSD),PERC H355 RAID1,,,,Black,Dual 1GbE LOM,Windows Server 2022 Standard (16 Core),Tower Server,36,69750.00,180800.00,224750.00,8907100000247,ACTIVE
VAR-0247,PROD-0049,SRV-DEL-T560-2X-64-8TB-2X-256G-8TB,Dell PowerEdge T560 2x Xeon Silver 4410Y / 256GB ECC / 8x 1.92TB SSD / Redundant PSU,2x Intel Xeon Silver 4410Y,256GB DDR5 ECC RDIMM,15.3TB (8x 1.92TB SAS SSD),PERC H755 SAS RAID5,,,,Black,Quad 1GbE + Dual 10GbE,Windows Server 2022 Standard,5U Tower / Rackable,36,173250.00,448600.00,558250.00,8907100000248,ACTIVE
VAR-0248,PROD-0050,SRV-HPE-DL360-1X-64-2TB-2X-256G-8TB,HPE ProLiant DL360 Gen11 1x Xeon Silver 4410Y / 256GB ECC / 8x 1.92TB SSD / Redundant PSU,1x Intel Xeon Silver 4410Y 12C/24T,256GB DDR5 ECC RDIMM,15.3TB (8x 1.92TB SAS SSD),HPE MR408i-o Storage Controller,,,,Silver/Black,HPE Broadcom 10GbE 2-port OCP3,HPE iLO 6 Standard,1U Rackmount,36,164250.00,426400.00,529250.00,8907100000249,ACTIVE
VAR-0249,PROD-0051,SRV-HPE-DL380-2X-128-4TB-2X-256G-8TB,HPE ProLiant DL380 Gen11 2x Xeon Gold 5418Y / 256GB ECC / 8x 1.92TB SSD / Redundant PSU,2x Intel Xeon Gold 5418Y (48 Cores),256GB DDR5 ECC RDIMM,15.3TB (8x 1.92TB SAS SSD),HPE SR932i-p Tri-Mode Controller,,,,Silver/Black,HPE 10/25GbE 2-port SFP28 OCP3,HPE iLO 6 Advanced,2U Rackmount,36,245250.00,636200.00,790250.00,8907100000250,ACTIVE
VAR-0250,PROD-0052,SRV-HPE-ML350-2X-64-8TB-2X-256G-8TB,HPE ProLiant ML350 Gen11 2x Xeon Silver 4410Y / 256GB ECC / 8x 1.92TB SSD / Redundant PSU,2x Intel Xeon Silver 4410Y,256GB DDR5 ECC RDIMM,15.3TB (8x 1.92TB SAS SSD),HPE MR408i-o Storage Controller,,,,Black,HPE 1GbE 4-port Base-T,HPE iLO 6 Standard,4U Tower / Rackable,36,179100.00,463280.00,577100.00,8907100000251,ACTIVE
VAR-0251,PROD-0053,SRV-HPE-MICRO-E2314-16-2TB-2X-256G-8TB,HPE MicroServer Gen10 Plus v2 Xeon E-2314 / 256GB ECC / 8x 1.92TB SSD / Redundant PSU,Intel Xeon E-2314 4C/4T,256GB DDR5 ECC RDIMM,15.3TB (8x 1.92TB SAS SSD),Embedded Software RAID,,,,Black,4x 1GbE embedded ports,ClearOS / Linux Ready,Ultra Micro Tower,12,37800.00,98240.00,121800.00,8907100000252,ACTIVE
VAR-0252,PROD-0054,SRV-LEN-SR650-2X-128-4TB-2X-256G-8TB,Lenovo ThinkSystem SR650 V3 2x Xeon Gold 5418Y / 256GB ECC / 8x 1.92TB SSD / Redundant PSU,2x Intel Xeon Gold 5418Y,256GB DDR5 ECC RDIMM,15.3TB (8x 1.92TB SAS SSD),ThinkSystem RAID 940-8i 4GB Flash,,,,Black/Silver,Dual 10/25GbE SFP28 OCP,Lenovo XClarity Controller Enterprise,2U Rackmount,36,242100.00,628680.00,780100.00,8907100000253,ACTIVE
VAR-0253,PROD-0055,SRV-LEN-SR630-1X-64-2TB-2X-256G-8TB,Lenovo ThinkSystem SR630 V3 1x Xeon Silver 4410Y / 256GB ECC / 8x 1.92TB SSD / Redundant PSU,1x Intel Xeon Silver 4410Y,256GB DDR5 ECC RDIMM,15.3TB (8x 1.92TB SAS SSD),ThinkSystem RAID 5350-8i,,,,Black/Silver,Dual 10GbE SFP+ OCP,Lenovo XClarity Controller,1U Rackmount,36,162000.00,419600.00,522000.00,8907100000254,ACTIVE
VAR-0254,PROD-0056,SRV-LEN-ST250-E2324-16-2TB-2X-256G-8TB,Lenovo ThinkSystem ST250 V2 Xeon E-2324G / 256GB ECC / 8x 1.92TB SSD / Redundant PSU,Intel Xeon E-2324G 4C/4T,256GB DDR5 ECC RDIMM,15.3TB (8x 1.92TB SAS SSD),RAID 530-8i PCIe 12Gb,,,,Black,Dual 1GbE ports,Lenovo XClarity Controller,4U Tower,36,65700.00,170560.00,211700.00,8907100000255,ACTIVE
VAR-0255,PROD-0057,SRV-LEN-ST550-2X-64-6TB-2X-256G-8TB,Lenovo ThinkSystem ST550 V2 2x Xeon Silver 4310 / 256GB ECC / 8x 1.92TB SSD / Redundant PSU,2x Intel Xeon Silver 4310 12C/24T,256GB DDR5 ECC RDIMM,15.3TB (8x 1.92TB SAS SSD),ThinkSystem RAID 730-8i,,,,Black,Dual 1GbE ports,Lenovo XClarity Controller,4U Tower / Rackable,36,156600.00,405280.00,504600.00,8907100000256,ACTIVE
VAR-0256,PROD-0058,SRV-DEL-R760XD2-2X-128-96TB-2X-256G-8TB,Dell PowerEdge R760xd2 2x Xeon Silver 4410Y / 256GB ECC / 8x 1.92TB SSD / Redundant PSU,2x Intel Xeon Silver 4410Y,256GB DDR5 ECC RDIMM,15.3TB (8x 1.92TB SAS SSD),PERC H755 Front SAS RAID,,,,Silver/Black,Dual 10GbE SFP+ + Quad 1GbE,No OS,2U Storage Rackmount,36,324000.00,839200.00,1044000.00,8907100000257,ACTIVE
VAR-0257,PROD-0062,SMP-APP-IP14-128-MID-512G-SIL,Apple iPhone 14 128GB Midnight 5G 512GB Silver 5G Enterprise,A15 Bionic Hexa-Core,6GB RAM,512GB,NVMe Flash,Apple 5-core GPU,"6.1""",2532x1170 Super Retina XDR,Silver,5G + Wi-Fi 6 + Lightning,iOS 17,Smartphone,12,11322.00,63623.70,74222.00,8907100000258,ACTIVE
VAR-0258,PROD-0065,SMP-SAM-S24P-256-COVLT-512G-SIL,Samsung Galaxy S24+ 12GB/256GB Cobalt Violet 512GB Silver 5G Enterprise,Exynos 2400 Deca-Core,12GB LPDDR5X,512GB,UFS 4.0 Storage,Samsung Xclipse 940,"6.7""",3120x1440 Dynamic AMOLED 2X 120Hz,Silver,5G + Wi-Fi 6E + Dual SIM,Android 14 / One UI 6.1,Smartphone,24,17459.82,98840.85,114458.82,8907100000259,ACTIVE
VAR-0259,PROD-0067,SMP-SAM-XC6P-128-BLK-512G-SIL,Samsung Galaxy XCover6 Pro 6GB/128GB Black Rugged 5G 512GB Silver 5G Enterprise,Snapdragon 778G 5G,6GB RAM,512GB,microSD expandable to 1TB,Adreno 642L,"6.6""",2408x1080 PLS LCD 120Hz Glove-Touch,Silver,5G + Wi-Fi 6E + POGO Pin,Android 14 / One UI 6.0,Rugged Field Smartphone,24,9539.82,54108.85,62538.82,8907100000260,ACTIVE
VAR-0260,PROD-0069,SMP-GOO-PX8-128-HAZ-512G-SIL,Google Pixel 8 8GB/128GB Hazel 5G 512GB Silver 5G Enterprise,Google Tensor G3,8GB LPDDR5X,512GB,UFS 3.1 Storage,Immortalis-G715s,"6.2""",2400x1080 Actua OLED 120Hz,Silver,5G + Wi-Fi 7 + Dual SIM,Android 14,Smartphone,12,13679.82,77627.85,89678.82,8907100000261,ACTIVE
VAR-0261,PROD-0073,TAB-APP-PRO11M4-256-WIFI-SB-256G-5G,"Apple iPad Pro 11"" M4 256GB Wi-Fi Space Black 256GB 5G Cellular Enterprise Edition",Apple M4 9-core,8GB Unified Memory,256GB,Ultra Fast Storage,10-core GPU (Ray Tracing),"11.0""",2420x1668 Ultra Retina Tandem OLED 120Hz,Space Black,5G Cellular + Wi-Fi 6E,iPadOS 17,Cellular Tablet,12,24975.00,105980.00,124875.00,8907100000262,ACTIVE
VAR-0262,PROD-0074,TAB-APP-PRO13M4-256-CEL-SLV-256G-5G,"Apple iPad Pro 13"" M4 256GB 5G Cellular Silver 256GB 5G Cellular Enterprise Edition",Apple M4 9-core,8GB Unified Memory,256GB,Ultra Fast Storage,10-core GPU,"13.0""",2752x2064 Ultra Retina Tandem OLED 120Hz,Silver,5G Cellular + Wi-Fi 6E,iPadOS 17,Cellular Tablet,12,32475.00,137980.00,162375.00,8907100000263,ACTIVE
VAR-0263,PROD-0076,TAB-SAM-S9U-256-5G-GRY-256G-5G,Samsung Galaxy Tab S9 Ultra 12GB/256GB 5G Graphite 256GB 5G Cellular Enterprise Edition,Snapdragon 8 Gen 2 for Galaxy,12GB RAM,256GB,UFS 4.0 Storage,Adreno 740,"14.6""",2960x1848 Dynamic AMOLED 2X 120Hz,Graphite,5G Cellular + Wi-Fi 6E,Android 14 / One UI 6.0,Cellular Tablet,24,28999.75,121199.80,144998.75,8907100000264,ACTIVE
VAR-0264,PROD-0077,VAR-TAB-SAM-ACT4-01-256G-5G,Samsung Galaxy Tab Active4 Pro 6GB/128GB 5G Rugged Field Tablet 256GB 5G Cellular Enterprise Edition,Snapdragon 778G 5G,6GB RAM,256GB,microSD up to 1TB,Adreno 642L,"10.1""",1920x1200 WUXGA Glove-Touch Screen,Industrial Black,5G Cellular + Wi-Fi 6E,Android 14 / Knox Suite,Cellular Tablet,24,15249.75,64199.80,76248.75,8907100000265,ACTIVE
VAR-0265,PROD-0078,TAB-LEN-P12P-256-WIFI-GRY-256G-5G,Lenovo Tab P12 Pro 8GB/256GB Wi-Fi Storm Grey 256GB 5G Cellular Enterprise Edition,Snapdragon 870 Octa-Core,8GB LPDDR5,256GB,UFS 3.1 Storage,Adreno 650,"12.6""",2560x1600 AMOLED 120Hz Dolby Vision,Storm Grey,5G Cellular + Wi-Fi 6E,Android 13,Cellular Tablet,12,14249.75,59399.80,71248.75,8907100000266,ACTIVE
VAR-0266,PROD-0079,VAR-MON-DEL-P2422H-01-DUALARM,"Dell P2422H 23.8"" FHD IPS (HDMI/DP/VGA/USB Hub) with Premium Dual-Monitor Desk Arm Bundle",,,,,,"23.8""",1920x1080 FHD 60Hz,Black/Silver,"HDMI 1.4, DP 1.2, VGA, 4x USB 3.2",,Monitor + Heavy Ergo Arm,36,4500.00,14700.00,18700.00,8907100000267,ACTIVE
VAR-0267,PROD-0080,MON-DEL-P2722H-01-DUALARM,"Dell P2722H 27"" FHD IPS Monitor with Premium Dual-Monitor Desk Arm Bundle",,,,,,"27.0""",1920x1080 FHD 60Hz,Black/Silver,"HDMI, DP, VGA, USB 3.2 Hub",,Monitor + Heavy Ergo Arm,36,4500.00,17700.00,22300.00,8907100000268,ACTIVE
VAR-0268,PROD-0081,MON-DEL-P2723DE-01-DUALARM,"Dell P2723DE 27"" QHD USB-C Hub Monitor (RJ45 with Premium Dual-Monitor Desk Arm Bundle",,,,,,"27.0""",2560x1440 QHD 60Hz,Silver,"USB-C (90W PD), DP In/Out (Daisy Chain), HDMI, RJ45 GbE",,Monitor + Heavy Ergo Arm,36,4500.00,30200.00,37300.00,8907100000269,ACTIVE
VAR-0269,PROD-0082,MON-DEL-U2724D-01-DUALARM,"Dell UltraSharp U2724D 27"" QHD 120Hz IPS Black with Premium Dual-Monitor Desk Arm Bundle",,,,,,"27.0""",2560x1440 QHD 120Hz,Platinum Silver,"DP 1.4, HDMI, USB-C upstream/downstream",,Monitor + Heavy Ergo Arm,36,4500.00,35200.00,43400.00,8907100000270,ACTIVE
VAR-0270,PROD-0083,MON-DEL-U3223QE-01-DUALARM,"Dell UltraSharp U3223QE 31.5"" 4K USB-C Hub (90W PD with Premium Dual-Monitor Desk Arm Bundle",,,,,,"31.5""",3840x2160 4K UHD 60Hz,Platinum Silver,"USB-C (90W PD), DP 1.4 In/Out, HDMI 2.0, RJ45, Auto-KVM",,Monitor + Heavy Ergo Arm,36,4500.00,61200.00,74400.00,8907100000271,ACTIVE
VAR-0271,PROD-0084,MON-DEL-U3423WE-01-DUALARM,"Dell UltraSharp U3423WE 34"" Curved WQHD USB-C Ultrawide with Premium Dual-Monitor Desk Arm Bundle",,,,,,"34.1""",3440x1440 WQHD Curved 1900R,Platinum Silver,"USB-C (90W PD), HDMI 2.1, DP 1.4, RJ45, Audio Out",,Monitor + Heavy Ergo Arm,36,4500.00,75200.00,91000.00,8907100000272,ACTIVE
VAR-0272,PROD-0085,VAR-MON-HP-E24G4-01-DUALARM,"HP E24 G4 23.8"" FHD IPS (VGA/HDMI/DP/4x USB) with Premium Dual-Monitor Desk Arm Bundle",,,,,,"23.8""",1920x1080 FHD 60Hz,Black/Silver,"VGA, HDMI 1.4, DP 1.2, 4x USB-A Hub",,Monitor + Heavy Ergo Arm,36,4500.00,14400.00,18300.00,8907100000273,ACTIVE
VAR-0273,PROD-0086,MON-HP-E27G4-01-DUALARM,"HP E27 G4 27"" FHD IPS Commercial Monitor with Premium Dual-Monitor Desk Arm Bundle",,,,,,"27.0""",1920x1080 FHD 60Hz,Black/Silver,"VGA, HDMI, DP, 4x USB Hub",,Monitor + Heavy Ergo Arm,36,4500.00,17400.00,22000.00,8907100000274,ACTIVE
VAR-0274,PROD-0087,MON-HP-E27UG5-01-DUALARM,"HP E27u G5 27"" QHD USB-C Hub Monitor (65W PD with Premium Dual-Monitor Desk Arm Bundle",,,,,,"27.0""",2560x1440 QHD 75Hz,Silver/Black,"USB-C (65W PD), DP In/Out, HDMI 1.4, RJ45",,Monitor + Heavy Ergo Arm,36,4500.00,31200.00,38500.00,8907100000275,ACTIVE
VAR-0275,PROD-0088,MON-HP-Z27KG3-01-DUALARM,"HP Z27k G3 27"" 4K UHD USB-C Workstation Display (100W PD) with Premium Dual-Monitor Desk Arm Bundle",,,,,,"27.0""",3840x2160 4K UHD 60Hz,Turbo Silver Aluminum,"USB-C (100W PD), DP In/Out, HDMI 2.0, RJ45",,Monitor + Heavy Ergo Arm,36,4500.00,51200.00,62500.00,8907100000276,ACTIVE
VAR-0276,PROD-0089,MON-LEN-T24I30-01-DUALARM,"Lenovo ThinkVision T24i-30 23.8"" FHD IPS Monitor with Premium Dual-Monitor Desk Arm Bundle",,,,,,"23.8""",1920x1080 FHD 60Hz,Raven Black,"VGA, HDMI 1.4, DP 1.2, 4x USB 3.2 Hub",,Monitor + Heavy Ergo Arm,36,4500.00,14200.00,18000.00,8907100000277,ACTIVE
VAR-0277,PROD-0090,MON-LEN-T27H30-01-DUALARM,"Lenovo ThinkVision T27h-30 27"" QHD USB-C Docking Display with Premium Dual-Monitor Desk Arm Bundle",,,,,,"27.0""",2560x1440 QHD 60Hz,Raven Black,"USB-C (90W PD), DP 1.4 In/Out, HDMI 2.0, RJ45",,Monitor + Heavy Ergo Arm,36,4500.00,29700.00,37000.00,8907100000278,ACTIVE
VAR-0278,PROD-0091,MON-LEN-P32P30-01-DUALARM,"Lenovo ThinkVision P32p-30 31.5"" 4K Thunderbolt 4 Hub Monitor with Premium Dual-Monitor Desk Arm Bundle",,,,,,"31.5""",3840x2160 4K UHD IPS,Raven Black,"Thunderbolt 4 In (100W), Thunderbolt 4 Out (27W), HDMI 2.0, DP 1.4, RJ45",,Monitor + Heavy Ergo Arm,36,4500.00,65200.00,79400.00,8907100000279,ACTIVE
VAR-0279,PROD-0092,MON-LG-34WN80C-01-DUALARM,"LG 34WN80C-B 34"" Curved WQHD UltraWide USB-C with Premium Dual-Monitor Desk Arm Bundle",,,,,,"34.0""",3440x1440 WQHD Curved 1900R,Matte Black,"USB-C (60W PD), 2x HDMI, DP 1.4, 2x USB 3.0",,Monitor + Heavy Ergo Arm,36,4500.00,45200.00,54499.00,8907100000280,ACTIVE
VAR-0280,PROD-0093,NET-CIS-9200L-24P-01-DUALPSU,Cisco Catalyst 9200L 24-Port PoE+ (370W) with Dual Redundant Power Supplies (1+1 RPS),,,,,,,,Cisco Grey,"24x 10/100/1000 PoE+, 4x 1G SFP",Cisco IOS-XE Network Essentials,1U Dual PSU Rackmount,60,35600.00,171700.00,213600.00,8907100000281,ACTIVE
VAR-0281,PROD-0094,VAR-NET-CIS-C9200L-48-01-DUALPSU,Cisco Catalyst 9200L 48-Port PoE+ (740W) with Dual Redundant Power Supplies (1+1 RPS),,,,,,,,Cisco Grey,"48x 10/100/1000 PoE+ (740W), 4x 10G SFP+",Cisco IOS-XE Network Essentials,1U Dual PSU Rackmount,60,57000.00,272750.00,342000.00,8907100000282,ACTIVE
VAR-0282,PROD-0095,NET-CIS-9300-48U-01-DUALPSU,Cisco Catalyst 9300 48-Port UPOE (820W) with Dual Redundant Power Supplies (1+1 RPS),,,,,,,,Cisco Grey,48x 100M/1G/2.5G/5G/10G Cisco UPOE,Cisco IOS-XE Network Advantage,1U Dual PSU Rackmount,60,104000.00,498000.00,624000.00,8907100000283,ACTIVE
VAR-0283,PROD-0096,NET-CIS-CBS250-24T-01-DUALPSU,Cisco CBS250 24-Port GE Non-PoE with Dual Redundant Power Supplies (1+1 RPS),,,,,,,,Grey,"24x 10/100/1000 RJ45, 4x 1G SFP",Cisco Business OS,1U Dual PSU Rackmount,36,5900.00,28425.00,35400.00,8907100000284,ACTIVE
VAR-0284,PROD-0097,NET-CIS-9120AXI-01-DUALPSU,Cisco Catalyst 9120AX Series Internal Antenna Wi-Fi 6 AP with Dual Redundant Power Supplies (1+1 RPS),,,,,,,,White,"1x 2.5GbE mGig PoE In, Dual 5GHz/2.4GHz Wi-Fi 6",Cisco DNA Ready,1U Dual PSU Rackmount,60,11800.00,56850.00,70800.00,8907100000285,ACTIVE
VAR-0285,PROD-0098,NET-ARU-6100-24P-01-DUALPSU,Aruba CX 6100 24-Port PoE+ (370W) with Dual Redundant Power Supplies (1+1 RPS),,,,,,,,Grey,"24x 10/100/1000 Class 4 PoE+, 4x 1/10G SFP+",ArubaOS-CX,1U Dual PSU Rackmount,60,22800.00,109100.00,136800.00,8907100000286,ACTIVE
VAR-0286,PROD-0099,NET-ARU-6200-48P-01-DUALPSU,Aruba CX 6200F 48-Port PoE+ (740W) with Dual Redundant Power Supplies (1+1 RPS),,,,,,,,Grey,"48x 10/100/1000 PoE+, 4x 1/10G SFP+ VSF Stacking",ArubaOS-CX with Network Analytics Engine,1U Dual PSU Rackmount,60,45600.00,219200.00,273600.00,8907100000287,ACTIVE
VAR-0287,PROD-0100,NET-ARU-AP515-01-DUALPSU,Aruba AP-515 (IN) Unified Campus Wi-Fi 6 Access Point with Dual Redundant Power Supplies (1+1 RPS),,,,,,,,White,"1x 2.5GbE PoE, 1x 1GbE, Wi-Fi 6 4x4:4",ArubaOS / InstantOS,1U Dual PSU Rackmount,60,10400.00,49800.00,62400.00,8907100000288,ACTIVE
VAR-0288,PROD-0101,NET-ARU-AP505-01-DUALPSU,Aruba AP-505 (IN) Unified Wi-Fi 6 Access Point with Dual Redundant Power Supplies (1+1 RPS),,,,,,,,White,"1x 1GbE PoE In, Dual Radio 2x2:2 MIMO",Aruba InstantOS,1U Dual PSU Rackmount,60,6900.00,33175.00,41400.00,8907100000289,ACTIVE
VAR-0289,PROD-0102,NET-UBI-PRO24P-01-DUALPSU,Ubiquiti UniFi USW-Pro-24-PoE (400W Total PoE Budget) with Dual Redundant Power Supplies (1+1 RPS),,,,,,,,Silver,"16x PoE+ (30W), 8x PoE++ (64W), 2x 10G SFP+",UniFi Network OS,1U Dual PSU Rackmount,24,11900.00,56925.00,71400.00,8907100000290,ACTIVE
VAR-0290,PROD-0103,NET-UBI-PRO48P-01-DUALPSU,Ubiquiti UniFi USW-Pro-48-PoE (600W Total PoE Budget) with Dual Redundant Power Supplies (1+1 RPS),,,,,,,,Silver,"40x PoE+, 8x PoE++, 4x 10G SFP+",UniFi Network OS,1U Dual PSU Rackmount,24,21600.00,104200.00,129600.00,8907100000291,ACTIVE
VAR-0291,PROD-0104,NET-UBI-U6PRO-01-DUALPSU,Ubiquiti UniFi 6 Pro 4x4 MIMO Ceiling AP with Dual Redundant Power Supplies (1+1 RPS),,,,,,,,White,"1x GbE PoE In, 4x4 5GHz + 2x2 2.4GHz",UniFi Network OS,1U Dual PSU Rackmount,24,3780.00,18335.00,22680.00,8907100000292,ACTIVE
VAR-0292,PROD-0105,NET-UBI-UDMP-01-DUALPSU,Ubiquiti UDM-Pro 1U Rack Gateway & Security Appliance with Dual Redundant Power Supplies (1+1 RPS),,,,,,,,Silver,"8x 1GbE RJ45, 1x 10G SFP+ LAN, 1x 10G SFP+ WAN, 3.5"" HDD Bay",UniFi OS,1U Dual PSU Rackmount,24,9300.00,44975.00,55800.00,8907100000293,ACTIVE
VAR-0293,PROD-0106,NET-FOR-FG60F-01-DUALPSU,Fortinet FortiGate 60F Hardware with 1-Year FortiGuard Unified Threat Protection (UTP) with Dual Redundant Power Supplies (1+1 RPS),,,,,,,,White,"10x GE RJ45 ports (including 2x WAN, 1x DMZ, 7x Internal)",FortiOS 7.4,1U Dual PSU Rackmount,36,14400.00,68800.00,86400.00,8907100000294,ACTIVE
VAR-0294,PROD-0107,NET-FOR-FG100F-01-DUALPSU,Fortinet FortiGate 100F Hardware + 1-Year UTP Security Bundle with Dual Redundant Power Supplies (1+1 RPS),,,,,,,,Chassis Black/White,"2x 10GE SFP+, 4x 1GE SFP, 16x GE RJ45, Dual Internal PSU",FortiOS 7.4,1U Dual PSU Rackmount,36,49000.00,231750.00,294000.00,8907100000295,ACTIVE
VAR-0295,PROD-0108,NET-TPL-SG3428-01-DUALPSU,TP-Link Omada SG3428XMP 24-Port PoE+ (384W) with Dual Redundant Power Supplies (1+1 RPS),,,,,,,,Black,"24x Gigabit PoE+ ports, 4x 10G SFP+ Slots",Omada SDN OS,1U Dual PSU Rackmount,36,7999.80,37999.85,47998.80,8907100000296,ACTIVE
VAR-0296,PROD-0110,STO-SYN-DS1821P-DISKLESS-64TB-RAID,Synology DS1821+ 8-Bay NAS Diskless Enclosure Populated with 64TB Enterprise Storage (4x 16TB),AMD Ryzen V1500B Quad-Core,4GB DDR4 ECC,64TB Raw,Enterprise SAS/SATA RAID6,,,,Black,10GbE SFP+ / 2.5GbE,Synology DSM 7.2,8-Bay Desktop Tower,36,104000.00,170000.00,211000.00,8907100000297,ACTIVE
VAR-0297,PROD-0111,STO-SYN-RS2423P-DISKLESS-64TB-RAID,Synology RS2423+ 12-Bay 2U Rackmount Diskless Enclosure Populated with 64TB Enterprise Storage (4x 16TB),AMD Ryzen V1780B Quad-Core,8GB DDR4 ECC UDIMM,64TB Raw,Enterprise SAS/SATA RAID6,,,,Silver/Black,10GbE SFP+ / 2.5GbE,Synology DSM 7.2,2U Rackmount,36,104000.00,277000.00,342000.00,8907100000298,ACTIVE
VAR-0298,PROD-0112,STO-SYN-RS3621XS-16GB-64TB-RAID,Synology RS3621xs+ Xeon D-1541 8-Core Populated with 64TB Enterprise Storage (4x 16TB),Intel Xeon D-1541 8-Core,16GB DDR4 ECC RDIMM (Max 64GB),64TB Raw,Enterprise SAS/SATA RAID6,,,,Silver/Black,10GbE SFP+ / 2.5GbE,Synology DSM 7.2,2U Rackmount with Redundant PSU,60,104000.00,462000.00,569000.00,8907100000299,ACTIVE
VAR-0299,PROD-0113,STO-QNP-TS464-8G-64TB-RAID,QNAP TS-464 4-Bay Intel Celeron N5095 Populated with 64TB Enterprise Storage (4x 16TB),Intel Celeron N5095 Quad-Core,8GB DDR4,64TB Raw,Enterprise SAS/SATA RAID6,,,,Black/Gold,10GbE SFP+ / 2.5GbE,QTS 5.1,4-Bay Tower,36,104000.00,126000.00,157500.00,8907100000300,ACTIVE
VAR-0300,PROD-0114,STO-QNP-TS873A-8G-64TB-RAID,QNAP TS-873A 8-Bay Ryzen Populated with 64TB Enterprise Storage (4x 16TB),AMD Ryzen V1500B Quad-Core,8GB DDR4 (ECC Supported),64TB Raw,Enterprise SAS/SATA RAID6,,,,Black,10GbE SFP+ / 2.5GbE,QuTS hero (ZFS),8-Bay Tower,36,104000.00,164000.00,203500.00,8907100000301,ACTIVE
VAR-0301,PROD-0115,STO-QNP-TS1685-32G-64TB-RAID,QNAP TS-1685 Xeon D-1531 6-Core Populated with 64TB Enterprise Storage (4x 16TB),Intel Xeon D-1531 6-Core,32GB DDR4 ECC RAM,64TB Raw,Enterprise SAS/SATA RAID6,,,,Black,10GbE SFP+ / 2.5GbE,QTS 5.1 Enterprise,Heavy Desktop Appliance,36,104000.00,372000.00,459000.00,8907100000302,ACTIVE
VAR-0302,PROD-0116,STO-WD-16TB-SAS-01-64TB-RAID,WD Ultrastar DC HC550 16TB 7200 RPM SAS 12Gb/s 512MB Cache Populated with 64TB Enterprise Storage (4x 16TB),,,64TB Raw,Enterprise SAS/SATA RAID6,,,,Silver,10GbE SFP+ / 2.5GbE,,"3.5"" Internal Drive",60,104000.00,108000.00,136000.00,8907100000303,ACTIVE
VAR-0303,PROD-0117,STO-WD-20TB-SATA-01-64TB-RAID,WD Ultrastar DC HC560 20TB 7200 RPM SATA 6Gb/s Enterprise HDD Populated with 64TB Enterprise Storage (4x 16TB),,,64TB Raw,Enterprise SAS/SATA RAID6,,,,Silver,10GbE SFP+ / 2.5GbE,,"3.5"" Internal Drive",60,104000.00,116000.00,145500.00,8907100000304,ACTIVE
VAR-0304,PROD-0118,STO-SAM-PM893-1920-01-64TB-RAID,"Samsung PM893 1.92TB 2.5"" SATA Enterprise SSD (1.3 DWPD) Populated with 64TB Enterprise Storage (4x 16TB)",,,64TB Raw,Enterprise SAS/SATA RAID6,,,,Silver,10GbE SFP+ / 2.5GbE,,"2.5"" Hot-Swap Form Factor",60,104000.00,100500.00,127000.00,8907100000305,ACTIVE
VAR-0305,PROD-0119,STO-SAM-PM1733-3840-01-64TB-RAID,Samsung PM1733 3.84TB U.2 PCIe Gen4 NVMe Enterprise SSD Populated with 64TB Enterprise Storage (4x 16TB),,,64TB Raw,Enterprise SAS/SATA RAID6,,,,Silver/Black,10GbE SFP+ / 2.5GbE,,"2.5"" U.2 Drive",60,104000.00,124000.00,156000.00,8907100000306,ACTIVE
VAR-0306,PROD-0120,STO-KIN-DC500M-1920-01-64TB-RAID,"Kingston DC500M 1.92TB Enterprise 2.5"" SATA SSD Populated with 64TB Enterprise Storage (4x 16TB)",,,64TB Raw,Enterprise SAS/SATA RAID6,,,,Black,10GbE SFP+ / 2.5GbE,,"2.5"" Drive",60,104000.00,99500.00,125800.00,8907100000307,ACTIVE
VAR-0307,PROD-0121,STO-KIN-DC1500M-3840-01-64TB-RAID,Kingston DC1500M 3.84TB U.2 NVMe Enterprise SSD Populated with 64TB Enterprise Storage (4x 16TB),,,64TB Raw,Enterprise SAS/SATA RAID6,,,,Black,10GbE SFP+ / 2.5GbE,,"2.5"" U.2 Drive",60,104000.00,120000.00,151500.00,8907100000308,ACTIVE
VAR-0308,PROD-0122,STO-DEL-24TB-SAS-01-64TB-RAID,"Dell 2.4TB 10K SAS 12Gbps 2.5"" Hot-Plug Hard Drive with Caddy Populated with 64TB Enterprise Storage (4x 16TB)",,,64TB Raw,Enterprise SAS/SATA RAID6,,,,Silver/Black,10GbE SFP+ / 2.5GbE,,"2.5"" Hot-Plug Caddy",36,104000.00,101000.00,128000.00,8907100000309,ACTIVE
VAR-0309,PROD-0123,UPS-APC-SMC1500-01-EXTBATT,APC Smart-UPS 1500VA LCD 230V Tower UPS (900W Output) bundled with External Extended Run Battery Pack (EBM),,,,,,,,Black,IEC 320 C13 (8 Outlets),,UPS + Extended Battery Module,24,14750.00,35062.50,44250.00,8907100000310,ACTIVE
VAR-0310,PROD-0124,UPS-APC-SMT2200-01-EXTBATT,APC Smart-UPS 2200VA 230V SmartConnect Tower (1980W Output) bundled with External Extended Run Battery Pack (EBM),,,,,,,,Black,"8x C13 + 2x C19 Outlets, SmartConnect Cloud Port",,UPS + Extended Battery Module,36,32000.00,76000.00,96000.00,8907100000311,ACTIVE
VAR-0311,PROD-0125,UPS-APC-SRT3000-01-EXTBATT,APC Smart-UPS On-Line 3000VA 230V Rack/Tower 2U (2700W Output) bundled with External Extended Run Battery Pack (EBM),,,,,,,,Black,"6x C13 + 2x C19, SmartSlot for Network Card",,UPS + Extended Battery Module,36,59000.00,140250.00,177000.00,8907100000312,ACTIVE
VAR-0312,PROD-0126,UPS-APC-SRT5K-01-EXTBATT,APC Smart-UPS On-Line 5kVA 230V 3U Rack/Tower (4500W Output) bundled with External Extended Run Battery Pack (EBM),,,,,,,,Black,"Hardwire 3-wire or IEC Outlets, Pre-installed Network Card",,UPS + Extended Battery Module,36,114000.00,270500.00,342000.00,8907100000313,ACTIVE
VAR-0313,PROD-0127,UPS-APC-SRT10K-01-EXTBATT,"APC Smart-UPS On-Line 10kVA 230V 6U Rack/Tower (10,000W Output) bundled with External Extended Run Battery Pack (EBM)",,,,,,,,Black,"Hardwire Input/Output, Dual Network Management Card",,UPS + Extended Battery Module,36,222500.00,526875.00,667500.00,8907100000314,ACTIVE
VAR-0314,PROD-0128,UPS-EAT-9SX1000-01-EXTBATT,Eaton 9SX 1000VA 230V Tower UPS (900W Output) bundled with External Extended Run Battery Pack (EBM),,,,,,,,Black,"6x IEC C13 Outlets, USB, RS232, Slot for Network-M2",,UPS + Extended Battery Module,36,22250.00,52687.50,66750.00,8907100000315,ACTIVE
VAR-0315,PROD-0129,UPS-EAT-9PX3000-01-EXTBATT,Eaton 9PX 3000VA 2U Rack/Tower UPS (3000W Unity Power Factor) bundled with External Extended Run Battery Pack (EBM),,,,,,,,Black,"8x C13 + 2x C19 Outlets, Network-M2 Card Ready",,UPS + Extended Battery Module,36,54500.00,129875.00,163500.00,8907100000316,ACTIVE
VAR-0316,PROD-0130,UPS-EAT-9PX6000-01-EXTBATT,Eaton 9PX 6000VA 3U Rack/Tower with Network-M2 Card bundled with External Extended Run Battery Pack (EBM),,,,,,,,Black,"Hardwire + IEC Outlets, Gigabit Network Management Card",,UPS + Extended Battery Module,36,107500.00,255625.00,322500.00,8907100000317,ACTIVE
VAR-0317,PROD-0131,UPS-VER-GXT5-1K-01-EXTBATT,Vertiv Liebert GXT5 1000VA 2U Rack/Tower UPS (1000W) bundled with External Extended Run Battery Pack (EBM),,,,,,,,Black,"8x IEC C13 Outlets, RDU101 Communications Ready",,UPS + Extended Battery Module,36,23400.00,55550.00,70200.00,8907100000318,ACTIVE
VAR-0318,PROD-0132,UPS-VER-GXT5-3K-01-EXTBATT,Vertiv Liebert GXT5 3000VA 2U Rack/Tower UPS (3000W) bundled with External Extended Run Battery Pack (EBM),,,,,,,,Black,"6x C13 + 1x C19 Outlets, Web/SNMP Card Included",,UPS + Extended Battery Module,36,57000.00,134750.00,171000.00,8907100000319,ACTIVE
VAR-0319,PROD-0133,UPS-VER-GXT5-10K-01-EXTBATT,"Vertiv Liebert GXT5 10kVA 5U Rack/Tower Enterprise UPS (10,000W) bundled with External Extended Run Battery Pack (EBM)",,,,,,,,Black,"Hardwire Terminal Block, Dual Slot Communications",,UPS + Extended Battery Module,36,210000.00,497500.00,630000.00,8907100000320,ACTIVE
VAR-0320,PROD-0134,UPS-APC-AP7921B-01-EXTBATT,APC 1U 16A 230V Switched Rack PDU (8x C13 Outlets) bundled with External Extended Run Battery Pack (EBM),,,,,,,,Black,"8x IEC 320 C13 Outlets, RJ45 10/100 Ethernet",,UPS + Extended Battery Module,24,19750.00,46812.50,59250.00,8907100000321,ACTIVE
VAR-0321,PROD-0135,PRN-HP-M404DN-01-TRAY2,HP LaserJet Pro M404dn Mono Laser (40 ppm with Additional 550-Sheet Paper Feeder Tray,,,,,,,,White,"Gigabit Ethernet 10/100/1000, USB 2.0",,Printer with 2nd Feeder Cassette,12,12000.00,27000.00,34900.00,8907100000322,ACTIVE
VAR-0322,PROD-0136,PRN-HP-M428FDW-01-TRAY2,HP LaserJet Pro MFP M428fdw (Print/Scan/Copy/Fax with Additional 550-Sheet Paper Feeder Tray,,,,,,,,White,"Wi-Fi 802.11b/g/n, Gigabit Ethernet, USB",,Printer with 2nd Feeder Cassette,12,12000.00,42500.00,53500.00,8907100000323,ACTIVE
VAR-0323,PROD-0137,PRN-HP-M480F-01-TRAY2,HP Color LaserJet Enterprise MFP M480f (29 ppm Color with Additional 550-Sheet Paper Feeder Tray,,,,,,,,White/Black,"Gigabit Ethernet, 2x Hi-Speed USB 2.0 Host",,Printer with 2nd Feeder Cassette,36,12000.00,76500.00,94500.00,8907100000324,ACTIVE
VAR-0324,PROD-0138,PRN-HP-M555DN-01-TRAY2,HP Color LaserJet Enterprise M555dn (40 ppm Color with Additional 550-Sheet Paper Feeder Tray,,,,,,,,White/Black,"Gigabit Ethernet 10/100/1000, 2x USB 2.0",,Printer with 2nd Feeder Cassette,36,12000.00,66500.00,83000.00,8907100000325,ACTIVE
VAR-0325,PROD-0139,PRN-CAN-MF445DW-01-TRAY2,Canon imageCLASS MF445dw (Print/Scan/Copy/Fax with Additional 550-Sheet Paper Feeder Tray,,,,,,,,White,"Wi-Fi Direct, Gigabit Ethernet, USB 2.0",,Printer with 2nd Feeder Cassette,12,12000.00,40500.00,50900.00,8907100000326,ACTIVE
VAR-0326,PROD-0140,PRN-CAN-IR2625I-01-TRAY2,Canon imageRUNNER 2625i A3 Multifunction Copier (Dual Cassette + Platen) with Additional 550-Sheet Paper Feeder Tray,,,,,,,,White/Grey,"Gigabit Ethernet 1000Base-T, USB 2.0",,Printer with 2nd Feeder Cassette,36,12000.00,143500.00,180000.00,8907100000327,ACTIVE
VAR-0327,PROD-0141,PRN-BRO-6400DW-01-TRAY2,Brother HL-L6400DW (52 ppm with Additional 550-Sheet Paper Feeder Tray,,,,,,,,Charcoal Grey,"Gigabit Ethernet, Wireless 802.11b/g/n, NFC Card Reader",,Printer with 2nd Feeder Cassette,24,12000.00,52500.00,65500.00,8907100000328,ACTIVE
VAR-0328,PROD-0142,PRN-BRO-8900CDW-01-TRAY2,Brother MFC-L8900CDW Color All-in-One (Print/Scan/Copy/Fax) with Additional 550-Sheet Paper Feeder Tray,,,,,,,,White/Grey,"Gigabit Ethernet, Wireless 802.11b/g/n, USB",,Printer with 2nd Feeder Cassette,24,12000.00,70500.00,87900.00,8907100000329,ACTIVE
VAR-0329,PROD-0143,PRN-EPS-C579R-01-TRAY2,Epson WorkForce Pro WF-C579R Replaceable Ink Pack System MFP with Additional 550-Sheet Paper Feeder Tray,,,,,,,,White,"Wi-Fi Direct, Gigabit Ethernet, PCL/PostScript Emulation",,Printer with 2nd Feeder Cassette,24,12000.00,60500.00,75500.00,8907100000330,ACTIVE
VAR-0330,PROD-0144,PRN-EPS-L15160-01-TRAY2,Epson EcoTank L15160 A3 Color All-in-One InkTank Printer with Additional 550-Sheet Paper Feeder Tray,,,,,,,,Black,"Wi-Fi, Wi-Fi Direct, Ethernet, USB 2.0",,Printer with 2nd Feeder Cassette,24,12000.00,76500.00,93999.00,8907100000331,ACTIVE
VAR-0331,PROD-0145,ACC-DEL-WD22TB4-01-WHT,Dell Thunderbolt 4 Dock WD22TB4 with 180W Power Adapter - Arctic White / Silver Edition,,,,,,,,Arctic White,"2x Thunderbolt 4, 2x DP 1.4, 1x HDMI 2.0, 3x USB-A 3.2, 1x GbE",,Desktop Dock,36,500.00,21350.00,27000.00,8907100000332,ACTIVE
VAR-0332,PROD-0146,VAR-ACC-DEL-WD19S-01-WHT,Dell USB-C Dock WD19S with 130W AC Power Adapter - Arctic White / Silver Edition,,,,,,,,Arctic White,"2x DP 1.4, 1x HDMI 2.0, 3x USB 3.1 Gen 1, 2x USB-C, Gigabit Ethernet",,Desktop Dock,36,500.00,14850.00,19000.00,8907100000333,ACTIVE
VAR-0333,PROD-0147,ACC-HP-TBG4-01-WHT,HP Thunderbolt Dock 120W G4 (Dual DP - Arctic White / Silver Edition,,,,,,,,Arctic White,"Thunderbolt 4, 2x DP, 1x HDMI, 4x USB-A, 2.5GbE LAN",,Desktop Dock,36,500.00,19850.00,25400.00,8907100000334,ACTIVE
VAR-0334,PROD-0148,ACC-HP-USBCG5-01-WHT,HP USB-C Dock G5 with 120W Power Supply - Arctic White / Silver Edition,,,,,,,,Arctic White,"2x DP 1.4, 1x HDMI 2.0, 4x USB-A 3.0, Gigabit LAN",,Desktop Dock,36,500.00,14150.00,18000.00,8907100000335,ACTIVE
VAR-0335,PROD-0149,ACC-LEN-TB4-01-WHT,Lenovo ThinkPad Universal Thunderbolt 4 Dock with 135W Slim Tip Adapter - Arctic White / Silver Edition,,,,,,,,Arctic White,"1x TB4, 2x DP 1.4, 1x HDMI 2.1, 4x USB 3.2, Gigabit Ethernet",,Desktop Dock,36,500.00,20850.00,26300.00,8907100000336,ACTIVE
VAR-0336,PROD-0150,ACC-LEN-USBC-01-WHT,Lenovo ThinkPad Universal USB-C Dock v2 with 90W Adapter - Arctic White / Silver Edition,,,,,,,,Arctic White,"2x DP 1.4, 1x HDMI 2.0, 3x USB 3.1, 2x USB 2.0, Gigabit Ethernet",,Desktop Dock,36,500.00,13850.00,17400.00,8907100000337,ACTIVE
VAR-0337,PROD-0152,ACC-LOG-MXKEYS-GRPH-WHT,Logitech MX Keys S Wireless Keyboard - Graphite - Arctic White / Silver Edition,,,,,,,,Arctic White,Bluetooth LE + Logi Bolt USB Receiver,,Full Size Keyboard,24,500.00,8850.00,11995.00,8907100000338,ACTIVE
VAR-0338,PROD-0153,ACC-LOG-MK540-01-WHT,Logitech MK540 Wireless Desktop Combo (Unifying USB Receiver) - Arctic White / Silver Edition,,,,,,,,Arctic White,2.4GHz Wireless with Logitech Unifying USB,,Keyboard & Mouse Combo,36,500.00,3150.00,4495.00,8907100000339,ACTIVE
VAR-0339,PROD-0154,ACC-LOG-BRIO4K-01-WHT,Logitech Brio 4K Ultra HD Webcam with Detachable Privacy Shutter - Arctic White / Silver Edition,,,,,,,,Arctic White,USB-C to USB-A/C Cable,,Monitor Mount / Tripod,36,500.00,14850.00,19495.00,8907100000340,ACTIVE
VAR-0340,PROD-0155,ACC-LOG-C925E-01-WHT,Logitech C925e 1080p Business Webcam (78-Degree FOV) - Arctic White / Silver Edition,,,,,,,,Arctic White,USB-A Plug and Play,,Monitor Mount,36,500.00,7150.00,9495.00,8907100000341,ACTIVE
VAR-0341,PROD-0156,ACC-JAB-EV265-USB-A-WHT,Jabra Evolve2 65 MS Stereo with Link 380 USB-A Bluetooth Adapter - Arctic White / Silver Edition,,,,,,,,Arctic White,Bluetooth 5.0 + USB-A Dongle (30m Range),,On-Ear Headset,24,500.00,16850.00,22000.00,8907100000342,ACTIVE
VAR-0342,PROD-0157,ACC-JAB-EV240-USBC-WHT,Jabra Evolve2 40 MS Stereo USB-C Wired Headset - Arctic White / Silver Edition,,,,,,,,Arctic White,USB-C Corded Connection,,On-Ear Headset,24,500.00,8150.00,10700.00,8907100000343,ACTIVE
VAR-0343,PROD-0158,ACC-POL-VFOC2-USBC-WHT,Poly Voyager Focus 2 UC with BT700 USB-C Adapter and Charge Stand - Arctic White / Silver Edition,,,,,,,,Arctic White,Bluetooth 5.1 + BT700 USB-C Dongle,,On-Ear Headset with Desktop Stand,24,500.00,18350.00,24000.00,8907100000344,ACTIVE
VAR-0344,PROD-0159,ACC-DEL-BAG-15-01-WHT,"Dell Premier Slim Backpack 15 (Fits up to 15.6"" Notebooks) - Arctic White / Silver Edition",,,,,,,,Arctic White,Water-resistant ballistic polyester,,Backpack,36,500.00,3750.00,5300.00,8907100000345,ACTIVE
VAR-0345,PROD-0160,ACC-HP-EXECBAG-01-WHT,"HP Executive 15.6"" Backpack with RFID Shielding - Arctic White / Silver Edition",,,,,,,,Arctic White,Heavy-duty nylon with lockable double-teeth zippers,,Backpack,12,500.00,4150.00,5700.00,8907100000346,ACTIVE
VAR-0346,PROD-0161,ACC-KEN-CS20-01-WHT,Kensington ClickSafe 2.0 Master Keyed Carbon Steel Cable Lock (1.8m) - Arctic White / Silver Edition,,,,,,,,Arctic White,T-Bar Security Slot Anchor,,Security Cable,60,500.00,2150.00,3100.00,8907100000347,ACTIVE
VAR-0347,PROD-0162,ACC-TAR-DEFCON-01-WHT,Targus Defcon CL 4-Digit Combination Laptop Lock (2m) - Arctic White / Silver Edition,,,,,,,,Arctic White,Standard Security Slot,,Combination Cable,24,500.00,1750.00,2600.00,8907100000348,ACTIVE
VAR-0348,PROD-0163,ACC-ANK-GAN120-01-WHT,Anker 737 Charger 120W GaNPrime 3-Port (2C1A) - Arctic White / Silver Edition,,,,,,,,Arctic White,"2x USB-C Power Delivery, 1x USB-A PowerIQ",,Wall Adapter,24,500.00,5150.00,6999.00,8907100000349,ACTIVE
VAR-0349,PROD-0164,ACC-BEL-HUB7-01-WHT,Belkin USB-C 7-in-1 Multiport Hub Adapter with 4K HDMI - Arctic White / Silver Edition,,,,,,,,Arctic White,"USB-C tethered cable, HDMI, 2x USB-A 3.0, SD Card",,Dongle Hub,24,500.00,3550.00,4999.00,8907100000350,ACTIVE
VAR-0350,PROD-0165,COL-LOG-RALLYBAR-GRA-MICPOD,Logitech Rally Bar 4K Video Bar - Graphite bundled with Additional Table Microphone Pod,,,,,,,Up to 4K Ultra HD @ 30fps,Graphite,"HDMI In/Out, USB 3.0, Gigabit Ethernet, Wi-Fi",CollabOS (App Appliance or USB Mode),Video Bar + Expansion Mic Pod,24,28000.00,281000.00,353000.00,8907100000351,ACTIVE
VAR-0351,PROD-0166,COL-LOG-RALLYPLUS-01-MICPOD,Logitech Rally Plus System (Camera + 2x Speakers + 2x Mic Pods + Table/Display Hubs) bundled with Additional Table Microphone Pod,,,,,,,4K UHD PTZ with 15x HD Zoom,Black,"Dual HDMI, USB 3.0, Cat6A Hub Interconnect",Host PC / Room System Mode,Video Bar + Expansion Mic Pod,24,28000.00,236000.00,296000.00,8907100000352,ACTIVE
VAR-0352,PROD-0167,COL-LOG-MEETUP-01-MICPOD,Logitech MeetUp 4K Ultra HD Huddle Room Camera bundled with Additional Table Microphone Pod,,,,,,,4K Ultra HD 120-Degree FOV,Black,"USB 3.0 Type-C, Bluetooth",Plug and Play,Video Bar + Expansion Mic Pod,24,28000.00,83000.00,106000.00,8907100000353,ACTIVE
VAR-0353,PROD-0168,COL-POL-X50-TC8-MICPOD,Poly Studio X50 Video Bar bundled with Poly TC8 Touch Controller bundled with Additional Table Microphone Pod,,,,,,,4K UHD with 5x Digital Zoom,White/Grey,"Dual HDMI Out, HDMI In, Dual GbE, Wi-Fi 802.11ac",Poly VideoOS (Native Teams/Zoom Rooms),Video Bar + Expansion Mic Pod,12,28000.00,266000.00,333000.00,8907100000354,ACTIVE
VAR-0354,PROD-0169,COL-POL-X70-01-MICPOD,Poly Studio X70 Dual-Camera 4K Video Appliance bundled with Additional Table Microphone Pod,,,,,,,Dual 4K Sensors (120-deg Wide + 70-deg Tele),Charcoal Grey,"Dual HDMI Out, HDMI In, 2x RJ45 GbE",Poly VideoOS,Video Bar + Expansion Mic Pod,12,28000.00,441000.00,548000.00,8907100000355,ACTIVE
VAR-0355,PROD-0170,COL-JAB-SPK75-01-WHT,Jabra Speak2 75 MS with Link 380 USB-A/C Adapter (32-Hour Battery) - Arctic White / Silver Edition,,,,,,,,Arctic White,Bluetooth 5.2 + Integrated USB-A/USB-C Cable,,Puck Speakerphone,24,500.00,26350.00,34000.00,8907100000356,ACTIVE
VAR-0356,PROD-0171,COL-JAB-PANA50-BLK-MICPOD,Jabra Panacast 50 Panoramic-4K Intelligent Video Bar - Black bundled with Additional Table Microphone Pod,,,,,,,Panoramic-4K (3840x1080) 180-Degree,Black,"USB-C 3.0, Gigabit Ethernet, Wi-Fi",Jabra Direct / Xpress,Video Bar + Expansion Mic Pod,24,28000.00,196000.00,246000.00,8907100000357,ACTIVE
VAR-0357,PROD-0172,COL-CIS-ROOMBAR-01-MICPOD,Cisco Webex Room Bar with First Nations Navigator Touch Panel bundled with Additional Table Microphone Pod,,,,,,,4K Ultra HD 12MP Sensor,First Nations White,"HDMI In, Dual HDMI Out, GbE PoE, Wi-Fi",Cisco RoomOS,Video Bar + Expansion Mic Pod,36,28000.00,301000.00,373000.00,8907100000358,ACTIVE
VAR-0358,PROD-0173,COL-BAR-CX30G2-01-MICPOD,Barco ClickShare CX-30 Gen 2 Base Unit with 2x USB-C Conferencing Buttons bundled with Additional Table Microphone Pod,,,,,,,4K UHD Output @ 30Hz,Black/Silver,"HDMI 1.4b Out, USB-A/C, Gigabit Ethernet, Wi-Fi",ClickShare Platform,Video Bar + Expansion Mic Pod,36,28000.00,189000.00,237000.00,8907100000359,ACTIVE
VAR-0359,PROD-0174,COL-BAR-CX50G2-01-MICPOD,Barco ClickShare CX-50 Gen 2 Base Unit with Dual 4K HDMI Outputs bundled with Additional Table Microphone Pod,,,,,,,Dual 4K UHD Outputs @ 60Hz,Black/Silver,"2x HDMI Out, 1x HDMI In, USB-C, Dual GbE",ClickShare Platform,Video Bar + Expansion Mic Pod,36,28000.00,266000.00,333000.00,8907100000360,ACTIVE
VAR-0360,PROD-0175,SEC-CIS-10GSR-01-5M,Cisco 10GBASE-SR SFP+ Transceiver (850nm Multimode LC Duplex) (5-Meter Extended Reach),,,,,,,,Metallic Silver,10Gbps LC Duplex Fiber (300m OM3),,SFP+ Optical Transceiver,60,1800.00,13100.00,18300.00,8907100000361,ACTIVE
VAR-0361,PROD-0176,SEC-CIS-10GLR-01-5M,Cisco 10GBASE-LR SFP+ Transceiver (1310nm Single-Mode 10km) (5-Meter Extended Reach),,,,,,,,Metallic Silver,10Gbps LC Duplex Single-Mode,,SFP+ Optical Transceiver,60,1800.00,29100.00,39300.00,8907100000362,ACTIVE
VAR-0362,PROD-0177,SEC-ARU-DAC3M-01-5M,Aruba 10G SFP+ to SFP+ 3-Meter Direct Attach Copper Cable (5-Meter Extended Reach),,,,,,,,Black/Silver,10Gbps SFP+ to SFP+ Direct Attach (3m),,Passive Twinax Cable,60,1800.00,5600.00,8600.00,8907100000363,ACTIVE
VAR-0363,PROD-0178,SEC-UBI-UFMM10G-01-5M,Ubiquiti UniFi 10G SFP+ Multi-Mode Optical Transceiver (Pack of 2) (5-Meter Extended Reach),,,,,,,,Silver,10Gbps 850nm LC Duplex (Pair of 2),,SFP+ Optical Module Pair,24,1800.00,5300.00,8000.00,8907100000364,ACTIVE
VAR-0364,PROD-0180,SEC-DLK-PP24-01-5M,D-Link 24-Port Cat6 1U Rackmount Patch Panel with Cable Wire Bar (5-Meter Extended Reach),,,,,,,,Black,"24x RJ45 Cat6 Female Jacks, Dual Type IDC Terminals",,1U Rackmount Panel,60,1800.00,3900.00,6000.00,8907100000365,ACTIVE
VAR-0365,PROD-0181,SEC-DEL-RAILS-01-5M,Dell ReadyRails II 1U/2U Sliding Rail Kit without Cable Management Arm (5-Meter Extended Reach),,,,,,,,Galvanized Steel,"4-Post 19"" Rack Mount Rails",,Server Rail Kit,36,1800.00,9600.00,14300.00,8907100000366,ACTIVE
VAR-0366,PROD-0182,SEC-APC-CMA-01-EXTBATT,APC NetShelter Server Cable Management Arm for 1U/2U Chassis bundled with External Extended Run Battery Pack (EBM),,,,,,,,Black,Toolless Snap-On Rack Arm,,UPS + Extended Battery Module,24,4200.00,8650.00,12600.00,8907100000367,ACTIVE
